ISO-10303-21;
HEADER;
/* Generated by software containing ST-Developer
 * from STEP Tools, Inc. (www.steptools.com) 
 */

FILE_DESCRIPTION(
/* description */ (''),
/* implementation_level */ '2;1');

FILE_NAME(
/* name */ 'Bike Handle.step',
/* time_stamp */ '2026-09-27T20:14:18-04:00',
/* author */ (''),
/* organization */ (''),
/* preprocessor_version */ 'ST-DEVELOPER v20.2',
/* originating_system */ 'Autodesk Translation Framework v15.15.0.0',
/* authorisation */ '');

FILE_SCHEMA (('AUTOMOTIVE_DESIGN { 1 0 10303 214 3 1 1 }'));
ENDSEC;

DATA;
#10=MECHANICAL_DESIGN_GEOMETRIC_PRESENTATION_REPRESENTATION('',(#13,#14),
#9504);
#11=SHAPE_REPRESENTATION_RELATIONSHIP('SRR','None',#9511,#12);
#12=ADVANCED_BREP_SHAPE_REPRESENTATION('',(#15,#16),#9503);
#13=STYLED_ITEM('',(#9520),#15);
#14=STYLED_ITEM('',(#9520),#16);
#15=MANIFOLD_SOLID_BREP('Body1',#5023);
#16=MANIFOLD_SOLID_BREP('Body103',#5024);
#17=B_SPLINE_SURFACE_WITH_KNOTS('',3,3,((#8426,#8427,#8428,#8429),(#8430,
#8431,#8432,#8433),(#8434,#8435,#8436,#8437),(#8438,#8439,#8440,#8441)),
 .UNSPECIFIED.,.F.,.F.,.F.,(4,4),(4,4),(0.836232467377144,1.),(0.,0.2),
 .UNSPECIFIED.);
#18=B_SPLINE_SURFACE_WITH_KNOTS('',3,3,((#8448,#8449,#8450,#8451),(#8452,
#8453,#8454,#8455),(#8456,#8457,#8458,#8459),(#8460,#8461,#8462,#8463)),
 .UNSPECIFIED.,.F.,.F.,.F.,(4,4),(4,4),(0.472055880361901,1.),(0.,0.2),
 .UNSPECIFIED.);
#19=B_SPLINE_SURFACE_WITH_KNOTS('',3,3,((#8470,#8471,#8472,#8473),(#8474,
#8475,#8476,#8477),(#8478,#8479,#8480,#8481),(#8482,#8483,#8484,#8485)),
 .UNSPECIFIED.,.F.,.F.,.F.,(4,4),(4,4),(0.,0.231005626950826),(0.,0.2),
 .UNSPECIFIED.);
#20=B_SPLINE_SURFACE_WITH_KNOTS('',3,3,((#8490,#8491,#8492,#8493),(#8494,
#8495,#8496,#8497),(#8498,#8499,#8500,#8501),(#8502,#8503,#8504,#8505)),
 .UNSPECIFIED.,.F.,.F.,.F.,(4,4),(4,4),(0.715550678327648,0.994126848093063),
(0.,0.2),.UNSPECIFIED.);
#21=B_SPLINE_SURFACE_WITH_KNOTS('',3,3,((#8510,#8511,#8512,#8513),(#8514,
#8515,#8516,#8517),(#8518,#8519,#8520,#8521),(#8522,#8523,#8524,#8525)),
 .UNSPECIFIED.,.F.,.F.,.F.,(4,4),(4,4),(0.,0.175053106895055),(0.,0.2),
 .UNSPECIFIED.);
#22=B_SPLINE_SURFACE_WITH_KNOTS('',3,3,((#8532,#8533,#8534,#8535),(#8536,
#8537,#8538,#8539),(#8540,#8541,#8542,#8543),(#8544,#8545,#8546,#8547)),
 .UNSPECIFIED.,.F.,.F.,.F.,(4,4),(4,4),(0.793125562674546,1.),(0.,0.2),
 .UNSPECIFIED.);
#23=B_SPLINE_SURFACE_WITH_KNOTS('',3,3,((#8554,#8555,#8556,#8557),(#8558,
#8559,#8560,#8561),(#8562,#8563,#8564,#8565),(#8566,#8567,#8568,#8569)),
 .UNSPECIFIED.,.F.,.F.,.F.,(4,4),(4,4),(0.240599523891863,0.43056400915508),
(0.,0.2),.UNSPECIFIED.);
#24=B_SPLINE_SURFACE_WITH_KNOTS('',3,3,((#8574,#8575,#8576,#8577),(#8578,
#8579,#8580,#8581),(#8582,#8583,#8584,#8585),(#8586,#8587,#8588,#8589)),
 .UNSPECIFIED.,.F.,.F.,.F.,(4,4),(4,4),(0.,0.161881066551668),(0.,0.2),
 .UNSPECIFIED.);
#25=B_SPLINE_SURFACE_WITH_KNOTS('',3,3,((#8594,#8595,#8596,#8597),(#8598,
#8599,#8600,#8601),(#8602,#8603,#8604,#8605),(#8606,#8607,#8608,#8609)),
 .UNSPECIFIED.,.F.,.F.,.F.,(4,4),(4,4),(0.689576487743124,1.),(0.,0.2),
 .UNSPECIFIED.);
#26=B_SPLINE_SURFACE_WITH_KNOTS('',3,3,((#8739,#8740,#8741,#8742),(#8743,
#8744,#8745,#8746),(#8747,#8748,#8749,#8750),(#8751,#8752,#8753,#8754)),
 .UNSPECIFIED.,.F.,.F.,.F.,(4,4),(4,4),(0.,0.563128129735135),(0.,0.2),
 .UNSPECIFIED.);
#27=B_SPLINE_SURFACE_WITH_KNOTS('',3,3,((#8761,#8762,#8763,#8764),(#8765,
#8766,#8767,#8768),(#8769,#8770,#8771,#8772),(#8773,#8774,#8775,#8776)),
 .UNSPECIFIED.,.F.,.F.,.F.,(4,4),(4,4),(0.611692978030265,0.742857115609305),
(0.,0.2),.UNSPECIFIED.);
#28=B_SPLINE_SURFACE_WITH_KNOTS('',3,3,((#8791,#8792,#8793,#8794),(#8795,
#8796,#8797,#8798),(#8799,#8800,#8801,#8802),(#8803,#8804,#8805,#8806)),
 .UNSPECIFIED.,.F.,.F.,.F.,(4,4),(4,4),(0.0861397655642468,0.122627122061593),
(0.,0.2),.UNSPECIFIED.);
#29=B_SPLINE_SURFACE_WITH_KNOTS('',3,3,((#8848,#8849,#8850,#8851),(#8852,
#8853,#8854,#8855),(#8856,#8857,#8858,#8859),(#8860,#8861,#8862,#8863)),
 .UNSPECIFIED.,.F.,.F.,.F.,(4,4),(4,4),(0.,0.26704352242606),(0.,0.2),
 .UNSPECIFIED.);
#30=B_SPLINE_SURFACE_WITH_KNOTS('',3,3,((#8872,#8873,#8874,#8875),(#8876,
#8877,#8878,#8879),(#8880,#8881,#8882,#8883),(#8884,#8885,#8886,#8887)),
 .UNSPECIFIED.,.F.,.F.,.F.,(4,4),(4,4),(0.,0.26704352242606),(0.,0.2),
 .UNSPECIFIED.);
#31=B_SPLINE_SURFACE_WITH_KNOTS('',3,3,((#8898,#8899,#8900,#8901),(#8902,
#8903,#8904,#8905),(#8906,#8907,#8908,#8909),(#8910,#8911,#8912,#8913)),
 .UNSPECIFIED.,.F.,.F.,.F.,(4,4),(4,4),(0.12014836573486,0.742857115609305),
(0.,0.2),.UNSPECIFIED.);
#32=B_SPLINE_SURFACE_WITH_KNOTS('',3,3,((#8915,#8916,#8917,#8918),(#8919,
#8920,#8921,#8922),(#8923,#8924,#8925,#8926),(#8927,#8928,#8929,#8930)),
 .UNSPECIFIED.,.F.,.F.,.F.,(4,4),(4,4),(0.,0.0294873536781415),(0.,0.2),
 .UNSPECIFIED.);
#33=B_SPLINE_SURFACE_WITH_KNOTS('',3,3,((#8932,#8933,#8934,#8935),(#8936,
#8937,#8938,#8939),(#8940,#8941,#8942,#8943),(#8944,#8945,#8946,#8947)),
 .UNSPECIFIED.,.F.,.F.,.F.,(4,4),(4,4),(0.,1.),(0.,0.2),.UNSPECIFIED.);
#34=B_SPLINE_SURFACE_WITH_KNOTS('',3,3,((#8949,#8950,#8951,#8952),(#8953,
#8954,#8955,#8956),(#8957,#8958,#8959,#8960),(#8961,#8962,#8963,#8964)),
 .UNSPECIFIED.,.F.,.F.,.F.,(4,4),(4,4),(0.,1.),(0.,0.2),.UNSPECIFIED.);
#35=B_SPLINE_SURFACE_WITH_KNOTS('',3,3,((#8966,#8967,#8968,#8969),(#8970,
#8971,#8972,#8973),(#8974,#8975,#8976,#8977),(#8978,#8979,#8980,#8981)),
 .UNSPECIFIED.,.F.,.F.,.F.,(4,4),(4,4),(0.,1.),(0.,0.2),.UNSPECIFIED.);
#36=B_SPLINE_SURFACE_WITH_KNOTS('',3,3,((#8983,#8984,#8985,#8986),(#8987,
#8988,#8989,#8990),(#8991,#8992,#8993,#8994),(#8995,#8996,#8997,#8998)),
 .UNSPECIFIED.,.F.,.F.,.F.,(4,4),(4,4),(0.,1.),(0.,0.2),.UNSPECIFIED.);
#37=B_SPLINE_SURFACE_WITH_KNOTS('',3,3,((#9000,#9001,#9002,#9003),(#9004,
#9005,#9006,#9007),(#9008,#9009,#9010,#9011),(#9012,#9013,#9014,#9015)),
 .UNSPECIFIED.,.F.,.F.,.F.,(4,4),(4,4),(0.,1.),(0.,0.2),.UNSPECIFIED.);
#38=B_SPLINE_SURFACE_WITH_KNOTS('',3,3,((#9017,#9018,#9019,#9020),(#9021,
#9022,#9023,#9024),(#9025,#9026,#9027,#9028),(#9029,#9030,#9031,#9032)),
 .UNSPECIFIED.,.F.,.F.,.F.,(4,4),(4,4),(0.,1.),(0.,0.2),.UNSPECIFIED.);
#39=B_SPLINE_SURFACE_WITH_KNOTS('',3,3,((#9034,#9035,#9036,#9037),(#9038,
#9039,#9040,#9041),(#9042,#9043,#9044,#9045),(#9046,#9047,#9048,#9049)),
 .UNSPECIFIED.,.F.,.F.,.F.,(4,4),(4,4),(0.,1.),(0.,0.2),.UNSPECIFIED.);
#40=B_SPLINE_SURFACE_WITH_KNOTS('',3,3,((#9051,#9052,#9053,#9054),(#9055,
#9056,#9057,#9058),(#9059,#9060,#9061,#9062),(#9063,#9064,#9065,#9066)),
 .UNSPECIFIED.,.F.,.F.,.F.,(4,4),(4,4),(0.,1.),(0.,0.2),.UNSPECIFIED.);
#41=B_SPLINE_SURFACE_WITH_KNOTS('',3,3,((#9068,#9069,#9070,#9071),(#9072,
#9073,#9074,#9075),(#9076,#9077,#9078,#9079),(#9080,#9081,#9082,#9083)),
 .UNSPECIFIED.,.F.,.F.,.F.,(4,4),(4,4),(0.,1.),(0.,0.2),.UNSPECIFIED.);
#42=B_SPLINE_SURFACE_WITH_KNOTS('',3,3,((#9085,#9086,#9087,#9088),(#9089,
#9090,#9091,#9092),(#9093,#9094,#9095,#9096),(#9097,#9098,#9099,#9100)),
 .UNSPECIFIED.,.F.,.F.,.F.,(4,4),(4,4),(0.,1.),(0.,0.2),.UNSPECIFIED.);
#43=B_SPLINE_SURFACE_WITH_KNOTS('',3,3,((#9102,#9103,#9104,#9105),(#9106,
#9107,#9108,#9109),(#9110,#9111,#9112,#9113),(#9114,#9115,#9116,#9117)),
 .UNSPECIFIED.,.F.,.F.,.F.,(4,4),(4,4),(0.,0.0126680646623884),(0.,0.2),
 .UNSPECIFIED.);
#44=B_SPLINE_SURFACE_WITH_KNOTS('',3,3,((#9119,#9120,#9121,#9122),(#9123,
#9124,#9125,#9126),(#9127,#9128,#9129,#9130),(#9131,#9132,#9133,#9134)),
 .UNSPECIFIED.,.F.,.F.,.F.,(4,4),(4,4),(0.,1.),(0.,0.2),.UNSPECIFIED.);
#45=B_SPLINE_SURFACE_WITH_KNOTS('',3,3,((#9136,#9137,#9138,#9139),(#9140,
#9141,#9142,#9143),(#9144,#9145,#9146,#9147),(#9148,#9149,#9150,#9151)),
 .UNSPECIFIED.,.F.,.F.,.F.,(4,4),(4,4),(0.,1.),(0.,0.2),.UNSPECIFIED.);
#46=B_SPLINE_SURFACE_WITH_KNOTS('',3,3,((#9153,#9154,#9155,#9156),(#9157,
#9158,#9159,#9160),(#9161,#9162,#9163,#9164),(#9165,#9166,#9167,#9168)),
 .UNSPECIFIED.,.F.,.F.,.F.,(4,4),(4,4),(0.,1.),(0.,0.2),.UNSPECIFIED.);
#47=B_SPLINE_SURFACE_WITH_KNOTS('',3,3,((#9170,#9171,#9172,#9173),(#9174,
#9175,#9176,#9177),(#9178,#9179,#9180,#9181),(#9182,#9183,#9184,#9185)),
 .UNSPECIFIED.,.F.,.F.,.F.,(4,4),(4,4),(0.,1.),(0.,0.2),.UNSPECIFIED.);
#48=B_SPLINE_SURFACE_WITH_KNOTS('',3,3,((#9187,#9188,#9189,#9190),(#9191,
#9192,#9193,#9194),(#9195,#9196,#9197,#9198),(#9199,#9200,#9201,#9202)),
 .UNSPECIFIED.,.F.,.F.,.F.,(4,4),(4,4),(0.,1.),(0.,0.2),.UNSPECIFIED.);
#49=B_SPLINE_SURFACE_WITH_KNOTS('',3,3,((#9204,#9205,#9206,#9207),(#9208,
#9209,#9210,#9211),(#9212,#9213,#9214,#9215),(#9216,#9217,#9218,#9219)),
 .UNSPECIFIED.,.F.,.F.,.F.,(4,4),(4,4),(0.,1.),(0.,0.2),.UNSPECIFIED.);
#50=B_SPLINE_SURFACE_WITH_KNOTS('',3,3,((#9221,#9222,#9223,#9224),(#9225,
#9226,#9227,#9228),(#9229,#9230,#9231,#9232),(#9233,#9234,#9235,#9236)),
 .UNSPECIFIED.,.F.,.F.,.F.,(4,4),(4,4),(0.,1.),(0.,0.2),.UNSPECIFIED.);
#51=B_SPLINE_SURFACE_WITH_KNOTS('',3,3,((#9238,#9239,#9240,#9241),(#9242,
#9243,#9244,#9245),(#9246,#9247,#9248,#9249),(#9250,#9251,#9252,#9253)),
 .UNSPECIFIED.,.F.,.F.,.F.,(4,4),(4,4),(0.,1.),(0.,0.2),.UNSPECIFIED.);
#52=B_SPLINE_SURFACE_WITH_KNOTS('',3,3,((#9255,#9256,#9257,#9258),(#9259,
#9260,#9261,#9262),(#9263,#9264,#9265,#9266),(#9267,#9268,#9269,#9270)),
 .UNSPECIFIED.,.F.,.F.,.F.,(4,4),(4,4),(0.,1.),(0.,0.2),.UNSPECIFIED.);
#53=B_SPLINE_SURFACE_WITH_KNOTS('',3,3,((#9271,#9272,#9273,#9274),(#9275,
#9276,#9277,#9278),(#9279,#9280,#9281,#9282),(#9283,#9284,#9285,#9286)),
 .UNSPECIFIED.,.F.,.F.,.F.,(4,4),(4,4),(0.,0.65714417613981),(0.,0.2),
 .UNSPECIFIED.);
#54=B_SPLINE_SURFACE_WITH_KNOTS('',3,3,((#9288,#9289,#9290,#9291),(#9292,
#9293,#9294,#9295),(#9296,#9297,#9298,#9299),(#9300,#9301,#9302,#9303)),
 .UNSPECIFIED.,.F.,.F.,.F.,(4,4),(4,4),(0.982622100186561,1.),(0.,0.2),
 .UNSPECIFIED.);
#55=B_SPLINE_SURFACE_WITH_KNOTS('',3,3,((#9304,#9305,#9306,#9307),(#9308,
#9309,#9310,#9311),(#9312,#9313,#9314,#9315),(#9316,#9317,#9318,#9319)),
 .UNSPECIFIED.,.F.,.F.,.F.,(4,4),(4,4),(0.,1.),(0.,0.2),.UNSPECIFIED.);
#56=B_SPLINE_SURFACE_WITH_KNOTS('',3,3,((#9321,#9322,#9323,#9324),(#9325,
#9326,#9327,#9328),(#9329,#9330,#9331,#9332),(#9333,#9334,#9335,#9336)),
 .UNSPECIFIED.,.F.,.F.,.F.,(4,4),(4,4),(0.,0.0136815479823521),(0.,0.2),
 .UNSPECIFIED.);
#57=B_SPLINE_SURFACE_WITH_KNOTS('',3,3,((#9369,#9370,#9371,#9372),(#9373,
#9374,#9375,#9376),(#9377,#9378,#9379,#9380),(#9381,#9382,#9383,#9384)),
 .UNSPECIFIED.,.F.,.F.,.F.,(4,4),(4,4),(0.,0.431728635515485),(0.,0.2),
 .UNSPECIFIED.);
#58=B_SPLINE_SURFACE_WITH_KNOTS('',3,3,((#9388,#9389,#9390,#9391),(#9392,
#9393,#9394,#9395),(#9396,#9397,#9398,#9399),(#9400,#9401,#9402,#9403)),
 .UNSPECIFIED.,.F.,.F.,.F.,(4,4),(4,4),(0.,0.250598634992327),(0.,0.2),
 .UNSPECIFIED.);
#59=B_SPLINE_SURFACE_WITH_KNOTS('',3,3,((#9405,#9406,#9407,#9408),(#9409,
#9410,#9411,#9412),(#9413,#9414,#9415,#9416),(#9417,#9418,#9419,#9420)),
 .UNSPECIFIED.,.F.,.F.,.F.,(4,4),(4,4),(0.,0.250598634992327),(0.,0.2),
 .UNSPECIFIED.);
#60=B_SPLINE_SURFACE_WITH_KNOTS('',3,3,((#9424,#9425,#9426,#9427),(#9428,
#9429,#9430,#9431),(#9432,#9433,#9434,#9435),(#9436,#9437,#9438,#9439)),
 .UNSPECIFIED.,.F.,.F.,.F.,(4,4),(4,4),(0.,0.431728635515486),(0.,0.2),
 .UNSPECIFIED.);
#61=FACE_BOUND('',#633,.T.);
#62=FACE_BOUND('',#635,.T.);
#63=FACE_BOUND('',#638,.T.);
#64=FACE_BOUND('',#640,.T.);
#65=FACE_BOUND('',#643,.T.);
#66=FACE_BOUND('',#645,.T.);
#67=FACE_BOUND('',#648,.T.);
#68=FACE_BOUND('',#650,.T.);
#69=FACE_BOUND('',#653,.T.);
#70=FACE_BOUND('',#655,.T.);
#71=FACE_BOUND('',#658,.T.);
#72=FACE_BOUND('',#660,.T.);
#73=FACE_BOUND('',#663,.T.);
#74=FACE_BOUND('',#665,.T.);
#75=FACE_BOUND('',#668,.T.);
#76=FACE_BOUND('',#670,.T.);
#77=FACE_BOUND('',#673,.T.);
#78=FACE_BOUND('',#675,.T.);
#79=FACE_BOUND('',#678,.T.);
#80=FACE_BOUND('',#680,.T.);
#81=FACE_BOUND('',#683,.T.);
#82=FACE_BOUND('',#685,.T.);
#83=FACE_BOUND('',#688,.T.);
#84=FACE_BOUND('',#690,.T.);
#85=FACE_BOUND('',#693,.T.);
#86=FACE_BOUND('',#695,.T.);
#87=FACE_BOUND('',#792,.T.);
#88=FACE_BOUND('',#794,.T.);
#89=FACE_BOUND('',#797,.T.);
#90=FACE_BOUND('',#799,.T.);
#91=FACE_BOUND('',#802,.T.);
#92=FACE_BOUND('',#804,.T.);
#93=FACE_BOUND('',#807,.T.);
#94=FACE_BOUND('',#809,.T.);
#95=FACE_BOUND('',#812,.T.);
#96=FACE_BOUND('',#814,.T.);
#97=FACE_BOUND('',#817,.T.);
#98=FACE_BOUND('',#819,.T.);
#99=FACE_BOUND('',#822,.T.);
#100=FACE_BOUND('',#824,.T.);
#101=FACE_BOUND('',#827,.T.);
#102=FACE_BOUND('',#829,.T.);
#103=FACE_BOUND('',#832,.T.);
#104=FACE_BOUND('',#834,.T.);
#105=FACE_BOUND('',#837,.T.);
#106=FACE_BOUND('',#839,.T.);
#107=FACE_BOUND('',#842,.T.);
#108=FACE_BOUND('',#844,.T.);
#109=FACE_BOUND('',#847,.T.);
#110=FACE_BOUND('',#849,.T.);
#111=FACE_BOUND('',#852,.T.);
#112=FACE_BOUND('',#854,.T.);
#113=FACE_BOUND('',#877,.T.);
#114=FACE_BOUND('',#883,.T.);
#115=FACE_BOUND('',#940,.T.);
#116=FACE_BOUND('',#944,.T.);
#117=FACE_BOUND('',#946,.T.);
#118=PLANE('',#5240);
#119=PLANE('',#5241);
#120=PLANE('',#5245);
#121=PLANE('',#5246);
#122=PLANE('',#5250);
#123=PLANE('',#5251);
#124=PLANE('',#5255);
#125=PLANE('',#5256);
#126=PLANE('',#5260);
#127=PLANE('',#5261);
#128=PLANE('',#5265);
#129=PLANE('',#5266);
#130=PLANE('',#5270);
#131=PLANE('',#5271);
#132=PLANE('',#5275);
#133=PLANE('',#5276);
#134=PLANE('',#5280);
#135=PLANE('',#5281);
#136=PLANE('',#5285);
#137=PLANE('',#5286);
#138=PLANE('',#5290);
#139=PLANE('',#5291);
#140=PLANE('',#5295);
#141=PLANE('',#5296);
#142=PLANE('',#5300);
#143=PLANE('',#5301);
#144=PLANE('',#5302);
#145=PLANE('',#5306);
#146=PLANE('',#5307);
#147=PLANE('',#5308);
#148=PLANE('',#5309);
#149=PLANE('',#5311);
#150=PLANE('',#5312);
#151=PLANE('',#5314);
#152=PLANE('',#5316);
#153=PLANE('',#5317);
#154=PLANE('',#5318);
#155=PLANE('',#5320);
#156=PLANE('',#5324);
#157=PLANE('',#5325);
#158=PLANE('',#5326);
#159=PLANE('',#5327);
#160=PLANE('',#5328);
#161=PLANE('',#5329);
#162=PLANE('',#5331);
#163=PLANE('',#5333);
#164=PLANE('',#5335);
#165=PLANE('',#5336);
#166=PLANE('',#5338);
#167=PLANE('',#5342);
#168=PLANE('',#5343);
#169=PLANE('',#5344);
#170=PLANE('',#5345);
#171=PLANE('',#5347);
#172=PLANE('',#5348);
#173=PLANE('',#5350);
#174=PLANE('',#5352);
#175=PLANE('',#5354);
#176=PLANE('',#5355);
#177=PLANE('',#5356);
#178=PLANE('',#5358);
#179=PLANE('',#5360);
#180=PLANE('',#5362);
#181=PLANE('',#5364);
#182=PLANE('',#5365);
#183=PLANE('',#5366);
#184=PLANE('',#5368);
#185=PLANE('',#5370);
#186=PLANE('',#5371);
#187=PLANE('',#5373);
#188=PLANE('',#5375);
#189=PLANE('',#5376);
#190=PLANE('',#5377);
#191=PLANE('',#5379);
#192=PLANE('',#5381);
#193=PLANE('',#5383);
#194=PLANE('',#5384);
#195=PLANE('',#5385);
#196=PLANE('',#5387);
#197=PLANE('',#5389);
#198=PLANE('',#5390);
#199=PLANE('',#5392);
#200=PLANE('',#5394);
#201=PLANE('',#5395);
#202=PLANE('',#5397);
#203=PLANE('',#5399);
#204=PLANE('',#5400);
#205=PLANE('',#5402);
#206=PLANE('',#5404);
#207=PLANE('',#5405);
#208=PLANE('',#5407);
#209=PLANE('',#5409);
#210=PLANE('',#5410);
#211=PLANE('',#5411);
#212=PLANE('',#5413);
#213=PLANE('',#5415);
#214=PLANE('',#5419);
#215=PLANE('',#5420);
#216=PLANE('',#5421);
#217=PLANE('',#5422);
#218=PLANE('',#5424);
#219=PLANE('',#5425);
#220=PLANE('',#5427);
#221=PLANE('',#5429);
#222=PLANE('',#5430);
#223=PLANE('',#5431);
#224=PLANE('',#5433);
#225=PLANE('',#5437);
#226=PLANE('',#5438);
#227=PLANE('',#5439);
#228=PLANE('',#5440);
#229=PLANE('',#5444);
#230=PLANE('',#5445);
#231=PLANE('',#5446);
#232=PLANE('',#5450);
#233=PLANE('',#5451);
#234=PLANE('',#5455);
#235=PLANE('',#5456);
#236=PLANE('',#5460);
#237=PLANE('',#5461);
#238=PLANE('',#5465);
#239=PLANE('',#5466);
#240=PLANE('',#5470);
#241=PLANE('',#5471);
#242=PLANE('',#5475);
#243=PLANE('',#5476);
#244=PLANE('',#5480);
#245=PLANE('',#5481);
#246=PLANE('',#5485);
#247=PLANE('',#5486);
#248=PLANE('',#5490);
#249=PLANE('',#5491);
#250=PLANE('',#5495);
#251=PLANE('',#5496);
#252=PLANE('',#5500);
#253=PLANE('',#5501);
#254=PLANE('',#5505);
#255=PLANE('',#5506);
#256=PLANE('',#5510);
#257=PLANE('',#5511);
#258=PLANE('',#5512);
#259=PLANE('',#5513);
#260=PLANE('',#5515);
#261=PLANE('',#5516);
#262=PLANE('',#5518);
#263=PLANE('',#5519);
#264=PLANE('',#5520);
#265=PLANE('',#5521);
#266=PLANE('',#5523);
#267=PLANE('',#5524);
#268=PLANE('',#5525);
#269=PLANE('',#5530);
#270=PLANE('',#5531);
#271=PLANE('',#5532);
#272=PLANE('',#5533);
#273=PLANE('',#5536);
#274=PLANE('',#5537);
#275=PLANE('',#5538);
#276=PLANE('',#5539);
#277=PLANE('',#5546);
#278=PLANE('',#5547);
#279=PLANE('',#5548);
#280=PLANE('',#5549);
#281=PLANE('',#5550);
#282=PLANE('',#5551);
#283=PLANE('',#5552);
#284=PLANE('',#5553);
#285=PLANE('',#5554);
#286=PLANE('',#5555);
#287=PLANE('',#5559);
#288=PLANE('',#5561);
#289=PLANE('',#5562);
#290=PLANE('',#5569);
#291=PLANE('',#5570);
#292=FACE_OUTER_BOUND('',#591,.T.);
#293=FACE_OUTER_BOUND('',#592,.T.);
#294=FACE_OUTER_BOUND('',#593,.T.);
#295=FACE_OUTER_BOUND('',#594,.T.);
#296=FACE_OUTER_BOUND('',#595,.T.);
#297=FACE_OUTER_BOUND('',#596,.T.);
#298=FACE_OUTER_BOUND('',#597,.T.);
#299=FACE_OUTER_BOUND('',#598,.T.);
#300=FACE_OUTER_BOUND('',#599,.T.);
#301=FACE_OUTER_BOUND('',#600,.T.);
#302=FACE_OUTER_BOUND('',#601,.T.);
#303=FACE_OUTER_BOUND('',#602,.T.);
#304=FACE_OUTER_BOUND('',#603,.T.);
#305=FACE_OUTER_BOUND('',#604,.T.);
#306=FACE_OUTER_BOUND('',#605,.T.);
#307=FACE_OUTER_BOUND('',#606,.T.);
#308=FACE_OUTER_BOUND('',#607,.T.);
#309=FACE_OUTER_BOUND('',#608,.T.);
#310=FACE_OUTER_BOUND('',#609,.T.);
#311=FACE_OUTER_BOUND('',#610,.T.);
#312=FACE_OUTER_BOUND('',#611,.T.);
#313=FACE_OUTER_BOUND('',#612,.T.);
#314=FACE_OUTER_BOUND('',#613,.T.);
#315=FACE_OUTER_BOUND('',#614,.T.);
#316=FACE_OUTER_BOUND('',#615,.T.);
#317=FACE_OUTER_BOUND('',#616,.T.);
#318=FACE_OUTER_BOUND('',#617,.T.);
#319=FACE_OUTER_BOUND('',#618,.T.);
#320=FACE_OUTER_BOUND('',#619,.T.);
#321=FACE_OUTER_BOUND('',#620,.T.);
#322=FACE_OUTER_BOUND('',#621,.T.);
#323=FACE_OUTER_BOUND('',#622,.T.);
#324=FACE_OUTER_BOUND('',#623,.T.);
#325=FACE_OUTER_BOUND('',#624,.T.);
#326=FACE_OUTER_BOUND('',#625,.T.);
#327=FACE_OUTER_BOUND('',#626,.T.);
#328=FACE_OUTER_BOUND('',#627,.T.);
#329=FACE_OUTER_BOUND('',#628,.T.);
#330=FACE_OUTER_BOUND('',#629,.T.);
#331=FACE_OUTER_BOUND('',#630,.T.);
#332=FACE_OUTER_BOUND('',#631,.T.);
#333=FACE_OUTER_BOUND('',#632,.T.);
#334=FACE_OUTER_BOUND('',#634,.T.);
#335=FACE_OUTER_BOUND('',#636,.T.);
#336=FACE_OUTER_BOUND('',#637,.T.);
#337=FACE_OUTER_BOUND('',#639,.T.);
#338=FACE_OUTER_BOUND('',#641,.T.);
#339=FACE_OUTER_BOUND('',#642,.T.);
#340=FACE_OUTER_BOUND('',#644,.T.);
#341=FACE_OUTER_BOUND('',#646,.T.);
#342=FACE_OUTER_BOUND('',#647,.T.);
#343=FACE_OUTER_BOUND('',#649,.T.);
#344=FACE_OUTER_BOUND('',#651,.T.);
#345=FACE_OUTER_BOUND('',#652,.T.);
#346=FACE_OUTER_BOUND('',#654,.T.);
#347=FACE_OUTER_BOUND('',#656,.T.);
#348=FACE_OUTER_BOUND('',#657,.T.);
#349=FACE_OUTER_BOUND('',#659,.T.);
#350=FACE_OUTER_BOUND('',#661,.T.);
#351=FACE_OUTER_BOUND('',#662,.T.);
#352=FACE_OUTER_BOUND('',#664,.T.);
#353=FACE_OUTER_BOUND('',#666,.T.);
#354=FACE_OUTER_BOUND('',#667,.T.);
#355=FACE_OUTER_BOUND('',#669,.T.);
#356=FACE_OUTER_BOUND('',#671,.T.);
#357=FACE_OUTER_BOUND('',#672,.T.);
#358=FACE_OUTER_BOUND('',#674,.T.);
#359=FACE_OUTER_BOUND('',#676,.T.);
#360=FACE_OUTER_BOUND('',#677,.T.);
#361=FACE_OUTER_BOUND('',#679,.T.);
#362=FACE_OUTER_BOUND('',#681,.T.);
#363=FACE_OUTER_BOUND('',#682,.T.);
#364=FACE_OUTER_BOUND('',#684,.T.);
#365=FACE_OUTER_BOUND('',#686,.T.);
#366=FACE_OUTER_BOUND('',#687,.T.);
#367=FACE_OUTER_BOUND('',#689,.T.);
#368=FACE_OUTER_BOUND('',#691,.T.);
#369=FACE_OUTER_BOUND('',#692,.T.);
#370=FACE_OUTER_BOUND('',#694,.T.);
#371=FACE_OUTER_BOUND('',#696,.T.);
#372=FACE_OUTER_BOUND('',#697,.T.);
#373=FACE_OUTER_BOUND('',#698,.T.);
#374=FACE_OUTER_BOUND('',#699,.T.);
#375=FACE_OUTER_BOUND('',#700,.T.);
#376=FACE_OUTER_BOUND('',#701,.T.);
#377=FACE_OUTER_BOUND('',#702,.T.);
#378=FACE_OUTER_BOUND('',#703,.T.);
#379=FACE_OUTER_BOUND('',#704,.T.);
#380=FACE_OUTER_BOUND('',#705,.T.);
#381=FACE_OUTER_BOUND('',#706,.T.);
#382=FACE_OUTER_BOUND('',#707,.T.);
#383=FACE_OUTER_BOUND('',#708,.T.);
#384=FACE_OUTER_BOUND('',#709,.T.);
#385=FACE_OUTER_BOUND('',#710,.T.);
#386=FACE_OUTER_BOUND('',#711,.T.);
#387=FACE_OUTER_BOUND('',#712,.T.);
#388=FACE_OUTER_BOUND('',#713,.T.);
#389=FACE_OUTER_BOUND('',#714,.T.);
#390=FACE_OUTER_BOUND('',#715,.T.);
#391=FACE_OUTER_BOUND('',#716,.T.);
#392=FACE_OUTER_BOUND('',#717,.T.);
#393=FACE_OUTER_BOUND('',#718,.T.);
#394=FACE_OUTER_BOUND('',#719,.T.);
#395=FACE_OUTER_BOUND('',#720,.T.);
#396=FACE_OUTER_BOUND('',#721,.T.);
#397=FACE_OUTER_BOUND('',#722,.T.);
#398=FACE_OUTER_BOUND('',#723,.T.);
#399=FACE_OUTER_BOUND('',#724,.T.);
#400=FACE_OUTER_BOUND('',#725,.T.);
#401=FACE_OUTER_BOUND('',#726,.T.);
#402=FACE_OUTER_BOUND('',#727,.T.);
#403=FACE_OUTER_BOUND('',#728,.T.);
#404=FACE_OUTER_BOUND('',#729,.T.);
#405=FACE_OUTER_BOUND('',#730,.T.);
#406=FACE_OUTER_BOUND('',#731,.T.);
#407=FACE_OUTER_BOUND('',#732,.T.);
#408=FACE_OUTER_BOUND('',#733,.T.);
#409=FACE_OUTER_BOUND('',#734,.T.);
#410=FACE_OUTER_BOUND('',#735,.T.);
#411=FACE_OUTER_BOUND('',#736,.T.);
#412=FACE_OUTER_BOUND('',#737,.T.);
#413=FACE_OUTER_BOUND('',#738,.T.);
#414=FACE_OUTER_BOUND('',#739,.T.);
#415=FACE_OUTER_BOUND('',#740,.T.);
#416=FACE_OUTER_BOUND('',#741,.T.);
#417=FACE_OUTER_BOUND('',#742,.T.);
#418=FACE_OUTER_BOUND('',#743,.T.);
#419=FACE_OUTER_BOUND('',#744,.T.);
#420=FACE_OUTER_BOUND('',#745,.T.);
#421=FACE_OUTER_BOUND('',#746,.T.);
#422=FACE_OUTER_BOUND('',#747,.T.);
#423=FACE_OUTER_BOUND('',#748,.T.);
#424=FACE_OUTER_BOUND('',#749,.T.);
#425=FACE_OUTER_BOUND('',#750,.T.);
#426=FACE_OUTER_BOUND('',#751,.T.);
#427=FACE_OUTER_BOUND('',#752,.T.);
#428=FACE_OUTER_BOUND('',#753,.T.);
#429=FACE_OUTER_BOUND('',#754,.T.);
#430=FACE_OUTER_BOUND('',#755,.T.);
#431=FACE_OUTER_BOUND('',#756,.T.);
#432=FACE_OUTER_BOUND('',#757,.T.);
#433=FACE_OUTER_BOUND('',#758,.T.);
#434=FACE_OUTER_BOUND('',#759,.T.);
#435=FACE_OUTER_BOUND('',#760,.T.);
#436=FACE_OUTER_BOUND('',#761,.T.);
#437=FACE_OUTER_BOUND('',#762,.T.);
#438=FACE_OUTER_BOUND('',#763,.T.);
#439=FACE_OUTER_BOUND('',#764,.T.);
#440=FACE_OUTER_BOUND('',#765,.T.);
#441=FACE_OUTER_BOUND('',#766,.T.);
#442=FACE_OUTER_BOUND('',#767,.T.);
#443=FACE_OUTER_BOUND('',#768,.T.);
#444=FACE_OUTER_BOUND('',#769,.T.);
#445=FACE_OUTER_BOUND('',#770,.T.);
#446=FACE_OUTER_BOUND('',#771,.T.);
#447=FACE_OUTER_BOUND('',#772,.T.);
#448=FACE_OUTER_BOUND('',#773,.T.);
#449=FACE_OUTER_BOUND('',#774,.T.);
#450=FACE_OUTER_BOUND('',#775,.T.);
#451=FACE_OUTER_BOUND('',#776,.T.);
#452=FACE_OUTER_BOUND('',#777,.T.);
#453=FACE_OUTER_BOUND('',#778,.T.);
#454=FACE_OUTER_BOUND('',#779,.T.);
#455=FACE_OUTER_BOUND('',#780,.T.);
#456=FACE_OUTER_BOUND('',#781,.T.);
#457=FACE_OUTER_BOUND('',#782,.T.);
#458=FACE_OUTER_BOUND('',#783,.T.);
#459=FACE_OUTER_BOUND('',#784,.T.);
#460=FACE_OUTER_BOUND('',#785,.T.);
#461=FACE_OUTER_BOUND('',#786,.T.);
#462=FACE_OUTER_BOUND('',#787,.T.);
#463=FACE_OUTER_BOUND('',#788,.T.);
#464=FACE_OUTER_BOUND('',#789,.T.);
#465=FACE_OUTER_BOUND('',#790,.T.);
#466=FACE_OUTER_BOUND('',#791,.T.);
#467=FACE_OUTER_BOUND('',#793,.T.);
#468=FACE_OUTER_BOUND('',#795,.T.);
#469=FACE_OUTER_BOUND('',#796,.T.);
#470=FACE_OUTER_BOUND('',#798,.T.);
#471=FACE_OUTER_BOUND('',#800,.T.);
#472=FACE_OUTER_BOUND('',#801,.T.);
#473=FACE_OUTER_BOUND('',#803,.T.);
#474=FACE_OUTER_BOUND('',#805,.T.);
#475=FACE_OUTER_BOUND('',#806,.T.);
#476=FACE_OUTER_BOUND('',#808,.T.);
#477=FACE_OUTER_BOUND('',#810,.T.);
#478=FACE_OUTER_BOUND('',#811,.T.);
#479=FACE_OUTER_BOUND('',#813,.T.);
#480=FACE_OUTER_BOUND('',#815,.T.);
#481=FACE_OUTER_BOUND('',#816,.T.);
#482=FACE_OUTER_BOUND('',#818,.T.);
#483=FACE_OUTER_BOUND('',#820,.T.);
#484=FACE_OUTER_BOUND('',#821,.T.);
#485=FACE_OUTER_BOUND('',#823,.T.);
#486=FACE_OUTER_BOUND('',#825,.T.);
#487=FACE_OUTER_BOUND('',#826,.T.);
#488=FACE_OUTER_BOUND('',#828,.T.);
#489=FACE_OUTER_BOUND('',#830,.T.);
#490=FACE_OUTER_BOUND('',#831,.T.);
#491=FACE_OUTER_BOUND('',#833,.T.);
#492=FACE_OUTER_BOUND('',#835,.T.);
#493=FACE_OUTER_BOUND('',#836,.T.);
#494=FACE_OUTER_BOUND('',#838,.T.);
#495=FACE_OUTER_BOUND('',#840,.T.);
#496=FACE_OUTER_BOUND('',#841,.T.);
#497=FACE_OUTER_BOUND('',#843,.T.);
#498=FACE_OUTER_BOUND('',#845,.T.);
#499=FACE_OUTER_BOUND('',#846,.T.);
#500=FACE_OUTER_BOUND('',#848,.T.);
#501=FACE_OUTER_BOUND('',#850,.T.);
#502=FACE_OUTER_BOUND('',#851,.T.);
#503=FACE_OUTER_BOUND('',#853,.T.);
#504=FACE_OUTER_BOUND('',#855,.T.);
#505=FACE_OUTER_BOUND('',#856,.T.);
#506=FACE_OUTER_BOUND('',#857,.T.);
#507=FACE_OUTER_BOUND('',#858,.T.);
#508=FACE_OUTER_BOUND('',#859,.T.);
#509=FACE_OUTER_BOUND('',#860,.T.);
#510=FACE_OUTER_BOUND('',#861,.T.);
#511=FACE_OUTER_BOUND('',#862,.T.);
#512=FACE_OUTER_BOUND('',#863,.T.);
#513=FACE_OUTER_BOUND('',#864,.T.);
#514=FACE_OUTER_BOUND('',#865,.T.);
#515=FACE_OUTER_BOUND('',#866,.T.);
#516=FACE_OUTER_BOUND('',#867,.T.);
#517=FACE_OUTER_BOUND('',#868,.T.);
#518=FACE_OUTER_BOUND('',#869,.T.);
#519=FACE_OUTER_BOUND('',#870,.T.);
#520=FACE_OUTER_BOUND('',#871,.T.);
#521=FACE_OUTER_BOUND('',#872,.T.);
#522=FACE_OUTER_BOUND('',#873,.T.);
#523=FACE_OUTER_BOUND('',#874,.T.);
#524=FACE_OUTER_BOUND('',#875,.T.);
#525=FACE_OUTER_BOUND('',#876,.T.);
#526=FACE_OUTER_BOUND('',#878,.T.);
#527=FACE_OUTER_BOUND('',#879,.T.);
#528=FACE_OUTER_BOUND('',#880,.T.);
#529=FACE_OUTER_BOUND('',#881,.T.);
#530=FACE_OUTER_BOUND('',#882,.T.);
#531=FACE_OUTER_BOUND('',#884,.T.);
#532=FACE_OUTER_BOUND('',#885,.T.);
#533=FACE_OUTER_BOUND('',#886,.T.);
#534=FACE_OUTER_BOUND('',#887,.T.);
#535=FACE_OUTER_BOUND('',#888,.T.);
#536=FACE_OUTER_BOUND('',#889,.T.);
#537=FACE_OUTER_BOUND('',#890,.T.);
#538=FACE_OUTER_BOUND('',#891,.T.);
#539=FACE_OUTER_BOUND('',#892,.T.);
#540=FACE_OUTER_BOUND('',#893,.T.);
#541=FACE_OUTER_BOUND('',#894,.T.);
#542=FACE_OUTER_BOUND('',#895,.T.);
#543=FACE_OUTER_BOUND('',#896,.T.);
#544=FACE_OUTER_BOUND('',#897,.T.);
#545=FACE_OUTER_BOUND('',#898,.T.);
#546=FACE_OUTER_BOUND('',#899,.T.);
#547=FACE_OUTER_BOUND('',#900,.T.);
#548=FACE_OUTER_BOUND('',#901,.T.);
#549=FACE_OUTER_BOUND('',#902,.T.);
#550=FACE_OUTER_BOUND('',#903,.T.);
#551=FACE_OUTER_BOUND('',#904,.T.);
#552=FACE_OUTER_BOUND('',#905,.T.);
#553=FACE_OUTER_BOUND('',#906,.T.);
#554=FACE_OUTER_BOUND('',#907,.T.);
#555=FACE_OUTER_BOUND('',#908,.T.);
#556=FACE_OUTER_BOUND('',#909,.T.);
#557=FACE_OUTER_BOUND('',#910,.T.);
#558=FACE_OUTER_BOUND('',#911,.T.);
#559=FACE_OUTER_BOUND('',#912,.T.);
#560=FACE_OUTER_BOUND('',#913,.T.);
#561=FACE_OUTER_BOUND('',#914,.T.);
#562=FACE_OUTER_BOUND('',#915,.T.);
#563=FACE_OUTER_BOUND('',#916,.T.);
#564=FACE_OUTER_BOUND('',#917,.T.);
#565=FACE_OUTER_BOUND('',#918,.T.);
#566=FACE_OUTER_BOUND('',#919,.T.);
#567=FACE_OUTER_BOUND('',#920,.T.);
#568=FACE_OUTER_BOUND('',#921,.T.);
#569=FACE_OUTER_BOUND('',#922,.T.);
#570=FACE_OUTER_BOUND('',#923,.T.);
#571=FACE_OUTER_BOUND('',#924,.T.);
#572=FACE_OUTER_BOUND('',#925,.T.);
#573=FACE_OUTER_BOUND('',#926,.T.);
#574=FACE_OUTER_BOUND('',#927,.T.);
#575=FACE_OUTER_BOUND('',#928,.T.);
#576=FACE_OUTER_BOUND('',#929,.T.);
#577=FACE_OUTER_BOUND('',#930,.T.);
#578=FACE_OUTER_BOUND('',#931,.T.);
#579=FACE_OUTER_BOUND('',#932,.T.);
#580=FACE_OUTER_BOUND('',#933,.T.);
#581=FACE_OUTER_BOUND('',#934,.T.);
#582=FACE_OUTER_BOUND('',#935,.T.);
#583=FACE_OUTER_BOUND('',#936,.T.);
#584=FACE_OUTER_BOUND('',#937,.T.);
#585=FACE_OUTER_BOUND('',#938,.T.);
#586=FACE_OUTER_BOUND('',#939,.T.);
#587=FACE_OUTER_BOUND('',#941,.T.);
#588=FACE_OUTER_BOUND('',#942,.T.);
#589=FACE_OUTER_BOUND('',#943,.T.);
#590=FACE_OUTER_BOUND('',#945,.T.);
#591=EDGE_LOOP('',(#3203,#3204,#3205,#3206,#3207));
#592=EDGE_LOOP('',(#3208,#3209,#3210,#3211));
#593=EDGE_LOOP('',(#3212,#3213,#3214,#3215,#3216,#3217,#3218,#3219,#3220,
#3221,#3222,#3223));
#594=EDGE_LOOP('',(#3224,#3225,#3226,#3227));
#595=EDGE_LOOP('',(#3228,#3229,#3230,#3231));
#596=EDGE_LOOP('',(#3232,#3233,#3234,#3235,#3236));
#597=EDGE_LOOP('',(#3237,#3238,#3239,#3240));
#598=EDGE_LOOP('',(#3241,#3242,#3243,#3244));
#599=EDGE_LOOP('',(#3245,#3246,#3247,#3248));
#600=EDGE_LOOP('',(#3249,#3250,#3251,#3252));
#601=EDGE_LOOP('',(#3253,#3254,#3255,#3256));
#602=EDGE_LOOP('',(#3257,#3258,#3259,#3260,#3261));
#603=EDGE_LOOP('',(#3262,#3263,#3264,#3265,#3266,#3267,#3268,#3269,#3270,
#3271,#3272,#3273,#3274,#3275,#3276,#3277,#3278,#3279,#3280,#3281,#3282,
#3283,#3284,#3285,#3286,#3287,#3288,#3289,#3290,#3291,#3292,#3293,#3294,
#3295,#3296,#3297,#3298,#3299,#3300,#3301,#3302,#3303,#3304,#3305,#3306,
#3307,#3308,#3309,#3310,#3311,#3312,#3313,#3314,#3315,#3316,#3317,#3318,
#3319,#3320,#3321,#3322,#3323,#3324,#3325,#3326,#3327,#3328,#3329,#3330,
#3331,#3332,#3333,#3334,#3335,#3336,#3337,#3338,#3339,#3340,#3341,#3342,
#3343,#3344,#3345,#3346,#3347,#3348,#3349,#3350,#3351,#3352,#3353,#3354,
#3355,#3356,#3357,#3358,#3359,#3360,#3361,#3362,#3363,#3364,#3365,#3366,
#3367,#3368,#3369,#3370,#3371,#3372,#3373,#3374,#3375,#3376,#3377,#3378,
#3379,#3380,#3381,#3382,#3383,#3384,#3385,#3386,#3387,#3388,#3389,#3390,
#3391,#3392,#3393,#3394,#3395,#3396,#3397,#3398,#3399,#3400,#3401,#3402,
#3403,#3404,#3405,#3406,#3407,#3408,#3409,#3410,#3411,#3412,#3413,#3414,
#3415,#3416,#3417,#3418,#3419,#3420,#3421,#3422,#3423,#3424,#3425,#3426,
#3427,#3428,#3429,#3430,#3431,#3432,#3433,#3434,#3435,#3436,#3437,#3438,
#3439,#3440,#3441,#3442,#3443,#3444,#3445,#3446,#3447,#3448,#3449,#3450,
#3451));
#604=EDGE_LOOP('',(#3452,#3453,#3454,#3455));
#605=EDGE_LOOP('',(#3456,#3457,#3458,#3459));
#606=EDGE_LOOP('',(#3460,#3461,#3462,#3463));
#607=EDGE_LOOP('',(#3464,#3465,#3466,#3467));
#608=EDGE_LOOP('',(#3468,#3469,#3470,#3471));
#609=EDGE_LOOP('',(#3472,#3473,#3474,#3475));
#610=EDGE_LOOP('',(#3476,#3477,#3478,#3479));
#611=EDGE_LOOP('',(#3480,#3481,#3482,#3483));
#612=EDGE_LOOP('',(#3484,#3485,#3486,#3487));
#613=EDGE_LOOP('',(#3488,#3489,#3490,#3491));
#614=EDGE_LOOP('',(#3492,#3493,#3494,#3495));
#615=EDGE_LOOP('',(#3496,#3497,#3498,#3499));
#616=EDGE_LOOP('',(#3500,#3501,#3502,#3503));
#617=EDGE_LOOP('',(#3504,#3505,#3506,#3507));
#618=EDGE_LOOP('',(#3508,#3509,#3510,#3511));
#619=EDGE_LOOP('',(#3512,#3513,#3514,#3515));
#620=EDGE_LOOP('',(#3516,#3517,#3518,#3519));
#621=EDGE_LOOP('',(#3520,#3521,#3522,#3523));
#622=EDGE_LOOP('',(#3524,#3525,#3526,#3527));
#623=EDGE_LOOP('',(#3528,#3529,#3530,#3531));
#624=EDGE_LOOP('',(#3532,#3533,#3534,#3535));
#625=EDGE_LOOP('',(#3536,#3537,#3538,#3539));
#626=EDGE_LOOP('',(#3540,#3541,#3542,#3543));
#627=EDGE_LOOP('',(#3544,#3545,#3546,#3547));
#628=EDGE_LOOP('',(#3548,#3549,#3550,#3551));
#629=EDGE_LOOP('',(#3552,#3553,#3554,#3555));
#630=EDGE_LOOP('',(#3556,#3557,#3558,#3559));
#631=EDGE_LOOP('',(#3560,#3561,#3562,#3563));
#632=EDGE_LOOP('',(#3564));
#633=EDGE_LOOP('',(#3565));
#634=EDGE_LOOP('',(#3566));
#635=EDGE_LOOP('',(#3567));
#636=EDGE_LOOP('',(#3568,#3569,#3570,#3571));
#637=EDGE_LOOP('',(#3572));
#638=EDGE_LOOP('',(#3573));
#639=EDGE_LOOP('',(#3574));
#640=EDGE_LOOP('',(#3575));
#641=EDGE_LOOP('',(#3576,#3577,#3578,#3579));
#642=EDGE_LOOP('',(#3580));
#643=EDGE_LOOP('',(#3581));
#644=EDGE_LOOP('',(#3582));
#645=EDGE_LOOP('',(#3583));
#646=EDGE_LOOP('',(#3584,#3585,#3586,#3587));
#647=EDGE_LOOP('',(#3588));
#648=EDGE_LOOP('',(#3589));
#649=EDGE_LOOP('',(#3590));
#650=EDGE_LOOP('',(#3591));
#651=EDGE_LOOP('',(#3592,#3593,#3594,#3595));
#652=EDGE_LOOP('',(#3596));
#653=EDGE_LOOP('',(#3597));
#654=EDGE_LOOP('',(#3598));
#655=EDGE_LOOP('',(#3599));
#656=EDGE_LOOP('',(#3600,#3601,#3602,#3603));
#657=EDGE_LOOP('',(#3604));
#658=EDGE_LOOP('',(#3605));
#659=EDGE_LOOP('',(#3606));
#660=EDGE_LOOP('',(#3607));
#661=EDGE_LOOP('',(#3608,#3609,#3610,#3611));
#662=EDGE_LOOP('',(#3612));
#663=EDGE_LOOP('',(#3613));
#664=EDGE_LOOP('',(#3614));
#665=EDGE_LOOP('',(#3615));
#666=EDGE_LOOP('',(#3616,#3617,#3618,#3619));
#667=EDGE_LOOP('',(#3620));
#668=EDGE_LOOP('',(#3621));
#669=EDGE_LOOP('',(#3622));
#670=EDGE_LOOP('',(#3623));
#671=EDGE_LOOP('',(#3624,#3625,#3626,#3627));
#672=EDGE_LOOP('',(#3628));
#673=EDGE_LOOP('',(#3629));
#674=EDGE_LOOP('',(#3630));
#675=EDGE_LOOP('',(#3631));
#676=EDGE_LOOP('',(#3632,#3633,#3634,#3635));
#677=EDGE_LOOP('',(#3636));
#678=EDGE_LOOP('',(#3637));
#679=EDGE_LOOP('',(#3638));
#680=EDGE_LOOP('',(#3639));
#681=EDGE_LOOP('',(#3640,#3641,#3642,#3643));
#682=EDGE_LOOP('',(#3644));
#683=EDGE_LOOP('',(#3645));
#684=EDGE_LOOP('',(#3646));
#685=EDGE_LOOP('',(#3647));
#686=EDGE_LOOP('',(#3648,#3649,#3650,#3651));
#687=EDGE_LOOP('',(#3652));
#688=EDGE_LOOP('',(#3653));
#689=EDGE_LOOP('',(#3654));
#690=EDGE_LOOP('',(#3655));
#691=EDGE_LOOP('',(#3656,#3657,#3658,#3659));
#692=EDGE_LOOP('',(#3660));
#693=EDGE_LOOP('',(#3661));
#694=EDGE_LOOP('',(#3662));
#695=EDGE_LOOP('',(#3663));
#696=EDGE_LOOP('',(#3664,#3665,#3666,#3667));
#697=EDGE_LOOP('',(#3668,#3669,#3670,#3671));
#698=EDGE_LOOP('',(#3672,#3673,#3674,#3675));
#699=EDGE_LOOP('',(#3676,#3677,#3678,#3679,#3680));
#700=EDGE_LOOP('',(#3681,#3682,#3683,#3684,#3685));
#701=EDGE_LOOP('',(#3686,#3687,#3688,#3689,#3690));
#702=EDGE_LOOP('',(#3691,#3692,#3693,#3694));
#703=EDGE_LOOP('',(#3695,#3696,#3697,#3698,#3699));
#704=EDGE_LOOP('',(#3700,#3701,#3702,#3703,#3704));
#705=EDGE_LOOP('',(#3705,#3706,#3707,#3708));
#706=EDGE_LOOP('',(#3709,#3710,#3711,#3712));
#707=EDGE_LOOP('',(#3713,#3714,#3715,#3716,#3717));
#708=EDGE_LOOP('',(#3718,#3719,#3720,#3721));
#709=EDGE_LOOP('',(#3722,#3723,#3724,#3725));
#710=EDGE_LOOP('',(#3726,#3727,#3728,#3729));
#711=EDGE_LOOP('',(#3730,#3731,#3732,#3733,#3734));
#712=EDGE_LOOP('',(#3735,#3736,#3737,#3738,#3739));
#713=EDGE_LOOP('',(#3740,#3741,#3742,#3743));
#714=EDGE_LOOP('',(#3744,#3745,#3746,#3747));
#715=EDGE_LOOP('',(#3748,#3749,#3750,#3751,#3752));
#716=EDGE_LOOP('',(#3753,#3754,#3755,#3756,#3757));
#717=EDGE_LOOP('',(#3758,#3759,#3760,#3761,#3762));
#718=EDGE_LOOP('',(#3763,#3764,#3765,#3766));
#719=EDGE_LOOP('',(#3767,#3768,#3769,#3770,#3771));
#720=EDGE_LOOP('',(#3772,#3773,#3774,#3775));
#721=EDGE_LOOP('',(#3776,#3777,#3778,#3779));
#722=EDGE_LOOP('',(#3780,#3781,#3782,#3783));
#723=EDGE_LOOP('',(#3784,#3785,#3786,#3787,#3788));
#724=EDGE_LOOP('',(#3789,#3790,#3791,#3792,#3793));
#725=EDGE_LOOP('',(#3794,#3795,#3796,#3797,#3798));
#726=EDGE_LOOP('',(#3799,#3800,#3801,#3802));
#727=EDGE_LOOP('',(#3803,#3804,#3805,#3806,#3807));
#728=EDGE_LOOP('',(#3808,#3809,#3810,#3811,#3812));
#729=EDGE_LOOP('',(#3813,#3814,#3815,#3816));
#730=EDGE_LOOP('',(#3817,#3818,#3819,#3820));
#731=EDGE_LOOP('',(#3821,#3822,#3823,#3824));
#732=EDGE_LOOP('',(#3825,#3826,#3827,#3828,#3829));
#733=EDGE_LOOP('',(#3830,#3831,#3832,#3833));
#734=EDGE_LOOP('',(#3834,#3835,#3836,#3837,#3838));
#735=EDGE_LOOP('',(#3839,#3840,#3841,#3842));
#736=EDGE_LOOP('',(#3843,#3844,#3845,#3846));
#737=EDGE_LOOP('',(#3847,#3848,#3849,#3850));
#738=EDGE_LOOP('',(#3851,#3852,#3853,#3854,#3855));
#739=EDGE_LOOP('',(#3856,#3857,#3858,#3859,#3860));
#740=EDGE_LOOP('',(#3861,#3862,#3863,#3864));
#741=EDGE_LOOP('',(#3865,#3866,#3867,#3868,#3869));
#742=EDGE_LOOP('',(#3870,#3871,#3872,#3873,#3874));
#743=EDGE_LOOP('',(#3875,#3876,#3877,#3878));
#744=EDGE_LOOP('',(#3879,#3880,#3881,#3882));
#745=EDGE_LOOP('',(#3883,#3884,#3885,#3886,#3887));
#746=EDGE_LOOP('',(#3888,#3889,#3890,#3891));
#747=EDGE_LOOP('',(#3892,#3893,#3894,#3895,#3896));
#748=EDGE_LOOP('',(#3897,#3898,#3899,#3900));
#749=EDGE_LOOP('',(#3901,#3902,#3903,#3904));
#750=EDGE_LOOP('',(#3905,#3906,#3907,#3908,#3909));
#751=EDGE_LOOP('',(#3910,#3911,#3912,#3913,#3914));
#752=EDGE_LOOP('',(#3915,#3916,#3917,#3918));
#753=EDGE_LOOP('',(#3919,#3920,#3921,#3922,#3923));
#754=EDGE_LOOP('',(#3924,#3925,#3926,#3927,#3928));
#755=EDGE_LOOP('',(#3929,#3930,#3931,#3932));
#756=EDGE_LOOP('',(#3933,#3934,#3935,#3936,#3937));
#757=EDGE_LOOP('',(#3938,#3939,#3940,#3941,#3942));
#758=EDGE_LOOP('',(#3943,#3944,#3945,#3946));
#759=EDGE_LOOP('',(#3947,#3948,#3949,#3950,#3951));
#760=EDGE_LOOP('',(#3952,#3953,#3954,#3955,#3956));
#761=EDGE_LOOP('',(#3957,#3958,#3959,#3960));
#762=EDGE_LOOP('',(#3961,#3962,#3963,#3964,#3965));
#763=EDGE_LOOP('',(#3966,#3967,#3968,#3969));
#764=EDGE_LOOP('',(#3970,#3971,#3972,#3973));
#765=EDGE_LOOP('',(#3974,#3975,#3976,#3977));
#766=EDGE_LOOP('',(#3978,#3979,#3980,#3981,#3982));
#767=EDGE_LOOP('',(#3983,#3984,#3985,#3986,#3987));
#768=EDGE_LOOP('',(#3988,#3989,#3990,#3991));
#769=EDGE_LOOP('',(#3992,#3993,#3994,#3995));
#770=EDGE_LOOP('',(#3996,#3997,#3998,#3999));
#771=EDGE_LOOP('',(#4000,#4001,#4002,#4003,#4004));
#772=EDGE_LOOP('',(#4005,#4006,#4007,#4008,#4009));
#773=EDGE_LOOP('',(#4010,#4011,#4012,#4013,#4014));
#774=EDGE_LOOP('',(#4015,#4016,#4017,#4018));
#775=EDGE_LOOP('',(#4019,#4020,#4021,#4022,#4023));
#776=EDGE_LOOP('',(#4024,#4025,#4026,#4027,#4028));
#777=EDGE_LOOP('',(#4029,#4030,#4031,#4032));
#778=EDGE_LOOP('',(#4033,#4034,#4035,#4036));
#779=EDGE_LOOP('',(#4037,#4038,#4039,#4040,#4041));
#780=EDGE_LOOP('',(#4042,#4043,#4044,#4045));
#781=EDGE_LOOP('',(#4046,#4047,#4048,#4049));
#782=EDGE_LOOP('',(#4050,#4051,#4052,#4053));
#783=EDGE_LOOP('',(#4054,#4055,#4056,#4057,#4058));
#784=EDGE_LOOP('',(#4059,#4060,#4061,#4062,#4063));
#785=EDGE_LOOP('',(#4064,#4065,#4066,#4067));
#786=EDGE_LOOP('',(#4068,#4069,#4070,#4071));
#787=EDGE_LOOP('',(#4072,#4073,#4074,#4075));
#788=EDGE_LOOP('',(#4076,#4077,#4078,#4079,#4080));
#789=EDGE_LOOP('',(#4081,#4082,#4083,#4084,#4085));
#790=EDGE_LOOP('',(#4086,#4087,#4088,#4089));
#791=EDGE_LOOP('',(#4090));
#792=EDGE_LOOP('',(#4091));
#793=EDGE_LOOP('',(#4092));
#794=EDGE_LOOP('',(#4093));
#795=EDGE_LOOP('',(#4094,#4095,#4096,#4097));
#796=EDGE_LOOP('',(#4098));
#797=EDGE_LOOP('',(#4099));
#798=EDGE_LOOP('',(#4100));
#799=EDGE_LOOP('',(#4101));
#800=EDGE_LOOP('',(#4102,#4103,#4104,#4105));
#801=EDGE_LOOP('',(#4106));
#802=EDGE_LOOP('',(#4107));
#803=EDGE_LOOP('',(#4108));
#804=EDGE_LOOP('',(#4109));
#805=EDGE_LOOP('',(#4110,#4111,#4112,#4113));
#806=EDGE_LOOP('',(#4114));
#807=EDGE_LOOP('',(#4115));
#808=EDGE_LOOP('',(#4116));
#809=EDGE_LOOP('',(#4117));
#810=EDGE_LOOP('',(#4118,#4119,#4120,#4121));
#811=EDGE_LOOP('',(#4122));
#812=EDGE_LOOP('',(#4123));
#813=EDGE_LOOP('',(#4124));
#814=EDGE_LOOP('',(#4125));
#815=EDGE_LOOP('',(#4126,#4127,#4128,#4129));
#816=EDGE_LOOP('',(#4130));
#817=EDGE_LOOP('',(#4131));
#818=EDGE_LOOP('',(#4132));
#819=EDGE_LOOP('',(#4133));
#820=EDGE_LOOP('',(#4134,#4135,#4136,#4137));
#821=EDGE_LOOP('',(#4138));
#822=EDGE_LOOP('',(#4139));
#823=EDGE_LOOP('',(#4140));
#824=EDGE_LOOP('',(#4141));
#825=EDGE_LOOP('',(#4142,#4143,#4144,#4145));
#826=EDGE_LOOP('',(#4146));
#827=EDGE_LOOP('',(#4147));
#828=EDGE_LOOP('',(#4148));
#829=EDGE_LOOP('',(#4149));
#830=EDGE_LOOP('',(#4150,#4151,#4152,#4153));
#831=EDGE_LOOP('',(#4154));
#832=EDGE_LOOP('',(#4155));
#833=EDGE_LOOP('',(#4156));
#834=EDGE_LOOP('',(#4157));
#835=EDGE_LOOP('',(#4158,#4159,#4160,#4161));
#836=EDGE_LOOP('',(#4162));
#837=EDGE_LOOP('',(#4163));
#838=EDGE_LOOP('',(#4164));
#839=EDGE_LOOP('',(#4165));
#840=EDGE_LOOP('',(#4166,#4167,#4168,#4169));
#841=EDGE_LOOP('',(#4170));
#842=EDGE_LOOP('',(#4171));
#843=EDGE_LOOP('',(#4172));
#844=EDGE_LOOP('',(#4173));
#845=EDGE_LOOP('',(#4174,#4175,#4176,#4177));
#846=EDGE_LOOP('',(#4178));
#847=EDGE_LOOP('',(#4179));
#848=EDGE_LOOP('',(#4180));
#849=EDGE_LOOP('',(#4181));
#850=EDGE_LOOP('',(#4182,#4183,#4184,#4185));
#851=EDGE_LOOP('',(#4186));
#852=EDGE_LOOP('',(#4187));
#853=EDGE_LOOP('',(#4188));
#854=EDGE_LOOP('',(#4189));
#855=EDGE_LOOP('',(#4190,#4191,#4192,#4193));
#856=EDGE_LOOP('',(#4194,#4195,#4196,#4197));
#857=EDGE_LOOP('',(#4198,#4199,#4200,#4201));
#858=EDGE_LOOP('',(#4202,#4203,#4204,#4205));
#859=EDGE_LOOP('',(#4206,#4207,#4208,#4209));
#860=EDGE_LOOP('',(#4210,#4211,#4212,#4213));
#861=EDGE_LOOP('',(#4214,#4215,#4216,#4217));
#862=EDGE_LOOP('',(#4218,#4219,#4220,#4221));
#863=EDGE_LOOP('',(#4222,#4223,#4224,#4225));
#864=EDGE_LOOP('',(#4226,#4227,#4228,#4229));
#865=EDGE_LOOP('',(#4230,#4231,#4232,#4233));
#866=EDGE_LOOP('',(#4234,#4235,#4236,#4237));
#867=EDGE_LOOP('',(#4238,#4239,#4240,#4241));
#868=EDGE_LOOP('',(#4242,#4243,#4244,#4245,#4246,#4247,#4248,#4249,#4250,
#4251,#4252,#4253,#4254,#4255,#4256,#4257,#4258,#4259,#4260,#4261,#4262,
#4263,#4264,#4265,#4266,#4267,#4268,#4269,#4270,#4271,#4272,#4273,#4274,
#4275,#4276,#4277,#4278,#4279,#4280,#4281,#4282,#4283,#4284,#4285,#4286,
#4287,#4288,#4289,#4290,#4291,#4292,#4293,#4294,#4295,#4296));
#869=EDGE_LOOP('',(#4297,#4298,#4299,#4300));
#870=EDGE_LOOP('',(#4301,#4302,#4303,#4304));
#871=EDGE_LOOP('',(#4305,#4306,#4307,#4308));
#872=EDGE_LOOP('',(#4309,#4310,#4311,#4312));
#873=EDGE_LOOP('',(#4313,#4314,#4315,#4316));
#874=EDGE_LOOP('',(#4317,#4318,#4319,#4320));
#875=EDGE_LOOP('',(#4321,#4322,#4323,#4324));
#876=EDGE_LOOP('',(#4325,#4326,#4327,#4328,#4329,#4330,#4331,#4332,#4333,
#4334,#4335,#4336,#4337,#4338,#4339,#4340,#4341,#4342,#4343,#4344,#4345,
#4346,#4347,#4348,#4349,#4350,#4351,#4352,#4353,#4354,#4355,#4356,#4357));
#877=EDGE_LOOP('',(#4358,#4359,#4360));
#878=EDGE_LOOP('',(#4361,#4362,#4363,#4364));
#879=EDGE_LOOP('',(#4365,#4366,#4367,#4368));
#880=EDGE_LOOP('',(#4369,#4370,#4371,#4372));
#881=EDGE_LOOP('',(#4373,#4374,#4375,#4376));
#882=EDGE_LOOP('',(#4377));
#883=EDGE_LOOP('',(#4378));
#884=EDGE_LOOP('',(#4379,#4380,#4381,#4382));
#885=EDGE_LOOP('',(#4383,#4384,#4385,#4386));
#886=EDGE_LOOP('',(#4387,#4388,#4389,#4390));
#887=EDGE_LOOP('',(#4391,#4392,#4393,#4394));
#888=EDGE_LOOP('',(#4395,#4396,#4397,#4398));
#889=EDGE_LOOP('',(#4399,#4400,#4401,#4402));
#890=EDGE_LOOP('',(#4403,#4404,#4405,#4406));
#891=EDGE_LOOP('',(#4407,#4408,#4409,#4410));
#892=EDGE_LOOP('',(#4411,#4412,#4413,#4414));
#893=EDGE_LOOP('',(#4415,#4416,#4417,#4418));
#894=EDGE_LOOP('',(#4419,#4420,#4421,#4422));
#895=EDGE_LOOP('',(#4423,#4424,#4425,#4426));
#896=EDGE_LOOP('',(#4427,#4428,#4429,#4430));
#897=EDGE_LOOP('',(#4431,#4432,#4433,#4434));
#898=EDGE_LOOP('',(#4435,#4436,#4437,#4438));
#899=EDGE_LOOP('',(#4439,#4440,#4441,#4442));
#900=EDGE_LOOP('',(#4443,#4444,#4445,#4446));
#901=EDGE_LOOP('',(#4447,#4448,#4449,#4450));
#902=EDGE_LOOP('',(#4451,#4452,#4453,#4454));
#903=EDGE_LOOP('',(#4455,#4456,#4457,#4458));
#904=EDGE_LOOP('',(#4459,#4460,#4461,#4462));
#905=EDGE_LOOP('',(#4463,#4464,#4465,#4466));
#906=EDGE_LOOP('',(#4467,#4468,#4469,#4470));
#907=EDGE_LOOP('',(#4471,#4472,#4473,#4474));
#908=EDGE_LOOP('',(#4475,#4476,#4477,#4478));
#909=EDGE_LOOP('',(#4479,#4480,#4481,#4482));
#910=EDGE_LOOP('',(#4483,#4484,#4485,#4486));
#911=EDGE_LOOP('',(#4487,#4488,#4489,#4490));
#912=EDGE_LOOP('',(#4491,#4492,#4493,#4494));
#913=EDGE_LOOP('',(#4495,#4496,#4497,#4498));
#914=EDGE_LOOP('',(#4499,#4500,#4501,#4502));
#915=EDGE_LOOP('',(#4503,#4504,#4505,#4506,#4507,#4508,#4509,#4510,#4511,
#4512,#4513,#4514,#4515,#4516,#4517,#4518,#4519));
#916=EDGE_LOOP('',(#4520,#4521,#4522,#4523));
#917=EDGE_LOOP('',(#4524,#4525,#4526,#4527));
#918=EDGE_LOOP('',(#4528,#4529,#4530,#4531));
#919=EDGE_LOOP('',(#4532,#4533,#4534,#4535));
#920=EDGE_LOOP('',(#4536,#4537,#4538,#4539));
#921=EDGE_LOOP('',(#4540,#4541,#4542,#4543));
#922=EDGE_LOOP('',(#4544,#4545,#4546,#4547));
#923=EDGE_LOOP('',(#4548,#4549,#4550,#4551));
#924=EDGE_LOOP('',(#4552,#4553,#4554,#4555,#4556,#4557,#4558,#4559,#4560,
#4561,#4562,#4563,#4564,#4565,#4566,#4567,#4568,#4569,#4570,#4571,#4572,
#4573,#4574,#4575,#4576,#4577,#4578,#4579));
#925=EDGE_LOOP('',(#4580,#4581,#4582,#4583));
#926=EDGE_LOOP('',(#4584,#4585,#4586,#4587));
#927=EDGE_LOOP('',(#4588,#4589,#4590,#4591));
#928=EDGE_LOOP('',(#4592,#4593,#4594,#4595));
#929=EDGE_LOOP('',(#4596,#4597,#4598,#4599));
#930=EDGE_LOOP('',(#4600,#4601,#4602,#4603));
#931=EDGE_LOOP('',(#4604,#4605,#4606,#4607));
#932=EDGE_LOOP('',(#4608,#4609,#4610,#4611));
#933=EDGE_LOOP('',(#4612,#4613,#4614,#4615));
#934=EDGE_LOOP('',(#4616,#4617,#4618,#4619));
#935=EDGE_LOOP('',(#4620,#4621,#4622,#4623));
#936=EDGE_LOOP('',(#4624));
#937=EDGE_LOOP('',(#4625,#4626,#4627));
#938=EDGE_LOOP('',(#4628));
#939=EDGE_LOOP('',(#4629));
#940=EDGE_LOOP('',(#4630));
#941=EDGE_LOOP('',(#4631,#4632,#4633,#4634));
#942=EDGE_LOOP('',(#4635,#4636,#4637,#4638));
#943=EDGE_LOOP('',(#4639));
#944=EDGE_LOOP('',(#4640));
#945=EDGE_LOOP('',(#4641));
#946=EDGE_LOOP('',(#4642));
#947=B_SPLINE_CURVE_WITH_KNOTS('',3,(#6983,#6984,#6985,#6986),
 .UNSPECIFIED.,.F.,.F.,(4,4),(0.793125562674546,1.),.UNSPECIFIED.);
#948=B_SPLINE_CURVE_WITH_KNOTS('',3,(#6988,#6989,#6990,#6991),
 .UNSPECIFIED.,.F.,.F.,(4,4),(0.,0.161881066551668),.UNSPECIFIED.);
#949=B_SPLINE_CURVE_WITH_KNOTS('',3,(#7052,#7053,#7054,#7055),
 .UNSPECIFIED.,.F.,.F.,(4,4),(0.0861397655642468,0.122627122061593),
 .UNSPECIFIED.);
#950=B_SPLINE_CURVE_WITH_KNOTS('',3,(#7093,#7094,#7095,#7096),
 .UNSPECIFIED.,.F.,.F.,(4,4),(0.240599523891863,0.43056400915508),
 .UNSPECIFIED.);
#951=B_SPLINE_CURVE_WITH_KNOTS('',3,(#7105,#7106,#7107,#7108),
 .UNSPECIFIED.,.F.,.F.,(4,4),(0.715550678327648,0.994126848093063),
 .UNSPECIFIED.);
#952=B_SPLINE_CURVE_WITH_KNOTS('',3,(#7117,#7118,#7119,#7120),
 .UNSPECIFIED.,.F.,.F.,(4,4),(0.836232467377144,1.),.UNSPECIFIED.);
#953=B_SPLINE_CURVE_WITH_KNOTS('',3,(#7122,#7123,#7124,#7125),
 .UNSPECIFIED.,.F.,.F.,(4,4),(0.,0.231005626950826),.UNSPECIFIED.);
#954=B_SPLINE_CURVE_WITH_KNOTS('',3,(#7295,#7296,#7297,#7298),
 .UNSPECIFIED.,.F.,.F.,(4,4),(0.,0.431728635515486),.UNSPECIFIED.);
#955=B_SPLINE_CURVE_WITH_KNOTS('',3,(#7302,#7303,#7304,#7305),
 .UNSPECIFIED.,.F.,.F.,(4,4),(0.,0.250598634992327),.UNSPECIFIED.);
#956=B_SPLINE_CURVE_WITH_KNOTS('',3,(#7307,#7308,#7309,#7310),
 .UNSPECIFIED.,.F.,.F.,(4,4),(0.,0.250598634992327),.UNSPECIFIED.);
#957=B_SPLINE_CURVE_WITH_KNOTS('',3,(#7314,#7315,#7316,#7317),
 .UNSPECIFIED.,.F.,.F.,(4,4),(0.,0.431728635515485),.UNSPECIFIED.);
#958=B_SPLINE_CURVE_WITH_KNOTS('',3,(#7335,#7336,#7337,#7338),
 .UNSPECIFIED.,.F.,.F.,(4,4),(0.12014836573486,0.742857115609305),
 .UNSPECIFIED.);
#959=B_SPLINE_CURVE_WITH_KNOTS('',3,(#7342,#7343,#7344,#7345),
 .UNSPECIFIED.,.F.,.F.,(4,4),(0.,0.542322786399677),.UNSPECIFIED.);
#960=B_SPLINE_CURVE_WITH_KNOTS('',3,(#7351,#7352,#7353,#7354),
 .UNSPECIFIED.,.F.,.F.,(4,4),(0.611692978030265,0.742857115609305),
 .UNSPECIFIED.);
#961=B_SPLINE_CURVE_WITH_KNOTS('',3,(#7363,#7364,#7365,#7366),
 .UNSPECIFIED.,.F.,.F.,(4,4),(0.791329790387311,1.),.UNSPECIFIED.);
#962=B_SPLINE_CURVE_WITH_KNOTS('',3,(#7368,#7369,#7370,#7371),
 .UNSPECIFIED.,.F.,.F.,(4,4),(0.,0.0136815479823521),.UNSPECIFIED.);
#963=B_SPLINE_CURVE_WITH_KNOTS('',3,(#7373,#7374,#7375,#7376),
 .UNSPECIFIED.,.F.,.F.,(4,4),(0.,1.),.UNSPECIFIED.);
#964=B_SPLINE_CURVE_WITH_KNOTS('',3,(#7378,#7379,#7380,#7381),
 .UNSPECIFIED.,.F.,.F.,(4,4),(0.,0.175053106895055),.UNSPECIFIED.);
#965=B_SPLINE_CURVE_WITH_KNOTS('',3,(#7389,#7390,#7391,#7392),
 .UNSPECIFIED.,.F.,.F.,(4,4),(0.982622100186561,1.),.UNSPECIFIED.);
#966=B_SPLINE_CURVE_WITH_KNOTS('',3,(#7394,#7395,#7396,#7397),
 .UNSPECIFIED.,.F.,.F.,(4,4),(0.,0.65714417613981),.UNSPECIFIED.);
#967=B_SPLINE_CURVE_WITH_KNOTS('',3,(#7403,#7404,#7405,#7406),
 .UNSPECIFIED.,.F.,.F.,(4,4),(0.84498590623098,1.),.UNSPECIFIED.);
#968=B_SPLINE_CURVE_WITH_KNOTS('',3,(#7408,#7409,#7410,#7411),
 .UNSPECIFIED.,.F.,.F.,(4,4),(0.,1.),.UNSPECIFIED.);
#969=B_SPLINE_CURVE_WITH_KNOTS('',3,(#7413,#7414,#7415,#7416),
 .UNSPECIFIED.,.F.,.F.,(4,4),(0.,1.),.UNSPECIFIED.);
#970=B_SPLINE_CURVE_WITH_KNOTS('',3,(#7418,#7419,#7420,#7421),
 .UNSPECIFIED.,.F.,.F.,(4,4),(0.,1.),.UNSPECIFIED.);
#971=B_SPLINE_CURVE_WITH_KNOTS('',3,(#7423,#7424,#7425,#7426),
 .UNSPECIFIED.,.F.,.F.,(4,4),(0.,1.),.UNSPECIFIED.);
#972=B_SPLINE_CURVE_WITH_KNOTS('',3,(#7428,#7429,#7430,#7431),
 .UNSPECIFIED.,.F.,.F.,(4,4),(0.,1.),.UNSPECIFIED.);
#973=B_SPLINE_CURVE_WITH_KNOTS('',3,(#7433,#7434,#7435,#7436),
 .UNSPECIFIED.,.F.,.F.,(4,4),(0.,1.),.UNSPECIFIED.);
#974=B_SPLINE_CURVE_WITH_KNOTS('',3,(#7438,#7439,#7440,#7441),
 .UNSPECIFIED.,.F.,.F.,(4,4),(0.,1.),.UNSPECIFIED.);
#975=B_SPLINE_CURVE_WITH_KNOTS('',3,(#7443,#7444,#7445,#7446),
 .UNSPECIFIED.,.F.,.F.,(4,4),(0.,1.),.UNSPECIFIED.);
#976=B_SPLINE_CURVE_WITH_KNOTS('',3,(#7448,#7449,#7450,#7451),
 .UNSPECIFIED.,.F.,.F.,(4,4),(0.,1.),.UNSPECIFIED.);
#977=B_SPLINE_CURVE_WITH_KNOTS('',3,(#7453,#7454,#7455,#7456),
 .UNSPECIFIED.,.F.,.F.,(4,4),(0.,0.0126680646623884),.UNSPECIFIED.);
#978=B_SPLINE_CURVE_WITH_KNOTS('',3,(#7458,#7459,#7460,#7461),
 .UNSPECIFIED.,.F.,.F.,(4,4),(0.,1.),.UNSPECIFIED.);
#979=B_SPLINE_CURVE_WITH_KNOTS('',3,(#7463,#7464,#7465,#7466),
 .UNSPECIFIED.,.F.,.F.,(4,4),(0.,1.),.UNSPECIFIED.);
#980=B_SPLINE_CURVE_WITH_KNOTS('',3,(#7468,#7469,#7470,#7471),
 .UNSPECIFIED.,.F.,.F.,(4,4),(0.,1.),.UNSPECIFIED.);
#981=B_SPLINE_CURVE_WITH_KNOTS('',3,(#7473,#7474,#7475,#7476),
 .UNSPECIFIED.,.F.,.F.,(4,4),(0.,1.),.UNSPECIFIED.);
#982=B_SPLINE_CURVE_WITH_KNOTS('',3,(#7478,#7479,#7480,#7481),
 .UNSPECIFIED.,.F.,.F.,(4,4),(0.,1.),.UNSPECIFIED.);
#983=B_SPLINE_CURVE_WITH_KNOTS('',3,(#7483,#7484,#7485,#7486),
 .UNSPECIFIED.,.F.,.F.,(4,4),(0.,1.),.UNSPECIFIED.);
#984=B_SPLINE_CURVE_WITH_KNOTS('',3,(#7488,#7489,#7490,#7491),
 .UNSPECIFIED.,.F.,.F.,(4,4),(0.,1.),.UNSPECIFIED.);
#985=B_SPLINE_CURVE_WITH_KNOTS('',3,(#7493,#7494,#7495,#7496),
 .UNSPECIFIED.,.F.,.F.,(4,4),(0.,1.),.UNSPECIFIED.);
#986=B_SPLINE_CURVE_WITH_KNOTS('',3,(#7498,#7499,#7500,#7501),
 .UNSPECIFIED.,.F.,.F.,(4,4),(0.,1.),.UNSPECIFIED.);
#987=B_SPLINE_CURVE_WITH_KNOTS('',3,(#7503,#7504,#7505,#7506),
 .UNSPECIFIED.,.F.,.F.,(4,4),(0.,1.),.UNSPECIFIED.);
#988=B_SPLINE_CURVE_WITH_KNOTS('',3,(#7508,#7509,#7510,#7511),
 .UNSPECIFIED.,.F.,.F.,(4,4),(0.,0.0294873536781415),.UNSPECIFIED.);
#989=B_SPLINE_CURVE_WITH_KNOTS('',3,(#7927,#7928,#7929,#7930,#7931,#7932),
 .UNSPECIFIED.,.F.,.F.,(4,2,4),(-0.2,-0.1,0.),.UNSPECIFIED.);
#990=B_SPLINE_CURVE_WITH_KNOTS('',3,(#7942,#7943,#7944,#7945,#7946,#7947),
 .UNSPECIFIED.,.F.,.F.,(4,2,4),(-0.2,-0.1,0.),.UNSPECIFIED.);
#991=B_SPLINE_CURVE_WITH_KNOTS('',3,(#7951,#7952,#7953,#7954,#7955,#7956),
 .UNSPECIFIED.,.F.,.F.,(4,2,4),(-0.2,-0.1,0.),.UNSPECIFIED.);
#992=B_SPLINE_CURVE_WITH_KNOTS('',3,(#7962,#7963,#7964,#7965,#7966,#7967),
 .UNSPECIFIED.,.F.,.F.,(4,2,4),(-0.2,-0.1,0.),.UNSPECIFIED.);
#993=B_SPLINE_CURVE_WITH_KNOTS('',3,(#7977,#7978,#7979,#7980,#7981,#7982,
#7983,#7984,#7985,#7986),.UNSPECIFIED.,.F.,.F.,(4,3,3,4),(-0.203798006213095,
-0.103628075539315,-0.0904616074624479,0.),.UNSPECIFIED.);
#994=B_SPLINE_CURVE_WITH_KNOTS('',3,(#7990,#7991,#7992,#7993,#7994,#7995),
 .UNSPECIFIED.,.F.,.F.,(4,2,4),(-0.2,-0.1,0.),.UNSPECIFIED.);
#995=B_SPLINE_CURVE_WITH_KNOTS('',3,(#7999,#8000,#8001,#8002,#8003,#8004),
 .UNSPECIFIED.,.F.,.F.,(4,2,4),(-0.2,-0.1,0.),.UNSPECIFIED.);
#996=B_SPLINE_CURVE_WITH_KNOTS('',3,(#8010,#8011,#8012,#8013,#8014,#8015),
 .UNSPECIFIED.,.F.,.F.,(4,2,4),(-0.2,-0.1,0.),.UNSPECIFIED.);
#997=B_SPLINE_CURVE_WITH_KNOTS('',3,(#8021,#8022,#8023,#8024,#8025,#8026),
 .UNSPECIFIED.,.F.,.F.,(4,2,4),(-0.2,-0.1,0.),.UNSPECIFIED.);
#998=B_SPLINE_CURVE_WITH_KNOTS('',3,(#8038,#8039,#8040,#8041,#8042,#8043),
 .UNSPECIFIED.,.F.,.F.,(4,2,4),(-0.2,-0.1,0.),.UNSPECIFIED.);
#999=B_SPLINE_CURVE_WITH_KNOTS('',3,(#8047,#8048,#8049,#8050,#8051,#8052),
 .UNSPECIFIED.,.F.,.F.,(4,2,4),(-0.2,-0.1,0.),.UNSPECIFIED.);
#1000=B_SPLINE_CURVE_WITH_KNOTS('',3,(#8062,#8063,#8064,#8065,#8066,#8067),
 .UNSPECIFIED.,.F.,.F.,(4,2,4),(-0.2,-0.1,0.),.UNSPECIFIED.);
#1001=B_SPLINE_CURVE_WITH_KNOTS('',3,(#8071,#8072,#8073,#8074,#8075,#8076),
 .UNSPECIFIED.,.F.,.F.,(4,2,4),(-0.2,-0.1,0.),.UNSPECIFIED.);
#1002=B_SPLINE_CURVE_WITH_KNOTS('',3,(#8086,#8087,#8088,#8089,#8090,#8091,
#8092,#8093,#8094,#8095,#8096,#8097,#8098),.UNSPECIFIED.,.F.,.F.,(4,3,3,
3,4),(-0.20215571230588,-0.145335063810918,-0.100150564104757,-0.0474222035753752,
0.),.UNSPECIFIED.);
#1003=B_SPLINE_CURVE_WITH_KNOTS('',3,(#8106,#8107,#8108,#8109,#8110,#8111),
 .UNSPECIFIED.,.F.,.F.,(4,2,4),(-0.2,-0.1,0.),.UNSPECIFIED.);
#1004=B_SPLINE_CURVE_WITH_KNOTS('',3,(#8123,#8124,#8125,#8126,#8127,#8128,
#8129),.UNSPECIFIED.,.F.,.F.,(4,3,4),(-0.203990350706994,-0.102021195253034,
0.),.UNSPECIFIED.);
#1005=B_SPLINE_CURVE_WITH_KNOTS('',3,(#8179,#8180,#8181,#8182,#8183,#8184),
 .UNSPECIFIED.,.F.,.F.,(4,2,4),(-0.2,-0.0999999999999999,0.),
 .UNSPECIFIED.);
#1006=B_SPLINE_CURVE_WITH_KNOTS('',3,(#8202,#8203,#8204,#8205,#8206,#8207),
 .UNSPECIFIED.,.F.,.F.,(4,2,4),(-0.2,-0.1,0.),.UNSPECIFIED.);
#1007=B_SPLINE_CURVE_WITH_KNOTS('',3,(#8443,#8444,#8445,#8446),
 .UNSPECIFIED.,.F.,.F.,(4,4),(0.836232467377144,1.),.UNSPECIFIED.);
#1008=B_SPLINE_CURVE_WITH_KNOTS('',3,(#8465,#8466,#8467,#8468),
 .UNSPECIFIED.,.F.,.F.,(4,4),(0.472055880361901,1.),.UNSPECIFIED.);
#1009=B_SPLINE_CURVE_WITH_KNOTS('',3,(#8486,#8487,#8488,#8489),
 .UNSPECIFIED.,.F.,.F.,(4,4),(0.,0.231005626950826),.UNSPECIFIED.);
#1010=B_SPLINE_CURVE_WITH_KNOTS('',3,(#8506,#8507,#8508,#8509),
 .UNSPECIFIED.,.F.,.F.,(4,4),(0.715550678327648,0.994126848093063),
 .UNSPECIFIED.);
#1011=B_SPLINE_CURVE_WITH_KNOTS('',3,(#8528,#8529,#8530,#8531),
 .UNSPECIFIED.,.F.,.F.,(4,4),(0.,0.175053106895055),.UNSPECIFIED.);
#1012=B_SPLINE_CURVE_WITH_KNOTS('',3,(#8549,#8550,#8551,#8552),
 .UNSPECIFIED.,.F.,.F.,(4,4),(0.793125562674546,1.),.UNSPECIFIED.);
#1013=B_SPLINE_CURVE_WITH_KNOTS('',3,(#8570,#8571,#8572,#8573),
 .UNSPECIFIED.,.F.,.F.,(4,4),(0.240599523891863,0.43056400915508),
 .UNSPECIFIED.);
#1014=B_SPLINE_CURVE_WITH_KNOTS('',3,(#8590,#8591,#8592,#8593),
 .UNSPECIFIED.,.F.,.F.,(4,4),(0.,0.161881066551668),.UNSPECIFIED.);
#1015=B_SPLINE_CURVE_WITH_KNOTS('',3,(#8611,#8612,#8613,#8614),
 .UNSPECIFIED.,.F.,.F.,(4,4),(0.689576487743124,1.),.UNSPECIFIED.);
#1016=B_SPLINE_CURVE_WITH_KNOTS('',3,(#8618,#8619,#8620,#8621),
 .UNSPECIFIED.,.F.,.F.,(4,4),(0.,0.65714417613981),.UNSPECIFIED.);
#1017=B_SPLINE_CURVE_WITH_KNOTS('',3,(#8622,#8623,#8624,#8625),
 .UNSPECIFIED.,.F.,.F.,(4,4),(0.982622100186561,1.),.UNSPECIFIED.);
#1018=B_SPLINE_CURVE_WITH_KNOTS('',3,(#8627,#8628,#8629,#8630),
 .UNSPECIFIED.,.F.,.F.,(4,4),(0.,1.),.UNSPECIFIED.);
#1019=B_SPLINE_CURVE_WITH_KNOTS('',3,(#8631,#8632,#8633,#8634),
 .UNSPECIFIED.,.F.,.F.,(4,4),(0.,0.0136815479823521),.UNSPECIFIED.);
#1020=B_SPLINE_CURVE_WITH_KNOTS('',3,(#8636,#8637,#8638,#8639),
 .UNSPECIFIED.,.F.,.F.,(4,4),(0.,0.0294873536781415),.UNSPECIFIED.);
#1021=B_SPLINE_CURVE_WITH_KNOTS('',3,(#8641,#8642,#8643,#8644),
 .UNSPECIFIED.,.F.,.F.,(4,4),(0.,1.),.UNSPECIFIED.);
#1022=B_SPLINE_CURVE_WITH_KNOTS('',3,(#8646,#8647,#8648,#8649),
 .UNSPECIFIED.,.F.,.F.,(4,4),(0.,1.),.UNSPECIFIED.);
#1023=B_SPLINE_CURVE_WITH_KNOTS('',3,(#8651,#8652,#8653,#8654),
 .UNSPECIFIED.,.F.,.F.,(4,4),(0.,1.),.UNSPECIFIED.);
#1024=B_SPLINE_CURVE_WITH_KNOTS('',3,(#8656,#8657,#8658,#8659),
 .UNSPECIFIED.,.F.,.F.,(4,4),(0.,1.),.UNSPECIFIED.);
#1025=B_SPLINE_CURVE_WITH_KNOTS('',3,(#8661,#8662,#8663,#8664),
 .UNSPECIFIED.,.F.,.F.,(4,4),(0.,1.),.UNSPECIFIED.);
#1026=B_SPLINE_CURVE_WITH_KNOTS('',3,(#8666,#8667,#8668,#8669),
 .UNSPECIFIED.,.F.,.F.,(4,4),(0.,1.),.UNSPECIFIED.);
#1027=B_SPLINE_CURVE_WITH_KNOTS('',3,(#8671,#8672,#8673,#8674),
 .UNSPECIFIED.,.F.,.F.,(4,4),(0.,1.),.UNSPECIFIED.);
#1028=B_SPLINE_CURVE_WITH_KNOTS('',3,(#8676,#8677,#8678,#8679),
 .UNSPECIFIED.,.F.,.F.,(4,4),(0.,1.),.UNSPECIFIED.);
#1029=B_SPLINE_CURVE_WITH_KNOTS('',3,(#8681,#8682,#8683,#8684),
 .UNSPECIFIED.,.F.,.F.,(4,4),(0.,1.),.UNSPECIFIED.);
#1030=B_SPLINE_CURVE_WITH_KNOTS('',3,(#8686,#8687,#8688,#8689),
 .UNSPECIFIED.,.F.,.F.,(4,4),(0.,1.),.UNSPECIFIED.);
#1031=B_SPLINE_CURVE_WITH_KNOTS('',3,(#8691,#8692,#8693,#8694),
 .UNSPECIFIED.,.F.,.F.,(4,4),(0.,0.0126680646623884),.UNSPECIFIED.);
#1032=B_SPLINE_CURVE_WITH_KNOTS('',3,(#8696,#8697,#8698,#8699),
 .UNSPECIFIED.,.F.,.F.,(4,4),(0.,1.),.UNSPECIFIED.);
#1033=B_SPLINE_CURVE_WITH_KNOTS('',3,(#8701,#8702,#8703,#8704),
 .UNSPECIFIED.,.F.,.F.,(4,4),(0.,1.),.UNSPECIFIED.);
#1034=B_SPLINE_CURVE_WITH_KNOTS('',3,(#8706,#8707,#8708,#8709),
 .UNSPECIFIED.,.F.,.F.,(4,4),(0.,1.),.UNSPECIFIED.);
#1035=B_SPLINE_CURVE_WITH_KNOTS('',3,(#8711,#8712,#8713,#8714),
 .UNSPECIFIED.,.F.,.F.,(4,4),(0.,1.),.UNSPECIFIED.);
#1036=B_SPLINE_CURVE_WITH_KNOTS('',3,(#8716,#8717,#8718,#8719),
 .UNSPECIFIED.,.F.,.F.,(4,4),(0.,1.),.UNSPECIFIED.);
#1037=B_SPLINE_CURVE_WITH_KNOTS('',3,(#8721,#8722,#8723,#8724),
 .UNSPECIFIED.,.F.,.F.,(4,4),(0.,1.),.UNSPECIFIED.);
#1038=B_SPLINE_CURVE_WITH_KNOTS('',3,(#8726,#8727,#8728,#8729),
 .UNSPECIFIED.,.F.,.F.,(4,4),(0.,1.),.UNSPECIFIED.);
#1039=B_SPLINE_CURVE_WITH_KNOTS('',3,(#8731,#8732,#8733,#8734),
 .UNSPECIFIED.,.F.,.F.,(4,4),(0.,1.),.UNSPECIFIED.);
#1040=B_SPLINE_CURVE_WITH_KNOTS('',3,(#8735,#8736,#8737,#8738),
 .UNSPECIFIED.,.F.,.F.,(4,4),(0.,1.),.UNSPECIFIED.);
#1041=B_SPLINE_CURVE_WITH_KNOTS('',3,(#8757,#8758,#8759,#8760),
 .UNSPECIFIED.,.F.,.F.,(4,4),(0.,0.563128129735135),.UNSPECIFIED.);
#1042=B_SPLINE_CURVE_WITH_KNOTS('',3,(#8778,#8779,#8780,#8781),
 .UNSPECIFIED.,.F.,.F.,(4,4),(0.611692978030265,0.742857115609305),
 .UNSPECIFIED.);
#1043=B_SPLINE_CURVE_WITH_KNOTS('',3,(#8808,#8809,#8810,#8811),
 .UNSPECIFIED.,.F.,.F.,(4,4),(0.0861397655642468,0.122627122061593),
 .UNSPECIFIED.);
#1044=B_SPLINE_CURVE_WITH_KNOTS('',3,(#8816,#8817,#8818,#8819),
 .UNSPECIFIED.,.F.,.F.,(4,4),(0.12014836573486,0.742857115609305),
 .UNSPECIFIED.);
#1045=B_SPLINE_CURVE_WITH_KNOTS('',3,(#8824,#8825,#8826,#8827),
 .UNSPECIFIED.,.F.,.F.,(4,4),(0.,0.26704352242606),.UNSPECIFIED.);
#1046=B_SPLINE_CURVE_WITH_KNOTS('',3,(#8829,#8830,#8831,#8832),
 .UNSPECIFIED.,.F.,.F.,(4,4),(0.,0.26704352242606),.UNSPECIFIED.);
#1047=B_SPLINE_CURVE_WITH_KNOTS('',3,(#8866,#8867,#8868,#8869),
 .UNSPECIFIED.,.F.,.F.,(4,4),(0.,0.26704352242606),.UNSPECIFIED.);
#1048=B_SPLINE_CURVE_WITH_KNOTS('',3,(#8889,#8890,#8891,#8892),
 .UNSPECIFIED.,.F.,.F.,(4,4),(0.,0.26704352242606),.UNSPECIFIED.);
#1049=B_SPLINE_CURVE_WITH_KNOTS('',3,(#9343,#9344,#9345,#9346),
 .UNSPECIFIED.,.F.,.F.,(4,4),(0.,0.431728635515485),.UNSPECIFIED.);
#1050=B_SPLINE_CURVE_WITH_KNOTS('',3,(#9350,#9351,#9352,#9353),
 .UNSPECIFIED.,.F.,.F.,(4,4),(0.,0.250598634992327),.UNSPECIFIED.);
#1051=B_SPLINE_CURVE_WITH_KNOTS('',3,(#9355,#9356,#9357,#9358),
 .UNSPECIFIED.,.F.,.F.,(4,4),(0.,0.250598634992327),.UNSPECIFIED.);
#1052=B_SPLINE_CURVE_WITH_KNOTS('',3,(#9361,#9362,#9363,#9364),
 .UNSPECIFIED.,.F.,.F.,(4,4),(0.,0.431728635515486),.UNSPECIFIED.);
#1053=CIRCLE('',#5039,17.5);
#1054=CIRCLE('',#5040,17.5);
#1055=CIRCLE('',#5042,17.5);
#1056=CIRCLE('',#5043,17.5);
#1057=CIRCLE('',#5045,17.5);
#1058=CIRCLE('',#5046,17.5);
#1059=CIRCLE('',#5047,17.5);
#1060=CIRCLE('',#5048,17.5);
#1061=CIRCLE('',#5049,17.5);
#1062=CIRCLE('',#5050,17.5);
#1063=CIRCLE('',#5052,17.5);
#1064=CIRCLE('',#5053,17.5);
#1065=CIRCLE('',#5055,17.5);
#1066=CIRCLE('',#5056,17.5);
#1067=CIRCLE('',#5058,17.5);
#1068=CIRCLE('',#5059,17.5);
#1069=CIRCLE('',#5061,17.5);
#1070=CIRCLE('',#5062,17.5);
#1071=CIRCLE('',#5064,17.5);
#1072=CIRCLE('',#5065,17.5);
#1073=CIRCLE('',#5067,17.5);
#1074=CIRCLE('',#5068,17.5);
#1075=CIRCLE('',#5070,17.5);
#1076=CIRCLE('',#5071,17.5);
#1077=CIRCLE('',#5073,17.5);
#1078=CIRCLE('',#5074,17.5);
#1079=CIRCLE('',#5076,17.5);
#1080=CIRCLE('',#5077,17.5);
#1081=CIRCLE('',#5079,17.5);
#1082=CIRCLE('',#5080,17.5);
#1083=CIRCLE('',#5081,17.5);
#1084=CIRCLE('',#5082,17.5);
#1085=CIRCLE('',#5083,17.5);
#1086=CIRCLE('',#5084,17.5);
#1087=CIRCLE('',#5085,17.5);
#1088=CIRCLE('',#5086,17.5);
#1089=CIRCLE('',#5087,17.5);
#1090=CIRCLE('',#5088,17.5);
#1091=CIRCLE('',#5089,17.5);
#1092=CIRCLE('',#5090,17.5);
#1093=CIRCLE('',#5091,17.5);
#1094=CIRCLE('',#5092,17.5);
#1095=CIRCLE('',#5093,17.5);
#1096=CIRCLE('',#5094,17.5);
#1097=CIRCLE('',#5095,17.5);
#1098=CIRCLE('',#5096,17.5);
#1099=CIRCLE('',#5097,17.5);
#1100=CIRCLE('',#5098,17.5);
#1101=CIRCLE('',#5099,17.5);
#1102=CIRCLE('',#5100,17.5);
#1103=CIRCLE('',#5101,17.5);
#1104=CIRCLE('',#5102,17.5);
#1105=CIRCLE('',#5103,17.5);
#1106=CIRCLE('',#5104,17.5);
#1107=CIRCLE('',#5105,17.5);
#1108=CIRCLE('',#5106,17.5);
#1109=CIRCLE('',#5107,17.5);
#1110=CIRCLE('',#5108,17.5);
#1111=CIRCLE('',#5109,17.5);
#1112=CIRCLE('',#5110,17.5);
#1113=CIRCLE('',#5111,17.5);
#1114=CIRCLE('',#5112,17.5);
#1115=CIRCLE('',#5113,17.5);
#1116=CIRCLE('',#5114,17.5);
#1117=CIRCLE('',#5115,17.5);
#1118=CIRCLE('',#5116,17.5);
#1119=CIRCLE('',#5117,17.5);
#1120=CIRCLE('',#5118,17.5);
#1121=CIRCLE('',#5119,17.5);
#1122=CIRCLE('',#5120,17.5);
#1123=CIRCLE('',#5121,17.5);
#1124=CIRCLE('',#5122,17.5);
#1125=CIRCLE('',#5123,17.5);
#1126=CIRCLE('',#5124,17.5);
#1127=CIRCLE('',#5125,17.5);
#1128=CIRCLE('',#5126,17.5);
#1129=CIRCLE('',#5127,17.5);
#1130=CIRCLE('',#5128,17.5);
#1131=CIRCLE('',#5129,17.5);
#1132=CIRCLE('',#5130,17.5);
#1133=CIRCLE('',#5131,17.5);
#1134=CIRCLE('',#5132,17.5);
#1135=CIRCLE('',#5133,17.5);
#1136=CIRCLE('',#5134,17.5);
#1137=CIRCLE('',#5135,17.5);
#1138=CIRCLE('',#5136,17.5);
#1139=CIRCLE('',#5137,17.5);
#1140=CIRCLE('',#5138,17.5);
#1141=CIRCLE('',#5139,17.5);
#1142=CIRCLE('',#5140,17.5);
#1143=CIRCLE('',#5141,17.5);
#1144=CIRCLE('',#5142,17.5);
#1145=CIRCLE('',#5143,17.5);
#1146=CIRCLE('',#5144,17.5);
#1147=CIRCLE('',#5145,17.5);
#1148=CIRCLE('',#5146,17.5);
#1149=CIRCLE('',#5147,17.5);
#1150=CIRCLE('',#5148,17.5);
#1151=CIRCLE('',#5149,17.5);
#1152=CIRCLE('',#5150,17.5);
#1153=CIRCLE('',#5151,17.5);
#1154=CIRCLE('',#5152,17.5);
#1155=CIRCLE('',#5153,17.5);
#1156=CIRCLE('',#5154,17.5);
#1157=CIRCLE('',#5155,17.5);
#1158=CIRCLE('',#5157,17.5);
#1159=CIRCLE('',#5158,17.5);
#1160=CIRCLE('',#5160,17.5);
#1161=CIRCLE('',#5161,17.5);
#1162=CIRCLE('',#5163,17.5);
#1163=CIRCLE('',#5164,17.5);
#1164=CIRCLE('',#5166,17.5);
#1165=CIRCLE('',#5167,17.5);
#1166=CIRCLE('',#5169,17.5);
#1167=CIRCLE('',#5170,17.5);
#1168=CIRCLE('',#5172,17.5);
#1169=CIRCLE('',#5173,17.5);
#1170=CIRCLE('',#5175,17.5);
#1171=CIRCLE('',#5176,17.5);
#1172=CIRCLE('',#5178,17.5);
#1173=CIRCLE('',#5179,17.5);
#1174=CIRCLE('',#5181,17.5);
#1175=CIRCLE('',#5182,17.5);
#1176=CIRCLE('',#5184,17.5);
#1177=CIRCLE('',#5185,17.5);
#1178=CIRCLE('',#5187,17.5);
#1179=CIRCLE('',#5188,17.5);
#1180=CIRCLE('',#5190,17.5);
#1181=CIRCLE('',#5191,17.5);
#1182=CIRCLE('',#5193,17.5);
#1183=CIRCLE('',#5194,17.5);
#1184=CIRCLE('',#5196,17.5);
#1185=CIRCLE('',#5197,17.5);
#1186=CIRCLE('',#5199,17.5);
#1187=CIRCLE('',#5200,17.5);
#1188=CIRCLE('',#5202,17.5);
#1189=CIRCLE('',#5203,17.5);
#1190=CIRCLE('',#5205,17.5);
#1191=CIRCLE('',#5206,17.5);
#1192=CIRCLE('',#5208,17.5);
#1193=CIRCLE('',#5209,17.5);
#1194=CIRCLE('',#5211,17.5);
#1195=CIRCLE('',#5212,17.5);
#1196=CIRCLE('',#5214,17.5);
#1197=CIRCLE('',#5215,17.5);
#1198=CIRCLE('',#5217,17.5);
#1199=CIRCLE('',#5218,17.5);
#1200=CIRCLE('',#5220,17.5);
#1201=CIRCLE('',#5221,17.5);
#1202=CIRCLE('',#5223,17.5);
#1203=CIRCLE('',#5224,17.5);
#1204=CIRCLE('',#5226,17.5);
#1205=CIRCLE('',#5227,17.5);
#1206=CIRCLE('',#5229,17.5);
#1207=CIRCLE('',#5230,17.5);
#1208=CIRCLE('',#5232,17.5);
#1209=CIRCLE('',#5233,17.5);
#1210=CIRCLE('',#5235,17.5);
#1211=CIRCLE('',#5236,17.5);
#1212=CIRCLE('',#5238,19.5);
#1213=CIRCLE('',#5239,19.5);
#1214=CIRCLE('',#5243,19.5);
#1215=CIRCLE('',#5244,19.5);
#1216=CIRCLE('',#5248,19.5);
#1217=CIRCLE('',#5249,19.5);
#1218=CIRCLE('',#5253,19.5);
#1219=CIRCLE('',#5254,19.5);
#1220=CIRCLE('',#5258,19.5);
#1221=CIRCLE('',#5259,19.5);
#1222=CIRCLE('',#5263,19.5);
#1223=CIRCLE('',#5264,19.5);
#1224=CIRCLE('',#5268,19.5);
#1225=CIRCLE('',#5269,19.5);
#1226=CIRCLE('',#5273,19.5);
#1227=CIRCLE('',#5274,19.5);
#1228=CIRCLE('',#5278,19.5);
#1229=CIRCLE('',#5279,19.5);
#1230=CIRCLE('',#5283,19.5);
#1231=CIRCLE('',#5284,19.5);
#1232=CIRCLE('',#5288,19.5);
#1233=CIRCLE('',#5289,19.5);
#1234=CIRCLE('',#5293,19.5);
#1235=CIRCLE('',#5294,19.5);
#1236=CIRCLE('',#5298,19.5);
#1237=CIRCLE('',#5299,19.5);
#1238=CIRCLE('',#5304,19.5);
#1239=CIRCLE('',#5305,19.5);
#1240=CIRCLE('',#5310,19.5);
#1241=CIRCLE('',#5313,19.5);
#1242=CIRCLE('',#5315,19.5);
#1243=CIRCLE('',#5319,19.5);
#1244=CIRCLE('',#5322,19.5);
#1245=CIRCLE('',#5323,19.5);
#1246=CIRCLE('',#5330,19.5);
#1247=CIRCLE('',#5332,19.5);
#1248=CIRCLE('',#5334,19.5);
#1249=CIRCLE('',#5337,19.5);
#1250=CIRCLE('',#5340,19.5);
#1251=CIRCLE('',#5341,19.5);
#1252=CIRCLE('',#5346,19.5);
#1253=CIRCLE('',#5349,19.5);
#1254=CIRCLE('',#5351,19.5);
#1255=CIRCLE('',#5353,19.5);
#1256=CIRCLE('',#5357,19.5);
#1257=CIRCLE('',#5359,19.5);
#1258=CIRCLE('',#5361,19.5);
#1259=CIRCLE('',#5363,19.5);
#1260=CIRCLE('',#5367,19.5);
#1261=CIRCLE('',#5369,19.5);
#1262=CIRCLE('',#5372,19.5);
#1263=CIRCLE('',#5374,19.5);
#1264=CIRCLE('',#5378,19.5);
#1265=CIRCLE('',#5380,19.5);
#1266=CIRCLE('',#5382,19.5);
#1267=CIRCLE('',#5386,19.5);
#1268=CIRCLE('',#5388,19.5);
#1269=CIRCLE('',#5391,19.5);
#1270=CIRCLE('',#5393,19.5);
#1271=CIRCLE('',#5396,19.5);
#1272=CIRCLE('',#5398,19.5);
#1273=CIRCLE('',#5401,19.5);
#1274=CIRCLE('',#5403,19.5);
#1275=CIRCLE('',#5406,19.5);
#1276=CIRCLE('',#5408,19.5);
#1277=CIRCLE('',#5412,19.5);
#1278=CIRCLE('',#5414,19.5);
#1279=CIRCLE('',#5417,19.5);
#1280=CIRCLE('',#5418,19.5);
#1281=CIRCLE('',#5423,19.5);
#1282=CIRCLE('',#5426,19.5);
#1283=CIRCLE('',#5428,19.5);
#1284=CIRCLE('',#5432,19.5);
#1285=CIRCLE('',#5435,19.5);
#1286=CIRCLE('',#5436,19.5);
#1287=CIRCLE('',#5442,19.5);
#1288=CIRCLE('',#5443,19.5);
#1289=CIRCLE('',#5448,19.5);
#1290=CIRCLE('',#5449,19.5);
#1291=CIRCLE('',#5453,19.5);
#1292=CIRCLE('',#5454,19.5);
#1293=CIRCLE('',#5458,19.5);
#1294=CIRCLE('',#5459,19.5);
#1295=CIRCLE('',#5463,19.5);
#1296=CIRCLE('',#5464,19.5);
#1297=CIRCLE('',#5468,19.5);
#1298=CIRCLE('',#5469,19.5);
#1299=CIRCLE('',#5473,19.5);
#1300=CIRCLE('',#5474,19.5);
#1301=CIRCLE('',#5478,19.5);
#1302=CIRCLE('',#5479,19.5);
#1303=CIRCLE('',#5483,19.5);
#1304=CIRCLE('',#5484,19.5);
#1305=CIRCLE('',#5488,19.5);
#1306=CIRCLE('',#5489,19.5);
#1307=CIRCLE('',#5493,19.5);
#1308=CIRCLE('',#5494,19.5);
#1309=CIRCLE('',#5498,19.5);
#1310=CIRCLE('',#5499,19.5);
#1311=CIRCLE('',#5503,19.5);
#1312=CIRCLE('',#5504,19.5);
#1313=CIRCLE('',#5508,19.5);
#1314=CIRCLE('',#5509,19.5);
#1315=CIRCLE('',#5514,19.5);
#1316=CIRCLE('',#5526,19.5);
#1317=CIRCLE('',#5528,19.5);
#1318=CIRCLE('',#5529,19.5);
#1319=CIRCLE('',#5535,19.5);
#1320=CIRCLE('',#5541,19.5);
#1321=CIRCLE('',#5542,19.5);
#1322=CIRCLE('',#5543,19.5);
#1323=CIRCLE('',#5544,19.5);
#1324=CIRCLE('',#5545,19.5);
#1325=CIRCLE('',#5557,15.5);
#1326=CIRCLE('',#5558,15.5);
#1327=CIRCLE('',#5564,19.5);
#1328=CIRCLE('',#5565,19.5);
#1329=CIRCLE('',#5567,22.5);
#1330=CIRCLE('',#5568,22.5);
#1331=LINE('',#6979,#1667);
#1332=LINE('',#6996,#1668);
#1333=LINE('',#7000,#1669);
#1334=LINE('',#7005,#1670);
#1335=LINE('',#7009,#1671);
#1336=LINE('',#7013,#1672);
#1337=LINE('',#7017,#1673);
#1338=LINE('',#7021,#1674);
#1339=LINE('',#7025,#1675);
#1340=LINE('',#7030,#1676);
#1341=LINE('',#7034,#1677);
#1342=LINE('',#7039,#1678);
#1343=LINE('',#7043,#1679);
#1344=LINE('',#7048,#1680);
#1345=LINE('',#7057,#1681);
#1346=LINE('',#7062,#1682);
#1347=LINE('',#7066,#1683);
#1348=LINE('',#7071,#1684);
#1349=LINE('',#7075,#1685);
#1350=LINE('',#7080,#1686);
#1351=LINE('',#7084,#1687);
#1352=LINE('',#7089,#1688);
#1353=LINE('',#7101,#1689);
#1354=LINE('',#7113,#1690);
#1355=LINE('',#7131,#1691);
#1356=LINE('',#7135,#1692);
#1357=LINE('',#7139,#1693);
#1358=LINE('',#7143,#1694);
#1359=LINE('',#7147,#1695);
#1360=LINE('',#7151,#1696);
#1361=LINE('',#7156,#1697);
#1362=LINE('',#7161,#1698);
#1363=LINE('',#7166,#1699);
#1364=LINE('',#7170,#1700);
#1365=LINE('',#7174,#1701);
#1366=LINE('',#7178,#1702);
#1367=LINE('',#7182,#1703);
#1368=LINE('',#7187,#1704);
#1369=LINE('',#7192,#1705);
#1370=LINE('',#7197,#1706);
#1371=LINE('',#7202,#1707);
#1372=LINE('',#7206,#1708);
#1373=LINE('',#7210,#1709);
#1374=LINE('',#7215,#1710);
#1375=LINE('',#7220,#1711);
#1376=LINE('',#7225,#1712);
#1377=LINE('',#7230,#1713);
#1378=LINE('',#7235,#1714);
#1379=LINE('',#7239,#1715);
#1380=LINE('',#7243,#1716);
#1381=LINE('',#7247,#1717);
#1382=LINE('',#7251,#1718);
#1383=LINE('',#7256,#1719);
#1384=LINE('',#7260,#1720);
#1385=LINE('',#7264,#1721);
#1386=LINE('',#7268,#1722);
#1387=LINE('',#7272,#1723);
#1388=LINE('',#7276,#1724);
#1389=LINE('',#7281,#1725);
#1390=LINE('',#7286,#1726);
#1391=LINE('',#7291,#1727);
#1392=LINE('',#7300,#1728);
#1393=LINE('',#7312,#1729);
#1394=LINE('',#7321,#1730);
#1395=LINE('',#7326,#1731);
#1396=LINE('',#7331,#1732);
#1397=LINE('',#7340,#1733);
#1398=LINE('',#7347,#1734);
#1399=LINE('',#7356,#1735);
#1400=LINE('',#7361,#1736);
#1401=LINE('',#7385,#1737);
#1402=LINE('',#7401,#1738);
#1403=LINE('',#7516,#1739);
#1404=LINE('',#7521,#1740);
#1405=LINE('',#7525,#1741);
#1406=LINE('',#7529,#1742);
#1407=LINE('',#7533,#1743);
#1408=LINE('',#7537,#1744);
#1409=LINE('',#7542,#1745);
#1410=LINE('',#7548,#1746);
#1411=LINE('',#7554,#1747);
#1412=LINE('',#7560,#1748);
#1413=LINE('',#7566,#1749);
#1414=LINE('',#7572,#1750);
#1415=LINE('',#7578,#1751);
#1416=LINE('',#7584,#1752);
#1417=LINE('',#7590,#1753);
#1418=LINE('',#7596,#1754);
#1419=LINE('',#7602,#1755);
#1420=LINE('',#7608,#1756);
#1421=LINE('',#7614,#1757);
#1422=LINE('',#7620,#1758);
#1423=LINE('',#7626,#1759);
#1424=LINE('',#7632,#1760);
#1425=LINE('',#7638,#1761);
#1426=LINE('',#7644,#1762);
#1427=LINE('',#7650,#1763);
#1428=LINE('',#7656,#1764);
#1429=LINE('',#7662,#1765);
#1430=LINE('',#7668,#1766);
#1431=LINE('',#7674,#1767);
#1432=LINE('',#7680,#1768);
#1433=LINE('',#7686,#1769);
#1434=LINE('',#7692,#1770);
#1435=LINE('',#7698,#1771);
#1436=LINE('',#7704,#1772);
#1437=LINE('',#7710,#1773);
#1438=LINE('',#7718,#1774);
#1439=LINE('',#7726,#1775);
#1440=LINE('',#7734,#1776);
#1441=LINE('',#7742,#1777);
#1442=LINE('',#7750,#1778);
#1443=LINE('',#7758,#1779);
#1444=LINE('',#7766,#1780);
#1445=LINE('',#7774,#1781);
#1446=LINE('',#7782,#1782);
#1447=LINE('',#7790,#1783);
#1448=LINE('',#7798,#1784);
#1449=LINE('',#7806,#1785);
#1450=LINE('',#7812,#1786);
#1451=LINE('',#7814,#1787);
#1452=LINE('',#7815,#1788);
#1453=LINE('',#7821,#1789);
#1454=LINE('',#7823,#1790);
#1455=LINE('',#7824,#1791);
#1456=LINE('',#7829,#1792);
#1457=LINE('',#7832,#1793);
#1458=LINE('',#7835,#1794);
#1459=LINE('',#7836,#1795);
#1460=LINE('',#7839,#1796);
#1461=LINE('',#7843,#1797);
#1462=LINE('',#7846,#1798);
#1463=LINE('',#7849,#1799);
#1464=LINE('',#7850,#1800);
#1465=LINE('',#7853,#1801);
#1466=LINE('',#7855,#1802);
#1467=LINE('',#7856,#1803);
#1468=LINE('',#7861,#1804);
#1469=LINE('',#7863,#1805);
#1470=LINE('',#7864,#1806);
#1471=LINE('',#7870,#1807);
#1472=LINE('',#7872,#1808);
#1473=LINE('',#7873,#1809);
#1474=LINE('',#7878,#1810);
#1475=LINE('',#7880,#1811);
#1476=LINE('',#7881,#1812);
#1477=LINE('',#7884,#1813);
#1478=LINE('',#7886,#1814);
#1479=LINE('',#7887,#1815);
#1480=LINE('',#7890,#1816);
#1481=LINE('',#7896,#1817);
#1482=LINE('',#7899,#1818);
#1483=LINE('',#7902,#1819);
#1484=LINE('',#7903,#1820);
#1485=LINE('',#7906,#1821);
#1486=LINE('',#7910,#1822);
#1487=LINE('',#7912,#1823);
#1488=LINE('',#7913,#1824);
#1489=LINE('',#7919,#1825);
#1490=LINE('',#7921,#1826);
#1491=LINE('',#7922,#1827);
#1492=LINE('',#7935,#1828);
#1493=LINE('',#7938,#1829);
#1494=LINE('',#7939,#1830);
#1495=LINE('',#7959,#1831);
#1496=LINE('',#7970,#1832);
#1497=LINE('',#7973,#1833);
#1498=LINE('',#7974,#1834);
#1499=LINE('',#7987,#1835);
#1500=LINE('',#8006,#1836);
#1501=LINE('',#8018,#1837);
#1502=LINE('',#8029,#1838);
#1503=LINE('',#8032,#1839);
#1504=LINE('',#8033,#1840);
#1505=LINE('',#8035,#1841);
#1506=LINE('',#8055,#1842);
#1507=LINE('',#8058,#1843);
#1508=LINE('',#8059,#1844);
#1509=LINE('',#8079,#1845);
#1510=LINE('',#8082,#1846);
#1511=LINE('',#8083,#1847);
#1512=LINE('',#8100,#1848);
#1513=LINE('',#8101,#1849);
#1514=LINE('',#8113,#1850);
#1515=LINE('',#8117,#1851);
#1516=LINE('',#8120,#1852);
#1517=LINE('',#8130,#1853);
#1518=LINE('',#8133,#1854);
#1519=LINE('',#8134,#1855);
#1520=LINE('',#8137,#1856);
#1521=LINE('',#8141,#1857);
#1522=LINE('',#8144,#1858);
#1523=LINE('',#8147,#1859);
#1524=LINE('',#8148,#1860);
#1525=LINE('',#8151,#1861);
#1526=LINE('',#8155,#1862);
#1527=LINE('',#8158,#1863);
#1528=LINE('',#8161,#1864);
#1529=LINE('',#8162,#1865);
#1530=LINE('',#8165,#1866);
#1531=LINE('',#8169,#1867);
#1532=LINE('',#8172,#1868);
#1533=LINE('',#8175,#1869);
#1534=LINE('',#8176,#1870);
#1535=LINE('',#8188,#1871);
#1536=LINE('',#8191,#1872);
#1537=LINE('',#8194,#1873);
#1538=LINE('',#8195,#1874);
#1539=LINE('',#8198,#1875);
#1540=LINE('',#8209,#1876);
#1541=LINE('',#8213,#1877);
#1542=LINE('',#8215,#1878);
#1543=LINE('',#8216,#1879);
#1544=LINE('',#8219,#1880);
#1545=LINE('',#8220,#1881);
#1546=LINE('',#8225,#1882);
#1547=LINE('',#8229,#1883);
#1548=LINE('',#8231,#1884);
#1549=LINE('',#8232,#1885);
#1550=LINE('',#8238,#1886);
#1551=LINE('',#8240,#1887);
#1552=LINE('',#8241,#1888);
#1553=LINE('',#8246,#1889);
#1554=LINE('',#8249,#1890);
#1555=LINE('',#8252,#1891);
#1556=LINE('',#8253,#1892);
#1557=LINE('',#8256,#1893);
#1558=LINE('',#8260,#1894);
#1559=LINE('',#8263,#1895);
#1560=LINE('',#8266,#1896);
#1561=LINE('',#8267,#1897);
#1562=LINE('',#8270,#1898);
#1563=LINE('',#8272,#1899);
#1564=LINE('',#8273,#1900);
#1565=LINE('',#8278,#1901);
#1566=LINE('',#8280,#1902);
#1567=LINE('',#8281,#1903);
#1568=LINE('',#8287,#1904);
#1569=LINE('',#8289,#1905);
#1570=LINE('',#8290,#1906);
#1571=LINE('',#8295,#1907);
#1572=LINE('',#8297,#1908);
#1573=LINE('',#8298,#1909);
#1574=LINE('',#8304,#1910);
#1575=LINE('',#8306,#1911);
#1576=LINE('',#8307,#1912);
#1577=LINE('',#8314,#1913);
#1578=LINE('',#8322,#1914);
#1579=LINE('',#8330,#1915);
#1580=LINE('',#8338,#1916);
#1581=LINE('',#8346,#1917);
#1582=LINE('',#8354,#1918);
#1583=LINE('',#8362,#1919);
#1584=LINE('',#8370,#1920);
#1585=LINE('',#8378,#1921);
#1586=LINE('',#8386,#1922);
#1587=LINE('',#8394,#1923);
#1588=LINE('',#8402,#1924);
#1589=LINE('',#8410,#1925);
#1590=LINE('',#8415,#1926);
#1591=LINE('',#8419,#1927);
#1592=LINE('',#8422,#1928);
#1593=LINE('',#8423,#1929);
#1594=LINE('',#8425,#1930);
#1595=LINE('',#8447,#1931);
#1596=LINE('',#8469,#1932);
#1597=LINE('',#8527,#1933);
#1598=LINE('',#8553,#1934);
#1599=LINE('',#8615,#1935);
#1600=LINE('',#8756,#1936);
#1601=LINE('',#8782,#1937);
#1602=LINE('',#8784,#1938);
#1603=LINE('',#8786,#1939);
#1604=LINE('',#8788,#1940);
#1605=LINE('',#8790,#1941);
#1606=LINE('',#8812,#1942);
#1607=LINE('',#8815,#1943);
#1608=LINE('',#8820,#1944);
#1609=LINE('',#8821,#1945);
#1610=LINE('',#8833,#1946);
#1611=LINE('',#8836,#1947);
#1612=LINE('',#8840,#1948);
#1613=LINE('',#8845,#1949);
#1614=LINE('',#8870,#1950);
#1615=LINE('',#8871,#1951);
#1616=LINE('',#8893,#1952);
#1617=LINE('',#8895,#1953);
#1618=LINE('',#8897,#1954);
#1619=LINE('',#8931,#1955);
#1620=LINE('',#8948,#1956);
#1621=LINE('',#8965,#1957);
#1622=LINE('',#8982,#1958);
#1623=LINE('',#8999,#1959);
#1624=LINE('',#9016,#1960);
#1625=LINE('',#9033,#1961);
#1626=LINE('',#9050,#1962);
#1627=LINE('',#9067,#1963);
#1628=LINE('',#9084,#1964);
#1629=LINE('',#9101,#1965);
#1630=LINE('',#9118,#1966);
#1631=LINE('',#9135,#1967);
#1632=LINE('',#9152,#1968);
#1633=LINE('',#9169,#1969);
#1634=LINE('',#9186,#1970);
#1635=LINE('',#9203,#1971);
#1636=LINE('',#9220,#1972);
#1637=LINE('',#9237,#1973);
#1638=LINE('',#9254,#1974);
#1639=LINE('',#9287,#1975);
#1640=LINE('',#9320,#1976);
#1641=LINE('',#9339,#1977);
#1642=LINE('',#9348,#1978);
#1643=LINE('',#9360,#1979);
#1644=LINE('',#9366,#1980);
#1645=LINE('',#9368,#1981);
#1646=LINE('',#9385,#1982);
#1647=LINE('',#9387,#1983);
#1648=LINE('',#9404,#1984);
#1649=LINE('',#9421,#1985);
#1650=LINE('',#9423,#1986);
#1651=LINE('',#9442,#1987);
#1652=LINE('',#9446,#1988);
#1653=LINE('',#9450,#1989);
#1654=LINE('',#9454,#1990);
#1655=LINE('',#9458,#1991);
#1656=LINE('',#9460,#1992);
#1657=LINE('',#9463,#1993);
#1658=LINE('',#9465,#1994);
#1659=LINE('',#9467,#1995);
#1660=LINE('',#9469,#1996);
#1661=LINE('',#9471,#1997);
#1662=LINE('',#9473,#1998);
#1663=LINE('',#9475,#1999);
#1664=LINE('',#9481,#2000);
#1665=LINE('',#9491,#2001);
#1666=LINE('',#9497,#2002);
#1667=VECTOR('',#5575,17.5);
#1668=VECTOR('',#5582,17.5);
#1669=VECTOR('',#5585,10.);
#1670=VECTOR('',#5590,17.5);
#1671=VECTOR('',#5593,10.);
#1672=VECTOR('',#5596,10.);
#1673=VECTOR('',#5599,10.);
#1674=VECTOR('',#5602,17.5);
#1675=VECTOR('',#5605,10.);
#1676=VECTOR('',#5610,17.5);
#1677=VECTOR('',#5613,10.);
#1678=VECTOR('',#5618,17.5);
#1679=VECTOR('',#5621,10.);
#1680=VECTOR('',#5626,17.5);
#1681=VECTOR('',#5629,10.);
#1682=VECTOR('',#5634,17.5);
#1683=VECTOR('',#5637,10.);
#1684=VECTOR('',#5642,17.5);
#1685=VECTOR('',#5645,10.);
#1686=VECTOR('',#5650,17.5);
#1687=VECTOR('',#5653,10.);
#1688=VECTOR('',#5658,17.5);
#1689=VECTOR('',#5665,17.5);
#1690=VECTOR('',#5672,17.5);
#1691=VECTOR('',#5681,17.5);
#1692=VECTOR('',#5684,10.);
#1693=VECTOR('',#5687,17.5);
#1694=VECTOR('',#5690,10.);
#1695=VECTOR('',#5693,17.5);
#1696=VECTOR('',#5696,10.);
#1697=VECTOR('',#5701,10.);
#1698=VECTOR('',#5706,10.);
#1699=VECTOR('',#5711,10.);
#1700=VECTOR('',#5714,17.5);
#1701=VECTOR('',#5717,10.);
#1702=VECTOR('',#5720,17.5);
#1703=VECTOR('',#5723,10.);
#1704=VECTOR('',#5728,10.);
#1705=VECTOR('',#5733,10.);
#1706=VECTOR('',#5738,10.);
#1707=VECTOR('',#5743,10.);
#1708=VECTOR('',#5746,17.5);
#1709=VECTOR('',#5749,10.);
#1710=VECTOR('',#5754,10.);
#1711=VECTOR('',#5759,10.);
#1712=VECTOR('',#5764,10.);
#1713=VECTOR('',#5769,10.);
#1714=VECTOR('',#5774,10.);
#1715=VECTOR('',#5777,17.5);
#1716=VECTOR('',#5780,10.);
#1717=VECTOR('',#5783,17.5);
#1718=VECTOR('',#5786,10.);
#1719=VECTOR('',#5791,10.);
#1720=VECTOR('',#5794,17.5);
#1721=VECTOR('',#5797,10.);
#1722=VECTOR('',#5800,17.5);
#1723=VECTOR('',#5803,10.);
#1724=VECTOR('',#5806,17.5);
#1725=VECTOR('',#5811,10.);
#1726=VECTOR('',#5816,10.);
#1727=VECTOR('',#5821,10.);
#1728=VECTOR('',#5824,10.);
#1729=VECTOR('',#5825,10.);
#1730=VECTOR('',#5828,10.);
#1731=VECTOR('',#5833,10.);
#1732=VECTOR('',#5838,10.);
#1733=VECTOR('',#5841,10.);
#1734=VECTOR('',#5842,10.);
#1735=VECTOR('',#5845,10.);
#1736=VECTOR('',#5850,10.);
#1737=VECTOR('',#5853,10.);
#1738=VECTOR('',#5858,10.);
#1739=VECTOR('',#5863,10.);
#1740=VECTOR('',#5868,10.);
#1741=VECTOR('',#5871,10.);
#1742=VECTOR('',#5874,10.);
#1743=VECTOR('',#5877,10.);
#1744=VECTOR('',#5880,10.);
#1745=VECTOR('',#5885,10.);
#1746=VECTOR('',#5892,17.5);
#1747=VECTOR('',#5899,17.5);
#1748=VECTOR('',#5906,10.);
#1749=VECTOR('',#5913,17.5);
#1750=VECTOR('',#5920,17.5);
#1751=VECTOR('',#5927,17.5);
#1752=VECTOR('',#5934,17.5);
#1753=VECTOR('',#5941,17.5);
#1754=VECTOR('',#5948,17.5);
#1755=VECTOR('',#5955,17.5);
#1756=VECTOR('',#5962,17.5);
#1757=VECTOR('',#5969,17.5);
#1758=VECTOR('',#5976,17.5);
#1759=VECTOR('',#5983,17.5);
#1760=VECTOR('',#5990,17.5);
#1761=VECTOR('',#5997,17.5);
#1762=VECTOR('',#6004,17.5);
#1763=VECTOR('',#6011,17.5);
#1764=VECTOR('',#6018,17.5);
#1765=VECTOR('',#6025,17.5);
#1766=VECTOR('',#6032,17.5);
#1767=VECTOR('',#6039,17.5);
#1768=VECTOR('',#6046,17.5);
#1769=VECTOR('',#6053,17.5);
#1770=VECTOR('',#6060,17.5);
#1771=VECTOR('',#6067,17.5);
#1772=VECTOR('',#6074,17.5);
#1773=VECTOR('',#6081,19.5);
#1774=VECTOR('',#6092,19.5);
#1775=VECTOR('',#6103,19.5);
#1776=VECTOR('',#6114,19.5);
#1777=VECTOR('',#6125,19.5);
#1778=VECTOR('',#6136,19.5);
#1779=VECTOR('',#6147,19.5);
#1780=VECTOR('',#6158,19.5);
#1781=VECTOR('',#6169,19.5);
#1782=VECTOR('',#6180,19.5);
#1783=VECTOR('',#6191,19.5);
#1784=VECTOR('',#6202,19.5);
#1785=VECTOR('',#6213,19.5);
#1786=VECTOR('',#6222,10.);
#1787=VECTOR('',#6223,10.);
#1788=VECTOR('',#6224,10.);
#1789=VECTOR('',#6231,10.);
#1790=VECTOR('',#6234,10.);
#1791=VECTOR('',#6235,10.);
#1792=VECTOR('',#6242,10.);
#1793=VECTOR('',#6245,10.);
#1794=VECTOR('',#6248,10.);
#1795=VECTOR('',#6249,10.);
#1796=VECTOR('',#6252,10.);
#1797=VECTOR('',#6257,10.);
#1798=VECTOR('',#6260,10.);
#1799=VECTOR('',#6263,10.);
#1800=VECTOR('',#6264,10.);
#1801=VECTOR('',#6267,10.);
#1802=VECTOR('',#6268,10.);
#1803=VECTOR('',#6269,10.);
#1804=VECTOR('',#6276,10.);
#1805=VECTOR('',#6277,10.);
#1806=VECTOR('',#6278,10.);
#1807=VECTOR('',#6285,10.);
#1808=VECTOR('',#6288,10.);
#1809=VECTOR('',#6289,10.);
#1810=VECTOR('',#6296,10.);
#1811=VECTOR('',#6297,10.);
#1812=VECTOR('',#6298,10.);
#1813=VECTOR('',#6301,10.);
#1814=VECTOR('',#6302,10.);
#1815=VECTOR('',#6303,10.);
#1816=VECTOR('',#6306,10.);
#1817=VECTOR('',#6315,10.);
#1818=VECTOR('',#6318,10.);
#1819=VECTOR('',#6321,10.);
#1820=VECTOR('',#6322,10.);
#1821=VECTOR('',#6325,10.);
#1822=VECTOR('',#6330,10.);
#1823=VECTOR('',#6331,10.);
#1824=VECTOR('',#6332,10.);
#1825=VECTOR('',#6339,10.);
#1826=VECTOR('',#6342,10.);
#1827=VECTOR('',#6343,10.);
#1828=VECTOR('',#6352,10.);
#1829=VECTOR('',#6355,10.);
#1830=VECTOR('',#6356,10.);
#1831=VECTOR('',#6365,10.);
#1832=VECTOR('',#6370,10.);
#1833=VECTOR('',#6373,10.);
#1834=VECTOR('',#6374,10.);
#1835=VECTOR('',#6377,10.);
#1836=VECTOR('',#6384,10.);
#1837=VECTOR('',#6391,10.);
#1838=VECTOR('',#6396,10.);
#1839=VECTOR('',#6399,10.);
#1840=VECTOR('',#6400,10.);
#1841=VECTOR('',#6403,10.);
#1842=VECTOR('',#6412,10.);
#1843=VECTOR('',#6415,10.);
#1844=VECTOR('',#6416,10.);
#1845=VECTOR('',#6425,10.);
#1846=VECTOR('',#6428,10.);
#1847=VECTOR('',#6429,10.);
#1848=VECTOR('',#6432,10.);
#1849=VECTOR('',#6433,10.);
#1850=VECTOR('',#6440,10.);
#1851=VECTOR('',#6445,10.);
#1852=VECTOR('',#6448,10.);
#1853=VECTOR('',#6451,10.);
#1854=VECTOR('',#6454,10.);
#1855=VECTOR('',#6455,10.);
#1856=VECTOR('',#6458,10.);
#1857=VECTOR('',#6463,10.);
#1858=VECTOR('',#6466,10.);
#1859=VECTOR('',#6469,10.);
#1860=VECTOR('',#6470,10.);
#1861=VECTOR('',#6473,10.);
#1862=VECTOR('',#6478,10.);
#1863=VECTOR('',#6481,10.);
#1864=VECTOR('',#6484,10.);
#1865=VECTOR('',#6485,10.);
#1866=VECTOR('',#6488,10.);
#1867=VECTOR('',#6493,10.);
#1868=VECTOR('',#6496,10.);
#1869=VECTOR('',#6499,10.);
#1870=VECTOR('',#6500,10.);
#1871=VECTOR('',#6507,10.);
#1872=VECTOR('',#6510,10.);
#1873=VECTOR('',#6513,10.);
#1874=VECTOR('',#6514,10.);
#1875=VECTOR('',#6517,10.);
#1876=VECTOR('',#6522,10.);
#1877=VECTOR('',#6527,10.);
#1878=VECTOR('',#6528,10.);
#1879=VECTOR('',#6529,10.);
#1880=VECTOR('',#6532,10.);
#1881=VECTOR('',#6533,10.);
#1882=VECTOR('',#6540,10.);
#1883=VECTOR('',#6545,10.);
#1884=VECTOR('',#6546,10.);
#1885=VECTOR('',#6547,10.);
#1886=VECTOR('',#6554,10.);
#1887=VECTOR('',#6557,10.);
#1888=VECTOR('',#6558,10.);
#1889=VECTOR('',#6565,10.);
#1890=VECTOR('',#6568,10.);
#1891=VECTOR('',#6571,10.);
#1892=VECTOR('',#6572,10.);
#1893=VECTOR('',#6575,10.);
#1894=VECTOR('',#6580,10.);
#1895=VECTOR('',#6583,10.);
#1896=VECTOR('',#6586,10.);
#1897=VECTOR('',#6587,10.);
#1898=VECTOR('',#6590,10.);
#1899=VECTOR('',#6591,10.);
#1900=VECTOR('',#6592,10.);
#1901=VECTOR('',#6599,10.);
#1902=VECTOR('',#6600,10.);
#1903=VECTOR('',#6601,10.);
#1904=VECTOR('',#6608,10.);
#1905=VECTOR('',#6611,10.);
#1906=VECTOR('',#6612,10.);
#1907=VECTOR('',#6619,10.);
#1908=VECTOR('',#6620,10.);
#1909=VECTOR('',#6621,10.);
#1910=VECTOR('',#6628,10.);
#1911=VECTOR('',#6631,10.);
#1912=VECTOR('',#6632,10.);
#1913=VECTOR('',#6641,19.5);
#1914=VECTOR('',#6652,19.5);
#1915=VECTOR('',#6663,19.5);
#1916=VECTOR('',#6674,19.5);
#1917=VECTOR('',#6685,19.5);
#1918=VECTOR('',#6696,19.5);
#1919=VECTOR('',#6707,19.5);
#1920=VECTOR('',#6718,19.5);
#1921=VECTOR('',#6729,19.5);
#1922=VECTOR('',#6740,19.5);
#1923=VECTOR('',#6751,19.5);
#1924=VECTOR('',#6762,19.5);
#1925=VECTOR('',#6773,19.5);
#1926=VECTOR('',#6782,10.);
#1927=VECTOR('',#6787,10.);
#1928=VECTOR('',#6790,10.);
#1929=VECTOR('',#6791,10.);
#1930=VECTOR('',#6794,10.);
#1931=VECTOR('',#6795,10.);
#1932=VECTOR('',#6796,10.);
#1933=VECTOR('',#6797,10.);
#1934=VECTOR('',#6798,10.);
#1935=VECTOR('',#6799,10.);
#1936=VECTOR('',#6802,10.);
#1937=VECTOR('',#6803,10.);
#1938=VECTOR('',#6806,10.);
#1939=VECTOR('',#6809,10.);
#1940=VECTOR('',#6812,10.);
#1941=VECTOR('',#6815,10.);
#1942=VECTOR('',#6816,10.);
#1943=VECTOR('',#6819,10.);
#1944=VECTOR('',#6820,10.);
#1945=VECTOR('',#6821,10.);
#1946=VECTOR('',#6822,10.);
#1947=VECTOR('',#6827,10.);
#1948=VECTOR('',#6832,10.);
#1949=VECTOR('',#6837,19.5);
#1950=VECTOR('',#6842,10.);
#1951=VECTOR('',#6843,10.);
#1952=VECTOR('',#6844,10.);
#1953=VECTOR('',#6847,10.);
#1954=VECTOR('',#6850,10.);
#1955=VECTOR('',#6853,10.);
#1956=VECTOR('',#6854,10.);
#1957=VECTOR('',#6855,10.);
#1958=VECTOR('',#6856,10.);
#1959=VECTOR('',#6857,10.);
#1960=VECTOR('',#6858,10.);
#1961=VECTOR('',#6859,10.);
#1962=VECTOR('',#6860,10.);
#1963=VECTOR('',#6861,10.);
#1964=VECTOR('',#6862,10.);
#1965=VECTOR('',#6863,10.);
#1966=VECTOR('',#6864,10.);
#1967=VECTOR('',#6865,10.);
#1968=VECTOR('',#6866,10.);
#1969=VECTOR('',#6867,10.);
#1970=VECTOR('',#6868,10.);
#1971=VECTOR('',#6869,10.);
#1972=VECTOR('',#6870,10.);
#1973=VECTOR('',#6871,10.);
#1974=VECTOR('',#6872,10.);
#1975=VECTOR('',#6873,10.);
#1976=VECTOR('',#6874,10.);
#1977=VECTOR('',#6877,10.);
#1978=VECTOR('',#6880,10.);
#1979=VECTOR('',#6881,10.);
#1980=VECTOR('',#6884,10.);
#1981=VECTOR('',#6887,10.);
#1982=VECTOR('',#6888,10.);
#1983=VECTOR('',#6891,10.);
#1984=VECTOR('',#6892,10.);
#1985=VECTOR('',#6893,10.);
#1986=VECTOR('',#6896,10.);
#1987=VECTOR('',#6899,10.);
#1988=VECTOR('',#6902,10.);
#1989=VECTOR('',#6905,10.);
#1990=VECTOR('',#6908,10.);
#1991=VECTOR('',#6913,10.);
#1992=VECTOR('',#6916,10.);
#1993=VECTOR('',#6921,10.);
#1994=VECTOR('',#6924,10.);
#1995=VECTOR('',#6927,10.);
#1996=VECTOR('',#6930,10.);
#1997=VECTOR('',#6933,10.);
#1998=VECTOR('',#6936,10.);
#1999=VECTOR('',#6939,10.);
#2000=VECTOR('',#6946,17.5);
#2001=VECTOR('',#6961,19.5);
#2002=VECTOR('',#6968,22.5);
#2003=VERTEX_POINT('',#6977);
#2004=VERTEX_POINT('',#6978);
#2005=VERTEX_POINT('',#6980);
#2006=VERTEX_POINT('',#6982);
#2007=VERTEX_POINT('',#6987);
#2008=VERTEX_POINT('',#6994);
#2009=VERTEX_POINT('',#6995);
#2010=VERTEX_POINT('',#6997);
#2011=VERTEX_POINT('',#6999);
#2012=VERTEX_POINT('',#7003);
#2013=VERTEX_POINT('',#7004);
#2014=VERTEX_POINT('',#7006);
#2015=VERTEX_POINT('',#7008);
#2016=VERTEX_POINT('',#7010);
#2017=VERTEX_POINT('',#7012);
#2018=VERTEX_POINT('',#7014);
#2019=VERTEX_POINT('',#7016);
#2020=VERTEX_POINT('',#7018);
#2021=VERTEX_POINT('',#7020);
#2022=VERTEX_POINT('',#7022);
#2023=VERTEX_POINT('',#7024);
#2024=VERTEX_POINT('',#7028);
#2025=VERTEX_POINT('',#7029);
#2026=VERTEX_POINT('',#7031);
#2027=VERTEX_POINT('',#7033);
#2028=VERTEX_POINT('',#7037);
#2029=VERTEX_POINT('',#7038);
#2030=VERTEX_POINT('',#7040);
#2031=VERTEX_POINT('',#7042);
#2032=VERTEX_POINT('',#7046);
#2033=VERTEX_POINT('',#7047);
#2034=VERTEX_POINT('',#7049);
#2035=VERTEX_POINT('',#7051);
#2036=VERTEX_POINT('',#7056);
#2037=VERTEX_POINT('',#7060);
#2038=VERTEX_POINT('',#7061);
#2039=VERTEX_POINT('',#7063);
#2040=VERTEX_POINT('',#7065);
#2041=VERTEX_POINT('',#7069);
#2042=VERTEX_POINT('',#7070);
#2043=VERTEX_POINT('',#7072);
#2044=VERTEX_POINT('',#7074);
#2045=VERTEX_POINT('',#7078);
#2046=VERTEX_POINT('',#7079);
#2047=VERTEX_POINT('',#7081);
#2048=VERTEX_POINT('',#7083);
#2049=VERTEX_POINT('',#7087);
#2050=VERTEX_POINT('',#7088);
#2051=VERTEX_POINT('',#7090);
#2052=VERTEX_POINT('',#7092);
#2053=VERTEX_POINT('',#7099);
#2054=VERTEX_POINT('',#7100);
#2055=VERTEX_POINT('',#7102);
#2056=VERTEX_POINT('',#7104);
#2057=VERTEX_POINT('',#7111);
#2058=VERTEX_POINT('',#7112);
#2059=VERTEX_POINT('',#7114);
#2060=VERTEX_POINT('',#7116);
#2061=VERTEX_POINT('',#7121);
#2062=VERTEX_POINT('',#7128);
#2063=VERTEX_POINT('',#7130);
#2064=VERTEX_POINT('',#7132);
#2065=VERTEX_POINT('',#7134);
#2066=VERTEX_POINT('',#7136);
#2067=VERTEX_POINT('',#7138);
#2068=VERTEX_POINT('',#7140);
#2069=VERTEX_POINT('',#7142);
#2070=VERTEX_POINT('',#7144);
#2071=VERTEX_POINT('',#7146);
#2072=VERTEX_POINT('',#7148);
#2073=VERTEX_POINT('',#7150);
#2074=VERTEX_POINT('',#7153);
#2075=VERTEX_POINT('',#7155);
#2076=VERTEX_POINT('',#7158);
#2077=VERTEX_POINT('',#7160);
#2078=VERTEX_POINT('',#7163);
#2079=VERTEX_POINT('',#7165);
#2080=VERTEX_POINT('',#7167);
#2081=VERTEX_POINT('',#7169);
#2082=VERTEX_POINT('',#7171);
#2083=VERTEX_POINT('',#7173);
#2084=VERTEX_POINT('',#7175);
#2085=VERTEX_POINT('',#7177);
#2086=VERTEX_POINT('',#7179);
#2087=VERTEX_POINT('',#7181);
#2088=VERTEX_POINT('',#7184);
#2089=VERTEX_POINT('',#7186);
#2090=VERTEX_POINT('',#7189);
#2091=VERTEX_POINT('',#7191);
#2092=VERTEX_POINT('',#7194);
#2093=VERTEX_POINT('',#7196);
#2094=VERTEX_POINT('',#7199);
#2095=VERTEX_POINT('',#7201);
#2096=VERTEX_POINT('',#7203);
#2097=VERTEX_POINT('',#7205);
#2098=VERTEX_POINT('',#7207);
#2099=VERTEX_POINT('',#7209);
#2100=VERTEX_POINT('',#7212);
#2101=VERTEX_POINT('',#7214);
#2102=VERTEX_POINT('',#7217);
#2103=VERTEX_POINT('',#7219);
#2104=VERTEX_POINT('',#7222);
#2105=VERTEX_POINT('',#7224);
#2106=VERTEX_POINT('',#7227);
#2107=VERTEX_POINT('',#7229);
#2108=VERTEX_POINT('',#7232);
#2109=VERTEX_POINT('',#7234);
#2110=VERTEX_POINT('',#7236);
#2111=VERTEX_POINT('',#7238);
#2112=VERTEX_POINT('',#7240);
#2113=VERTEX_POINT('',#7242);
#2114=VERTEX_POINT('',#7244);
#2115=VERTEX_POINT('',#7246);
#2116=VERTEX_POINT('',#7248);
#2117=VERTEX_POINT('',#7250);
#2118=VERTEX_POINT('',#7253);
#2119=VERTEX_POINT('',#7255);
#2120=VERTEX_POINT('',#7257);
#2121=VERTEX_POINT('',#7259);
#2122=VERTEX_POINT('',#7261);
#2123=VERTEX_POINT('',#7263);
#2124=VERTEX_POINT('',#7265);
#2125=VERTEX_POINT('',#7267);
#2126=VERTEX_POINT('',#7269);
#2127=VERTEX_POINT('',#7271);
#2128=VERTEX_POINT('',#7273);
#2129=VERTEX_POINT('',#7275);
#2130=VERTEX_POINT('',#7278);
#2131=VERTEX_POINT('',#7280);
#2132=VERTEX_POINT('',#7283);
#2133=VERTEX_POINT('',#7285);
#2134=VERTEX_POINT('',#7288);
#2135=VERTEX_POINT('',#7290);
#2136=VERTEX_POINT('',#7292);
#2137=VERTEX_POINT('',#7294);
#2138=VERTEX_POINT('',#7299);
#2139=VERTEX_POINT('',#7301);
#2140=VERTEX_POINT('',#7306);
#2141=VERTEX_POINT('',#7311);
#2142=VERTEX_POINT('',#7313);
#2143=VERTEX_POINT('',#7318);
#2144=VERTEX_POINT('',#7320);
#2145=VERTEX_POINT('',#7323);
#2146=VERTEX_POINT('',#7325);
#2147=VERTEX_POINT('',#7328);
#2148=VERTEX_POINT('',#7330);
#2149=VERTEX_POINT('',#7332);
#2150=VERTEX_POINT('',#7334);
#2151=VERTEX_POINT('',#7339);
#2152=VERTEX_POINT('',#7341);
#2153=VERTEX_POINT('',#7346);
#2154=VERTEX_POINT('',#7348);
#2155=VERTEX_POINT('',#7350);
#2156=VERTEX_POINT('',#7355);
#2157=VERTEX_POINT('',#7358);
#2158=VERTEX_POINT('',#7360);
#2159=VERTEX_POINT('',#7362);
#2160=VERTEX_POINT('',#7367);
#2161=VERTEX_POINT('',#7372);
#2162=VERTEX_POINT('',#7377);
#2163=VERTEX_POINT('',#7382);
#2164=VERTEX_POINT('',#7384);
#2165=VERTEX_POINT('',#7386);
#2166=VERTEX_POINT('',#7388);
#2167=VERTEX_POINT('',#7393);
#2168=VERTEX_POINT('',#7398);
#2169=VERTEX_POINT('',#7400);
#2170=VERTEX_POINT('',#7402);
#2171=VERTEX_POINT('',#7407);
#2172=VERTEX_POINT('',#7412);
#2173=VERTEX_POINT('',#7417);
#2174=VERTEX_POINT('',#7422);
#2175=VERTEX_POINT('',#7427);
#2176=VERTEX_POINT('',#7432);
#2177=VERTEX_POINT('',#7437);
#2178=VERTEX_POINT('',#7442);
#2179=VERTEX_POINT('',#7447);
#2180=VERTEX_POINT('',#7452);
#2181=VERTEX_POINT('',#7457);
#2182=VERTEX_POINT('',#7462);
#2183=VERTEX_POINT('',#7467);
#2184=VERTEX_POINT('',#7472);
#2185=VERTEX_POINT('',#7477);
#2186=VERTEX_POINT('',#7482);
#2187=VERTEX_POINT('',#7487);
#2188=VERTEX_POINT('',#7492);
#2189=VERTEX_POINT('',#7497);
#2190=VERTEX_POINT('',#7502);
#2191=VERTEX_POINT('',#7507);
#2192=VERTEX_POINT('',#7513);
#2193=VERTEX_POINT('',#7515);
#2194=VERTEX_POINT('',#7518);
#2195=VERTEX_POINT('',#7520);
#2196=VERTEX_POINT('',#7522);
#2197=VERTEX_POINT('',#7524);
#2198=VERTEX_POINT('',#7526);
#2199=VERTEX_POINT('',#7528);
#2200=VERTEX_POINT('',#7530);
#2201=VERTEX_POINT('',#7532);
#2202=VERTEX_POINT('',#7534);
#2203=VERTEX_POINT('',#7536);
#2204=VERTEX_POINT('',#7539);
#2205=VERTEX_POINT('',#7541);
#2206=VERTEX_POINT('',#7545);
#2207=VERTEX_POINT('',#7547);
#2208=VERTEX_POINT('',#7551);
#2209=VERTEX_POINT('',#7553);
#2210=VERTEX_POINT('',#7557);
#2211=VERTEX_POINT('',#7559);
#2212=VERTEX_POINT('',#7563);
#2213=VERTEX_POINT('',#7565);
#2214=VERTEX_POINT('',#7569);
#2215=VERTEX_POINT('',#7571);
#2216=VERTEX_POINT('',#7575);
#2217=VERTEX_POINT('',#7577);
#2218=VERTEX_POINT('',#7581);
#2219=VERTEX_POINT('',#7583);
#2220=VERTEX_POINT('',#7587);
#2221=VERTEX_POINT('',#7589);
#2222=VERTEX_POINT('',#7593);
#2223=VERTEX_POINT('',#7595);
#2224=VERTEX_POINT('',#7599);
#2225=VERTEX_POINT('',#7601);
#2226=VERTEX_POINT('',#7605);
#2227=VERTEX_POINT('',#7607);
#2228=VERTEX_POINT('',#7611);
#2229=VERTEX_POINT('',#7613);
#2230=VERTEX_POINT('',#7617);
#2231=VERTEX_POINT('',#7619);
#2232=VERTEX_POINT('',#7623);
#2233=VERTEX_POINT('',#7625);
#2234=VERTEX_POINT('',#7629);
#2235=VERTEX_POINT('',#7631);
#2236=VERTEX_POINT('',#7635);
#2237=VERTEX_POINT('',#7637);
#2238=VERTEX_POINT('',#7641);
#2239=VERTEX_POINT('',#7643);
#2240=VERTEX_POINT('',#7647);
#2241=VERTEX_POINT('',#7649);
#2242=VERTEX_POINT('',#7653);
#2243=VERTEX_POINT('',#7655);
#2244=VERTEX_POINT('',#7659);
#2245=VERTEX_POINT('',#7661);
#2246=VERTEX_POINT('',#7665);
#2247=VERTEX_POINT('',#7667);
#2248=VERTEX_POINT('',#7671);
#2249=VERTEX_POINT('',#7673);
#2250=VERTEX_POINT('',#7677);
#2251=VERTEX_POINT('',#7679);
#2252=VERTEX_POINT('',#7683);
#2253=VERTEX_POINT('',#7685);
#2254=VERTEX_POINT('',#7689);
#2255=VERTEX_POINT('',#7691);
#2256=VERTEX_POINT('',#7695);
#2257=VERTEX_POINT('',#7697);
#2258=VERTEX_POINT('',#7701);
#2259=VERTEX_POINT('',#7703);
#2260=VERTEX_POINT('',#7707);
#2261=VERTEX_POINT('',#7709);
#2262=VERTEX_POINT('',#7715);
#2263=VERTEX_POINT('',#7717);
#2264=VERTEX_POINT('',#7723);
#2265=VERTEX_POINT('',#7725);
#2266=VERTEX_POINT('',#7731);
#2267=VERTEX_POINT('',#7733);
#2268=VERTEX_POINT('',#7739);
#2269=VERTEX_POINT('',#7741);
#2270=VERTEX_POINT('',#7747);
#2271=VERTEX_POINT('',#7749);
#2272=VERTEX_POINT('',#7755);
#2273=VERTEX_POINT('',#7757);
#2274=VERTEX_POINT('',#7763);
#2275=VERTEX_POINT('',#7765);
#2276=VERTEX_POINT('',#7771);
#2277=VERTEX_POINT('',#7773);
#2278=VERTEX_POINT('',#7779);
#2279=VERTEX_POINT('',#7781);
#2280=VERTEX_POINT('',#7787);
#2281=VERTEX_POINT('',#7789);
#2282=VERTEX_POINT('',#7795);
#2283=VERTEX_POINT('',#7797);
#2284=VERTEX_POINT('',#7803);
#2285=VERTEX_POINT('',#7805);
#2286=VERTEX_POINT('',#7811);
#2287=VERTEX_POINT('',#7813);
#2288=VERTEX_POINT('',#7817);
#2289=VERTEX_POINT('',#7819);
#2290=VERTEX_POINT('',#7828);
#2291=VERTEX_POINT('',#7830);
#2292=VERTEX_POINT('',#7834);
#2293=VERTEX_POINT('',#7838);
#2294=VERTEX_POINT('',#7842);
#2295=VERTEX_POINT('',#7844);
#2296=VERTEX_POINT('',#7848);
#2297=VERTEX_POINT('',#7852);
#2298=VERTEX_POINT('',#7854);
#2299=VERTEX_POINT('',#7860);
#2300=VERTEX_POINT('',#7862);
#2301=VERTEX_POINT('',#7866);
#2302=VERTEX_POINT('',#7868);
#2303=VERTEX_POINT('',#7877);
#2304=VERTEX_POINT('',#7879);
#2305=VERTEX_POINT('',#7883);
#2306=VERTEX_POINT('',#7885);
#2307=VERTEX_POINT('',#7889);
#2308=VERTEX_POINT('',#7895);
#2309=VERTEX_POINT('',#7897);
#2310=VERTEX_POINT('',#7901);
#2311=VERTEX_POINT('',#7905);
#2312=VERTEX_POINT('',#7909);
#2313=VERTEX_POINT('',#7911);
#2314=VERTEX_POINT('',#7915);
#2315=VERTEX_POINT('',#7917);
#2316=VERTEX_POINT('',#7926);
#2317=VERTEX_POINT('',#7933);
#2318=VERTEX_POINT('',#7937);
#2319=VERTEX_POINT('',#7941);
#2320=VERTEX_POINT('',#7950);
#2321=VERTEX_POINT('',#7957);
#2322=VERTEX_POINT('',#7961);
#2323=VERTEX_POINT('',#7968);
#2324=VERTEX_POINT('',#7972);
#2325=VERTEX_POINT('',#7976);
#2326=VERTEX_POINT('',#7989);
#2327=VERTEX_POINT('',#7998);
#2328=VERTEX_POINT('',#8005);
#2329=VERTEX_POINT('',#8009);
#2330=VERTEX_POINT('',#8016);
#2331=VERTEX_POINT('',#8020);
#2332=VERTEX_POINT('',#8027);
#2333=VERTEX_POINT('',#8031);
#2334=VERTEX_POINT('',#8037);
#2335=VERTEX_POINT('',#8046);
#2336=VERTEX_POINT('',#8053);
#2337=VERTEX_POINT('',#8057);
#2338=VERTEX_POINT('',#8061);
#2339=VERTEX_POINT('',#8070);
#2340=VERTEX_POINT('',#8077);
#2341=VERTEX_POINT('',#8081);
#2342=VERTEX_POINT('',#8085);
#2343=VERTEX_POINT('',#8099);
#2344=VERTEX_POINT('',#8105);
#2345=VERTEX_POINT('',#8112);
#2346=VERTEX_POINT('',#8116);
#2347=VERTEX_POINT('',#8118);
#2348=VERTEX_POINT('',#8122);
#2349=VERTEX_POINT('',#8132);
#2350=VERTEX_POINT('',#8136);
#2351=VERTEX_POINT('',#8140);
#2352=VERTEX_POINT('',#8142);
#2353=VERTEX_POINT('',#8146);
#2354=VERTEX_POINT('',#8150);
#2355=VERTEX_POINT('',#8154);
#2356=VERTEX_POINT('',#8156);
#2357=VERTEX_POINT('',#8160);
#2358=VERTEX_POINT('',#8164);
#2359=VERTEX_POINT('',#8168);
#2360=VERTEX_POINT('',#8170);
#2361=VERTEX_POINT('',#8174);
#2362=VERTEX_POINT('',#8178);
#2363=VERTEX_POINT('',#8187);
#2364=VERTEX_POINT('',#8189);
#2365=VERTEX_POINT('',#8193);
#2366=VERTEX_POINT('',#8197);
#2367=VERTEX_POINT('',#8201);
#2368=VERTEX_POINT('',#8208);
#2369=VERTEX_POINT('',#8212);
#2370=VERTEX_POINT('',#8214);
#2371=VERTEX_POINT('',#8218);
#2372=VERTEX_POINT('',#8224);
#2373=VERTEX_POINT('',#8228);
#2374=VERTEX_POINT('',#8230);
#2375=VERTEX_POINT('',#8234);
#2376=VERTEX_POINT('',#8236);
#2377=VERTEX_POINT('',#8245);
#2378=VERTEX_POINT('',#8247);
#2379=VERTEX_POINT('',#8251);
#2380=VERTEX_POINT('',#8255);
#2381=VERTEX_POINT('',#8259);
#2382=VERTEX_POINT('',#8261);
#2383=VERTEX_POINT('',#8265);
#2384=VERTEX_POINT('',#8269);
#2385=VERTEX_POINT('',#8271);
#2386=VERTEX_POINT('',#8277);
#2387=VERTEX_POINT('',#8279);
#2388=VERTEX_POINT('',#8283);
#2389=VERTEX_POINT('',#8285);
#2390=VERTEX_POINT('',#8294);
#2391=VERTEX_POINT('',#8296);
#2392=VERTEX_POINT('',#8300);
#2393=VERTEX_POINT('',#8302);
#2394=VERTEX_POINT('',#8311);
#2395=VERTEX_POINT('',#8313);
#2396=VERTEX_POINT('',#8319);
#2397=VERTEX_POINT('',#8321);
#2398=VERTEX_POINT('',#8327);
#2399=VERTEX_POINT('',#8329);
#2400=VERTEX_POINT('',#8335);
#2401=VERTEX_POINT('',#8337);
#2402=VERTEX_POINT('',#8343);
#2403=VERTEX_POINT('',#8345);
#2404=VERTEX_POINT('',#8351);
#2405=VERTEX_POINT('',#8353);
#2406=VERTEX_POINT('',#8359);
#2407=VERTEX_POINT('',#8361);
#2408=VERTEX_POINT('',#8367);
#2409=VERTEX_POINT('',#8369);
#2410=VERTEX_POINT('',#8375);
#2411=VERTEX_POINT('',#8377);
#2412=VERTEX_POINT('',#8383);
#2413=VERTEX_POINT('',#8385);
#2414=VERTEX_POINT('',#8391);
#2415=VERTEX_POINT('',#8393);
#2416=VERTEX_POINT('',#8399);
#2417=VERTEX_POINT('',#8401);
#2418=VERTEX_POINT('',#8407);
#2419=VERTEX_POINT('',#8409);
#2420=VERTEX_POINT('',#8417);
#2421=VERTEX_POINT('',#8421);
#2422=VERTEX_POINT('',#8442);
#2423=VERTEX_POINT('',#8464);
#2424=VERTEX_POINT('',#8526);
#2425=VERTEX_POINT('',#8548);
#2426=VERTEX_POINT('',#8610);
#2427=VERTEX_POINT('',#8617);
#2428=VERTEX_POINT('',#8626);
#2429=VERTEX_POINT('',#8635);
#2430=VERTEX_POINT('',#8640);
#2431=VERTEX_POINT('',#8645);
#2432=VERTEX_POINT('',#8650);
#2433=VERTEX_POINT('',#8655);
#2434=VERTEX_POINT('',#8660);
#2435=VERTEX_POINT('',#8665);
#2436=VERTEX_POINT('',#8670);
#2437=VERTEX_POINT('',#8675);
#2438=VERTEX_POINT('',#8680);
#2439=VERTEX_POINT('',#8685);
#2440=VERTEX_POINT('',#8690);
#2441=VERTEX_POINT('',#8695);
#2442=VERTEX_POINT('',#8700);
#2443=VERTEX_POINT('',#8705);
#2444=VERTEX_POINT('',#8710);
#2445=VERTEX_POINT('',#8715);
#2446=VERTEX_POINT('',#8720);
#2447=VERTEX_POINT('',#8725);
#2448=VERTEX_POINT('',#8730);
#2449=VERTEX_POINT('',#8755);
#2450=VERTEX_POINT('',#8777);
#2451=VERTEX_POINT('',#8807);
#2452=VERTEX_POINT('',#8814);
#2453=VERTEX_POINT('',#8822);
#2454=VERTEX_POINT('',#8823);
#2455=VERTEX_POINT('',#8828);
#2456=VERTEX_POINT('',#8838);
#2457=VERTEX_POINT('',#8842);
#2458=VERTEX_POINT('',#8844);
#2459=VERTEX_POINT('',#8864);
#2460=VERTEX_POINT('',#8865);
#2461=VERTEX_POINT('',#8888);
#2462=VERTEX_POINT('',#9338);
#2463=VERTEX_POINT('',#9340);
#2464=VERTEX_POINT('',#9342);
#2465=VERTEX_POINT('',#9347);
#2466=VERTEX_POINT('',#9349);
#2467=VERTEX_POINT('',#9354);
#2468=VERTEX_POINT('',#9359);
#2469=VERTEX_POINT('',#9441);
#2470=VERTEX_POINT('',#9443);
#2471=VERTEX_POINT('',#9445);
#2472=VERTEX_POINT('',#9447);
#2473=VERTEX_POINT('',#9449);
#2474=VERTEX_POINT('',#9451);
#2475=VERTEX_POINT('',#9453);
#2476=VERTEX_POINT('',#9456);
#2477=VERTEX_POINT('',#9478);
#2478=VERTEX_POINT('',#9480);
#2479=VERTEX_POINT('',#9488);
#2480=VERTEX_POINT('',#9490);
#2481=VERTEX_POINT('',#9494);
#2482=VERTEX_POINT('',#9496);
#2483=EDGE_CURVE('',#2003,#2004,#1331,.T.);
#2484=EDGE_CURVE('',#2003,#2005,#1053,.T.);
#2485=EDGE_CURVE('',#2005,#2006,#947,.T.);
#2486=EDGE_CURVE('',#2006,#2007,#948,.T.);
#2487=EDGE_CURVE('',#2007,#2004,#1054,.T.);
#2488=EDGE_CURVE('',#2008,#2009,#1332,.T.);
#2489=EDGE_CURVE('',#2008,#2010,#1055,.T.);
#2490=EDGE_CURVE('',#2010,#2011,#1333,.T.);
#2491=EDGE_CURVE('',#2011,#2009,#1056,.T.);
#2492=EDGE_CURVE('',#2012,#2013,#1334,.T.);
#2493=EDGE_CURVE('',#2012,#2014,#1057,.T.);
#2494=EDGE_CURVE('',#2014,#2015,#1335,.T.);
#2495=EDGE_CURVE('',#2015,#2016,#1058,.T.);
#2496=EDGE_CURVE('',#2016,#2017,#1336,.T.);
#2497=EDGE_CURVE('',#2017,#2018,#1059,.T.);
#2498=EDGE_CURVE('',#2018,#2019,#1337,.T.);
#2499=EDGE_CURVE('',#2019,#2020,#1060,.T.);
#2500=EDGE_CURVE('',#2021,#2020,#1338,.T.);
#2501=EDGE_CURVE('',#2021,#2022,#1061,.T.);
#2502=EDGE_CURVE('',#2022,#2023,#1339,.T.);
#2503=EDGE_CURVE('',#2023,#2013,#1062,.T.);
#2504=EDGE_CURVE('',#2024,#2025,#1340,.T.);
#2505=EDGE_CURVE('',#2024,#2026,#1063,.T.);
#2506=EDGE_CURVE('',#2026,#2027,#1341,.T.);
#2507=EDGE_CURVE('',#2027,#2025,#1064,.T.);
#2508=EDGE_CURVE('',#2028,#2029,#1342,.T.);
#2509=EDGE_CURVE('',#2028,#2030,#1065,.T.);
#2510=EDGE_CURVE('',#2030,#2031,#1343,.T.);
#2511=EDGE_CURVE('',#2031,#2029,#1066,.T.);
#2512=EDGE_CURVE('',#2032,#2033,#1344,.T.);
#2513=EDGE_CURVE('',#2032,#2034,#1067,.T.);
#2514=EDGE_CURVE('',#2034,#2035,#949,.T.);
#2515=EDGE_CURVE('',#2035,#2036,#1345,.T.);
#2516=EDGE_CURVE('',#2036,#2033,#1068,.T.);
#2517=EDGE_CURVE('',#2037,#2038,#1346,.T.);
#2518=EDGE_CURVE('',#2037,#2039,#1069,.T.);
#2519=EDGE_CURVE('',#2039,#2040,#1347,.T.);
#2520=EDGE_CURVE('',#2040,#2038,#1070,.T.);
#2521=EDGE_CURVE('',#2041,#2042,#1348,.T.);
#2522=EDGE_CURVE('',#2041,#2043,#1071,.T.);
#2523=EDGE_CURVE('',#2043,#2044,#1349,.T.);
#2524=EDGE_CURVE('',#2044,#2042,#1072,.T.);
#2525=EDGE_CURVE('',#2045,#2046,#1350,.T.);
#2526=EDGE_CURVE('',#2045,#2047,#1073,.T.);
#2527=EDGE_CURVE('',#2047,#2048,#1351,.T.);
#2528=EDGE_CURVE('',#2048,#2046,#1074,.T.);
#2529=EDGE_CURVE('',#2049,#2050,#1352,.T.);
#2530=EDGE_CURVE('',#2049,#2051,#1075,.T.);
#2531=EDGE_CURVE('',#2051,#2052,#950,.T.);
#2532=EDGE_CURVE('',#2052,#2050,#1076,.T.);
#2533=EDGE_CURVE('',#2053,#2054,#1353,.T.);
#2534=EDGE_CURVE('',#2053,#2055,#1077,.T.);
#2535=EDGE_CURVE('',#2055,#2056,#951,.T.);
#2536=EDGE_CURVE('',#2056,#2054,#1078,.T.);
#2537=EDGE_CURVE('',#2057,#2058,#1354,.T.);
#2538=EDGE_CURVE('',#2057,#2059,#1079,.T.);
#2539=EDGE_CURVE('',#2059,#2060,#952,.T.);
#2540=EDGE_CURVE('',#2060,#2061,#953,.T.);
#2541=EDGE_CURVE('',#2061,#2058,#1080,.T.);
#2542=EDGE_CURVE('',#2062,#2062,#1081,.T.);
#2543=EDGE_CURVE('',#2062,#2063,#1355,.T.);
#2544=EDGE_CURVE('',#2063,#2064,#1082,.T.);
#2545=EDGE_CURVE('',#2064,#2065,#1356,.T.);
#2546=EDGE_CURVE('',#2065,#2066,#1083,.T.);
#2547=EDGE_CURVE('',#2066,#2067,#1357,.T.);
#2548=EDGE_CURVE('',#2067,#2068,#1084,.T.);
#2549=EDGE_CURVE('',#2068,#2069,#1358,.T.);
#2550=EDGE_CURVE('',#2069,#2070,#1085,.T.);
#2551=EDGE_CURVE('',#2070,#2071,#1359,.T.);
#2552=EDGE_CURVE('',#2071,#2072,#1086,.T.);
#2553=EDGE_CURVE('',#2072,#2073,#1360,.T.);
#2554=EDGE_CURVE('',#2073,#2012,#1087,.T.);
#2555=EDGE_CURVE('',#2013,#2074,#1088,.T.);
#2556=EDGE_CURVE('',#2074,#2075,#1361,.T.);
#2557=EDGE_CURVE('',#2075,#2021,#1089,.T.);
#2558=EDGE_CURVE('',#2020,#2076,#1090,.T.);
#2559=EDGE_CURVE('',#2076,#2077,#1362,.T.);
#2560=EDGE_CURVE('',#2077,#2028,#1091,.T.);
#2561=EDGE_CURVE('',#2029,#2078,#1092,.T.);
#2562=EDGE_CURVE('',#2078,#2079,#1363,.T.);
#2563=EDGE_CURVE('',#2079,#2080,#1093,.T.);
#2564=EDGE_CURVE('',#2080,#2081,#1364,.T.);
#2565=EDGE_CURVE('',#2081,#2082,#1094,.T.);
#2566=EDGE_CURVE('',#2082,#2083,#1365,.T.);
#2567=EDGE_CURVE('',#2083,#2084,#1095,.T.);
#2568=EDGE_CURVE('',#2084,#2085,#1366,.T.);
#2569=EDGE_CURVE('',#2085,#2086,#1096,.T.);
#2570=EDGE_CURVE('',#2086,#2087,#1367,.T.);
#2571=EDGE_CURVE('',#2087,#2057,#1097,.T.);
#2572=EDGE_CURVE('',#2058,#2088,#1098,.T.);
#2573=EDGE_CURVE('',#2088,#2089,#1368,.T.);
#2574=EDGE_CURVE('',#2089,#2053,#1099,.T.);
#2575=EDGE_CURVE('',#2054,#2090,#1100,.T.);
#2576=EDGE_CURVE('',#2090,#2091,#1369,.T.);
#2577=EDGE_CURVE('',#2091,#2049,#1101,.T.);
#2578=EDGE_CURVE('',#2050,#2092,#1102,.T.);
#2579=EDGE_CURVE('',#2092,#2093,#1370,.T.);
#2580=EDGE_CURVE('',#2093,#2003,#1103,.T.);
#2581=EDGE_CURVE('',#2004,#2094,#1104,.T.);
#2582=EDGE_CURVE('',#2094,#2095,#1371,.T.);
#2583=EDGE_CURVE('',#2095,#2096,#1105,.T.);
#2584=EDGE_CURVE('',#2096,#2097,#1372,.T.);
#2585=EDGE_CURVE('',#2097,#2098,#1106,.T.);
#2586=EDGE_CURVE('',#2098,#2099,#1373,.T.);
#2587=EDGE_CURVE('',#2099,#2045,#1107,.T.);
#2588=EDGE_CURVE('',#2046,#2100,#1108,.T.);
#2589=EDGE_CURVE('',#2100,#2101,#1374,.T.);
#2590=EDGE_CURVE('',#2101,#2041,#1109,.T.);
#2591=EDGE_CURVE('',#2042,#2102,#1110,.T.);
#2592=EDGE_CURVE('',#2102,#2103,#1375,.T.);
#2593=EDGE_CURVE('',#2103,#2037,#1111,.T.);
#2594=EDGE_CURVE('',#2038,#2104,#1112,.T.);
#2595=EDGE_CURVE('',#2104,#2105,#1376,.T.);
#2596=EDGE_CURVE('',#2105,#2032,#1113,.T.);
#2597=EDGE_CURVE('',#2033,#2106,#1114,.T.);
#2598=EDGE_CURVE('',#2106,#2107,#1377,.T.);
#2599=EDGE_CURVE('',#2107,#2008,#1115,.T.);
#2600=EDGE_CURVE('',#2009,#2108,#1116,.T.);
#2601=EDGE_CURVE('',#2108,#2109,#1378,.T.);
#2602=EDGE_CURVE('',#2109,#2110,#1117,.T.);
#2603=EDGE_CURVE('',#2110,#2111,#1379,.T.);
#2604=EDGE_CURVE('',#2111,#2112,#1118,.T.);
#2605=EDGE_CURVE('',#2112,#2113,#1380,.T.);
#2606=EDGE_CURVE('',#2113,#2114,#1119,.T.);
#2607=EDGE_CURVE('',#2114,#2115,#1381,.T.);
#2608=EDGE_CURVE('',#2115,#2116,#1120,.T.);
#2609=EDGE_CURVE('',#2116,#2117,#1382,.T.);
#2610=EDGE_CURVE('',#2117,#2024,#1121,.T.);
#2611=EDGE_CURVE('',#2025,#2118,#1122,.T.);
#2612=EDGE_CURVE('',#2118,#2119,#1383,.T.);
#2613=EDGE_CURVE('',#2119,#2120,#1123,.T.);
#2614=EDGE_CURVE('',#2120,#2121,#1384,.T.);
#2615=EDGE_CURVE('',#2121,#2122,#1124,.T.);
#2616=EDGE_CURVE('',#2122,#2123,#1385,.T.);
#2617=EDGE_CURVE('',#2123,#2124,#1125,.T.);
#2618=EDGE_CURVE('',#2124,#2125,#1386,.T.);
#2619=EDGE_CURVE('',#2125,#2126,#1126,.T.);
#2620=EDGE_CURVE('',#2126,#2127,#1387,.T.);
#2621=EDGE_CURVE('',#2127,#2128,#1127,.T.);
#2622=EDGE_CURVE('',#2128,#2129,#1388,.T.);
#2623=EDGE_CURVE('',#2129,#2129,#1128,.T.);
#2624=EDGE_CURVE('',#2128,#2130,#1129,.T.);
#2625=EDGE_CURVE('',#2130,#2131,#1389,.T.);
#2626=EDGE_CURVE('',#2131,#2125,#1130,.T.);
#2627=EDGE_CURVE('',#2124,#2132,#1131,.T.);
#2628=EDGE_CURVE('',#2132,#2133,#1390,.T.);
#2629=EDGE_CURVE('',#2133,#2121,#1132,.T.);
#2630=EDGE_CURVE('',#2120,#2134,#1133,.T.);
#2631=EDGE_CURVE('',#2134,#2135,#1391,.T.);
#2632=EDGE_CURVE('',#2135,#2136,#1134,.T.);
#2633=EDGE_CURVE('',#2136,#2137,#954,.T.);
#2634=EDGE_CURVE('',#2137,#2138,#1392,.T.);
#2635=EDGE_CURVE('',#2138,#2139,#955,.T.);
#2636=EDGE_CURVE('',#2139,#2140,#956,.T.);
#2637=EDGE_CURVE('',#2140,#2141,#1393,.T.);
#2638=EDGE_CURVE('',#2141,#2142,#957,.T.);
#2639=EDGE_CURVE('',#2142,#2143,#1135,.T.);
#2640=EDGE_CURVE('',#2143,#2144,#1394,.T.);
#2641=EDGE_CURVE('',#2144,#2115,#1136,.T.);
#2642=EDGE_CURVE('',#2114,#2145,#1137,.T.);
#2643=EDGE_CURVE('',#2145,#2146,#1395,.T.);
#2644=EDGE_CURVE('',#2146,#2111,#1138,.T.);
#2645=EDGE_CURVE('',#2110,#2147,#1139,.T.);
#2646=EDGE_CURVE('',#2147,#2148,#1396,.T.);
#2647=EDGE_CURVE('',#2148,#2149,#1140,.T.);
#2648=EDGE_CURVE('',#2149,#2150,#958,.T.);
#2649=EDGE_CURVE('',#2150,#2151,#1397,.T.);
#2650=EDGE_CURVE('',#2151,#2152,#959,.T.);
#2651=EDGE_CURVE('',#2152,#2153,#1398,.T.);
#2652=EDGE_CURVE('',#2153,#2154,#1141,.T.);
#2653=EDGE_CURVE('',#2154,#2155,#960,.T.);
#2654=EDGE_CURVE('',#2155,#2156,#1399,.T.);
#2655=EDGE_CURVE('',#2156,#2097,#1142,.T.);
#2656=EDGE_CURVE('',#2096,#2157,#1143,.T.);
#2657=EDGE_CURVE('',#2157,#2158,#1400,.T.);
#2658=EDGE_CURVE('',#2158,#2159,#961,.T.);
#2659=EDGE_CURVE('',#2159,#2160,#962,.T.);
#2660=EDGE_CURVE('',#2160,#2161,#963,.T.);
#2661=EDGE_CURVE('',#2161,#2162,#964,.T.);
#2662=EDGE_CURVE('',#2162,#2163,#1144,.T.);
#2663=EDGE_CURVE('',#2163,#2164,#1401,.T.);
#2664=EDGE_CURVE('',#2164,#2165,#1145,.T.);
#2665=EDGE_CURVE('',#2165,#2166,#965,.T.);
#2666=EDGE_CURVE('',#2166,#2167,#966,.T.);
#2667=EDGE_CURVE('',#2167,#2168,#1146,.T.);
#2668=EDGE_CURVE('',#2168,#2169,#1402,.T.);
#2669=EDGE_CURVE('',#2169,#2170,#967,.T.);
#2670=EDGE_CURVE('',#2170,#2171,#968,.T.);
#2671=EDGE_CURVE('',#2171,#2172,#969,.T.);
#2672=EDGE_CURVE('',#2172,#2173,#970,.T.);
#2673=EDGE_CURVE('',#2173,#2174,#971,.T.);
#2674=EDGE_CURVE('',#2174,#2175,#972,.T.);
#2675=EDGE_CURVE('',#2175,#2176,#973,.T.);
#2676=EDGE_CURVE('',#2176,#2177,#974,.T.);
#2677=EDGE_CURVE('',#2177,#2178,#975,.T.);
#2678=EDGE_CURVE('',#2178,#2179,#976,.T.);
#2679=EDGE_CURVE('',#2179,#2180,#977,.T.);
#2680=EDGE_CURVE('',#2180,#2181,#978,.T.);
#2681=EDGE_CURVE('',#2181,#2182,#979,.T.);
#2682=EDGE_CURVE('',#2182,#2183,#980,.T.);
#2683=EDGE_CURVE('',#2183,#2184,#981,.T.);
#2684=EDGE_CURVE('',#2184,#2185,#982,.T.);
#2685=EDGE_CURVE('',#2185,#2186,#983,.T.);
#2686=EDGE_CURVE('',#2186,#2187,#984,.T.);
#2687=EDGE_CURVE('',#2187,#2188,#985,.T.);
#2688=EDGE_CURVE('',#2188,#2189,#986,.T.);
#2689=EDGE_CURVE('',#2189,#2190,#987,.T.);
#2690=EDGE_CURVE('',#2190,#2191,#988,.T.);
#2691=EDGE_CURVE('',#2191,#2085,#1147,.T.);
#2692=EDGE_CURVE('',#2084,#2192,#1148,.T.);
#2693=EDGE_CURVE('',#2192,#2193,#1403,.T.);
#2694=EDGE_CURVE('',#2193,#2081,#1149,.T.);
#2695=EDGE_CURVE('',#2080,#2194,#1150,.T.);
#2696=EDGE_CURVE('',#2194,#2195,#1404,.T.);
#2697=EDGE_CURVE('',#2195,#2196,#1151,.T.);
#2698=EDGE_CURVE('',#2196,#2197,#1405,.T.);
#2699=EDGE_CURVE('',#2197,#2198,#1152,.T.);
#2700=EDGE_CURVE('',#2198,#2199,#1406,.T.);
#2701=EDGE_CURVE('',#2199,#2200,#1153,.T.);
#2702=EDGE_CURVE('',#2200,#2201,#1407,.T.);
#2703=EDGE_CURVE('',#2201,#2202,#1154,.T.);
#2704=EDGE_CURVE('',#2202,#2203,#1408,.T.);
#2705=EDGE_CURVE('',#2203,#2067,#1155,.T.);
#2706=EDGE_CURVE('',#2066,#2204,#1156,.T.);
#2707=EDGE_CURVE('',#2204,#2205,#1409,.T.);
#2708=EDGE_CURVE('',#2205,#2063,#1157,.T.);
#2709=EDGE_CURVE('',#2206,#2206,#1158,.T.);
#2710=EDGE_CURVE('',#2206,#2207,#1410,.T.);
#2711=EDGE_CURVE('',#2207,#2207,#1159,.T.);
#2712=EDGE_CURVE('',#2208,#2208,#1160,.T.);
#2713=EDGE_CURVE('',#2208,#2209,#1411,.T.);
#2714=EDGE_CURVE('',#2209,#2209,#1161,.T.);
#2715=EDGE_CURVE('',#2070,#2210,#1162,.T.);
#2716=EDGE_CURVE('',#2210,#2211,#1412,.T.);
#2717=EDGE_CURVE('',#2211,#2071,#1163,.T.);
#2718=EDGE_CURVE('',#2212,#2212,#1164,.T.);
#2719=EDGE_CURVE('',#2212,#2213,#1413,.T.);
#2720=EDGE_CURVE('',#2213,#2213,#1165,.T.);
#2721=EDGE_CURVE('',#2214,#2214,#1166,.T.);
#2722=EDGE_CURVE('',#2214,#2215,#1414,.T.);
#2723=EDGE_CURVE('',#2215,#2215,#1167,.T.);
#2724=EDGE_CURVE('',#2216,#2216,#1168,.T.);
#2725=EDGE_CURVE('',#2216,#2217,#1415,.T.);
#2726=EDGE_CURVE('',#2217,#2217,#1169,.T.);
#2727=EDGE_CURVE('',#2218,#2218,#1170,.T.);
#2728=EDGE_CURVE('',#2218,#2219,#1416,.T.);
#2729=EDGE_CURVE('',#2219,#2219,#1171,.T.);
#2730=EDGE_CURVE('',#2220,#2220,#1172,.T.);
#2731=EDGE_CURVE('',#2220,#2221,#1417,.T.);
#2732=EDGE_CURVE('',#2221,#2221,#1173,.T.);
#2733=EDGE_CURVE('',#2222,#2222,#1174,.T.);
#2734=EDGE_CURVE('',#2222,#2223,#1418,.T.);
#2735=EDGE_CURVE('',#2223,#2223,#1175,.T.);
#2736=EDGE_CURVE('',#2224,#2224,#1176,.T.);
#2737=EDGE_CURVE('',#2224,#2225,#1419,.T.);
#2738=EDGE_CURVE('',#2225,#2225,#1177,.T.);
#2739=EDGE_CURVE('',#2226,#2226,#1178,.T.);
#2740=EDGE_CURVE('',#2226,#2227,#1420,.T.);
#2741=EDGE_CURVE('',#2227,#2227,#1179,.T.);
#2742=EDGE_CURVE('',#2228,#2228,#1180,.T.);
#2743=EDGE_CURVE('',#2228,#2229,#1421,.T.);
#2744=EDGE_CURVE('',#2229,#2229,#1181,.T.);
#2745=EDGE_CURVE('',#2230,#2230,#1182,.T.);
#2746=EDGE_CURVE('',#2230,#2231,#1422,.T.);
#2747=EDGE_CURVE('',#2231,#2231,#1183,.T.);
#2748=EDGE_CURVE('',#2232,#2232,#1184,.T.);
#2749=EDGE_CURVE('',#2232,#2233,#1423,.T.);
#2750=EDGE_CURVE('',#2233,#2233,#1185,.T.);
#2751=EDGE_CURVE('',#2234,#2234,#1186,.T.);
#2752=EDGE_CURVE('',#2234,#2235,#1424,.T.);
#2753=EDGE_CURVE('',#2235,#2235,#1187,.T.);
#2754=EDGE_CURVE('',#2236,#2236,#1188,.T.);
#2755=EDGE_CURVE('',#2236,#2237,#1425,.T.);
#2756=EDGE_CURVE('',#2237,#2237,#1189,.T.);
#2757=EDGE_CURVE('',#2238,#2238,#1190,.T.);
#2758=EDGE_CURVE('',#2238,#2239,#1426,.T.);
#2759=EDGE_CURVE('',#2239,#2239,#1191,.T.);
#2760=EDGE_CURVE('',#2240,#2240,#1192,.T.);
#2761=EDGE_CURVE('',#2240,#2241,#1427,.T.);
#2762=EDGE_CURVE('',#2241,#2241,#1193,.T.);
#2763=EDGE_CURVE('',#2242,#2242,#1194,.T.);
#2764=EDGE_CURVE('',#2242,#2243,#1428,.T.);
#2765=EDGE_CURVE('',#2243,#2243,#1195,.T.);
#2766=EDGE_CURVE('',#2244,#2244,#1196,.T.);
#2767=EDGE_CURVE('',#2244,#2245,#1429,.T.);
#2768=EDGE_CURVE('',#2245,#2245,#1197,.T.);
#2769=EDGE_CURVE('',#2246,#2246,#1198,.T.);
#2770=EDGE_CURVE('',#2246,#2247,#1430,.T.);
#2771=EDGE_CURVE('',#2247,#2247,#1199,.T.);
#2772=EDGE_CURVE('',#2248,#2248,#1200,.T.);
#2773=EDGE_CURVE('',#2248,#2249,#1431,.T.);
#2774=EDGE_CURVE('',#2249,#2249,#1201,.T.);
#2775=EDGE_CURVE('',#2250,#2250,#1202,.T.);
#2776=EDGE_CURVE('',#2250,#2251,#1432,.T.);
#2777=EDGE_CURVE('',#2251,#2251,#1203,.T.);
#2778=EDGE_CURVE('',#2252,#2252,#1204,.T.);
#2779=EDGE_CURVE('',#2252,#2253,#1433,.T.);
#2780=EDGE_CURVE('',#2253,#2253,#1205,.T.);
#2781=EDGE_CURVE('',#2254,#2254,#1206,.T.);
#2782=EDGE_CURVE('',#2254,#2255,#1434,.T.);
#2783=EDGE_CURVE('',#2255,#2255,#1207,.T.);
#2784=EDGE_CURVE('',#2256,#2256,#1208,.T.);
#2785=EDGE_CURVE('',#2256,#2257,#1435,.T.);
#2786=EDGE_CURVE('',#2257,#2257,#1209,.T.);
#2787=EDGE_CURVE('',#2258,#2258,#1210,.T.);
#2788=EDGE_CURVE('',#2258,#2259,#1436,.T.);
#2789=EDGE_CURVE('',#2259,#2259,#1211,.T.);
#2790=EDGE_CURVE('',#2260,#2260,#1212,.T.);
#2791=EDGE_CURVE('',#2260,#2261,#1437,.T.);
#2792=EDGE_CURVE('',#2261,#2261,#1213,.T.);
#2793=EDGE_CURVE('',#2262,#2262,#1214,.T.);
#2794=EDGE_CURVE('',#2262,#2263,#1438,.T.);
#2795=EDGE_CURVE('',#2263,#2263,#1215,.T.);
#2796=EDGE_CURVE('',#2264,#2264,#1216,.T.);
#2797=EDGE_CURVE('',#2264,#2265,#1439,.T.);
#2798=EDGE_CURVE('',#2265,#2265,#1217,.T.);
#2799=EDGE_CURVE('',#2266,#2266,#1218,.T.);
#2800=EDGE_CURVE('',#2266,#2267,#1440,.T.);
#2801=EDGE_CURVE('',#2267,#2267,#1219,.T.);
#2802=EDGE_CURVE('',#2268,#2268,#1220,.T.);
#2803=EDGE_CURVE('',#2268,#2269,#1441,.T.);
#2804=EDGE_CURVE('',#2269,#2269,#1221,.T.);
#2805=EDGE_CURVE('',#2270,#2270,#1222,.T.);
#2806=EDGE_CURVE('',#2270,#2271,#1442,.T.);
#2807=EDGE_CURVE('',#2271,#2271,#1223,.T.);
#2808=EDGE_CURVE('',#2272,#2272,#1224,.T.);
#2809=EDGE_CURVE('',#2272,#2273,#1443,.T.);
#2810=EDGE_CURVE('',#2273,#2273,#1225,.T.);
#2811=EDGE_CURVE('',#2274,#2274,#1226,.T.);
#2812=EDGE_CURVE('',#2274,#2275,#1444,.T.);
#2813=EDGE_CURVE('',#2275,#2275,#1227,.T.);
#2814=EDGE_CURVE('',#2276,#2276,#1228,.T.);
#2815=EDGE_CURVE('',#2276,#2277,#1445,.T.);
#2816=EDGE_CURVE('',#2277,#2277,#1229,.T.);
#2817=EDGE_CURVE('',#2278,#2278,#1230,.T.);
#2818=EDGE_CURVE('',#2278,#2279,#1446,.T.);
#2819=EDGE_CURVE('',#2279,#2279,#1231,.T.);
#2820=EDGE_CURVE('',#2280,#2280,#1232,.T.);
#2821=EDGE_CURVE('',#2280,#2281,#1447,.T.);
#2822=EDGE_CURVE('',#2281,#2281,#1233,.T.);
#2823=EDGE_CURVE('',#2282,#2282,#1234,.T.);
#2824=EDGE_CURVE('',#2282,#2283,#1448,.T.);
#2825=EDGE_CURVE('',#2283,#2283,#1235,.T.);
#2826=EDGE_CURVE('',#2284,#2284,#1236,.T.);
#2827=EDGE_CURVE('',#2284,#2285,#1449,.T.);
#2828=EDGE_CURVE('',#2285,#2285,#1237,.T.);
#2829=EDGE_CURVE('',#2286,#2065,#1450,.T.);
#2830=EDGE_CURVE('',#2287,#2064,#1451,.T.);
#2831=EDGE_CURVE('',#2286,#2287,#1452,.T.);
#2832=EDGE_CURVE('',#2286,#2288,#1238,.T.);
#2833=EDGE_CURVE('',#2289,#2287,#1239,.T.);
#2834=EDGE_CURVE('',#2288,#2289,#1453,.T.);
#2835=EDGE_CURVE('',#2288,#2204,#1454,.T.);
#2836=EDGE_CURVE('',#2205,#2289,#1455,.T.);
#2837=EDGE_CURVE('',#2290,#2203,#1456,.T.);
#2838=EDGE_CURVE('',#2290,#2291,#1240,.T.);
#2839=EDGE_CURVE('',#2291,#2068,#1457,.T.);
#2840=EDGE_CURVE('',#2292,#2069,#1458,.T.);
#2841=EDGE_CURVE('',#2292,#2291,#1459,.T.);
#2842=EDGE_CURVE('',#2210,#2293,#1460,.T.);
#2843=EDGE_CURVE('',#2292,#2293,#1241,.T.);
#2844=EDGE_CURVE('',#2294,#2211,#1461,.T.);
#2845=EDGE_CURVE('',#2294,#2295,#1242,.T.);
#2846=EDGE_CURVE('',#2295,#2072,#1462,.T.);
#2847=EDGE_CURVE('',#2296,#2073,#1463,.T.);
#2848=EDGE_CURVE('',#2296,#2295,#1464,.T.);
#2849=EDGE_CURVE('',#2015,#2297,#1465,.T.);
#2850=EDGE_CURVE('',#2298,#2014,#1466,.T.);
#2851=EDGE_CURVE('',#2298,#2297,#1467,.T.);
#2852=EDGE_CURVE('',#2296,#2298,#1243,.T.);
#2853=EDGE_CURVE('',#2299,#2075,#1468,.T.);
#2854=EDGE_CURVE('',#2300,#2074,#1469,.T.);
#2855=EDGE_CURVE('',#2299,#2300,#1470,.T.);
#2856=EDGE_CURVE('',#2299,#2301,#1244,.T.);
#2857=EDGE_CURVE('',#2302,#2300,#1245,.T.);
#2858=EDGE_CURVE('',#2301,#2302,#1471,.T.);
#2859=EDGE_CURVE('',#2301,#2022,#1472,.T.);
#2860=EDGE_CURVE('',#2023,#2302,#1473,.T.);
#2861=EDGE_CURVE('',#2303,#2018,#1474,.T.);
#2862=EDGE_CURVE('',#2303,#2304,#1475,.T.);
#2863=EDGE_CURVE('',#2019,#2304,#1476,.T.);
#2864=EDGE_CURVE('',#2305,#2077,#1477,.T.);
#2865=EDGE_CURVE('',#2306,#2076,#1478,.T.);
#2866=EDGE_CURVE('',#2305,#2306,#1479,.T.);
#2867=EDGE_CURVE('',#2030,#2307,#1480,.T.);
#2868=EDGE_CURVE('',#2305,#2307,#1246,.T.);
#2869=EDGE_CURVE('',#2304,#2306,#1247,.T.);
#2870=EDGE_CURVE('',#2308,#2031,#1481,.T.);
#2871=EDGE_CURVE('',#2308,#2309,#1248,.T.);
#2872=EDGE_CURVE('',#2309,#2078,#1482,.T.);
#2873=EDGE_CURVE('',#2310,#2079,#1483,.T.);
#2874=EDGE_CURVE('',#2310,#2309,#1484,.T.);
#2875=EDGE_CURVE('',#2194,#2311,#1485,.T.);
#2876=EDGE_CURVE('',#2310,#2311,#1249,.T.);
#2877=EDGE_CURVE('',#2312,#2083,#1486,.T.);
#2878=EDGE_CURVE('',#2313,#2082,#1487,.T.);
#2879=EDGE_CURVE('',#2312,#2313,#1488,.T.);
#2880=EDGE_CURVE('',#2312,#2314,#1250,.T.);
#2881=EDGE_CURVE('',#2315,#2313,#1251,.T.);
#2882=EDGE_CURVE('',#2314,#2315,#1489,.T.);
#2883=EDGE_CURVE('',#2314,#2192,#1490,.T.);
#2884=EDGE_CURVE('',#2193,#2315,#1491,.T.);
#2885=EDGE_CURVE('',#2316,#2191,#989,.T.);
#2886=EDGE_CURVE('',#2316,#2317,#1252,.T.);
#2887=EDGE_CURVE('',#2317,#2086,#1492,.T.);
#2888=EDGE_CURVE('',#2318,#2087,#1493,.T.);
#2889=EDGE_CURVE('',#2318,#2317,#1494,.T.);
#2890=EDGE_CURVE('',#2059,#2319,#990,.T.);
#2891=EDGE_CURVE('',#2318,#2319,#1253,.T.);
#2892=EDGE_CURVE('',#2320,#2061,#991,.T.);
#2893=EDGE_CURVE('',#2320,#2321,#1254,.T.);
#2894=EDGE_CURVE('',#2321,#2088,#1495,.T.);
#2895=EDGE_CURVE('',#2322,#2167,#992,.T.);
#2896=EDGE_CURVE('',#2322,#2323,#1255,.T.);
#2897=EDGE_CURVE('',#2323,#2168,#1496,.T.);
#2898=EDGE_CURVE('',#2324,#2089,#1497,.T.);
#2899=EDGE_CURVE('',#2324,#2321,#1498,.T.);
#2900=EDGE_CURVE('',#2169,#2325,#993,.T.);
#2901=EDGE_CURVE('',#2323,#2325,#1499,.T.);
#2902=EDGE_CURVE('',#2055,#2326,#994,.T.);
#2903=EDGE_CURVE('',#2324,#2326,#1256,.T.);
#2904=EDGE_CURVE('',#2165,#2327,#995,.T.);
#2905=EDGE_CURVE('',#2164,#2328,#1500,.T.);
#2906=EDGE_CURVE('',#2328,#2327,#1257,.T.);
#2907=EDGE_CURVE('',#2329,#2056,#996,.T.);
#2908=EDGE_CURVE('',#2329,#2330,#1258,.T.);
#2909=EDGE_CURVE('',#2330,#2090,#1501,.T.);
#2910=EDGE_CURVE('',#2331,#2162,#997,.T.);
#2911=EDGE_CURVE('',#2331,#2332,#1259,.T.);
#2912=EDGE_CURVE('',#2332,#2163,#1502,.T.);
#2913=EDGE_CURVE('',#2333,#2091,#1503,.T.);
#2914=EDGE_CURVE('',#2333,#2330,#1504,.T.);
#2915=EDGE_CURVE('',#2332,#2328,#1505,.T.);
#2916=EDGE_CURVE('',#2051,#2334,#998,.T.);
#2917=EDGE_CURVE('',#2333,#2334,#1260,.T.);
#2918=EDGE_CURVE('',#2335,#2052,#999,.T.);
#2919=EDGE_CURVE('',#2335,#2336,#1261,.T.);
#2920=EDGE_CURVE('',#2336,#2092,#1506,.T.);
#2921=EDGE_CURVE('',#2337,#2093,#1507,.T.);
#2922=EDGE_CURVE('',#2337,#2336,#1508,.T.);
#2923=EDGE_CURVE('',#2005,#2338,#1000,.T.);
#2924=EDGE_CURVE('',#2337,#2338,#1262,.T.);
#2925=EDGE_CURVE('',#2339,#2007,#1001,.T.);
#2926=EDGE_CURVE('',#2339,#2340,#1263,.T.);
#2927=EDGE_CURVE('',#2340,#2094,#1509,.T.);
#2928=EDGE_CURVE('',#2341,#2095,#1510,.T.);
#2929=EDGE_CURVE('',#2341,#2340,#1511,.T.);
#2930=EDGE_CURVE('',#2158,#2342,#1002,.T.);
#2931=EDGE_CURVE('',#2343,#2157,#1512,.T.);
#2932=EDGE_CURVE('',#2343,#2342,#1513,.T.);
#2933=EDGE_CURVE('',#2341,#2343,#1264,.T.);
#2934=EDGE_CURVE('',#2154,#2344,#1003,.T.);
#2935=EDGE_CURVE('',#2153,#2345,#1514,.T.);
#2936=EDGE_CURVE('',#2345,#2344,#1265,.T.);
#2937=EDGE_CURVE('',#2346,#2156,#1515,.T.);
#2938=EDGE_CURVE('',#2346,#2347,#1266,.T.);
#2939=EDGE_CURVE('',#2347,#2098,#1516,.T.);
#2940=EDGE_CURVE('',#2348,#2152,#1004,.T.);
#2941=EDGE_CURVE('',#2348,#2345,#1517,.T.);
#2942=EDGE_CURVE('',#2349,#2099,#1518,.T.);
#2943=EDGE_CURVE('',#2349,#2347,#1519,.T.);
#2944=EDGE_CURVE('',#2047,#2350,#1520,.T.);
#2945=EDGE_CURVE('',#2349,#2350,#1267,.T.);
#2946=EDGE_CURVE('',#2351,#2048,#1521,.T.);
#2947=EDGE_CURVE('',#2351,#2352,#1268,.T.);
#2948=EDGE_CURVE('',#2352,#2100,#1522,.T.);
#2949=EDGE_CURVE('',#2353,#2101,#1523,.T.);
#2950=EDGE_CURVE('',#2353,#2352,#1524,.T.);
#2951=EDGE_CURVE('',#2043,#2354,#1525,.T.);
#2952=EDGE_CURVE('',#2353,#2354,#1269,.T.);
#2953=EDGE_CURVE('',#2355,#2044,#1526,.T.);
#2954=EDGE_CURVE('',#2355,#2356,#1270,.T.);
#2955=EDGE_CURVE('',#2356,#2102,#1527,.T.);
#2956=EDGE_CURVE('',#2357,#2103,#1528,.T.);
#2957=EDGE_CURVE('',#2357,#2356,#1529,.T.);
#2958=EDGE_CURVE('',#2039,#2358,#1530,.T.);
#2959=EDGE_CURVE('',#2357,#2358,#1271,.T.);
#2960=EDGE_CURVE('',#2359,#2040,#1531,.T.);
#2961=EDGE_CURVE('',#2359,#2360,#1272,.T.);
#2962=EDGE_CURVE('',#2360,#2104,#1532,.T.);
#2963=EDGE_CURVE('',#2361,#2105,#1533,.T.);
#2964=EDGE_CURVE('',#2361,#2360,#1534,.T.);
#2965=EDGE_CURVE('',#2034,#2362,#1005,.T.);
#2966=EDGE_CURVE('',#2361,#2362,#1273,.T.);
#2967=EDGE_CURVE('',#2363,#2036,#1535,.T.);
#2968=EDGE_CURVE('',#2363,#2364,#1274,.T.);
#2969=EDGE_CURVE('',#2364,#2106,#1536,.T.);
#2970=EDGE_CURVE('',#2365,#2107,#1537,.T.);
#2971=EDGE_CURVE('',#2365,#2364,#1538,.T.);
#2972=EDGE_CURVE('',#2010,#2366,#1539,.T.);
#2973=EDGE_CURVE('',#2365,#2366,#1275,.T.);
#2974=EDGE_CURVE('',#2149,#2367,#1006,.T.);
#2975=EDGE_CURVE('',#2148,#2368,#1540,.T.);
#2976=EDGE_CURVE('',#2368,#2367,#1276,.T.);
#2977=EDGE_CURVE('',#2369,#2109,#1541,.T.);
#2978=EDGE_CURVE('',#2370,#2108,#1542,.T.);
#2979=EDGE_CURVE('',#2369,#2370,#1543,.T.);
#2980=EDGE_CURVE('',#2371,#2147,#1544,.T.);
#2981=EDGE_CURVE('',#2371,#2368,#1545,.T.);
#2982=EDGE_CURVE('',#2369,#2371,#1277,.T.);
#2983=EDGE_CURVE('',#2372,#2011,#1546,.T.);
#2984=EDGE_CURVE('',#2372,#2370,#1278,.T.);
#2985=EDGE_CURVE('',#2373,#2113,#1547,.T.);
#2986=EDGE_CURVE('',#2374,#2112,#1548,.T.);
#2987=EDGE_CURVE('',#2373,#2374,#1549,.T.);
#2988=EDGE_CURVE('',#2373,#2375,#1279,.T.);
#2989=EDGE_CURVE('',#2376,#2374,#1280,.T.);
#2990=EDGE_CURVE('',#2375,#2376,#1550,.T.);
#2991=EDGE_CURVE('',#2375,#2145,#1551,.T.);
#2992=EDGE_CURVE('',#2146,#2376,#1552,.T.);
#2993=EDGE_CURVE('',#2377,#2144,#1553,.T.);
#2994=EDGE_CURVE('',#2377,#2378,#1281,.T.);
#2995=EDGE_CURVE('',#2378,#2116,#1554,.T.);
#2996=EDGE_CURVE('',#2379,#2117,#1555,.T.);
#2997=EDGE_CURVE('',#2379,#2378,#1556,.T.);
#2998=EDGE_CURVE('',#2026,#2380,#1557,.T.);
#2999=EDGE_CURVE('',#2379,#2380,#1282,.T.);
#3000=EDGE_CURVE('',#2381,#2027,#1558,.T.);
#3001=EDGE_CURVE('',#2381,#2382,#1283,.T.);
#3002=EDGE_CURVE('',#2382,#2118,#1559,.T.);
#3003=EDGE_CURVE('',#2383,#2119,#1560,.T.);
#3004=EDGE_CURVE('',#2383,#2382,#1561,.T.);
#3005=EDGE_CURVE('',#2135,#2384,#1562,.T.);
#3006=EDGE_CURVE('',#2385,#2134,#1563,.T.);
#3007=EDGE_CURVE('',#2385,#2384,#1564,.T.);
#3008=EDGE_CURVE('',#2383,#2385,#1284,.T.);
#3009=EDGE_CURVE('',#2386,#2123,#1565,.T.);
#3010=EDGE_CURVE('',#2387,#2122,#1566,.T.);
#3011=EDGE_CURVE('',#2386,#2387,#1567,.T.);
#3012=EDGE_CURVE('',#2386,#2388,#1285,.T.);
#3013=EDGE_CURVE('',#2389,#2387,#1286,.T.);
#3014=EDGE_CURVE('',#2388,#2389,#1568,.T.);
#3015=EDGE_CURVE('',#2388,#2132,#1569,.T.);
#3016=EDGE_CURVE('',#2133,#2389,#1570,.T.);
#3017=EDGE_CURVE('',#2390,#2127,#1571,.T.);
#3018=EDGE_CURVE('',#2391,#2126,#1572,.T.);
#3019=EDGE_CURVE('',#2390,#2391,#1573,.T.);
#3020=EDGE_CURVE('',#2390,#2392,#1287,.T.);
#3021=EDGE_CURVE('',#2393,#2391,#1288,.T.);
#3022=EDGE_CURVE('',#2392,#2393,#1574,.T.);
#3023=EDGE_CURVE('',#2392,#2130,#1575,.T.);
#3024=EDGE_CURVE('',#2131,#2393,#1576,.T.);
#3025=EDGE_CURVE('',#2394,#2394,#1289,.T.);
#3026=EDGE_CURVE('',#2394,#2395,#1577,.T.);
#3027=EDGE_CURVE('',#2395,#2395,#1290,.T.);
#3028=EDGE_CURVE('',#2396,#2396,#1291,.T.);
#3029=EDGE_CURVE('',#2396,#2397,#1578,.T.);
#3030=EDGE_CURVE('',#2397,#2397,#1292,.T.);
#3031=EDGE_CURVE('',#2398,#2398,#1293,.T.);
#3032=EDGE_CURVE('',#2398,#2399,#1579,.T.);
#3033=EDGE_CURVE('',#2399,#2399,#1294,.T.);
#3034=EDGE_CURVE('',#2400,#2400,#1295,.T.);
#3035=EDGE_CURVE('',#2400,#2401,#1580,.T.);
#3036=EDGE_CURVE('',#2401,#2401,#1296,.T.);
#3037=EDGE_CURVE('',#2402,#2402,#1297,.T.);
#3038=EDGE_CURVE('',#2402,#2403,#1581,.T.);
#3039=EDGE_CURVE('',#2403,#2403,#1298,.T.);
#3040=EDGE_CURVE('',#2404,#2404,#1299,.T.);
#3041=EDGE_CURVE('',#2404,#2405,#1582,.T.);
#3042=EDGE_CURVE('',#2405,#2405,#1300,.T.);
#3043=EDGE_CURVE('',#2406,#2406,#1301,.T.);
#3044=EDGE_CURVE('',#2406,#2407,#1583,.T.);
#3045=EDGE_CURVE('',#2407,#2407,#1302,.T.);
#3046=EDGE_CURVE('',#2408,#2408,#1303,.T.);
#3047=EDGE_CURVE('',#2408,#2409,#1584,.T.);
#3048=EDGE_CURVE('',#2409,#2409,#1304,.T.);
#3049=EDGE_CURVE('',#2410,#2410,#1305,.T.);
#3050=EDGE_CURVE('',#2410,#2411,#1585,.T.);
#3051=EDGE_CURVE('',#2411,#2411,#1306,.T.);
#3052=EDGE_CURVE('',#2412,#2412,#1307,.T.);
#3053=EDGE_CURVE('',#2412,#2413,#1586,.T.);
#3054=EDGE_CURVE('',#2413,#2413,#1308,.T.);
#3055=EDGE_CURVE('',#2414,#2414,#1309,.T.);
#3056=EDGE_CURVE('',#2414,#2415,#1587,.T.);
#3057=EDGE_CURVE('',#2415,#2415,#1310,.T.);
#3058=EDGE_CURVE('',#2416,#2416,#1311,.T.);
#3059=EDGE_CURVE('',#2416,#2417,#1588,.T.);
#3060=EDGE_CURVE('',#2417,#2417,#1312,.T.);
#3061=EDGE_CURVE('',#2418,#2418,#1313,.T.);
#3062=EDGE_CURVE('',#2418,#2419,#1589,.T.);
#3063=EDGE_CURVE('',#2419,#2419,#1314,.T.);
#3064=EDGE_CURVE('',#2293,#2294,#1590,.T.);
#3065=EDGE_CURVE('',#2297,#2420,#1315,.T.);
#3066=EDGE_CURVE('',#2016,#2420,#1591,.T.);
#3067=EDGE_CURVE('',#2311,#2421,#1592,.T.);
#3068=EDGE_CURVE('',#2195,#2421,#1593,.T.);
#3069=EDGE_CURVE('',#2307,#2308,#1594,.T.);
#3070=EDGE_CURVE('',#2319,#2422,#1007,.T.);
#3071=EDGE_CURVE('',#2060,#2422,#1595,.T.);
#3072=EDGE_CURVE('',#2325,#2423,#1008,.T.);
#3073=EDGE_CURVE('',#2170,#2423,#1596,.T.);
#3074=EDGE_CURVE('',#2422,#2320,#1009,.T.);
#3075=EDGE_CURVE('',#2326,#2329,#1010,.T.);
#3076=EDGE_CURVE('',#2161,#2424,#1597,.T.);
#3077=EDGE_CURVE('',#2424,#2331,#1011,.T.);
#3078=EDGE_CURVE('',#2338,#2425,#1012,.T.);
#3079=EDGE_CURVE('',#2006,#2425,#1598,.T.);
#3080=EDGE_CURVE('',#2334,#2335,#1013,.T.);
#3081=EDGE_CURVE('',#2425,#2339,#1014,.T.);
#3082=EDGE_CURVE('',#2342,#2426,#1015,.T.);
#3083=EDGE_CURVE('',#2159,#2426,#1599,.T.);
#3084=EDGE_CURVE('',#2427,#2322,#1016,.T.);
#3085=EDGE_CURVE('',#2327,#2427,#1017,.T.);
#3086=EDGE_CURVE('',#2428,#2424,#1018,.T.);
#3087=EDGE_CURVE('',#2426,#2428,#1019,.T.);
#3088=EDGE_CURVE('',#2429,#2316,#1020,.T.);
#3089=EDGE_CURVE('',#2430,#2429,#1021,.T.);
#3090=EDGE_CURVE('',#2431,#2430,#1022,.T.);
#3091=EDGE_CURVE('',#2432,#2431,#1023,.T.);
#3092=EDGE_CURVE('',#2433,#2432,#1024,.T.);
#3093=EDGE_CURVE('',#2434,#2433,#1025,.T.);
#3094=EDGE_CURVE('',#2435,#2434,#1026,.T.);
#3095=EDGE_CURVE('',#2436,#2435,#1027,.T.);
#3096=EDGE_CURVE('',#2437,#2436,#1028,.T.);
#3097=EDGE_CURVE('',#2438,#2437,#1029,.T.);
#3098=EDGE_CURVE('',#2439,#2438,#1030,.T.);
#3099=EDGE_CURVE('',#2440,#2439,#1031,.T.);
#3100=EDGE_CURVE('',#2441,#2440,#1032,.T.);
#3101=EDGE_CURVE('',#2442,#2441,#1033,.T.);
#3102=EDGE_CURVE('',#2443,#2442,#1034,.T.);
#3103=EDGE_CURVE('',#2444,#2443,#1035,.T.);
#3104=EDGE_CURVE('',#2445,#2444,#1036,.T.);
#3105=EDGE_CURVE('',#2446,#2445,#1037,.T.);
#3106=EDGE_CURVE('',#2447,#2446,#1038,.T.);
#3107=EDGE_CURVE('',#2448,#2447,#1039,.T.);
#3108=EDGE_CURVE('',#2423,#2448,#1040,.T.);
#3109=EDGE_CURVE('',#2151,#2449,#1600,.T.);
#3110=EDGE_CURVE('',#2449,#2348,#1041,.T.);
#3111=EDGE_CURVE('',#2344,#2450,#1042,.T.);
#3112=EDGE_CURVE('',#2155,#2450,#1601,.T.);
#3113=EDGE_CURVE('',#2450,#2346,#1602,.T.);
#3114=EDGE_CURVE('',#2350,#2351,#1603,.T.);
#3115=EDGE_CURVE('',#2358,#2359,#1604,.T.);
#3116=EDGE_CURVE('',#2354,#2355,#1605,.T.);
#3117=EDGE_CURVE('',#2362,#2451,#1043,.T.);
#3118=EDGE_CURVE('',#2035,#2451,#1606,.T.);
#3119=EDGE_CURVE('',#2452,#2449,#1607,.T.);
#3120=EDGE_CURVE('',#2367,#2452,#1044,.T.);
#3121=EDGE_CURVE('',#2366,#2372,#1608,.T.);
#3122=EDGE_CURVE('',#2451,#2363,#1609,.T.);
#3123=EDGE_CURVE('',#2453,#2454,#1045,.T.);
#3124=EDGE_CURVE('',#2455,#2453,#1046,.T.);
#3125=EDGE_CURVE('',#2454,#2455,#1610,.T.);
#3126=EDGE_CURVE('',#2380,#2381,#1611,.T.);
#3127=EDGE_CURVE('',#2384,#2456,#1316,.T.);
#3128=EDGE_CURVE('',#2136,#2456,#1612,.T.);
#3129=EDGE_CURVE('',#2457,#2457,#1317,.T.);
#3130=EDGE_CURVE('',#2457,#2458,#1613,.T.);
#3131=EDGE_CURVE('',#2458,#2458,#1318,.T.);
#3132=EDGE_CURVE('',#2459,#2460,#1047,.T.);
#3133=EDGE_CURVE('',#2459,#2453,#1614,.T.);
#3134=EDGE_CURVE('',#2460,#2454,#1615,.T.);
#3135=EDGE_CURVE('',#2461,#2459,#1048,.T.);
#3136=EDGE_CURVE('',#2461,#2455,#1616,.T.);
#3137=EDGE_CURVE('',#2460,#2461,#1617,.T.);
#3138=EDGE_CURVE('',#2150,#2452,#1618,.T.);
#3139=EDGE_CURVE('',#2190,#2429,#1619,.T.);
#3140=EDGE_CURVE('',#2189,#2430,#1620,.T.);
#3141=EDGE_CURVE('',#2188,#2431,#1621,.T.);
#3142=EDGE_CURVE('',#2187,#2432,#1622,.T.);
#3143=EDGE_CURVE('',#2186,#2433,#1623,.T.);
#3144=EDGE_CURVE('',#2185,#2434,#1624,.T.);
#3145=EDGE_CURVE('',#2184,#2435,#1625,.T.);
#3146=EDGE_CURVE('',#2183,#2436,#1626,.T.);
#3147=EDGE_CURVE('',#2182,#2437,#1627,.T.);
#3148=EDGE_CURVE('',#2181,#2438,#1628,.T.);
#3149=EDGE_CURVE('',#2180,#2439,#1629,.T.);
#3150=EDGE_CURVE('',#2179,#2440,#1630,.T.);
#3151=EDGE_CURVE('',#2178,#2441,#1631,.T.);
#3152=EDGE_CURVE('',#2177,#2442,#1632,.T.);
#3153=EDGE_CURVE('',#2176,#2443,#1633,.T.);
#3154=EDGE_CURVE('',#2175,#2444,#1634,.T.);
#3155=EDGE_CURVE('',#2174,#2445,#1635,.T.);
#3156=EDGE_CURVE('',#2173,#2446,#1636,.T.);
#3157=EDGE_CURVE('',#2172,#2447,#1637,.T.);
#3158=EDGE_CURVE('',#2171,#2448,#1638,.T.);
#3159=EDGE_CURVE('',#2166,#2427,#1639,.T.);
#3160=EDGE_CURVE('',#2160,#2428,#1640,.T.);
#3161=EDGE_CURVE('',#2462,#2377,#1641,.T.);
#3162=EDGE_CURVE('',#2463,#2462,#1319,.T.);
#3163=EDGE_CURVE('',#2464,#2463,#1049,.T.);
#3164=EDGE_CURVE('',#2465,#2464,#1642,.T.);
#3165=EDGE_CURVE('',#2466,#2465,#1050,.T.);
#3166=EDGE_CURVE('',#2467,#2466,#1051,.T.);
#3167=EDGE_CURVE('',#2468,#2467,#1643,.T.);
#3168=EDGE_CURVE('',#2456,#2468,#1052,.T.);
#3169=EDGE_CURVE('',#2143,#2462,#1644,.T.);
#3170=EDGE_CURVE('',#2142,#2463,#1645,.T.);
#3171=EDGE_CURVE('',#2141,#2464,#1646,.T.);
#3172=EDGE_CURVE('',#2140,#2465,#1647,.T.);
#3173=EDGE_CURVE('',#2139,#2466,#1648,.T.);
#3174=EDGE_CURVE('',#2138,#2467,#1649,.T.);
#3175=EDGE_CURVE('',#2137,#2468,#1650,.T.);
#3176=EDGE_CURVE('',#2469,#2290,#1651,.T.);
#3177=EDGE_CURVE('',#2470,#2469,#1320,.T.);
#3178=EDGE_CURVE('',#2471,#2470,#1652,.T.);
#3179=EDGE_CURVE('',#2472,#2471,#1321,.T.);
#3180=EDGE_CURVE('',#2473,#2472,#1653,.T.);
#3181=EDGE_CURVE('',#2474,#2473,#1322,.T.);
#3182=EDGE_CURVE('',#2475,#2474,#1654,.T.);
#3183=EDGE_CURVE('',#2421,#2475,#1323,.T.);
#3184=EDGE_CURVE('',#2476,#2303,#1324,.T.);
#3185=EDGE_CURVE('',#2420,#2476,#1655,.T.);
#3186=EDGE_CURVE('',#2017,#2476,#1656,.T.);
#3187=EDGE_CURVE('',#2202,#2469,#1657,.T.);
#3188=EDGE_CURVE('',#2201,#2470,#1658,.T.);
#3189=EDGE_CURVE('',#2200,#2471,#1659,.T.);
#3190=EDGE_CURVE('',#2199,#2472,#1660,.T.);
#3191=EDGE_CURVE('',#2198,#2473,#1661,.T.);
#3192=EDGE_CURVE('',#2197,#2474,#1662,.T.);
#3193=EDGE_CURVE('',#2196,#2475,#1663,.T.);
#3194=EDGE_CURVE('',#2477,#2477,#1325,.T.);
#3195=EDGE_CURVE('',#2477,#2478,#1664,.T.);
#3196=EDGE_CURVE('',#2478,#2478,#1326,.F.);
#3197=EDGE_CURVE('',#2479,#2479,#1327,.T.);
#3198=EDGE_CURVE('',#2479,#2480,#1665,.T.);
#3199=EDGE_CURVE('',#2480,#2480,#1328,.T.);
#3200=EDGE_CURVE('',#2481,#2481,#1329,.T.);
#3201=EDGE_CURVE('',#2481,#2482,#1666,.T.);
#3202=EDGE_CURVE('',#2482,#2482,#1330,.T.);
#3203=ORIENTED_EDGE('',*,*,#2483,.F.);
#3204=ORIENTED_EDGE('',*,*,#2484,.T.);
#3205=ORIENTED_EDGE('',*,*,#2485,.T.);
#3206=ORIENTED_EDGE('',*,*,#2486,.T.);
#3207=ORIENTED_EDGE('',*,*,#2487,.T.);
#3208=ORIENTED_EDGE('',*,*,#2488,.F.);
#3209=ORIENTED_EDGE('',*,*,#2489,.T.);
#3210=ORIENTED_EDGE('',*,*,#2490,.T.);
#3211=ORIENTED_EDGE('',*,*,#2491,.T.);
#3212=ORIENTED_EDGE('',*,*,#2492,.F.);
#3213=ORIENTED_EDGE('',*,*,#2493,.T.);
#3214=ORIENTED_EDGE('',*,*,#2494,.T.);
#3215=ORIENTED_EDGE('',*,*,#2495,.T.);
#3216=ORIENTED_EDGE('',*,*,#2496,.T.);
#3217=ORIENTED_EDGE('',*,*,#2497,.T.);
#3218=ORIENTED_EDGE('',*,*,#2498,.T.);
#3219=ORIENTED_EDGE('',*,*,#2499,.T.);
#3220=ORIENTED_EDGE('',*,*,#2500,.F.);
#3221=ORIENTED_EDGE('',*,*,#2501,.T.);
#3222=ORIENTED_EDGE('',*,*,#2502,.T.);
#3223=ORIENTED_EDGE('',*,*,#2503,.T.);
#3224=ORIENTED_EDGE('',*,*,#2504,.F.);
#3225=ORIENTED_EDGE('',*,*,#2505,.T.);
#3226=ORIENTED_EDGE('',*,*,#2506,.T.);
#3227=ORIENTED_EDGE('',*,*,#2507,.T.);
#3228=ORIENTED_EDGE('',*,*,#2508,.F.);
#3229=ORIENTED_EDGE('',*,*,#2509,.T.);
#3230=ORIENTED_EDGE('',*,*,#2510,.T.);
#3231=ORIENTED_EDGE('',*,*,#2511,.T.);
#3232=ORIENTED_EDGE('',*,*,#2512,.F.);
#3233=ORIENTED_EDGE('',*,*,#2513,.T.);
#3234=ORIENTED_EDGE('',*,*,#2514,.T.);
#3235=ORIENTED_EDGE('',*,*,#2515,.T.);
#3236=ORIENTED_EDGE('',*,*,#2516,.T.);
#3237=ORIENTED_EDGE('',*,*,#2517,.F.);
#3238=ORIENTED_EDGE('',*,*,#2518,.T.);
#3239=ORIENTED_EDGE('',*,*,#2519,.T.);
#3240=ORIENTED_EDGE('',*,*,#2520,.T.);
#3241=ORIENTED_EDGE('',*,*,#2521,.F.);
#3242=ORIENTED_EDGE('',*,*,#2522,.T.);
#3243=ORIENTED_EDGE('',*,*,#2523,.T.);
#3244=ORIENTED_EDGE('',*,*,#2524,.T.);
#3245=ORIENTED_EDGE('',*,*,#2525,.F.);
#3246=ORIENTED_EDGE('',*,*,#2526,.T.);
#3247=ORIENTED_EDGE('',*,*,#2527,.T.);
#3248=ORIENTED_EDGE('',*,*,#2528,.T.);
#3249=ORIENTED_EDGE('',*,*,#2529,.F.);
#3250=ORIENTED_EDGE('',*,*,#2530,.T.);
#3251=ORIENTED_EDGE('',*,*,#2531,.T.);
#3252=ORIENTED_EDGE('',*,*,#2532,.T.);
#3253=ORIENTED_EDGE('',*,*,#2533,.F.);
#3254=ORIENTED_EDGE('',*,*,#2534,.T.);
#3255=ORIENTED_EDGE('',*,*,#2535,.T.);
#3256=ORIENTED_EDGE('',*,*,#2536,.T.);
#3257=ORIENTED_EDGE('',*,*,#2537,.F.);
#3258=ORIENTED_EDGE('',*,*,#2538,.T.);
#3259=ORIENTED_EDGE('',*,*,#2539,.T.);
#3260=ORIENTED_EDGE('',*,*,#2540,.T.);
#3261=ORIENTED_EDGE('',*,*,#2541,.T.);
#3262=ORIENTED_EDGE('',*,*,#2542,.T.);
#3263=ORIENTED_EDGE('',*,*,#2543,.T.);
#3264=ORIENTED_EDGE('',*,*,#2544,.T.);
#3265=ORIENTED_EDGE('',*,*,#2545,.T.);
#3266=ORIENTED_EDGE('',*,*,#2546,.T.);
#3267=ORIENTED_EDGE('',*,*,#2547,.T.);
#3268=ORIENTED_EDGE('',*,*,#2548,.T.);
#3269=ORIENTED_EDGE('',*,*,#2549,.T.);
#3270=ORIENTED_EDGE('',*,*,#2550,.T.);
#3271=ORIENTED_EDGE('',*,*,#2551,.T.);
#3272=ORIENTED_EDGE('',*,*,#2552,.T.);
#3273=ORIENTED_EDGE('',*,*,#2553,.T.);
#3274=ORIENTED_EDGE('',*,*,#2554,.T.);
#3275=ORIENTED_EDGE('',*,*,#2492,.T.);
#3276=ORIENTED_EDGE('',*,*,#2555,.T.);
#3277=ORIENTED_EDGE('',*,*,#2556,.T.);
#3278=ORIENTED_EDGE('',*,*,#2557,.T.);
#3279=ORIENTED_EDGE('',*,*,#2500,.T.);
#3280=ORIENTED_EDGE('',*,*,#2558,.T.);
#3281=ORIENTED_EDGE('',*,*,#2559,.T.);
#3282=ORIENTED_EDGE('',*,*,#2560,.T.);
#3283=ORIENTED_EDGE('',*,*,#2508,.T.);
#3284=ORIENTED_EDGE('',*,*,#2561,.T.);
#3285=ORIENTED_EDGE('',*,*,#2562,.T.);
#3286=ORIENTED_EDGE('',*,*,#2563,.T.);
#3287=ORIENTED_EDGE('',*,*,#2564,.T.);
#3288=ORIENTED_EDGE('',*,*,#2565,.T.);
#3289=ORIENTED_EDGE('',*,*,#2566,.T.);
#3290=ORIENTED_EDGE('',*,*,#2567,.T.);
#3291=ORIENTED_EDGE('',*,*,#2568,.T.);
#3292=ORIENTED_EDGE('',*,*,#2569,.T.);
#3293=ORIENTED_EDGE('',*,*,#2570,.T.);
#3294=ORIENTED_EDGE('',*,*,#2571,.T.);
#3295=ORIENTED_EDGE('',*,*,#2537,.T.);
#3296=ORIENTED_EDGE('',*,*,#2572,.T.);
#3297=ORIENTED_EDGE('',*,*,#2573,.T.);
#3298=ORIENTED_EDGE('',*,*,#2574,.T.);
#3299=ORIENTED_EDGE('',*,*,#2533,.T.);
#3300=ORIENTED_EDGE('',*,*,#2575,.T.);
#3301=ORIENTED_EDGE('',*,*,#2576,.T.);
#3302=ORIENTED_EDGE('',*,*,#2577,.T.);
#3303=ORIENTED_EDGE('',*,*,#2529,.T.);
#3304=ORIENTED_EDGE('',*,*,#2578,.T.);
#3305=ORIENTED_EDGE('',*,*,#2579,.T.);
#3306=ORIENTED_EDGE('',*,*,#2580,.T.);
#3307=ORIENTED_EDGE('',*,*,#2483,.T.);
#3308=ORIENTED_EDGE('',*,*,#2581,.T.);
#3309=ORIENTED_EDGE('',*,*,#2582,.T.);
#3310=ORIENTED_EDGE('',*,*,#2583,.T.);
#3311=ORIENTED_EDGE('',*,*,#2584,.T.);
#3312=ORIENTED_EDGE('',*,*,#2585,.T.);
#3313=ORIENTED_EDGE('',*,*,#2586,.T.);
#3314=ORIENTED_EDGE('',*,*,#2587,.T.);
#3315=ORIENTED_EDGE('',*,*,#2525,.T.);
#3316=ORIENTED_EDGE('',*,*,#2588,.T.);
#3317=ORIENTED_EDGE('',*,*,#2589,.T.);
#3318=ORIENTED_EDGE('',*,*,#2590,.T.);
#3319=ORIENTED_EDGE('',*,*,#2521,.T.);
#3320=ORIENTED_EDGE('',*,*,#2591,.T.);
#3321=ORIENTED_EDGE('',*,*,#2592,.T.);
#3322=ORIENTED_EDGE('',*,*,#2593,.T.);
#3323=ORIENTED_EDGE('',*,*,#2517,.T.);
#3324=ORIENTED_EDGE('',*,*,#2594,.T.);
#3325=ORIENTED_EDGE('',*,*,#2595,.T.);
#3326=ORIENTED_EDGE('',*,*,#2596,.T.);
#3327=ORIENTED_EDGE('',*,*,#2512,.T.);
#3328=ORIENTED_EDGE('',*,*,#2597,.T.);
#3329=ORIENTED_EDGE('',*,*,#2598,.T.);
#3330=ORIENTED_EDGE('',*,*,#2599,.T.);
#3331=ORIENTED_EDGE('',*,*,#2488,.T.);
#3332=ORIENTED_EDGE('',*,*,#2600,.T.);
#3333=ORIENTED_EDGE('',*,*,#2601,.T.);
#3334=ORIENTED_EDGE('',*,*,#2602,.T.);
#3335=ORIENTED_EDGE('',*,*,#2603,.T.);
#3336=ORIENTED_EDGE('',*,*,#2604,.T.);
#3337=ORIENTED_EDGE('',*,*,#2605,.T.);
#3338=ORIENTED_EDGE('',*,*,#2606,.T.);
#3339=ORIENTED_EDGE('',*,*,#2607,.T.);
#3340=ORIENTED_EDGE('',*,*,#2608,.T.);
#3341=ORIENTED_EDGE('',*,*,#2609,.T.);
#3342=ORIENTED_EDGE('',*,*,#2610,.T.);
#3343=ORIENTED_EDGE('',*,*,#2504,.T.);
#3344=ORIENTED_EDGE('',*,*,#2611,.T.);
#3345=ORIENTED_EDGE('',*,*,#2612,.T.);
#3346=ORIENTED_EDGE('',*,*,#2613,.T.);
#3347=ORIENTED_EDGE('',*,*,#2614,.T.);
#3348=ORIENTED_EDGE('',*,*,#2615,.T.);
#3349=ORIENTED_EDGE('',*,*,#2616,.T.);
#3350=ORIENTED_EDGE('',*,*,#2617,.T.);
#3351=ORIENTED_EDGE('',*,*,#2618,.T.);
#3352=ORIENTED_EDGE('',*,*,#2619,.T.);
#3353=ORIENTED_EDGE('',*,*,#2620,.T.);
#3354=ORIENTED_EDGE('',*,*,#2621,.T.);
#3355=ORIENTED_EDGE('',*,*,#2622,.T.);
#3356=ORIENTED_EDGE('',*,*,#2623,.T.);
#3357=ORIENTED_EDGE('',*,*,#2622,.F.);
#3358=ORIENTED_EDGE('',*,*,#2624,.T.);
#3359=ORIENTED_EDGE('',*,*,#2625,.T.);
#3360=ORIENTED_EDGE('',*,*,#2626,.T.);
#3361=ORIENTED_EDGE('',*,*,#2618,.F.);
#3362=ORIENTED_EDGE('',*,*,#2627,.T.);
#3363=ORIENTED_EDGE('',*,*,#2628,.T.);
#3364=ORIENTED_EDGE('',*,*,#2629,.T.);
#3365=ORIENTED_EDGE('',*,*,#2614,.F.);
#3366=ORIENTED_EDGE('',*,*,#2630,.T.);
#3367=ORIENTED_EDGE('',*,*,#2631,.T.);
#3368=ORIENTED_EDGE('',*,*,#2632,.T.);
#3369=ORIENTED_EDGE('',*,*,#2633,.T.);
#3370=ORIENTED_EDGE('',*,*,#2634,.T.);
#3371=ORIENTED_EDGE('',*,*,#2635,.T.);
#3372=ORIENTED_EDGE('',*,*,#2636,.T.);
#3373=ORIENTED_EDGE('',*,*,#2637,.T.);
#3374=ORIENTED_EDGE('',*,*,#2638,.T.);
#3375=ORIENTED_EDGE('',*,*,#2639,.T.);
#3376=ORIENTED_EDGE('',*,*,#2640,.T.);
#3377=ORIENTED_EDGE('',*,*,#2641,.T.);
#3378=ORIENTED_EDGE('',*,*,#2607,.F.);
#3379=ORIENTED_EDGE('',*,*,#2642,.T.);
#3380=ORIENTED_EDGE('',*,*,#2643,.T.);
#3381=ORIENTED_EDGE('',*,*,#2644,.T.);
#3382=ORIENTED_EDGE('',*,*,#2603,.F.);
#3383=ORIENTED_EDGE('',*,*,#2645,.T.);
#3384=ORIENTED_EDGE('',*,*,#2646,.T.);
#3385=ORIENTED_EDGE('',*,*,#2647,.T.);
#3386=ORIENTED_EDGE('',*,*,#2648,.T.);
#3387=ORIENTED_EDGE('',*,*,#2649,.T.);
#3388=ORIENTED_EDGE('',*,*,#2650,.T.);
#3389=ORIENTED_EDGE('',*,*,#2651,.T.);
#3390=ORIENTED_EDGE('',*,*,#2652,.T.);
#3391=ORIENTED_EDGE('',*,*,#2653,.T.);
#3392=ORIENTED_EDGE('',*,*,#2654,.T.);
#3393=ORIENTED_EDGE('',*,*,#2655,.T.);
#3394=ORIENTED_EDGE('',*,*,#2584,.F.);
#3395=ORIENTED_EDGE('',*,*,#2656,.T.);
#3396=ORIENTED_EDGE('',*,*,#2657,.T.);
#3397=ORIENTED_EDGE('',*,*,#2658,.T.);
#3398=ORIENTED_EDGE('',*,*,#2659,.T.);
#3399=ORIENTED_EDGE('',*,*,#2660,.T.);
#3400=ORIENTED_EDGE('',*,*,#2661,.T.);
#3401=ORIENTED_EDGE('',*,*,#2662,.T.);
#3402=ORIENTED_EDGE('',*,*,#2663,.T.);
#3403=ORIENTED_EDGE('',*,*,#2664,.T.);
#3404=ORIENTED_EDGE('',*,*,#2665,.T.);
#3405=ORIENTED_EDGE('',*,*,#2666,.T.);
#3406=ORIENTED_EDGE('',*,*,#2667,.T.);
#3407=ORIENTED_EDGE('',*,*,#2668,.T.);
#3408=ORIENTED_EDGE('',*,*,#2669,.T.);
#3409=ORIENTED_EDGE('',*,*,#2670,.T.);
#3410=ORIENTED_EDGE('',*,*,#2671,.T.);
#3411=ORIENTED_EDGE('',*,*,#2672,.T.);
#3412=ORIENTED_EDGE('',*,*,#2673,.T.);
#3413=ORIENTED_EDGE('',*,*,#2674,.T.);
#3414=ORIENTED_EDGE('',*,*,#2675,.T.);
#3415=ORIENTED_EDGE('',*,*,#2676,.T.);
#3416=ORIENTED_EDGE('',*,*,#2677,.T.);
#3417=ORIENTED_EDGE('',*,*,#2678,.T.);
#3418=ORIENTED_EDGE('',*,*,#2679,.T.);
#3419=ORIENTED_EDGE('',*,*,#2680,.T.);
#3420=ORIENTED_EDGE('',*,*,#2681,.T.);
#3421=ORIENTED_EDGE('',*,*,#2682,.T.);
#3422=ORIENTED_EDGE('',*,*,#2683,.T.);
#3423=ORIENTED_EDGE('',*,*,#2684,.T.);
#3424=ORIENTED_EDGE('',*,*,#2685,.T.);
#3425=ORIENTED_EDGE('',*,*,#2686,.T.);
#3426=ORIENTED_EDGE('',*,*,#2687,.T.);
#3427=ORIENTED_EDGE('',*,*,#2688,.T.);
#3428=ORIENTED_EDGE('',*,*,#2689,.T.);
#3429=ORIENTED_EDGE('',*,*,#2690,.T.);
#3430=ORIENTED_EDGE('',*,*,#2691,.T.);
#3431=ORIENTED_EDGE('',*,*,#2568,.F.);
#3432=ORIENTED_EDGE('',*,*,#2692,.T.);
#3433=ORIENTED_EDGE('',*,*,#2693,.T.);
#3434=ORIENTED_EDGE('',*,*,#2694,.T.);
#3435=ORIENTED_EDGE('',*,*,#2564,.F.);
#3436=ORIENTED_EDGE('',*,*,#2695,.T.);
#3437=ORIENTED_EDGE('',*,*,#2696,.T.);
#3438=ORIENTED_EDGE('',*,*,#2697,.T.);
#3439=ORIENTED_EDGE('',*,*,#2698,.T.);
#3440=ORIENTED_EDGE('',*,*,#2699,.T.);
#3441=ORIENTED_EDGE('',*,*,#2700,.T.);
#3442=ORIENTED_EDGE('',*,*,#2701,.T.);
#3443=ORIENTED_EDGE('',*,*,#2702,.T.);
#3444=ORIENTED_EDGE('',*,*,#2703,.T.);
#3445=ORIENTED_EDGE('',*,*,#2704,.T.);
#3446=ORIENTED_EDGE('',*,*,#2705,.T.);
#3447=ORIENTED_EDGE('',*,*,#2547,.F.);
#3448=ORIENTED_EDGE('',*,*,#2706,.T.);
#3449=ORIENTED_EDGE('',*,*,#2707,.T.);
#3450=ORIENTED_EDGE('',*,*,#2708,.T.);
#3451=ORIENTED_EDGE('',*,*,#2543,.F.);
#3452=ORIENTED_EDGE('',*,*,#2709,.T.);
#3453=ORIENTED_EDGE('',*,*,#2710,.T.);
#3454=ORIENTED_EDGE('',*,*,#2711,.T.);
#3455=ORIENTED_EDGE('',*,*,#2710,.F.);
#3456=ORIENTED_EDGE('',*,*,#2712,.T.);
#3457=ORIENTED_EDGE('',*,*,#2713,.T.);
#3458=ORIENTED_EDGE('',*,*,#2714,.T.);
#3459=ORIENTED_EDGE('',*,*,#2713,.F.);
#3460=ORIENTED_EDGE('',*,*,#2551,.F.);
#3461=ORIENTED_EDGE('',*,*,#2715,.T.);
#3462=ORIENTED_EDGE('',*,*,#2716,.T.);
#3463=ORIENTED_EDGE('',*,*,#2717,.T.);
#3464=ORIENTED_EDGE('',*,*,#2718,.T.);
#3465=ORIENTED_EDGE('',*,*,#2719,.T.);
#3466=ORIENTED_EDGE('',*,*,#2720,.T.);
#3467=ORIENTED_EDGE('',*,*,#2719,.F.);
#3468=ORIENTED_EDGE('',*,*,#2721,.T.);
#3469=ORIENTED_EDGE('',*,*,#2722,.T.);
#3470=ORIENTED_EDGE('',*,*,#2723,.T.);
#3471=ORIENTED_EDGE('',*,*,#2722,.F.);
#3472=ORIENTED_EDGE('',*,*,#2724,.T.);
#3473=ORIENTED_EDGE('',*,*,#2725,.T.);
#3474=ORIENTED_EDGE('',*,*,#2726,.T.);
#3475=ORIENTED_EDGE('',*,*,#2725,.F.);
#3476=ORIENTED_EDGE('',*,*,#2727,.T.);
#3477=ORIENTED_EDGE('',*,*,#2728,.T.);
#3478=ORIENTED_EDGE('',*,*,#2729,.T.);
#3479=ORIENTED_EDGE('',*,*,#2728,.F.);
#3480=ORIENTED_EDGE('',*,*,#2730,.T.);
#3481=ORIENTED_EDGE('',*,*,#2731,.T.);
#3482=ORIENTED_EDGE('',*,*,#2732,.T.);
#3483=ORIENTED_EDGE('',*,*,#2731,.F.);
#3484=ORIENTED_EDGE('',*,*,#2733,.T.);
#3485=ORIENTED_EDGE('',*,*,#2734,.T.);
#3486=ORIENTED_EDGE('',*,*,#2735,.T.);
#3487=ORIENTED_EDGE('',*,*,#2734,.F.);
#3488=ORIENTED_EDGE('',*,*,#2736,.T.);
#3489=ORIENTED_EDGE('',*,*,#2737,.T.);
#3490=ORIENTED_EDGE('',*,*,#2738,.T.);
#3491=ORIENTED_EDGE('',*,*,#2737,.F.);
#3492=ORIENTED_EDGE('',*,*,#2739,.T.);
#3493=ORIENTED_EDGE('',*,*,#2740,.T.);
#3494=ORIENTED_EDGE('',*,*,#2741,.T.);
#3495=ORIENTED_EDGE('',*,*,#2740,.F.);
#3496=ORIENTED_EDGE('',*,*,#2742,.T.);
#3497=ORIENTED_EDGE('',*,*,#2743,.T.);
#3498=ORIENTED_EDGE('',*,*,#2744,.T.);
#3499=ORIENTED_EDGE('',*,*,#2743,.F.);
#3500=ORIENTED_EDGE('',*,*,#2745,.T.);
#3501=ORIENTED_EDGE('',*,*,#2746,.T.);
#3502=ORIENTED_EDGE('',*,*,#2747,.T.);
#3503=ORIENTED_EDGE('',*,*,#2746,.F.);
#3504=ORIENTED_EDGE('',*,*,#2748,.T.);
#3505=ORIENTED_EDGE('',*,*,#2749,.T.);
#3506=ORIENTED_EDGE('',*,*,#2750,.T.);
#3507=ORIENTED_EDGE('',*,*,#2749,.F.);
#3508=ORIENTED_EDGE('',*,*,#2751,.T.);
#3509=ORIENTED_EDGE('',*,*,#2752,.T.);
#3510=ORIENTED_EDGE('',*,*,#2753,.T.);
#3511=ORIENTED_EDGE('',*,*,#2752,.F.);
#3512=ORIENTED_EDGE('',*,*,#2754,.T.);
#3513=ORIENTED_EDGE('',*,*,#2755,.T.);
#3514=ORIENTED_EDGE('',*,*,#2756,.T.);
#3515=ORIENTED_EDGE('',*,*,#2755,.F.);
#3516=ORIENTED_EDGE('',*,*,#2757,.T.);
#3517=ORIENTED_EDGE('',*,*,#2758,.T.);
#3518=ORIENTED_EDGE('',*,*,#2759,.T.);
#3519=ORIENTED_EDGE('',*,*,#2758,.F.);
#3520=ORIENTED_EDGE('',*,*,#2760,.T.);
#3521=ORIENTED_EDGE('',*,*,#2761,.T.);
#3522=ORIENTED_EDGE('',*,*,#2762,.T.);
#3523=ORIENTED_EDGE('',*,*,#2761,.F.);
#3524=ORIENTED_EDGE('',*,*,#2763,.F.);
#3525=ORIENTED_EDGE('',*,*,#2764,.T.);
#3526=ORIENTED_EDGE('',*,*,#2765,.T.);
#3527=ORIENTED_EDGE('',*,*,#2764,.F.);
#3528=ORIENTED_EDGE('',*,*,#2766,.T.);
#3529=ORIENTED_EDGE('',*,*,#2767,.T.);
#3530=ORIENTED_EDGE('',*,*,#2768,.T.);
#3531=ORIENTED_EDGE('',*,*,#2767,.F.);
#3532=ORIENTED_EDGE('',*,*,#2769,.T.);
#3533=ORIENTED_EDGE('',*,*,#2770,.T.);
#3534=ORIENTED_EDGE('',*,*,#2771,.T.);
#3535=ORIENTED_EDGE('',*,*,#2770,.F.);
#3536=ORIENTED_EDGE('',*,*,#2772,.T.);
#3537=ORIENTED_EDGE('',*,*,#2773,.T.);
#3538=ORIENTED_EDGE('',*,*,#2774,.T.);
#3539=ORIENTED_EDGE('',*,*,#2773,.F.);
#3540=ORIENTED_EDGE('',*,*,#2775,.T.);
#3541=ORIENTED_EDGE('',*,*,#2776,.T.);
#3542=ORIENTED_EDGE('',*,*,#2777,.T.);
#3543=ORIENTED_EDGE('',*,*,#2776,.F.);
#3544=ORIENTED_EDGE('',*,*,#2778,.T.);
#3545=ORIENTED_EDGE('',*,*,#2779,.T.);
#3546=ORIENTED_EDGE('',*,*,#2780,.T.);
#3547=ORIENTED_EDGE('',*,*,#2779,.F.);
#3548=ORIENTED_EDGE('',*,*,#2781,.T.);
#3549=ORIENTED_EDGE('',*,*,#2782,.T.);
#3550=ORIENTED_EDGE('',*,*,#2783,.T.);
#3551=ORIENTED_EDGE('',*,*,#2782,.F.);
#3552=ORIENTED_EDGE('',*,*,#2784,.T.);
#3553=ORIENTED_EDGE('',*,*,#2785,.T.);
#3554=ORIENTED_EDGE('',*,*,#2786,.T.);
#3555=ORIENTED_EDGE('',*,*,#2785,.F.);
#3556=ORIENTED_EDGE('',*,*,#2787,.T.);
#3557=ORIENTED_EDGE('',*,*,#2788,.T.);
#3558=ORIENTED_EDGE('',*,*,#2789,.T.);
#3559=ORIENTED_EDGE('',*,*,#2788,.F.);
#3560=ORIENTED_EDGE('',*,*,#2790,.F.);
#3561=ORIENTED_EDGE('',*,*,#2791,.T.);
#3562=ORIENTED_EDGE('',*,*,#2792,.F.);
#3563=ORIENTED_EDGE('',*,*,#2791,.F.);
#3564=ORIENTED_EDGE('',*,*,#2792,.T.);
#3565=ORIENTED_EDGE('',*,*,#2769,.F.);
#3566=ORIENTED_EDGE('',*,*,#2790,.T.);
#3567=ORIENTED_EDGE('',*,*,#2765,.F.);
#3568=ORIENTED_EDGE('',*,*,#2793,.F.);
#3569=ORIENTED_EDGE('',*,*,#2794,.T.);
#3570=ORIENTED_EDGE('',*,*,#2795,.F.);
#3571=ORIENTED_EDGE('',*,*,#2794,.F.);
#3572=ORIENTED_EDGE('',*,*,#2795,.T.);
#3573=ORIENTED_EDGE('',*,*,#2766,.F.);
#3574=ORIENTED_EDGE('',*,*,#2793,.T.);
#3575=ORIENTED_EDGE('',*,*,#2771,.F.);
#3576=ORIENTED_EDGE('',*,*,#2796,.F.);
#3577=ORIENTED_EDGE('',*,*,#2797,.T.);
#3578=ORIENTED_EDGE('',*,*,#2798,.F.);
#3579=ORIENTED_EDGE('',*,*,#2797,.F.);
#3580=ORIENTED_EDGE('',*,*,#2798,.T.);
#3581=ORIENTED_EDGE('',*,*,#2742,.F.);
#3582=ORIENTED_EDGE('',*,*,#2796,.T.);
#3583=ORIENTED_EDGE('',*,*,#2768,.F.);
#3584=ORIENTED_EDGE('',*,*,#2799,.F.);
#3585=ORIENTED_EDGE('',*,*,#2800,.T.);
#3586=ORIENTED_EDGE('',*,*,#2801,.F.);
#3587=ORIENTED_EDGE('',*,*,#2800,.F.);
#3588=ORIENTED_EDGE('',*,*,#2801,.T.);
#3589=ORIENTED_EDGE('',*,*,#2733,.F.);
#3590=ORIENTED_EDGE('',*,*,#2799,.T.);
#3591=ORIENTED_EDGE('',*,*,#2744,.F.);
#3592=ORIENTED_EDGE('',*,*,#2802,.F.);
#3593=ORIENTED_EDGE('',*,*,#2803,.T.);
#3594=ORIENTED_EDGE('',*,*,#2804,.F.);
#3595=ORIENTED_EDGE('',*,*,#2803,.F.);
#3596=ORIENTED_EDGE('',*,*,#2804,.T.);
#3597=ORIENTED_EDGE('',*,*,#2721,.F.);
#3598=ORIENTED_EDGE('',*,*,#2802,.T.);
#3599=ORIENTED_EDGE('',*,*,#2735,.F.);
#3600=ORIENTED_EDGE('',*,*,#2805,.F.);
#3601=ORIENTED_EDGE('',*,*,#2806,.T.);
#3602=ORIENTED_EDGE('',*,*,#2807,.F.);
#3603=ORIENTED_EDGE('',*,*,#2806,.F.);
#3604=ORIENTED_EDGE('',*,*,#2807,.T.);
#3605=ORIENTED_EDGE('',*,*,#2727,.F.);
#3606=ORIENTED_EDGE('',*,*,#2805,.T.);
#3607=ORIENTED_EDGE('',*,*,#2723,.F.);
#3608=ORIENTED_EDGE('',*,*,#2808,.F.);
#3609=ORIENTED_EDGE('',*,*,#2809,.T.);
#3610=ORIENTED_EDGE('',*,*,#2810,.F.);
#3611=ORIENTED_EDGE('',*,*,#2809,.F.);
#3612=ORIENTED_EDGE('',*,*,#2810,.T.);
#3613=ORIENTED_EDGE('',*,*,#2724,.F.);
#3614=ORIENTED_EDGE('',*,*,#2808,.T.);
#3615=ORIENTED_EDGE('',*,*,#2729,.F.);
#3616=ORIENTED_EDGE('',*,*,#2811,.F.);
#3617=ORIENTED_EDGE('',*,*,#2812,.T.);
#3618=ORIENTED_EDGE('',*,*,#2813,.F.);
#3619=ORIENTED_EDGE('',*,*,#2812,.F.);
#3620=ORIENTED_EDGE('',*,*,#2813,.T.);
#3621=ORIENTED_EDGE('',*,*,#2736,.F.);
#3622=ORIENTED_EDGE('',*,*,#2811,.T.);
#3623=ORIENTED_EDGE('',*,*,#2726,.F.);
#3624=ORIENTED_EDGE('',*,*,#2814,.F.);
#3625=ORIENTED_EDGE('',*,*,#2815,.T.);
#3626=ORIENTED_EDGE('',*,*,#2816,.F.);
#3627=ORIENTED_EDGE('',*,*,#2815,.F.);
#3628=ORIENTED_EDGE('',*,*,#2816,.T.);
#3629=ORIENTED_EDGE('',*,*,#2739,.F.);
#3630=ORIENTED_EDGE('',*,*,#2814,.T.);
#3631=ORIENTED_EDGE('',*,*,#2738,.F.);
#3632=ORIENTED_EDGE('',*,*,#2817,.F.);
#3633=ORIENTED_EDGE('',*,*,#2818,.T.);
#3634=ORIENTED_EDGE('',*,*,#2819,.F.);
#3635=ORIENTED_EDGE('',*,*,#2818,.F.);
#3636=ORIENTED_EDGE('',*,*,#2819,.T.);
#3637=ORIENTED_EDGE('',*,*,#2730,.F.);
#3638=ORIENTED_EDGE('',*,*,#2817,.T.);
#3639=ORIENTED_EDGE('',*,*,#2741,.F.);
#3640=ORIENTED_EDGE('',*,*,#2820,.F.);
#3641=ORIENTED_EDGE('',*,*,#2821,.T.);
#3642=ORIENTED_EDGE('',*,*,#2822,.F.);
#3643=ORIENTED_EDGE('',*,*,#2821,.F.);
#3644=ORIENTED_EDGE('',*,*,#2822,.T.);
#3645=ORIENTED_EDGE('',*,*,#2709,.F.);
#3646=ORIENTED_EDGE('',*,*,#2820,.T.);
#3647=ORIENTED_EDGE('',*,*,#2732,.F.);
#3648=ORIENTED_EDGE('',*,*,#2823,.F.);
#3649=ORIENTED_EDGE('',*,*,#2824,.T.);
#3650=ORIENTED_EDGE('',*,*,#2825,.F.);
#3651=ORIENTED_EDGE('',*,*,#2824,.F.);
#3652=ORIENTED_EDGE('',*,*,#2825,.T.);
#3653=ORIENTED_EDGE('',*,*,#2712,.F.);
#3654=ORIENTED_EDGE('',*,*,#2823,.T.);
#3655=ORIENTED_EDGE('',*,*,#2711,.F.);
#3656=ORIENTED_EDGE('',*,*,#2826,.F.);
#3657=ORIENTED_EDGE('',*,*,#2827,.T.);
#3658=ORIENTED_EDGE('',*,*,#2828,.F.);
#3659=ORIENTED_EDGE('',*,*,#2827,.F.);
#3660=ORIENTED_EDGE('',*,*,#2828,.T.);
#3661=ORIENTED_EDGE('',*,*,#2542,.F.);
#3662=ORIENTED_EDGE('',*,*,#2826,.T.);
#3663=ORIENTED_EDGE('',*,*,#2714,.F.);
#3664=ORIENTED_EDGE('',*,*,#2829,.T.);
#3665=ORIENTED_EDGE('',*,*,#2545,.F.);
#3666=ORIENTED_EDGE('',*,*,#2830,.F.);
#3667=ORIENTED_EDGE('',*,*,#2831,.F.);
#3668=ORIENTED_EDGE('',*,*,#2832,.F.);
#3669=ORIENTED_EDGE('',*,*,#2831,.T.);
#3670=ORIENTED_EDGE('',*,*,#2833,.F.);
#3671=ORIENTED_EDGE('',*,*,#2834,.F.);
#3672=ORIENTED_EDGE('',*,*,#2835,.F.);
#3673=ORIENTED_EDGE('',*,*,#2834,.T.);
#3674=ORIENTED_EDGE('',*,*,#2836,.F.);
#3675=ORIENTED_EDGE('',*,*,#2707,.F.);
#3676=ORIENTED_EDGE('',*,*,#2835,.T.);
#3677=ORIENTED_EDGE('',*,*,#2706,.F.);
#3678=ORIENTED_EDGE('',*,*,#2546,.F.);
#3679=ORIENTED_EDGE('',*,*,#2829,.F.);
#3680=ORIENTED_EDGE('',*,*,#2832,.T.);
#3681=ORIENTED_EDGE('',*,*,#2836,.T.);
#3682=ORIENTED_EDGE('',*,*,#2833,.T.);
#3683=ORIENTED_EDGE('',*,*,#2830,.T.);
#3684=ORIENTED_EDGE('',*,*,#2544,.F.);
#3685=ORIENTED_EDGE('',*,*,#2708,.F.);
#3686=ORIENTED_EDGE('',*,*,#2837,.F.);
#3687=ORIENTED_EDGE('',*,*,#2838,.T.);
#3688=ORIENTED_EDGE('',*,*,#2839,.T.);
#3689=ORIENTED_EDGE('',*,*,#2548,.F.);
#3690=ORIENTED_EDGE('',*,*,#2705,.F.);
#3691=ORIENTED_EDGE('',*,*,#2840,.T.);
#3692=ORIENTED_EDGE('',*,*,#2549,.F.);
#3693=ORIENTED_EDGE('',*,*,#2839,.F.);
#3694=ORIENTED_EDGE('',*,*,#2841,.F.);
#3695=ORIENTED_EDGE('',*,*,#2842,.F.);
#3696=ORIENTED_EDGE('',*,*,#2715,.F.);
#3697=ORIENTED_EDGE('',*,*,#2550,.F.);
#3698=ORIENTED_EDGE('',*,*,#2840,.F.);
#3699=ORIENTED_EDGE('',*,*,#2843,.T.);
#3700=ORIENTED_EDGE('',*,*,#2844,.F.);
#3701=ORIENTED_EDGE('',*,*,#2845,.T.);
#3702=ORIENTED_EDGE('',*,*,#2846,.T.);
#3703=ORIENTED_EDGE('',*,*,#2552,.F.);
#3704=ORIENTED_EDGE('',*,*,#2717,.F.);
#3705=ORIENTED_EDGE('',*,*,#2847,.T.);
#3706=ORIENTED_EDGE('',*,*,#2553,.F.);
#3707=ORIENTED_EDGE('',*,*,#2846,.F.);
#3708=ORIENTED_EDGE('',*,*,#2848,.F.);
#3709=ORIENTED_EDGE('',*,*,#2849,.F.);
#3710=ORIENTED_EDGE('',*,*,#2494,.F.);
#3711=ORIENTED_EDGE('',*,*,#2850,.F.);
#3712=ORIENTED_EDGE('',*,*,#2851,.T.);
#3713=ORIENTED_EDGE('',*,*,#2850,.T.);
#3714=ORIENTED_EDGE('',*,*,#2493,.F.);
#3715=ORIENTED_EDGE('',*,*,#2554,.F.);
#3716=ORIENTED_EDGE('',*,*,#2847,.F.);
#3717=ORIENTED_EDGE('',*,*,#2852,.T.);
#3718=ORIENTED_EDGE('',*,*,#2853,.T.);
#3719=ORIENTED_EDGE('',*,*,#2556,.F.);
#3720=ORIENTED_EDGE('',*,*,#2854,.F.);
#3721=ORIENTED_EDGE('',*,*,#2855,.F.);
#3722=ORIENTED_EDGE('',*,*,#2856,.F.);
#3723=ORIENTED_EDGE('',*,*,#2855,.T.);
#3724=ORIENTED_EDGE('',*,*,#2857,.F.);
#3725=ORIENTED_EDGE('',*,*,#2858,.F.);
#3726=ORIENTED_EDGE('',*,*,#2859,.F.);
#3727=ORIENTED_EDGE('',*,*,#2858,.T.);
#3728=ORIENTED_EDGE('',*,*,#2860,.F.);
#3729=ORIENTED_EDGE('',*,*,#2502,.F.);
#3730=ORIENTED_EDGE('',*,*,#2859,.T.);
#3731=ORIENTED_EDGE('',*,*,#2501,.F.);
#3732=ORIENTED_EDGE('',*,*,#2557,.F.);
#3733=ORIENTED_EDGE('',*,*,#2853,.F.);
#3734=ORIENTED_EDGE('',*,*,#2856,.T.);
#3735=ORIENTED_EDGE('',*,*,#2860,.T.);
#3736=ORIENTED_EDGE('',*,*,#2857,.T.);
#3737=ORIENTED_EDGE('',*,*,#2854,.T.);
#3738=ORIENTED_EDGE('',*,*,#2555,.F.);
#3739=ORIENTED_EDGE('',*,*,#2503,.F.);
#3740=ORIENTED_EDGE('',*,*,#2861,.F.);
#3741=ORIENTED_EDGE('',*,*,#2862,.T.);
#3742=ORIENTED_EDGE('',*,*,#2863,.F.);
#3743=ORIENTED_EDGE('',*,*,#2498,.F.);
#3744=ORIENTED_EDGE('',*,*,#2864,.T.);
#3745=ORIENTED_EDGE('',*,*,#2559,.F.);
#3746=ORIENTED_EDGE('',*,*,#2865,.F.);
#3747=ORIENTED_EDGE('',*,*,#2866,.F.);
#3748=ORIENTED_EDGE('',*,*,#2867,.F.);
#3749=ORIENTED_EDGE('',*,*,#2509,.F.);
#3750=ORIENTED_EDGE('',*,*,#2560,.F.);
#3751=ORIENTED_EDGE('',*,*,#2864,.F.);
#3752=ORIENTED_EDGE('',*,*,#2868,.T.);
#3753=ORIENTED_EDGE('',*,*,#2863,.T.);
#3754=ORIENTED_EDGE('',*,*,#2869,.T.);
#3755=ORIENTED_EDGE('',*,*,#2865,.T.);
#3756=ORIENTED_EDGE('',*,*,#2558,.F.);
#3757=ORIENTED_EDGE('',*,*,#2499,.F.);
#3758=ORIENTED_EDGE('',*,*,#2870,.F.);
#3759=ORIENTED_EDGE('',*,*,#2871,.T.);
#3760=ORIENTED_EDGE('',*,*,#2872,.T.);
#3761=ORIENTED_EDGE('',*,*,#2561,.F.);
#3762=ORIENTED_EDGE('',*,*,#2511,.F.);
#3763=ORIENTED_EDGE('',*,*,#2873,.T.);
#3764=ORIENTED_EDGE('',*,*,#2562,.F.);
#3765=ORIENTED_EDGE('',*,*,#2872,.F.);
#3766=ORIENTED_EDGE('',*,*,#2874,.F.);
#3767=ORIENTED_EDGE('',*,*,#2875,.F.);
#3768=ORIENTED_EDGE('',*,*,#2695,.F.);
#3769=ORIENTED_EDGE('',*,*,#2563,.F.);
#3770=ORIENTED_EDGE('',*,*,#2873,.F.);
#3771=ORIENTED_EDGE('',*,*,#2876,.T.);
#3772=ORIENTED_EDGE('',*,*,#2877,.T.);
#3773=ORIENTED_EDGE('',*,*,#2566,.F.);
#3774=ORIENTED_EDGE('',*,*,#2878,.F.);
#3775=ORIENTED_EDGE('',*,*,#2879,.F.);
#3776=ORIENTED_EDGE('',*,*,#2880,.F.);
#3777=ORIENTED_EDGE('',*,*,#2879,.T.);
#3778=ORIENTED_EDGE('',*,*,#2881,.F.);
#3779=ORIENTED_EDGE('',*,*,#2882,.F.);
#3780=ORIENTED_EDGE('',*,*,#2883,.F.);
#3781=ORIENTED_EDGE('',*,*,#2882,.T.);
#3782=ORIENTED_EDGE('',*,*,#2884,.F.);
#3783=ORIENTED_EDGE('',*,*,#2693,.F.);
#3784=ORIENTED_EDGE('',*,*,#2883,.T.);
#3785=ORIENTED_EDGE('',*,*,#2692,.F.);
#3786=ORIENTED_EDGE('',*,*,#2567,.F.);
#3787=ORIENTED_EDGE('',*,*,#2877,.F.);
#3788=ORIENTED_EDGE('',*,*,#2880,.T.);
#3789=ORIENTED_EDGE('',*,*,#2884,.T.);
#3790=ORIENTED_EDGE('',*,*,#2881,.T.);
#3791=ORIENTED_EDGE('',*,*,#2878,.T.);
#3792=ORIENTED_EDGE('',*,*,#2565,.F.);
#3793=ORIENTED_EDGE('',*,*,#2694,.F.);
#3794=ORIENTED_EDGE('',*,*,#2885,.F.);
#3795=ORIENTED_EDGE('',*,*,#2886,.T.);
#3796=ORIENTED_EDGE('',*,*,#2887,.T.);
#3797=ORIENTED_EDGE('',*,*,#2569,.F.);
#3798=ORIENTED_EDGE('',*,*,#2691,.F.);
#3799=ORIENTED_EDGE('',*,*,#2888,.T.);
#3800=ORIENTED_EDGE('',*,*,#2570,.F.);
#3801=ORIENTED_EDGE('',*,*,#2887,.F.);
#3802=ORIENTED_EDGE('',*,*,#2889,.F.);
#3803=ORIENTED_EDGE('',*,*,#2890,.F.);
#3804=ORIENTED_EDGE('',*,*,#2538,.F.);
#3805=ORIENTED_EDGE('',*,*,#2571,.F.);
#3806=ORIENTED_EDGE('',*,*,#2888,.F.);
#3807=ORIENTED_EDGE('',*,*,#2891,.T.);
#3808=ORIENTED_EDGE('',*,*,#2892,.F.);
#3809=ORIENTED_EDGE('',*,*,#2893,.T.);
#3810=ORIENTED_EDGE('',*,*,#2894,.T.);
#3811=ORIENTED_EDGE('',*,*,#2572,.F.);
#3812=ORIENTED_EDGE('',*,*,#2541,.F.);
#3813=ORIENTED_EDGE('',*,*,#2895,.F.);
#3814=ORIENTED_EDGE('',*,*,#2896,.T.);
#3815=ORIENTED_EDGE('',*,*,#2897,.T.);
#3816=ORIENTED_EDGE('',*,*,#2667,.F.);
#3817=ORIENTED_EDGE('',*,*,#2898,.T.);
#3818=ORIENTED_EDGE('',*,*,#2573,.F.);
#3819=ORIENTED_EDGE('',*,*,#2894,.F.);
#3820=ORIENTED_EDGE('',*,*,#2899,.F.);
#3821=ORIENTED_EDGE('',*,*,#2900,.F.);
#3822=ORIENTED_EDGE('',*,*,#2668,.F.);
#3823=ORIENTED_EDGE('',*,*,#2897,.F.);
#3824=ORIENTED_EDGE('',*,*,#2901,.T.);
#3825=ORIENTED_EDGE('',*,*,#2902,.F.);
#3826=ORIENTED_EDGE('',*,*,#2534,.F.);
#3827=ORIENTED_EDGE('',*,*,#2574,.F.);
#3828=ORIENTED_EDGE('',*,*,#2898,.F.);
#3829=ORIENTED_EDGE('',*,*,#2903,.T.);
#3830=ORIENTED_EDGE('',*,*,#2904,.F.);
#3831=ORIENTED_EDGE('',*,*,#2664,.F.);
#3832=ORIENTED_EDGE('',*,*,#2905,.T.);
#3833=ORIENTED_EDGE('',*,*,#2906,.T.);
#3834=ORIENTED_EDGE('',*,*,#2907,.F.);
#3835=ORIENTED_EDGE('',*,*,#2908,.T.);
#3836=ORIENTED_EDGE('',*,*,#2909,.T.);
#3837=ORIENTED_EDGE('',*,*,#2575,.F.);
#3838=ORIENTED_EDGE('',*,*,#2536,.F.);
#3839=ORIENTED_EDGE('',*,*,#2910,.F.);
#3840=ORIENTED_EDGE('',*,*,#2911,.T.);
#3841=ORIENTED_EDGE('',*,*,#2912,.T.);
#3842=ORIENTED_EDGE('',*,*,#2662,.F.);
#3843=ORIENTED_EDGE('',*,*,#2913,.T.);
#3844=ORIENTED_EDGE('',*,*,#2576,.F.);
#3845=ORIENTED_EDGE('',*,*,#2909,.F.);
#3846=ORIENTED_EDGE('',*,*,#2914,.F.);
#3847=ORIENTED_EDGE('',*,*,#2912,.F.);
#3848=ORIENTED_EDGE('',*,*,#2915,.T.);
#3849=ORIENTED_EDGE('',*,*,#2905,.F.);
#3850=ORIENTED_EDGE('',*,*,#2663,.F.);
#3851=ORIENTED_EDGE('',*,*,#2916,.F.);
#3852=ORIENTED_EDGE('',*,*,#2530,.F.);
#3853=ORIENTED_EDGE('',*,*,#2577,.F.);
#3854=ORIENTED_EDGE('',*,*,#2913,.F.);
#3855=ORIENTED_EDGE('',*,*,#2917,.T.);
#3856=ORIENTED_EDGE('',*,*,#2918,.F.);
#3857=ORIENTED_EDGE('',*,*,#2919,.T.);
#3858=ORIENTED_EDGE('',*,*,#2920,.T.);
#3859=ORIENTED_EDGE('',*,*,#2578,.F.);
#3860=ORIENTED_EDGE('',*,*,#2532,.F.);
#3861=ORIENTED_EDGE('',*,*,#2921,.T.);
#3862=ORIENTED_EDGE('',*,*,#2579,.F.);
#3863=ORIENTED_EDGE('',*,*,#2920,.F.);
#3864=ORIENTED_EDGE('',*,*,#2922,.F.);
#3865=ORIENTED_EDGE('',*,*,#2923,.F.);
#3866=ORIENTED_EDGE('',*,*,#2484,.F.);
#3867=ORIENTED_EDGE('',*,*,#2580,.F.);
#3868=ORIENTED_EDGE('',*,*,#2921,.F.);
#3869=ORIENTED_EDGE('',*,*,#2924,.T.);
#3870=ORIENTED_EDGE('',*,*,#2925,.F.);
#3871=ORIENTED_EDGE('',*,*,#2926,.T.);
#3872=ORIENTED_EDGE('',*,*,#2927,.T.);
#3873=ORIENTED_EDGE('',*,*,#2581,.F.);
#3874=ORIENTED_EDGE('',*,*,#2487,.F.);
#3875=ORIENTED_EDGE('',*,*,#2928,.T.);
#3876=ORIENTED_EDGE('',*,*,#2582,.F.);
#3877=ORIENTED_EDGE('',*,*,#2927,.F.);
#3878=ORIENTED_EDGE('',*,*,#2929,.F.);
#3879=ORIENTED_EDGE('',*,*,#2930,.F.);
#3880=ORIENTED_EDGE('',*,*,#2657,.F.);
#3881=ORIENTED_EDGE('',*,*,#2931,.F.);
#3882=ORIENTED_EDGE('',*,*,#2932,.T.);
#3883=ORIENTED_EDGE('',*,*,#2931,.T.);
#3884=ORIENTED_EDGE('',*,*,#2656,.F.);
#3885=ORIENTED_EDGE('',*,*,#2583,.F.);
#3886=ORIENTED_EDGE('',*,*,#2928,.F.);
#3887=ORIENTED_EDGE('',*,*,#2933,.T.);
#3888=ORIENTED_EDGE('',*,*,#2934,.F.);
#3889=ORIENTED_EDGE('',*,*,#2652,.F.);
#3890=ORIENTED_EDGE('',*,*,#2935,.T.);
#3891=ORIENTED_EDGE('',*,*,#2936,.T.);
#3892=ORIENTED_EDGE('',*,*,#2937,.F.);
#3893=ORIENTED_EDGE('',*,*,#2938,.T.);
#3894=ORIENTED_EDGE('',*,*,#2939,.T.);
#3895=ORIENTED_EDGE('',*,*,#2585,.F.);
#3896=ORIENTED_EDGE('',*,*,#2655,.F.);
#3897=ORIENTED_EDGE('',*,*,#2940,.F.);
#3898=ORIENTED_EDGE('',*,*,#2941,.T.);
#3899=ORIENTED_EDGE('',*,*,#2935,.F.);
#3900=ORIENTED_EDGE('',*,*,#2651,.F.);
#3901=ORIENTED_EDGE('',*,*,#2942,.T.);
#3902=ORIENTED_EDGE('',*,*,#2586,.F.);
#3903=ORIENTED_EDGE('',*,*,#2939,.F.);
#3904=ORIENTED_EDGE('',*,*,#2943,.F.);
#3905=ORIENTED_EDGE('',*,*,#2944,.F.);
#3906=ORIENTED_EDGE('',*,*,#2526,.F.);
#3907=ORIENTED_EDGE('',*,*,#2587,.F.);
#3908=ORIENTED_EDGE('',*,*,#2942,.F.);
#3909=ORIENTED_EDGE('',*,*,#2945,.T.);
#3910=ORIENTED_EDGE('',*,*,#2946,.F.);
#3911=ORIENTED_EDGE('',*,*,#2947,.T.);
#3912=ORIENTED_EDGE('',*,*,#2948,.T.);
#3913=ORIENTED_EDGE('',*,*,#2588,.F.);
#3914=ORIENTED_EDGE('',*,*,#2528,.F.);
#3915=ORIENTED_EDGE('',*,*,#2949,.T.);
#3916=ORIENTED_EDGE('',*,*,#2589,.F.);
#3917=ORIENTED_EDGE('',*,*,#2948,.F.);
#3918=ORIENTED_EDGE('',*,*,#2950,.F.);
#3919=ORIENTED_EDGE('',*,*,#2951,.F.);
#3920=ORIENTED_EDGE('',*,*,#2522,.F.);
#3921=ORIENTED_EDGE('',*,*,#2590,.F.);
#3922=ORIENTED_EDGE('',*,*,#2949,.F.);
#3923=ORIENTED_EDGE('',*,*,#2952,.T.);
#3924=ORIENTED_EDGE('',*,*,#2953,.F.);
#3925=ORIENTED_EDGE('',*,*,#2954,.T.);
#3926=ORIENTED_EDGE('',*,*,#2955,.T.);
#3927=ORIENTED_EDGE('',*,*,#2591,.F.);
#3928=ORIENTED_EDGE('',*,*,#2524,.F.);
#3929=ORIENTED_EDGE('',*,*,#2956,.T.);
#3930=ORIENTED_EDGE('',*,*,#2592,.F.);
#3931=ORIENTED_EDGE('',*,*,#2955,.F.);
#3932=ORIENTED_EDGE('',*,*,#2957,.F.);
#3933=ORIENTED_EDGE('',*,*,#2958,.F.);
#3934=ORIENTED_EDGE('',*,*,#2518,.F.);
#3935=ORIENTED_EDGE('',*,*,#2593,.F.);
#3936=ORIENTED_EDGE('',*,*,#2956,.F.);
#3937=ORIENTED_EDGE('',*,*,#2959,.T.);
#3938=ORIENTED_EDGE('',*,*,#2960,.F.);
#3939=ORIENTED_EDGE('',*,*,#2961,.T.);
#3940=ORIENTED_EDGE('',*,*,#2962,.T.);
#3941=ORIENTED_EDGE('',*,*,#2594,.F.);
#3942=ORIENTED_EDGE('',*,*,#2520,.F.);
#3943=ORIENTED_EDGE('',*,*,#2963,.T.);
#3944=ORIENTED_EDGE('',*,*,#2595,.F.);
#3945=ORIENTED_EDGE('',*,*,#2962,.F.);
#3946=ORIENTED_EDGE('',*,*,#2964,.F.);
#3947=ORIENTED_EDGE('',*,*,#2965,.F.);
#3948=ORIENTED_EDGE('',*,*,#2513,.F.);
#3949=ORIENTED_EDGE('',*,*,#2596,.F.);
#3950=ORIENTED_EDGE('',*,*,#2963,.F.);
#3951=ORIENTED_EDGE('',*,*,#2966,.T.);
#3952=ORIENTED_EDGE('',*,*,#2967,.F.);
#3953=ORIENTED_EDGE('',*,*,#2968,.T.);
#3954=ORIENTED_EDGE('',*,*,#2969,.T.);
#3955=ORIENTED_EDGE('',*,*,#2597,.F.);
#3956=ORIENTED_EDGE('',*,*,#2516,.F.);
#3957=ORIENTED_EDGE('',*,*,#2970,.T.);
#3958=ORIENTED_EDGE('',*,*,#2598,.F.);
#3959=ORIENTED_EDGE('',*,*,#2969,.F.);
#3960=ORIENTED_EDGE('',*,*,#2971,.F.);
#3961=ORIENTED_EDGE('',*,*,#2972,.F.);
#3962=ORIENTED_EDGE('',*,*,#2489,.F.);
#3963=ORIENTED_EDGE('',*,*,#2599,.F.);
#3964=ORIENTED_EDGE('',*,*,#2970,.F.);
#3965=ORIENTED_EDGE('',*,*,#2973,.T.);
#3966=ORIENTED_EDGE('',*,*,#2974,.F.);
#3967=ORIENTED_EDGE('',*,*,#2647,.F.);
#3968=ORIENTED_EDGE('',*,*,#2975,.T.);
#3969=ORIENTED_EDGE('',*,*,#2976,.T.);
#3970=ORIENTED_EDGE('',*,*,#2977,.T.);
#3971=ORIENTED_EDGE('',*,*,#2601,.F.);
#3972=ORIENTED_EDGE('',*,*,#2978,.F.);
#3973=ORIENTED_EDGE('',*,*,#2979,.F.);
#3974=ORIENTED_EDGE('',*,*,#2980,.F.);
#3975=ORIENTED_EDGE('',*,*,#2981,.T.);
#3976=ORIENTED_EDGE('',*,*,#2975,.F.);
#3977=ORIENTED_EDGE('',*,*,#2646,.F.);
#3978=ORIENTED_EDGE('',*,*,#2980,.T.);
#3979=ORIENTED_EDGE('',*,*,#2645,.F.);
#3980=ORIENTED_EDGE('',*,*,#2602,.F.);
#3981=ORIENTED_EDGE('',*,*,#2977,.F.);
#3982=ORIENTED_EDGE('',*,*,#2982,.T.);
#3983=ORIENTED_EDGE('',*,*,#2983,.F.);
#3984=ORIENTED_EDGE('',*,*,#2984,.T.);
#3985=ORIENTED_EDGE('',*,*,#2978,.T.);
#3986=ORIENTED_EDGE('',*,*,#2600,.F.);
#3987=ORIENTED_EDGE('',*,*,#2491,.F.);
#3988=ORIENTED_EDGE('',*,*,#2985,.T.);
#3989=ORIENTED_EDGE('',*,*,#2605,.F.);
#3990=ORIENTED_EDGE('',*,*,#2986,.F.);
#3991=ORIENTED_EDGE('',*,*,#2987,.F.);
#3992=ORIENTED_EDGE('',*,*,#2988,.F.);
#3993=ORIENTED_EDGE('',*,*,#2987,.T.);
#3994=ORIENTED_EDGE('',*,*,#2989,.F.);
#3995=ORIENTED_EDGE('',*,*,#2990,.F.);
#3996=ORIENTED_EDGE('',*,*,#2991,.F.);
#3997=ORIENTED_EDGE('',*,*,#2990,.T.);
#3998=ORIENTED_EDGE('',*,*,#2992,.F.);
#3999=ORIENTED_EDGE('',*,*,#2643,.F.);
#4000=ORIENTED_EDGE('',*,*,#2991,.T.);
#4001=ORIENTED_EDGE('',*,*,#2642,.F.);
#4002=ORIENTED_EDGE('',*,*,#2606,.F.);
#4003=ORIENTED_EDGE('',*,*,#2985,.F.);
#4004=ORIENTED_EDGE('',*,*,#2988,.T.);
#4005=ORIENTED_EDGE('',*,*,#2992,.T.);
#4006=ORIENTED_EDGE('',*,*,#2989,.T.);
#4007=ORIENTED_EDGE('',*,*,#2986,.T.);
#4008=ORIENTED_EDGE('',*,*,#2604,.F.);
#4009=ORIENTED_EDGE('',*,*,#2644,.F.);
#4010=ORIENTED_EDGE('',*,*,#2993,.F.);
#4011=ORIENTED_EDGE('',*,*,#2994,.T.);
#4012=ORIENTED_EDGE('',*,*,#2995,.T.);
#4013=ORIENTED_EDGE('',*,*,#2608,.F.);
#4014=ORIENTED_EDGE('',*,*,#2641,.F.);
#4015=ORIENTED_EDGE('',*,*,#2996,.T.);
#4016=ORIENTED_EDGE('',*,*,#2609,.F.);
#4017=ORIENTED_EDGE('',*,*,#2995,.F.);
#4018=ORIENTED_EDGE('',*,*,#2997,.F.);
#4019=ORIENTED_EDGE('',*,*,#2998,.F.);
#4020=ORIENTED_EDGE('',*,*,#2505,.F.);
#4021=ORIENTED_EDGE('',*,*,#2610,.F.);
#4022=ORIENTED_EDGE('',*,*,#2996,.F.);
#4023=ORIENTED_EDGE('',*,*,#2999,.T.);
#4024=ORIENTED_EDGE('',*,*,#3000,.F.);
#4025=ORIENTED_EDGE('',*,*,#3001,.T.);
#4026=ORIENTED_EDGE('',*,*,#3002,.T.);
#4027=ORIENTED_EDGE('',*,*,#2611,.F.);
#4028=ORIENTED_EDGE('',*,*,#2507,.F.);
#4029=ORIENTED_EDGE('',*,*,#3003,.T.);
#4030=ORIENTED_EDGE('',*,*,#2612,.F.);
#4031=ORIENTED_EDGE('',*,*,#3002,.F.);
#4032=ORIENTED_EDGE('',*,*,#3004,.F.);
#4033=ORIENTED_EDGE('',*,*,#3005,.F.);
#4034=ORIENTED_EDGE('',*,*,#2631,.F.);
#4035=ORIENTED_EDGE('',*,*,#3006,.F.);
#4036=ORIENTED_EDGE('',*,*,#3007,.T.);
#4037=ORIENTED_EDGE('',*,*,#3006,.T.);
#4038=ORIENTED_EDGE('',*,*,#2630,.F.);
#4039=ORIENTED_EDGE('',*,*,#2613,.F.);
#4040=ORIENTED_EDGE('',*,*,#3003,.F.);
#4041=ORIENTED_EDGE('',*,*,#3008,.T.);
#4042=ORIENTED_EDGE('',*,*,#3009,.T.);
#4043=ORIENTED_EDGE('',*,*,#2616,.F.);
#4044=ORIENTED_EDGE('',*,*,#3010,.F.);
#4045=ORIENTED_EDGE('',*,*,#3011,.F.);
#4046=ORIENTED_EDGE('',*,*,#3012,.F.);
#4047=ORIENTED_EDGE('',*,*,#3011,.T.);
#4048=ORIENTED_EDGE('',*,*,#3013,.F.);
#4049=ORIENTED_EDGE('',*,*,#3014,.F.);
#4050=ORIENTED_EDGE('',*,*,#3015,.F.);
#4051=ORIENTED_EDGE('',*,*,#3014,.T.);
#4052=ORIENTED_EDGE('',*,*,#3016,.F.);
#4053=ORIENTED_EDGE('',*,*,#2628,.F.);
#4054=ORIENTED_EDGE('',*,*,#3015,.T.);
#4055=ORIENTED_EDGE('',*,*,#2627,.F.);
#4056=ORIENTED_EDGE('',*,*,#2617,.F.);
#4057=ORIENTED_EDGE('',*,*,#3009,.F.);
#4058=ORIENTED_EDGE('',*,*,#3012,.T.);
#4059=ORIENTED_EDGE('',*,*,#3016,.T.);
#4060=ORIENTED_EDGE('',*,*,#3013,.T.);
#4061=ORIENTED_EDGE('',*,*,#3010,.T.);
#4062=ORIENTED_EDGE('',*,*,#2615,.F.);
#4063=ORIENTED_EDGE('',*,*,#2629,.F.);
#4064=ORIENTED_EDGE('',*,*,#3017,.T.);
#4065=ORIENTED_EDGE('',*,*,#2620,.F.);
#4066=ORIENTED_EDGE('',*,*,#3018,.F.);
#4067=ORIENTED_EDGE('',*,*,#3019,.F.);
#4068=ORIENTED_EDGE('',*,*,#3020,.F.);
#4069=ORIENTED_EDGE('',*,*,#3019,.T.);
#4070=ORIENTED_EDGE('',*,*,#3021,.F.);
#4071=ORIENTED_EDGE('',*,*,#3022,.F.);
#4072=ORIENTED_EDGE('',*,*,#3023,.F.);
#4073=ORIENTED_EDGE('',*,*,#3022,.T.);
#4074=ORIENTED_EDGE('',*,*,#3024,.F.);
#4075=ORIENTED_EDGE('',*,*,#2625,.F.);
#4076=ORIENTED_EDGE('',*,*,#3023,.T.);
#4077=ORIENTED_EDGE('',*,*,#2624,.F.);
#4078=ORIENTED_EDGE('',*,*,#2621,.F.);
#4079=ORIENTED_EDGE('',*,*,#3017,.F.);
#4080=ORIENTED_EDGE('',*,*,#3020,.T.);
#4081=ORIENTED_EDGE('',*,*,#3024,.T.);
#4082=ORIENTED_EDGE('',*,*,#3021,.T.);
#4083=ORIENTED_EDGE('',*,*,#3018,.T.);
#4084=ORIENTED_EDGE('',*,*,#2619,.F.);
#4085=ORIENTED_EDGE('',*,*,#2626,.F.);
#4086=ORIENTED_EDGE('',*,*,#3025,.F.);
#4087=ORIENTED_EDGE('',*,*,#3026,.T.);
#4088=ORIENTED_EDGE('',*,*,#3027,.F.);
#4089=ORIENTED_EDGE('',*,*,#3026,.F.);
#4090=ORIENTED_EDGE('',*,*,#3027,.T.);
#4091=ORIENTED_EDGE('',*,*,#2718,.F.);
#4092=ORIENTED_EDGE('',*,*,#3025,.T.);
#4093=ORIENTED_EDGE('',*,*,#2623,.F.);
#4094=ORIENTED_EDGE('',*,*,#3028,.F.);
#4095=ORIENTED_EDGE('',*,*,#3029,.T.);
#4096=ORIENTED_EDGE('',*,*,#3030,.F.);
#4097=ORIENTED_EDGE('',*,*,#3029,.F.);
#4098=ORIENTED_EDGE('',*,*,#3030,.T.);
#4099=ORIENTED_EDGE('',*,*,#2775,.F.);
#4100=ORIENTED_EDGE('',*,*,#3028,.T.);
#4101=ORIENTED_EDGE('',*,*,#2720,.F.);
#4102=ORIENTED_EDGE('',*,*,#3031,.F.);
#4103=ORIENTED_EDGE('',*,*,#3032,.T.);
#4104=ORIENTED_EDGE('',*,*,#3033,.F.);
#4105=ORIENTED_EDGE('',*,*,#3032,.F.);
#4106=ORIENTED_EDGE('',*,*,#3033,.T.);
#4107=ORIENTED_EDGE('',*,*,#2781,.F.);
#4108=ORIENTED_EDGE('',*,*,#3031,.T.);
#4109=ORIENTED_EDGE('',*,*,#2777,.F.);
#4110=ORIENTED_EDGE('',*,*,#3034,.F.);
#4111=ORIENTED_EDGE('',*,*,#3035,.T.);
#4112=ORIENTED_EDGE('',*,*,#3036,.F.);
#4113=ORIENTED_EDGE('',*,*,#3035,.F.);
#4114=ORIENTED_EDGE('',*,*,#3036,.T.);
#4115=ORIENTED_EDGE('',*,*,#2772,.F.);
#4116=ORIENTED_EDGE('',*,*,#3034,.T.);
#4117=ORIENTED_EDGE('',*,*,#2783,.F.);
#4118=ORIENTED_EDGE('',*,*,#3037,.F.);
#4119=ORIENTED_EDGE('',*,*,#3038,.T.);
#4120=ORIENTED_EDGE('',*,*,#3039,.F.);
#4121=ORIENTED_EDGE('',*,*,#3038,.F.);
#4122=ORIENTED_EDGE('',*,*,#3039,.T.);
#4123=ORIENTED_EDGE('',*,*,#2784,.F.);
#4124=ORIENTED_EDGE('',*,*,#3037,.T.);
#4125=ORIENTED_EDGE('',*,*,#2774,.F.);
#4126=ORIENTED_EDGE('',*,*,#3040,.F.);
#4127=ORIENTED_EDGE('',*,*,#3041,.T.);
#4128=ORIENTED_EDGE('',*,*,#3042,.F.);
#4129=ORIENTED_EDGE('',*,*,#3041,.F.);
#4130=ORIENTED_EDGE('',*,*,#3042,.T.);
#4131=ORIENTED_EDGE('',*,*,#2787,.F.);
#4132=ORIENTED_EDGE('',*,*,#3040,.T.);
#4133=ORIENTED_EDGE('',*,*,#2786,.F.);
#4134=ORIENTED_EDGE('',*,*,#3043,.F.);
#4135=ORIENTED_EDGE('',*,*,#3044,.T.);
#4136=ORIENTED_EDGE('',*,*,#3045,.F.);
#4137=ORIENTED_EDGE('',*,*,#3044,.F.);
#4138=ORIENTED_EDGE('',*,*,#3045,.T.);
#4139=ORIENTED_EDGE('',*,*,#2778,.F.);
#4140=ORIENTED_EDGE('',*,*,#3043,.T.);
#4141=ORIENTED_EDGE('',*,*,#2789,.F.);
#4142=ORIENTED_EDGE('',*,*,#3046,.F.);
#4143=ORIENTED_EDGE('',*,*,#3047,.T.);
#4144=ORIENTED_EDGE('',*,*,#3048,.F.);
#4145=ORIENTED_EDGE('',*,*,#3047,.F.);
#4146=ORIENTED_EDGE('',*,*,#3048,.T.);
#4147=ORIENTED_EDGE('',*,*,#2745,.F.);
#4148=ORIENTED_EDGE('',*,*,#3046,.T.);
#4149=ORIENTED_EDGE('',*,*,#2780,.F.);
#4150=ORIENTED_EDGE('',*,*,#3049,.F.);
#4151=ORIENTED_EDGE('',*,*,#3050,.T.);
#4152=ORIENTED_EDGE('',*,*,#3051,.F.);
#4153=ORIENTED_EDGE('',*,*,#3050,.F.);
#4154=ORIENTED_EDGE('',*,*,#3051,.T.);
#4155=ORIENTED_EDGE('',*,*,#2754,.F.);
#4156=ORIENTED_EDGE('',*,*,#3049,.T.);
#4157=ORIENTED_EDGE('',*,*,#2747,.F.);
#4158=ORIENTED_EDGE('',*,*,#3052,.F.);
#4159=ORIENTED_EDGE('',*,*,#3053,.T.);
#4160=ORIENTED_EDGE('',*,*,#3054,.F.);
#4161=ORIENTED_EDGE('',*,*,#3053,.F.);
#4162=ORIENTED_EDGE('',*,*,#3054,.T.);
#4163=ORIENTED_EDGE('',*,*,#2751,.F.);
#4164=ORIENTED_EDGE('',*,*,#3052,.T.);
#4165=ORIENTED_EDGE('',*,*,#2756,.F.);
#4166=ORIENTED_EDGE('',*,*,#3055,.F.);
#4167=ORIENTED_EDGE('',*,*,#3056,.T.);
#4168=ORIENTED_EDGE('',*,*,#3057,.F.);
#4169=ORIENTED_EDGE('',*,*,#3056,.F.);
#4170=ORIENTED_EDGE('',*,*,#3057,.T.);
#4171=ORIENTED_EDGE('',*,*,#2748,.F.);
#4172=ORIENTED_EDGE('',*,*,#3055,.T.);
#4173=ORIENTED_EDGE('',*,*,#2753,.F.);
#4174=ORIENTED_EDGE('',*,*,#3058,.F.);
#4175=ORIENTED_EDGE('',*,*,#3059,.T.);
#4176=ORIENTED_EDGE('',*,*,#3060,.F.);
#4177=ORIENTED_EDGE('',*,*,#3059,.F.);
#4178=ORIENTED_EDGE('',*,*,#3060,.T.);
#4179=ORIENTED_EDGE('',*,*,#2757,.F.);
#4180=ORIENTED_EDGE('',*,*,#3058,.T.);
#4181=ORIENTED_EDGE('',*,*,#2750,.F.);
#4182=ORIENTED_EDGE('',*,*,#3061,.F.);
#4183=ORIENTED_EDGE('',*,*,#3062,.T.);
#4184=ORIENTED_EDGE('',*,*,#3063,.F.);
#4185=ORIENTED_EDGE('',*,*,#3062,.F.);
#4186=ORIENTED_EDGE('',*,*,#3063,.T.);
#4187=ORIENTED_EDGE('',*,*,#2760,.F.);
#4188=ORIENTED_EDGE('',*,*,#3061,.T.);
#4189=ORIENTED_EDGE('',*,*,#2759,.F.);
#4190=ORIENTED_EDGE('',*,*,#2842,.T.);
#4191=ORIENTED_EDGE('',*,*,#3064,.T.);
#4192=ORIENTED_EDGE('',*,*,#2844,.T.);
#4193=ORIENTED_EDGE('',*,*,#2716,.F.);
#4194=ORIENTED_EDGE('',*,*,#2849,.T.);
#4195=ORIENTED_EDGE('',*,*,#3065,.T.);
#4196=ORIENTED_EDGE('',*,*,#3066,.F.);
#4197=ORIENTED_EDGE('',*,*,#2495,.F.);
#4198=ORIENTED_EDGE('',*,*,#2875,.T.);
#4199=ORIENTED_EDGE('',*,*,#3067,.T.);
#4200=ORIENTED_EDGE('',*,*,#3068,.F.);
#4201=ORIENTED_EDGE('',*,*,#2696,.F.);
#4202=ORIENTED_EDGE('',*,*,#2867,.T.);
#4203=ORIENTED_EDGE('',*,*,#3069,.T.);
#4204=ORIENTED_EDGE('',*,*,#2870,.T.);
#4205=ORIENTED_EDGE('',*,*,#2510,.F.);
#4206=ORIENTED_EDGE('',*,*,#2890,.T.);
#4207=ORIENTED_EDGE('',*,*,#3070,.T.);
#4208=ORIENTED_EDGE('',*,*,#3071,.F.);
#4209=ORIENTED_EDGE('',*,*,#2539,.F.);
#4210=ORIENTED_EDGE('',*,*,#2900,.T.);
#4211=ORIENTED_EDGE('',*,*,#3072,.T.);
#4212=ORIENTED_EDGE('',*,*,#3073,.F.);
#4213=ORIENTED_EDGE('',*,*,#2669,.F.);
#4214=ORIENTED_EDGE('',*,*,#2892,.T.);
#4215=ORIENTED_EDGE('',*,*,#2540,.F.);
#4216=ORIENTED_EDGE('',*,*,#3071,.T.);
#4217=ORIENTED_EDGE('',*,*,#3074,.T.);
#4218=ORIENTED_EDGE('',*,*,#2902,.T.);
#4219=ORIENTED_EDGE('',*,*,#3075,.T.);
#4220=ORIENTED_EDGE('',*,*,#2907,.T.);
#4221=ORIENTED_EDGE('',*,*,#2535,.F.);
#4222=ORIENTED_EDGE('',*,*,#2910,.T.);
#4223=ORIENTED_EDGE('',*,*,#2661,.F.);
#4224=ORIENTED_EDGE('',*,*,#3076,.T.);
#4225=ORIENTED_EDGE('',*,*,#3077,.T.);
#4226=ORIENTED_EDGE('',*,*,#2923,.T.);
#4227=ORIENTED_EDGE('',*,*,#3078,.T.);
#4228=ORIENTED_EDGE('',*,*,#3079,.F.);
#4229=ORIENTED_EDGE('',*,*,#2485,.F.);
#4230=ORIENTED_EDGE('',*,*,#2916,.T.);
#4231=ORIENTED_EDGE('',*,*,#3080,.T.);
#4232=ORIENTED_EDGE('',*,*,#2918,.T.);
#4233=ORIENTED_EDGE('',*,*,#2531,.F.);
#4234=ORIENTED_EDGE('',*,*,#2925,.T.);
#4235=ORIENTED_EDGE('',*,*,#2486,.F.);
#4236=ORIENTED_EDGE('',*,*,#3079,.T.);
#4237=ORIENTED_EDGE('',*,*,#3081,.T.);
#4238=ORIENTED_EDGE('',*,*,#2930,.T.);
#4239=ORIENTED_EDGE('',*,*,#3082,.T.);
#4240=ORIENTED_EDGE('',*,*,#3083,.F.);
#4241=ORIENTED_EDGE('',*,*,#2658,.F.);
#4242=ORIENTED_EDGE('',*,*,#3084,.F.);
#4243=ORIENTED_EDGE('',*,*,#3085,.F.);
#4244=ORIENTED_EDGE('',*,*,#2906,.F.);
#4245=ORIENTED_EDGE('',*,*,#2915,.F.);
#4246=ORIENTED_EDGE('',*,*,#2911,.F.);
#4247=ORIENTED_EDGE('',*,*,#3077,.F.);
#4248=ORIENTED_EDGE('',*,*,#3086,.F.);
#4249=ORIENTED_EDGE('',*,*,#3087,.F.);
#4250=ORIENTED_EDGE('',*,*,#3082,.F.);
#4251=ORIENTED_EDGE('',*,*,#2932,.F.);
#4252=ORIENTED_EDGE('',*,*,#2933,.F.);
#4253=ORIENTED_EDGE('',*,*,#2929,.T.);
#4254=ORIENTED_EDGE('',*,*,#2926,.F.);
#4255=ORIENTED_EDGE('',*,*,#3081,.F.);
#4256=ORIENTED_EDGE('',*,*,#3078,.F.);
#4257=ORIENTED_EDGE('',*,*,#2924,.F.);
#4258=ORIENTED_EDGE('',*,*,#2922,.T.);
#4259=ORIENTED_EDGE('',*,*,#2919,.F.);
#4260=ORIENTED_EDGE('',*,*,#3080,.F.);
#4261=ORIENTED_EDGE('',*,*,#2917,.F.);
#4262=ORIENTED_EDGE('',*,*,#2914,.T.);
#4263=ORIENTED_EDGE('',*,*,#2908,.F.);
#4264=ORIENTED_EDGE('',*,*,#3075,.F.);
#4265=ORIENTED_EDGE('',*,*,#2903,.F.);
#4266=ORIENTED_EDGE('',*,*,#2899,.T.);
#4267=ORIENTED_EDGE('',*,*,#2893,.F.);
#4268=ORIENTED_EDGE('',*,*,#3074,.F.);
#4269=ORIENTED_EDGE('',*,*,#3070,.F.);
#4270=ORIENTED_EDGE('',*,*,#2891,.F.);
#4271=ORIENTED_EDGE('',*,*,#2889,.T.);
#4272=ORIENTED_EDGE('',*,*,#2886,.F.);
#4273=ORIENTED_EDGE('',*,*,#3088,.F.);
#4274=ORIENTED_EDGE('',*,*,#3089,.F.);
#4275=ORIENTED_EDGE('',*,*,#3090,.F.);
#4276=ORIENTED_EDGE('',*,*,#3091,.F.);
#4277=ORIENTED_EDGE('',*,*,#3092,.F.);
#4278=ORIENTED_EDGE('',*,*,#3093,.F.);
#4279=ORIENTED_EDGE('',*,*,#3094,.F.);
#4280=ORIENTED_EDGE('',*,*,#3095,.F.);
#4281=ORIENTED_EDGE('',*,*,#3096,.F.);
#4282=ORIENTED_EDGE('',*,*,#3097,.F.);
#4283=ORIENTED_EDGE('',*,*,#3098,.F.);
#4284=ORIENTED_EDGE('',*,*,#3099,.F.);
#4285=ORIENTED_EDGE('',*,*,#3100,.F.);
#4286=ORIENTED_EDGE('',*,*,#3101,.F.);
#4287=ORIENTED_EDGE('',*,*,#3102,.F.);
#4288=ORIENTED_EDGE('',*,*,#3103,.F.);
#4289=ORIENTED_EDGE('',*,*,#3104,.F.);
#4290=ORIENTED_EDGE('',*,*,#3105,.F.);
#4291=ORIENTED_EDGE('',*,*,#3106,.F.);
#4292=ORIENTED_EDGE('',*,*,#3107,.F.);
#4293=ORIENTED_EDGE('',*,*,#3108,.F.);
#4294=ORIENTED_EDGE('',*,*,#3072,.F.);
#4295=ORIENTED_EDGE('',*,*,#2901,.F.);
#4296=ORIENTED_EDGE('',*,*,#2896,.F.);
#4297=ORIENTED_EDGE('',*,*,#2940,.T.);
#4298=ORIENTED_EDGE('',*,*,#2650,.F.);
#4299=ORIENTED_EDGE('',*,*,#3109,.T.);
#4300=ORIENTED_EDGE('',*,*,#3110,.T.);
#4301=ORIENTED_EDGE('',*,*,#2934,.T.);
#4302=ORIENTED_EDGE('',*,*,#3111,.T.);
#4303=ORIENTED_EDGE('',*,*,#3112,.F.);
#4304=ORIENTED_EDGE('',*,*,#2653,.F.);
#4305=ORIENTED_EDGE('',*,*,#2937,.T.);
#4306=ORIENTED_EDGE('',*,*,#2654,.F.);
#4307=ORIENTED_EDGE('',*,*,#3112,.T.);
#4308=ORIENTED_EDGE('',*,*,#3113,.T.);
#4309=ORIENTED_EDGE('',*,*,#2944,.T.);
#4310=ORIENTED_EDGE('',*,*,#3114,.T.);
#4311=ORIENTED_EDGE('',*,*,#2946,.T.);
#4312=ORIENTED_EDGE('',*,*,#2527,.F.);
#4313=ORIENTED_EDGE('',*,*,#2958,.T.);
#4314=ORIENTED_EDGE('',*,*,#3115,.T.);
#4315=ORIENTED_EDGE('',*,*,#2960,.T.);
#4316=ORIENTED_EDGE('',*,*,#2519,.F.);
#4317=ORIENTED_EDGE('',*,*,#2951,.T.);
#4318=ORIENTED_EDGE('',*,*,#3116,.T.);
#4319=ORIENTED_EDGE('',*,*,#2953,.T.);
#4320=ORIENTED_EDGE('',*,*,#2523,.F.);
#4321=ORIENTED_EDGE('',*,*,#2965,.T.);
#4322=ORIENTED_EDGE('',*,*,#3117,.T.);
#4323=ORIENTED_EDGE('',*,*,#3118,.F.);
#4324=ORIENTED_EDGE('',*,*,#2514,.F.);
#4325=ORIENTED_EDGE('',*,*,#3114,.F.);
#4326=ORIENTED_EDGE('',*,*,#2945,.F.);
#4327=ORIENTED_EDGE('',*,*,#2943,.T.);
#4328=ORIENTED_EDGE('',*,*,#2938,.F.);
#4329=ORIENTED_EDGE('',*,*,#3113,.F.);
#4330=ORIENTED_EDGE('',*,*,#3111,.F.);
#4331=ORIENTED_EDGE('',*,*,#2936,.F.);
#4332=ORIENTED_EDGE('',*,*,#2941,.F.);
#4333=ORIENTED_EDGE('',*,*,#3110,.F.);
#4334=ORIENTED_EDGE('',*,*,#3119,.F.);
#4335=ORIENTED_EDGE('',*,*,#3120,.F.);
#4336=ORIENTED_EDGE('',*,*,#2976,.F.);
#4337=ORIENTED_EDGE('',*,*,#2981,.F.);
#4338=ORIENTED_EDGE('',*,*,#2982,.F.);
#4339=ORIENTED_EDGE('',*,*,#2979,.T.);
#4340=ORIENTED_EDGE('',*,*,#2984,.F.);
#4341=ORIENTED_EDGE('',*,*,#3121,.F.);
#4342=ORIENTED_EDGE('',*,*,#2973,.F.);
#4343=ORIENTED_EDGE('',*,*,#2971,.T.);
#4344=ORIENTED_EDGE('',*,*,#2968,.F.);
#4345=ORIENTED_EDGE('',*,*,#3122,.F.);
#4346=ORIENTED_EDGE('',*,*,#3117,.F.);
#4347=ORIENTED_EDGE('',*,*,#2966,.F.);
#4348=ORIENTED_EDGE('',*,*,#2964,.T.);
#4349=ORIENTED_EDGE('',*,*,#2961,.F.);
#4350=ORIENTED_EDGE('',*,*,#3115,.F.);
#4351=ORIENTED_EDGE('',*,*,#2959,.F.);
#4352=ORIENTED_EDGE('',*,*,#2957,.T.);
#4353=ORIENTED_EDGE('',*,*,#2954,.F.);
#4354=ORIENTED_EDGE('',*,*,#3116,.F.);
#4355=ORIENTED_EDGE('',*,*,#2952,.F.);
#4356=ORIENTED_EDGE('',*,*,#2950,.T.);
#4357=ORIENTED_EDGE('',*,*,#2947,.F.);
#4358=ORIENTED_EDGE('',*,*,#3123,.F.);
#4359=ORIENTED_EDGE('',*,*,#3124,.F.);
#4360=ORIENTED_EDGE('',*,*,#3125,.F.);
#4361=ORIENTED_EDGE('',*,*,#2972,.T.);
#4362=ORIENTED_EDGE('',*,*,#3121,.T.);
#4363=ORIENTED_EDGE('',*,*,#2983,.T.);
#4364=ORIENTED_EDGE('',*,*,#2490,.F.);
#4365=ORIENTED_EDGE('',*,*,#2998,.T.);
#4366=ORIENTED_EDGE('',*,*,#3126,.T.);
#4367=ORIENTED_EDGE('',*,*,#3000,.T.);
#4368=ORIENTED_EDGE('',*,*,#2506,.F.);
#4369=ORIENTED_EDGE('',*,*,#3005,.T.);
#4370=ORIENTED_EDGE('',*,*,#3127,.T.);
#4371=ORIENTED_EDGE('',*,*,#3128,.F.);
#4372=ORIENTED_EDGE('',*,*,#2632,.F.);
#4373=ORIENTED_EDGE('',*,*,#3129,.F.);
#4374=ORIENTED_EDGE('',*,*,#3130,.T.);
#4375=ORIENTED_EDGE('',*,*,#3131,.F.);
#4376=ORIENTED_EDGE('',*,*,#3130,.F.);
#4377=ORIENTED_EDGE('',*,*,#3129,.T.);
#4378=ORIENTED_EDGE('',*,*,#2762,.F.);
#4379=ORIENTED_EDGE('',*,*,#3132,.F.);
#4380=ORIENTED_EDGE('',*,*,#3133,.T.);
#4381=ORIENTED_EDGE('',*,*,#3123,.T.);
#4382=ORIENTED_EDGE('',*,*,#3134,.F.);
#4383=ORIENTED_EDGE('',*,*,#3135,.F.);
#4384=ORIENTED_EDGE('',*,*,#3136,.T.);
#4385=ORIENTED_EDGE('',*,*,#3124,.T.);
#4386=ORIENTED_EDGE('',*,*,#3133,.F.);
#4387=ORIENTED_EDGE('',*,*,#3137,.F.);
#4388=ORIENTED_EDGE('',*,*,#3134,.T.);
#4389=ORIENTED_EDGE('',*,*,#3125,.T.);
#4390=ORIENTED_EDGE('',*,*,#3136,.F.);
#4391=ORIENTED_EDGE('',*,*,#2649,.F.);
#4392=ORIENTED_EDGE('',*,*,#3138,.T.);
#4393=ORIENTED_EDGE('',*,*,#3119,.T.);
#4394=ORIENTED_EDGE('',*,*,#3109,.F.);
#4395=ORIENTED_EDGE('',*,*,#2974,.T.);
#4396=ORIENTED_EDGE('',*,*,#3120,.T.);
#4397=ORIENTED_EDGE('',*,*,#3138,.F.);
#4398=ORIENTED_EDGE('',*,*,#2648,.F.);
#4399=ORIENTED_EDGE('',*,*,#2967,.T.);
#4400=ORIENTED_EDGE('',*,*,#2515,.F.);
#4401=ORIENTED_EDGE('',*,*,#3118,.T.);
#4402=ORIENTED_EDGE('',*,*,#3122,.T.);
#4403=ORIENTED_EDGE('',*,*,#2885,.T.);
#4404=ORIENTED_EDGE('',*,*,#2690,.F.);
#4405=ORIENTED_EDGE('',*,*,#3139,.T.);
#4406=ORIENTED_EDGE('',*,*,#3088,.T.);
#4407=ORIENTED_EDGE('',*,*,#2689,.F.);
#4408=ORIENTED_EDGE('',*,*,#3140,.T.);
#4409=ORIENTED_EDGE('',*,*,#3089,.T.);
#4410=ORIENTED_EDGE('',*,*,#3139,.F.);
#4411=ORIENTED_EDGE('',*,*,#2688,.F.);
#4412=ORIENTED_EDGE('',*,*,#3141,.T.);
#4413=ORIENTED_EDGE('',*,*,#3090,.T.);
#4414=ORIENTED_EDGE('',*,*,#3140,.F.);
#4415=ORIENTED_EDGE('',*,*,#2687,.F.);
#4416=ORIENTED_EDGE('',*,*,#3142,.T.);
#4417=ORIENTED_EDGE('',*,*,#3091,.T.);
#4418=ORIENTED_EDGE('',*,*,#3141,.F.);
#4419=ORIENTED_EDGE('',*,*,#2686,.F.);
#4420=ORIENTED_EDGE('',*,*,#3143,.T.);
#4421=ORIENTED_EDGE('',*,*,#3092,.T.);
#4422=ORIENTED_EDGE('',*,*,#3142,.F.);
#4423=ORIENTED_EDGE('',*,*,#2685,.F.);
#4424=ORIENTED_EDGE('',*,*,#3144,.T.);
#4425=ORIENTED_EDGE('',*,*,#3093,.T.);
#4426=ORIENTED_EDGE('',*,*,#3143,.F.);
#4427=ORIENTED_EDGE('',*,*,#2684,.F.);
#4428=ORIENTED_EDGE('',*,*,#3145,.T.);
#4429=ORIENTED_EDGE('',*,*,#3094,.T.);
#4430=ORIENTED_EDGE('',*,*,#3144,.F.);
#4431=ORIENTED_EDGE('',*,*,#2683,.F.);
#4432=ORIENTED_EDGE('',*,*,#3146,.T.);
#4433=ORIENTED_EDGE('',*,*,#3095,.T.);
#4434=ORIENTED_EDGE('',*,*,#3145,.F.);
#4435=ORIENTED_EDGE('',*,*,#2682,.F.);
#4436=ORIENTED_EDGE('',*,*,#3147,.T.);
#4437=ORIENTED_EDGE('',*,*,#3096,.T.);
#4438=ORIENTED_EDGE('',*,*,#3146,.F.);
#4439=ORIENTED_EDGE('',*,*,#2681,.F.);
#4440=ORIENTED_EDGE('',*,*,#3148,.T.);
#4441=ORIENTED_EDGE('',*,*,#3097,.T.);
#4442=ORIENTED_EDGE('',*,*,#3147,.F.);
#4443=ORIENTED_EDGE('',*,*,#2680,.F.);
#4444=ORIENTED_EDGE('',*,*,#3149,.T.);
#4445=ORIENTED_EDGE('',*,*,#3098,.T.);
#4446=ORIENTED_EDGE('',*,*,#3148,.F.);
#4447=ORIENTED_EDGE('',*,*,#2679,.F.);
#4448=ORIENTED_EDGE('',*,*,#3150,.T.);
#4449=ORIENTED_EDGE('',*,*,#3099,.T.);
#4450=ORIENTED_EDGE('',*,*,#3149,.F.);
#4451=ORIENTED_EDGE('',*,*,#2678,.F.);
#4452=ORIENTED_EDGE('',*,*,#3151,.T.);
#4453=ORIENTED_EDGE('',*,*,#3100,.T.);
#4454=ORIENTED_EDGE('',*,*,#3150,.F.);
#4455=ORIENTED_EDGE('',*,*,#2677,.F.);
#4456=ORIENTED_EDGE('',*,*,#3152,.T.);
#4457=ORIENTED_EDGE('',*,*,#3101,.T.);
#4458=ORIENTED_EDGE('',*,*,#3151,.F.);
#4459=ORIENTED_EDGE('',*,*,#2676,.F.);
#4460=ORIENTED_EDGE('',*,*,#3153,.T.);
#4461=ORIENTED_EDGE('',*,*,#3102,.T.);
#4462=ORIENTED_EDGE('',*,*,#3152,.F.);
#4463=ORIENTED_EDGE('',*,*,#2675,.F.);
#4464=ORIENTED_EDGE('',*,*,#3154,.T.);
#4465=ORIENTED_EDGE('',*,*,#3103,.T.);
#4466=ORIENTED_EDGE('',*,*,#3153,.F.);
#4467=ORIENTED_EDGE('',*,*,#2674,.F.);
#4468=ORIENTED_EDGE('',*,*,#3155,.T.);
#4469=ORIENTED_EDGE('',*,*,#3104,.T.);
#4470=ORIENTED_EDGE('',*,*,#3154,.F.);
#4471=ORIENTED_EDGE('',*,*,#2673,.F.);
#4472=ORIENTED_EDGE('',*,*,#3156,.T.);
#4473=ORIENTED_EDGE('',*,*,#3105,.T.);
#4474=ORIENTED_EDGE('',*,*,#3155,.F.);
#4475=ORIENTED_EDGE('',*,*,#2672,.F.);
#4476=ORIENTED_EDGE('',*,*,#3157,.T.);
#4477=ORIENTED_EDGE('',*,*,#3106,.T.);
#4478=ORIENTED_EDGE('',*,*,#3156,.F.);
#4479=ORIENTED_EDGE('',*,*,#2671,.F.);
#4480=ORIENTED_EDGE('',*,*,#3158,.T.);
#4481=ORIENTED_EDGE('',*,*,#3107,.T.);
#4482=ORIENTED_EDGE('',*,*,#3157,.F.);
#4483=ORIENTED_EDGE('',*,*,#2670,.F.);
#4484=ORIENTED_EDGE('',*,*,#3073,.T.);
#4485=ORIENTED_EDGE('',*,*,#3108,.T.);
#4486=ORIENTED_EDGE('',*,*,#3158,.F.);
#4487=ORIENTED_EDGE('',*,*,#2895,.T.);
#4488=ORIENTED_EDGE('',*,*,#2666,.F.);
#4489=ORIENTED_EDGE('',*,*,#3159,.T.);
#4490=ORIENTED_EDGE('',*,*,#3084,.T.);
#4491=ORIENTED_EDGE('',*,*,#2904,.T.);
#4492=ORIENTED_EDGE('',*,*,#3085,.T.);
#4493=ORIENTED_EDGE('',*,*,#3159,.F.);
#4494=ORIENTED_EDGE('',*,*,#2665,.F.);
#4495=ORIENTED_EDGE('',*,*,#2660,.F.);
#4496=ORIENTED_EDGE('',*,*,#3160,.T.);
#4497=ORIENTED_EDGE('',*,*,#3086,.T.);
#4498=ORIENTED_EDGE('',*,*,#3076,.F.);
#4499=ORIENTED_EDGE('',*,*,#2659,.F.);
#4500=ORIENTED_EDGE('',*,*,#3083,.T.);
#4501=ORIENTED_EDGE('',*,*,#3087,.T.);
#4502=ORIENTED_EDGE('',*,*,#3160,.F.);
#4503=ORIENTED_EDGE('',*,*,#3161,.F.);
#4504=ORIENTED_EDGE('',*,*,#3162,.F.);
#4505=ORIENTED_EDGE('',*,*,#3163,.F.);
#4506=ORIENTED_EDGE('',*,*,#3164,.F.);
#4507=ORIENTED_EDGE('',*,*,#3165,.F.);
#4508=ORIENTED_EDGE('',*,*,#3166,.F.);
#4509=ORIENTED_EDGE('',*,*,#3167,.F.);
#4510=ORIENTED_EDGE('',*,*,#3168,.F.);
#4511=ORIENTED_EDGE('',*,*,#3127,.F.);
#4512=ORIENTED_EDGE('',*,*,#3007,.F.);
#4513=ORIENTED_EDGE('',*,*,#3008,.F.);
#4514=ORIENTED_EDGE('',*,*,#3004,.T.);
#4515=ORIENTED_EDGE('',*,*,#3001,.F.);
#4516=ORIENTED_EDGE('',*,*,#3126,.F.);
#4517=ORIENTED_EDGE('',*,*,#2999,.F.);
#4518=ORIENTED_EDGE('',*,*,#2997,.T.);
#4519=ORIENTED_EDGE('',*,*,#2994,.F.);
#4520=ORIENTED_EDGE('',*,*,#2993,.T.);
#4521=ORIENTED_EDGE('',*,*,#2640,.F.);
#4522=ORIENTED_EDGE('',*,*,#3169,.T.);
#4523=ORIENTED_EDGE('',*,*,#3161,.T.);
#4524=ORIENTED_EDGE('',*,*,#2639,.F.);
#4525=ORIENTED_EDGE('',*,*,#3170,.T.);
#4526=ORIENTED_EDGE('',*,*,#3162,.T.);
#4527=ORIENTED_EDGE('',*,*,#3169,.F.);
#4528=ORIENTED_EDGE('',*,*,#2638,.F.);
#4529=ORIENTED_EDGE('',*,*,#3171,.T.);
#4530=ORIENTED_EDGE('',*,*,#3163,.T.);
#4531=ORIENTED_EDGE('',*,*,#3170,.F.);
#4532=ORIENTED_EDGE('',*,*,#2637,.F.);
#4533=ORIENTED_EDGE('',*,*,#3172,.T.);
#4534=ORIENTED_EDGE('',*,*,#3164,.T.);
#4535=ORIENTED_EDGE('',*,*,#3171,.F.);
#4536=ORIENTED_EDGE('',*,*,#2636,.F.);
#4537=ORIENTED_EDGE('',*,*,#3173,.T.);
#4538=ORIENTED_EDGE('',*,*,#3165,.T.);
#4539=ORIENTED_EDGE('',*,*,#3172,.F.);
#4540=ORIENTED_EDGE('',*,*,#2635,.F.);
#4541=ORIENTED_EDGE('',*,*,#3174,.T.);
#4542=ORIENTED_EDGE('',*,*,#3166,.T.);
#4543=ORIENTED_EDGE('',*,*,#3173,.F.);
#4544=ORIENTED_EDGE('',*,*,#2634,.F.);
#4545=ORIENTED_EDGE('',*,*,#3175,.T.);
#4546=ORIENTED_EDGE('',*,*,#3167,.T.);
#4547=ORIENTED_EDGE('',*,*,#3174,.F.);
#4548=ORIENTED_EDGE('',*,*,#2633,.F.);
#4549=ORIENTED_EDGE('',*,*,#3128,.T.);
#4550=ORIENTED_EDGE('',*,*,#3168,.T.);
#4551=ORIENTED_EDGE('',*,*,#3175,.F.);
#4552=ORIENTED_EDGE('',*,*,#3176,.F.);
#4553=ORIENTED_EDGE('',*,*,#3177,.F.);
#4554=ORIENTED_EDGE('',*,*,#3178,.F.);
#4555=ORIENTED_EDGE('',*,*,#3179,.F.);
#4556=ORIENTED_EDGE('',*,*,#3180,.F.);
#4557=ORIENTED_EDGE('',*,*,#3181,.F.);
#4558=ORIENTED_EDGE('',*,*,#3182,.F.);
#4559=ORIENTED_EDGE('',*,*,#3183,.F.);
#4560=ORIENTED_EDGE('',*,*,#3067,.F.);
#4561=ORIENTED_EDGE('',*,*,#2876,.F.);
#4562=ORIENTED_EDGE('',*,*,#2874,.T.);
#4563=ORIENTED_EDGE('',*,*,#2871,.F.);
#4564=ORIENTED_EDGE('',*,*,#3069,.F.);
#4565=ORIENTED_EDGE('',*,*,#2868,.F.);
#4566=ORIENTED_EDGE('',*,*,#2866,.T.);
#4567=ORIENTED_EDGE('',*,*,#2869,.F.);
#4568=ORIENTED_EDGE('',*,*,#2862,.F.);
#4569=ORIENTED_EDGE('',*,*,#3184,.F.);
#4570=ORIENTED_EDGE('',*,*,#3185,.F.);
#4571=ORIENTED_EDGE('',*,*,#3065,.F.);
#4572=ORIENTED_EDGE('',*,*,#2851,.F.);
#4573=ORIENTED_EDGE('',*,*,#2852,.F.);
#4574=ORIENTED_EDGE('',*,*,#2848,.T.);
#4575=ORIENTED_EDGE('',*,*,#2845,.F.);
#4576=ORIENTED_EDGE('',*,*,#3064,.F.);
#4577=ORIENTED_EDGE('',*,*,#2843,.F.);
#4578=ORIENTED_EDGE('',*,*,#2841,.T.);
#4579=ORIENTED_EDGE('',*,*,#2838,.F.);
#4580=ORIENTED_EDGE('',*,*,#2861,.T.);
#4581=ORIENTED_EDGE('',*,*,#2497,.F.);
#4582=ORIENTED_EDGE('',*,*,#3186,.T.);
#4583=ORIENTED_EDGE('',*,*,#3184,.T.);
#4584=ORIENTED_EDGE('',*,*,#2496,.F.);
#4585=ORIENTED_EDGE('',*,*,#3066,.T.);
#4586=ORIENTED_EDGE('',*,*,#3185,.T.);
#4587=ORIENTED_EDGE('',*,*,#3186,.F.);
#4588=ORIENTED_EDGE('',*,*,#2837,.T.);
#4589=ORIENTED_EDGE('',*,*,#2704,.F.);
#4590=ORIENTED_EDGE('',*,*,#3187,.T.);
#4591=ORIENTED_EDGE('',*,*,#3176,.T.);
#4592=ORIENTED_EDGE('',*,*,#2703,.F.);
#4593=ORIENTED_EDGE('',*,*,#3188,.T.);
#4594=ORIENTED_EDGE('',*,*,#3177,.T.);
#4595=ORIENTED_EDGE('',*,*,#3187,.F.);
#4596=ORIENTED_EDGE('',*,*,#2702,.F.);
#4597=ORIENTED_EDGE('',*,*,#3189,.T.);
#4598=ORIENTED_EDGE('',*,*,#3178,.T.);
#4599=ORIENTED_EDGE('',*,*,#3188,.F.);
#4600=ORIENTED_EDGE('',*,*,#2701,.F.);
#4601=ORIENTED_EDGE('',*,*,#3190,.T.);
#4602=ORIENTED_EDGE('',*,*,#3179,.T.);
#4603=ORIENTED_EDGE('',*,*,#3189,.F.);
#4604=ORIENTED_EDGE('',*,*,#2700,.F.);
#4605=ORIENTED_EDGE('',*,*,#3191,.T.);
#4606=ORIENTED_EDGE('',*,*,#3180,.T.);
#4607=ORIENTED_EDGE('',*,*,#3190,.F.);
#4608=ORIENTED_EDGE('',*,*,#2699,.F.);
#4609=ORIENTED_EDGE('',*,*,#3192,.T.);
#4610=ORIENTED_EDGE('',*,*,#3181,.T.);
#4611=ORIENTED_EDGE('',*,*,#3191,.F.);
#4612=ORIENTED_EDGE('',*,*,#2698,.F.);
#4613=ORIENTED_EDGE('',*,*,#3193,.T.);
#4614=ORIENTED_EDGE('',*,*,#3182,.T.);
#4615=ORIENTED_EDGE('',*,*,#3192,.F.);
#4616=ORIENTED_EDGE('',*,*,#2697,.F.);
#4617=ORIENTED_EDGE('',*,*,#3068,.T.);
#4618=ORIENTED_EDGE('',*,*,#3183,.T.);
#4619=ORIENTED_EDGE('',*,*,#3193,.F.);
#4620=ORIENTED_EDGE('',*,*,#3194,.F.);
#4621=ORIENTED_EDGE('',*,*,#3195,.T.);
#4622=ORIENTED_EDGE('',*,*,#3196,.T.);
#4623=ORIENTED_EDGE('',*,*,#3195,.F.);
#4624=ORIENTED_EDGE('',*,*,#3196,.F.);
#4625=ORIENTED_EDGE('',*,*,#3132,.T.);
#4626=ORIENTED_EDGE('',*,*,#3137,.T.);
#4627=ORIENTED_EDGE('',*,*,#3135,.T.);
#4628=ORIENTED_EDGE('',*,*,#2763,.T.);
#4629=ORIENTED_EDGE('',*,*,#3131,.T.);
#4630=ORIENTED_EDGE('',*,*,#3194,.T.);
#4631=ORIENTED_EDGE('',*,*,#3197,.F.);
#4632=ORIENTED_EDGE('',*,*,#3198,.T.);
#4633=ORIENTED_EDGE('',*,*,#3199,.F.);
#4634=ORIENTED_EDGE('',*,*,#3198,.F.);
#4635=ORIENTED_EDGE('',*,*,#3200,.F.);
#4636=ORIENTED_EDGE('',*,*,#3201,.T.);
#4637=ORIENTED_EDGE('',*,*,#3202,.F.);
#4638=ORIENTED_EDGE('',*,*,#3201,.F.);
#4639=ORIENTED_EDGE('',*,*,#3202,.T.);
#4640=ORIENTED_EDGE('',*,*,#3199,.T.);
#4641=ORIENTED_EDGE('',*,*,#3200,.T.);
#4642=ORIENTED_EDGE('',*,*,#3197,.T.);
#4643=CYLINDRICAL_SURFACE('',#5038,17.5);
#4644=CYLINDRICAL_SURFACE('',#5041,17.5);
#4645=CYLINDRICAL_SURFACE('',#5044,17.5);
#4646=CYLINDRICAL_SURFACE('',#5051,17.5);
#4647=CYLINDRICAL_SURFACE('',#5054,17.5);
#4648=CYLINDRICAL_SURFACE('',#5057,17.5);
#4649=CYLINDRICAL_SURFACE('',#5060,17.5);
#4650=CYLINDRICAL_SURFACE('',#5063,17.5);
#4651=CYLINDRICAL_SURFACE('',#5066,17.5);
#4652=CYLINDRICAL_SURFACE('',#5069,17.5);
#4653=CYLINDRICAL_SURFACE('',#5072,17.5);
#4654=CYLINDRICAL_SURFACE('',#5075,17.5);
#4655=CYLINDRICAL_SURFACE('',#5078,17.5);
#4656=CYLINDRICAL_SURFACE('',#5156,17.5);
#4657=CYLINDRICAL_SURFACE('',#5159,17.5);
#4658=CYLINDRICAL_SURFACE('',#5162,17.5);
#4659=CYLINDRICAL_SURFACE('',#5165,17.5);
#4660=CYLINDRICAL_SURFACE('',#5168,17.5);
#4661=CYLINDRICAL_SURFACE('',#5171,17.5);
#4662=CYLINDRICAL_SURFACE('',#5174,17.5);
#4663=CYLINDRICAL_SURFACE('',#5177,17.5);
#4664=CYLINDRICAL_SURFACE('',#5180,17.5);
#4665=CYLINDRICAL_SURFACE('',#5183,17.5);
#4666=CYLINDRICAL_SURFACE('',#5186,17.5);
#4667=CYLINDRICAL_SURFACE('',#5189,17.5);
#4668=CYLINDRICAL_SURFACE('',#5192,17.5);
#4669=CYLINDRICAL_SURFACE('',#5195,17.5);
#4670=CYLINDRICAL_SURFACE('',#5198,17.5);
#4671=CYLINDRICAL_SURFACE('',#5201,17.5);
#4672=CYLINDRICAL_SURFACE('',#5204,17.5);
#4673=CYLINDRICAL_SURFACE('',#5207,17.5);
#4674=CYLINDRICAL_SURFACE('',#5210,17.5);
#4675=CYLINDRICAL_SURFACE('',#5213,17.5);
#4676=CYLINDRICAL_SURFACE('',#5216,17.5);
#4677=CYLINDRICAL_SURFACE('',#5219,17.5);
#4678=CYLINDRICAL_SURFACE('',#5222,17.5);
#4679=CYLINDRICAL_SURFACE('',#5225,17.5);
#4680=CYLINDRICAL_SURFACE('',#5228,17.5);
#4681=CYLINDRICAL_SURFACE('',#5231,17.5);
#4682=CYLINDRICAL_SURFACE('',#5234,17.5);
#4683=CYLINDRICAL_SURFACE('',#5237,19.5);
#4684=CYLINDRICAL_SURFACE('',#5242,19.5);
#4685=CYLINDRICAL_SURFACE('',#5247,19.5);
#4686=CYLINDRICAL_SURFACE('',#5252,19.5);
#4687=CYLINDRICAL_SURFACE('',#5257,19.5);
#4688=CYLINDRICAL_SURFACE('',#5262,19.5);
#4689=CYLINDRICAL_SURFACE('',#5267,19.5);
#4690=CYLINDRICAL_SURFACE('',#5272,19.5);
#4691=CYLINDRICAL_SURFACE('',#5277,19.5);
#4692=CYLINDRICAL_SURFACE('',#5282,19.5);
#4693=CYLINDRICAL_SURFACE('',#5287,19.5);
#4694=CYLINDRICAL_SURFACE('',#5292,19.5);
#4695=CYLINDRICAL_SURFACE('',#5297,19.5);
#4696=CYLINDRICAL_SURFACE('',#5303,19.5);
#4697=CYLINDRICAL_SURFACE('',#5321,19.5);
#4698=CYLINDRICAL_SURFACE('',#5339,19.5);
#4699=CYLINDRICAL_SURFACE('',#5416,19.5);
#4700=CYLINDRICAL_SURFACE('',#5434,19.5);
#4701=CYLINDRICAL_SURFACE('',#5441,19.5);
#4702=CYLINDRICAL_SURFACE('',#5447,19.5);
#4703=CYLINDRICAL_SURFACE('',#5452,19.5);
#4704=CYLINDRICAL_SURFACE('',#5457,19.5);
#4705=CYLINDRICAL_SURFACE('',#5462,19.5);
#4706=CYLINDRICAL_SURFACE('',#5467,19.5);
#4707=CYLINDRICAL_SURFACE('',#5472,19.5);
#4708=CYLINDRICAL_SURFACE('',#5477,19.5);
#4709=CYLINDRICAL_SURFACE('',#5482,19.5);
#4710=CYLINDRICAL_SURFACE('',#5487,19.5);
#4711=CYLINDRICAL_SURFACE('',#5492,19.5);
#4712=CYLINDRICAL_SURFACE('',#5497,19.5);
#4713=CYLINDRICAL_SURFACE('',#5502,19.5);
#4714=CYLINDRICAL_SURFACE('',#5507,19.5);
#4715=CYLINDRICAL_SURFACE('',#5517,19.5);
#4716=CYLINDRICAL_SURFACE('',#5522,19.5);
#4717=CYLINDRICAL_SURFACE('',#5527,19.5);
#4718=CYLINDRICAL_SURFACE('',#5534,19.5);
#4719=CYLINDRICAL_SURFACE('',#5540,19.5);
#4720=CYLINDRICAL_SURFACE('',#5556,15.5);
#4721=CYLINDRICAL_SURFACE('',#5560,17.5);
#4722=CYLINDRICAL_SURFACE('',#5563,19.5);
#4723=CYLINDRICAL_SURFACE('',#5566,22.5);
#4724=ADVANCED_FACE('',(#292),#4643,.T.);
#4725=ADVANCED_FACE('',(#293),#4644,.T.);
#4726=ADVANCED_FACE('',(#294),#4645,.T.);
#4727=ADVANCED_FACE('',(#295),#4646,.T.);
#4728=ADVANCED_FACE('',(#296),#4647,.T.);
#4729=ADVANCED_FACE('',(#297),#4648,.T.);
#4730=ADVANCED_FACE('',(#298),#4649,.T.);
#4731=ADVANCED_FACE('',(#299),#4650,.T.);
#4732=ADVANCED_FACE('',(#300),#4651,.T.);
#4733=ADVANCED_FACE('',(#301),#4652,.T.);
#4734=ADVANCED_FACE('',(#302),#4653,.T.);
#4735=ADVANCED_FACE('',(#303),#4654,.T.);
#4736=ADVANCED_FACE('',(#304),#4655,.T.);
#4737=ADVANCED_FACE('',(#305),#4656,.T.);
#4738=ADVANCED_FACE('',(#306),#4657,.T.);
#4739=ADVANCED_FACE('',(#307),#4658,.T.);
#4740=ADVANCED_FACE('',(#308),#4659,.T.);
#4741=ADVANCED_FACE('',(#309),#4660,.T.);
#4742=ADVANCED_FACE('',(#310),#4661,.T.);
#4743=ADVANCED_FACE('',(#311),#4662,.T.);
#4744=ADVANCED_FACE('',(#312),#4663,.T.);
#4745=ADVANCED_FACE('',(#313),#4664,.T.);
#4746=ADVANCED_FACE('',(#314),#4665,.T.);
#4747=ADVANCED_FACE('',(#315),#4666,.T.);
#4748=ADVANCED_FACE('',(#316),#4667,.T.);
#4749=ADVANCED_FACE('',(#317),#4668,.T.);
#4750=ADVANCED_FACE('',(#318),#4669,.T.);
#4751=ADVANCED_FACE('',(#319),#4670,.T.);
#4752=ADVANCED_FACE('',(#320),#4671,.T.);
#4753=ADVANCED_FACE('',(#321),#4672,.T.);
#4754=ADVANCED_FACE('',(#322),#4673,.T.);
#4755=ADVANCED_FACE('',(#323),#4674,.T.);
#4756=ADVANCED_FACE('',(#324),#4675,.T.);
#4757=ADVANCED_FACE('',(#325),#4676,.T.);
#4758=ADVANCED_FACE('',(#326),#4677,.T.);
#4759=ADVANCED_FACE('',(#327),#4678,.T.);
#4760=ADVANCED_FACE('',(#328),#4679,.T.);
#4761=ADVANCED_FACE('',(#329),#4680,.T.);
#4762=ADVANCED_FACE('',(#330),#4681,.T.);
#4763=ADVANCED_FACE('',(#331),#4682,.T.);
#4764=ADVANCED_FACE('',(#332),#4683,.T.);
#4765=ADVANCED_FACE('',(#333,#61),#118,.T.);
#4766=ADVANCED_FACE('',(#334,#62),#119,.F.);
#4767=ADVANCED_FACE('',(#335),#4684,.T.);
#4768=ADVANCED_FACE('',(#336,#63),#120,.T.);
#4769=ADVANCED_FACE('',(#337,#64),#121,.F.);
#4770=ADVANCED_FACE('',(#338),#4685,.T.);
#4771=ADVANCED_FACE('',(#339,#65),#122,.T.);
#4772=ADVANCED_FACE('',(#340,#66),#123,.F.);
#4773=ADVANCED_FACE('',(#341),#4686,.T.);
#4774=ADVANCED_FACE('',(#342,#67),#124,.T.);
#4775=ADVANCED_FACE('',(#343,#68),#125,.F.);
#4776=ADVANCED_FACE('',(#344),#4687,.T.);
#4777=ADVANCED_FACE('',(#345,#69),#126,.T.);
#4778=ADVANCED_FACE('',(#346,#70),#127,.F.);
#4779=ADVANCED_FACE('',(#347),#4688,.T.);
#4780=ADVANCED_FACE('',(#348,#71),#128,.T.);
#4781=ADVANCED_FACE('',(#349,#72),#129,.F.);
#4782=ADVANCED_FACE('',(#350),#4689,.T.);
#4783=ADVANCED_FACE('',(#351,#73),#130,.T.);
#4784=ADVANCED_FACE('',(#352,#74),#131,.F.);
#4785=ADVANCED_FACE('',(#353),#4690,.T.);
#4786=ADVANCED_FACE('',(#354,#75),#132,.T.);
#4787=ADVANCED_FACE('',(#355,#76),#133,.F.);
#4788=ADVANCED_FACE('',(#356),#4691,.T.);
#4789=ADVANCED_FACE('',(#357,#77),#134,.T.);
#4790=ADVANCED_FACE('',(#358,#78),#135,.F.);
#4791=ADVANCED_FACE('',(#359),#4692,.T.);
#4792=ADVANCED_FACE('',(#360,#79),#136,.T.);
#4793=ADVANCED_FACE('',(#361,#80),#137,.F.);
#4794=ADVANCED_FACE('',(#362),#4693,.T.);
#4795=ADVANCED_FACE('',(#363,#81),#138,.T.);
#4796=ADVANCED_FACE('',(#364,#82),#139,.F.);
#4797=ADVANCED_FACE('',(#365),#4694,.T.);
#4798=ADVANCED_FACE('',(#366,#83),#140,.T.);
#4799=ADVANCED_FACE('',(#367,#84),#141,.F.);
#4800=ADVANCED_FACE('',(#368),#4695,.T.);
#4801=ADVANCED_FACE('',(#369,#85),#142,.T.);
#4802=ADVANCED_FACE('',(#370,#86),#143,.F.);
#4803=ADVANCED_FACE('',(#371),#144,.T.);
#4804=ADVANCED_FACE('',(#372),#4696,.T.);
#4805=ADVANCED_FACE('',(#373),#145,.T.);
#4806=ADVANCED_FACE('',(#374),#146,.T.);
#4807=ADVANCED_FACE('',(#375),#147,.F.);
#4808=ADVANCED_FACE('',(#376),#148,.F.);
#4809=ADVANCED_FACE('',(#377),#149,.T.);
#4810=ADVANCED_FACE('',(#378),#150,.T.);
#4811=ADVANCED_FACE('',(#379),#151,.F.);
#4812=ADVANCED_FACE('',(#380),#152,.T.);
#4813=ADVANCED_FACE('',(#381),#153,.T.);
#4814=ADVANCED_FACE('',(#382),#154,.T.);
#4815=ADVANCED_FACE('',(#383),#155,.T.);
#4816=ADVANCED_FACE('',(#384),#4697,.T.);
#4817=ADVANCED_FACE('',(#385),#156,.T.);
#4818=ADVANCED_FACE('',(#386),#157,.T.);
#4819=ADVANCED_FACE('',(#387),#158,.F.);
#4820=ADVANCED_FACE('',(#388),#159,.T.);
#4821=ADVANCED_FACE('',(#389),#160,.T.);
#4822=ADVANCED_FACE('',(#390),#161,.T.);
#4823=ADVANCED_FACE('',(#391),#162,.F.);
#4824=ADVANCED_FACE('',(#392),#163,.F.);
#4825=ADVANCED_FACE('',(#393),#164,.T.);
#4826=ADVANCED_FACE('',(#394),#165,.T.);
#4827=ADVANCED_FACE('',(#395),#166,.T.);
#4828=ADVANCED_FACE('',(#396),#4698,.T.);
#4829=ADVANCED_FACE('',(#397),#167,.T.);
#4830=ADVANCED_FACE('',(#398),#168,.T.);
#4831=ADVANCED_FACE('',(#399),#169,.F.);
#4832=ADVANCED_FACE('',(#400),#170,.F.);
#4833=ADVANCED_FACE('',(#401),#171,.T.);
#4834=ADVANCED_FACE('',(#402),#172,.T.);
#4835=ADVANCED_FACE('',(#403),#173,.F.);
#4836=ADVANCED_FACE('',(#404),#174,.T.);
#4837=ADVANCED_FACE('',(#405),#175,.T.);
#4838=ADVANCED_FACE('',(#406),#176,.T.);
#4839=ADVANCED_FACE('',(#407),#177,.T.);
#4840=ADVANCED_FACE('',(#408),#178,.F.);
#4841=ADVANCED_FACE('',(#409),#179,.F.);
#4842=ADVANCED_FACE('',(#410),#180,.T.);
#4843=ADVANCED_FACE('',(#411),#181,.T.);
#4844=ADVANCED_FACE('',(#412),#182,.T.);
#4845=ADVANCED_FACE('',(#413),#183,.T.);
#4846=ADVANCED_FACE('',(#414),#184,.F.);
#4847=ADVANCED_FACE('',(#415),#185,.T.);
#4848=ADVANCED_FACE('',(#416),#186,.T.);
#4849=ADVANCED_FACE('',(#417),#187,.F.);
#4850=ADVANCED_FACE('',(#418),#188,.T.);
#4851=ADVANCED_FACE('',(#419),#189,.T.);
#4852=ADVANCED_FACE('',(#420),#190,.T.);
#4853=ADVANCED_FACE('',(#421),#191,.F.);
#4854=ADVANCED_FACE('',(#422),#192,.F.);
#4855=ADVANCED_FACE('',(#423),#193,.T.);
#4856=ADVANCED_FACE('',(#424),#194,.T.);
#4857=ADVANCED_FACE('',(#425),#195,.T.);
#4858=ADVANCED_FACE('',(#426),#196,.F.);
#4859=ADVANCED_FACE('',(#427),#197,.T.);
#4860=ADVANCED_FACE('',(#428),#198,.T.);
#4861=ADVANCED_FACE('',(#429),#199,.F.);
#4862=ADVANCED_FACE('',(#430),#200,.T.);
#4863=ADVANCED_FACE('',(#431),#201,.T.);
#4864=ADVANCED_FACE('',(#432),#202,.F.);
#4865=ADVANCED_FACE('',(#433),#203,.T.);
#4866=ADVANCED_FACE('',(#434),#204,.T.);
#4867=ADVANCED_FACE('',(#435),#205,.F.);
#4868=ADVANCED_FACE('',(#436),#206,.T.);
#4869=ADVANCED_FACE('',(#437),#207,.T.);
#4870=ADVANCED_FACE('',(#438),#208,.F.);
#4871=ADVANCED_FACE('',(#439),#209,.T.);
#4872=ADVANCED_FACE('',(#440),#210,.T.);
#4873=ADVANCED_FACE('',(#441),#211,.T.);
#4874=ADVANCED_FACE('',(#442),#212,.F.);
#4875=ADVANCED_FACE('',(#443),#213,.T.);
#4876=ADVANCED_FACE('',(#444),#4699,.T.);
#4877=ADVANCED_FACE('',(#445),#214,.T.);
#4878=ADVANCED_FACE('',(#446),#215,.T.);
#4879=ADVANCED_FACE('',(#447),#216,.F.);
#4880=ADVANCED_FACE('',(#448),#217,.F.);
#4881=ADVANCED_FACE('',(#449),#218,.T.);
#4882=ADVANCED_FACE('',(#450),#219,.T.);
#4883=ADVANCED_FACE('',(#451),#220,.F.);
#4884=ADVANCED_FACE('',(#452),#221,.T.);
#4885=ADVANCED_FACE('',(#453),#222,.T.);
#4886=ADVANCED_FACE('',(#454),#223,.T.);
#4887=ADVANCED_FACE('',(#455),#224,.T.);
#4888=ADVANCED_FACE('',(#456),#4700,.T.);
#4889=ADVANCED_FACE('',(#457),#225,.T.);
#4890=ADVANCED_FACE('',(#458),#226,.T.);
#4891=ADVANCED_FACE('',(#459),#227,.F.);
#4892=ADVANCED_FACE('',(#460),#228,.T.);
#4893=ADVANCED_FACE('',(#461),#4701,.T.);
#4894=ADVANCED_FACE('',(#462),#229,.T.);
#4895=ADVANCED_FACE('',(#463),#230,.T.);
#4896=ADVANCED_FACE('',(#464),#231,.F.);
#4897=ADVANCED_FACE('',(#465),#4702,.T.);
#4898=ADVANCED_FACE('',(#466,#87),#232,.T.);
#4899=ADVANCED_FACE('',(#467,#88),#233,.F.);
#4900=ADVANCED_FACE('',(#468),#4703,.T.);
#4901=ADVANCED_FACE('',(#469,#89),#234,.T.);
#4902=ADVANCED_FACE('',(#470,#90),#235,.F.);
#4903=ADVANCED_FACE('',(#471),#4704,.T.);
#4904=ADVANCED_FACE('',(#472,#91),#236,.T.);
#4905=ADVANCED_FACE('',(#473,#92),#237,.F.);
#4906=ADVANCED_FACE('',(#474),#4705,.T.);
#4907=ADVANCED_FACE('',(#475,#93),#238,.T.);
#4908=ADVANCED_FACE('',(#476,#94),#239,.F.);
#4909=ADVANCED_FACE('',(#477),#4706,.T.);
#4910=ADVANCED_FACE('',(#478,#95),#240,.T.);
#4911=ADVANCED_FACE('',(#479,#96),#241,.F.);
#4912=ADVANCED_FACE('',(#480),#4707,.T.);
#4913=ADVANCED_FACE('',(#481,#97),#242,.T.);
#4914=ADVANCED_FACE('',(#482,#98),#243,.F.);
#4915=ADVANCED_FACE('',(#483),#4708,.T.);
#4916=ADVANCED_FACE('',(#484,#99),#244,.T.);
#4917=ADVANCED_FACE('',(#485,#100),#245,.F.);
#4918=ADVANCED_FACE('',(#486),#4709,.T.);
#4919=ADVANCED_FACE('',(#487,#101),#246,.T.);
#4920=ADVANCED_FACE('',(#488,#102),#247,.F.);
#4921=ADVANCED_FACE('',(#489),#4710,.T.);
#4922=ADVANCED_FACE('',(#490,#103),#248,.T.);
#4923=ADVANCED_FACE('',(#491,#104),#249,.F.);
#4924=ADVANCED_FACE('',(#492),#4711,.T.);
#4925=ADVANCED_FACE('',(#493,#105),#250,.T.);
#4926=ADVANCED_FACE('',(#494,#106),#251,.F.);
#4927=ADVANCED_FACE('',(#495),#4712,.T.);
#4928=ADVANCED_FACE('',(#496,#107),#252,.T.);
#4929=ADVANCED_FACE('',(#497,#108),#253,.F.);
#4930=ADVANCED_FACE('',(#498),#4713,.T.);
#4931=ADVANCED_FACE('',(#499,#109),#254,.T.);
#4932=ADVANCED_FACE('',(#500,#110),#255,.F.);
#4933=ADVANCED_FACE('',(#501),#4714,.T.);
#4934=ADVANCED_FACE('',(#502,#111),#256,.T.);
#4935=ADVANCED_FACE('',(#503,#112),#257,.F.);
#4936=ADVANCED_FACE('',(#504),#258,.F.);
#4937=ADVANCED_FACE('',(#505),#259,.F.);
#4938=ADVANCED_FACE('',(#506),#260,.F.);
#4939=ADVANCED_FACE('',(#507),#261,.F.);
#4940=ADVANCED_FACE('',(#508),#17,.F.);
#4941=ADVANCED_FACE('',(#509),#18,.F.);
#4942=ADVANCED_FACE('',(#510),#19,.F.);
#4943=ADVANCED_FACE('',(#511),#20,.F.);
#4944=ADVANCED_FACE('',(#512),#21,.F.);
#4945=ADVANCED_FACE('',(#513),#22,.F.);
#4946=ADVANCED_FACE('',(#514),#23,.F.);
#4947=ADVANCED_FACE('',(#515),#24,.F.);
#4948=ADVANCED_FACE('',(#516),#25,.F.);
#4949=ADVANCED_FACE('',(#517),#4715,.T.);
#4950=ADVANCED_FACE('',(#518),#26,.F.);
#4951=ADVANCED_FACE('',(#519),#27,.F.);
#4952=ADVANCED_FACE('',(#520),#262,.F.);
#4953=ADVANCED_FACE('',(#521),#263,.F.);
#4954=ADVANCED_FACE('',(#522),#264,.F.);
#4955=ADVANCED_FACE('',(#523),#265,.F.);
#4956=ADVANCED_FACE('',(#524),#28,.F.);
#4957=ADVANCED_FACE('',(#525,#113),#4716,.T.);
#4958=ADVANCED_FACE('',(#526),#266,.F.);
#4959=ADVANCED_FACE('',(#527),#267,.F.);
#4960=ADVANCED_FACE('',(#528),#268,.F.);
#4961=ADVANCED_FACE('',(#529),#4717,.T.);
#4962=ADVANCED_FACE('',(#530,#114),#269,.F.);
#4963=ADVANCED_FACE('',(#531),#29,.F.);
#4964=ADVANCED_FACE('',(#532),#30,.F.);
#4965=ADVANCED_FACE('',(#533),#270,.F.);
#4966=ADVANCED_FACE('',(#534),#271,.F.);
#4967=ADVANCED_FACE('',(#535),#31,.F.);
#4968=ADVANCED_FACE('',(#536),#272,.F.);
#4969=ADVANCED_FACE('',(#537),#32,.F.);
#4970=ADVANCED_FACE('',(#538),#33,.F.);
#4971=ADVANCED_FACE('',(#539),#34,.F.);
#4972=ADVANCED_FACE('',(#540),#35,.F.);
#4973=ADVANCED_FACE('',(#541),#36,.F.);
#4974=ADVANCED_FACE('',(#542),#37,.F.);
#4975=ADVANCED_FACE('',(#543),#38,.F.);
#4976=ADVANCED_FACE('',(#544),#39,.F.);
#4977=ADVANCED_FACE('',(#545),#40,.F.);
#4978=ADVANCED_FACE('',(#546),#41,.F.);
#4979=ADVANCED_FACE('',(#547),#42,.F.);
#4980=ADVANCED_FACE('',(#548),#43,.F.);
#4981=ADVANCED_FACE('',(#549),#44,.F.);
#4982=ADVANCED_FACE('',(#550),#45,.F.);
#4983=ADVANCED_FACE('',(#551),#46,.F.);
#4984=ADVANCED_FACE('',(#552),#47,.F.);
#4985=ADVANCED_FACE('',(#553),#48,.F.);
#4986=ADVANCED_FACE('',(#554),#49,.F.);
#4987=ADVANCED_FACE('',(#555),#50,.F.);
#4988=ADVANCED_FACE('',(#556),#51,.F.);
#4989=ADVANCED_FACE('',(#557),#52,.F.);
#4990=ADVANCED_FACE('',(#558),#53,.F.);
#4991=ADVANCED_FACE('',(#559),#54,.F.);
#4992=ADVANCED_FACE('',(#560),#55,.F.);
#4993=ADVANCED_FACE('',(#561),#56,.F.);
#4994=ADVANCED_FACE('',(#562),#4718,.T.);
#4995=ADVANCED_FACE('',(#563),#273,.F.);
#4996=ADVANCED_FACE('',(#564),#274,.F.);
#4997=ADVANCED_FACE('',(#565),#57,.F.);
#4998=ADVANCED_FACE('',(#566),#275,.F.);
#4999=ADVANCED_FACE('',(#567),#58,.F.);
#5000=ADVANCED_FACE('',(#568),#59,.F.);
#5001=ADVANCED_FACE('',(#569),#276,.F.);
#5002=ADVANCED_FACE('',(#570),#60,.F.);
#5003=ADVANCED_FACE('',(#571),#4719,.T.);
#5004=ADVANCED_FACE('',(#572),#277,.F.);
#5005=ADVANCED_FACE('',(#573),#278,.F.);
#5006=ADVANCED_FACE('',(#574),#279,.F.);
#5007=ADVANCED_FACE('',(#575),#280,.F.);
#5008=ADVANCED_FACE('',(#576),#281,.F.);
#5009=ADVANCED_FACE('',(#577),#282,.F.);
#5010=ADVANCED_FACE('',(#578),#283,.F.);
#5011=ADVANCED_FACE('',(#579),#284,.F.);
#5012=ADVANCED_FACE('',(#580),#285,.F.);
#5013=ADVANCED_FACE('',(#581),#286,.F.);
#5014=ADVANCED_FACE('',(#582),#4720,.F.);
#5015=ADVANCED_FACE('',(#583),#287,.F.);
#5016=ADVANCED_FACE('',(#584),#4721,.T.);
#5017=ADVANCED_FACE('',(#585),#288,.T.);
#5018=ADVANCED_FACE('',(#586,#115),#289,.F.);
#5019=ADVANCED_FACE('',(#587),#4722,.F.);
#5020=ADVANCED_FACE('',(#588),#4723,.T.);
#5021=ADVANCED_FACE('',(#589,#116),#290,.T.);
#5022=ADVANCED_FACE('',(#590,#117),#291,.F.);
#5023=CLOSED_SHELL('',(#4724,#4725,#4726,#4727,#4728,#4729,#4730,#4731,
#4732,#4733,#4734,#4735,#4736,#4737,#4738,#4739,#4740,#4741,#4742,#4743,
#4744,#4745,#4746,#4747,#4748,#4749,#4750,#4751,#4752,#4753,#4754,#4755,
#4756,#4757,#4758,#4759,#4760,#4761,#4762,#4763,#4764,#4765,#4766,#4767,
#4768,#4769,#4770,#4771,#4772,#4773,#4774,#4775,#4776,#4777,#4778,#4779,
#4780,#4781,#4782,#4783,#4784,#4785,#4786,#4787,#4788,#4789,#4790,#4791,
#4792,#4793,#4794,#4795,#4796,#4797,#4798,#4799,#4800,#4801,#4802,#4803,
#4804,#4805,#4806,#4807,#4808,#4809,#4810,#4811,#4812,#4813,#4814,#4815,
#4816,#4817,#4818,#4819,#4820,#4821,#4822,#4823,#4824,#4825,#4826,#4827,
#4828,#4829,#4830,#4831,#4832,#4833,#4834,#4835,#4836,#4837,#4838,#4839,
#4840,#4841,#4842,#4843,#4844,#4845,#4846,#4847,#4848,#4849,#4850,#4851,
#4852,#4853,#4854,#4855,#4856,#4857,#4858,#4859,#4860,#4861,#4862,#4863,
#4864,#4865,#4866,#4867,#4868,#4869,#4870,#4871,#4872,#4873,#4874,#4875,
#4876,#4877,#4878,#4879,#4880,#4881,#4882,#4883,#4884,#4885,#4886,#4887,
#4888,#4889,#4890,#4891,#4892,#4893,#4894,#4895,#4896,#4897,#4898,#4899,
#4900,#4901,#4902,#4903,#4904,#4905,#4906,#4907,#4908,#4909,#4910,#4911,
#4912,#4913,#4914,#4915,#4916,#4917,#4918,#4919,#4920,#4921,#4922,#4923,
#4924,#4925,#4926,#4927,#4928,#4929,#4930,#4931,#4932,#4933,#4934,#4935,
#4936,#4937,#4938,#4939,#4940,#4941,#4942,#4943,#4944,#4945,#4946,#4947,
#4948,#4949,#4950,#4951,#4952,#4953,#4954,#4955,#4956,#4957,#4958,#4959,
#4960,#4961,#4962,#4963,#4964,#4965,#4966,#4967,#4968,#4969,#4970,#4971,
#4972,#4973,#4974,#4975,#4976,#4977,#4978,#4979,#4980,#4981,#4982,#4983,
#4984,#4985,#4986,#4987,#4988,#4989,#4990,#4991,#4992,#4993,#4994,#4995,
#4996,#4997,#4998,#4999,#5000,#5001,#5002,#5003,#5004,#5005,#5006,#5007,
#5008,#5009,#5010,#5011,#5012,#5013,#5014,#5015,#5016,#5017,#5018));
#5024=CLOSED_SHELL('',(#5019,#5020,#5021,#5022));
#5025=DERIVED_UNIT_ELEMENT(#5027,1.);
#5026=DERIVED_UNIT_ELEMENT(#9506,-3.);
#5027=(
MASS_UNIT()
NAMED_UNIT(*)
SI_UNIT(.KILO.,.GRAM.)
);
#5028=DERIVED_UNIT((#5025,#5026));
#5029=MEASURE_REPRESENTATION_ITEM('density measure',
POSITIVE_RATIO_MEASURE(7850.),#5028);
#5030=PROPERTY_DEFINITION_REPRESENTATION(#5035,#5032);
#5031=PROPERTY_DEFINITION_REPRESENTATION(#5036,#5033);
#5032=REPRESENTATION('material name',(#5034),#9503);
#5033=REPRESENTATION('density',(#5029),#9503);
#5034=DESCRIPTIVE_REPRESENTATION_ITEM('Steel','Steel');
#5035=PROPERTY_DEFINITION('material property','material name',#9513);
#5036=PROPERTY_DEFINITION('material property','density of part',#9513);
#5037=AXIS2_PLACEMENT_3D('',#6975,#5571,#5572);
#5038=AXIS2_PLACEMENT_3D('',#6976,#5573,#5574);
#5039=AXIS2_PLACEMENT_3D('',#6981,#5576,#5577);
#5040=AXIS2_PLACEMENT_3D('',#6992,#5578,#5579);
#5041=AXIS2_PLACEMENT_3D('',#6993,#5580,#5581);
#5042=AXIS2_PLACEMENT_3D('',#6998,#5583,#5584);
#5043=AXIS2_PLACEMENT_3D('',#7001,#5586,#5587);
#5044=AXIS2_PLACEMENT_3D('',#7002,#5588,#5589);
#5045=AXIS2_PLACEMENT_3D('',#7007,#5591,#5592);
#5046=AXIS2_PLACEMENT_3D('',#7011,#5594,#5595);
#5047=AXIS2_PLACEMENT_3D('',#7015,#5597,#5598);
#5048=AXIS2_PLACEMENT_3D('',#7019,#5600,#5601);
#5049=AXIS2_PLACEMENT_3D('',#7023,#5603,#5604);
#5050=AXIS2_PLACEMENT_3D('',#7026,#5606,#5607);
#5051=AXIS2_PLACEMENT_3D('',#7027,#5608,#5609);
#5052=AXIS2_PLACEMENT_3D('',#7032,#5611,#5612);
#5053=AXIS2_PLACEMENT_3D('',#7035,#5614,#5615);
#5054=AXIS2_PLACEMENT_3D('',#7036,#5616,#5617);
#5055=AXIS2_PLACEMENT_3D('',#7041,#5619,#5620);
#5056=AXIS2_PLACEMENT_3D('',#7044,#5622,#5623);
#5057=AXIS2_PLACEMENT_3D('',#7045,#5624,#5625);
#5058=AXIS2_PLACEMENT_3D('',#7050,#5627,#5628);
#5059=AXIS2_PLACEMENT_3D('',#7058,#5630,#5631);
#5060=AXIS2_PLACEMENT_3D('',#7059,#5632,#5633);
#5061=AXIS2_PLACEMENT_3D('',#7064,#5635,#5636);
#5062=AXIS2_PLACEMENT_3D('',#7067,#5638,#5639);
#5063=AXIS2_PLACEMENT_3D('',#7068,#5640,#5641);
#5064=AXIS2_PLACEMENT_3D('',#7073,#5643,#5644);
#5065=AXIS2_PLACEMENT_3D('',#7076,#5646,#5647);
#5066=AXIS2_PLACEMENT_3D('',#7077,#5648,#5649);
#5067=AXIS2_PLACEMENT_3D('',#7082,#5651,#5652);
#5068=AXIS2_PLACEMENT_3D('',#7085,#5654,#5655);
#5069=AXIS2_PLACEMENT_3D('',#7086,#5656,#5657);
#5070=AXIS2_PLACEMENT_3D('',#7091,#5659,#5660);
#5071=AXIS2_PLACEMENT_3D('',#7097,#5661,#5662);
#5072=AXIS2_PLACEMENT_3D('',#7098,#5663,#5664);
#5073=AXIS2_PLACEMENT_3D('',#7103,#5666,#5667);
#5074=AXIS2_PLACEMENT_3D('',#7109,#5668,#5669);
#5075=AXIS2_PLACEMENT_3D('',#7110,#5670,#5671);
#5076=AXIS2_PLACEMENT_3D('',#7115,#5673,#5674);
#5077=AXIS2_PLACEMENT_3D('',#7126,#5675,#5676);
#5078=AXIS2_PLACEMENT_3D('',#7127,#5677,#5678);
#5079=AXIS2_PLACEMENT_3D('',#7129,#5679,#5680);
#5080=AXIS2_PLACEMENT_3D('',#7133,#5682,#5683);
#5081=AXIS2_PLACEMENT_3D('',#7137,#5685,#5686);
#5082=AXIS2_PLACEMENT_3D('',#7141,#5688,#5689);
#5083=AXIS2_PLACEMENT_3D('',#7145,#5691,#5692);
#5084=AXIS2_PLACEMENT_3D('',#7149,#5694,#5695);
#5085=AXIS2_PLACEMENT_3D('',#7152,#5697,#5698);
#5086=AXIS2_PLACEMENT_3D('',#7154,#5699,#5700);
#5087=AXIS2_PLACEMENT_3D('',#7157,#5702,#5703);
#5088=AXIS2_PLACEMENT_3D('',#7159,#5704,#5705);
#5089=AXIS2_PLACEMENT_3D('',#7162,#5707,#5708);
#5090=AXIS2_PLACEMENT_3D('',#7164,#5709,#5710);
#5091=AXIS2_PLACEMENT_3D('',#7168,#5712,#5713);
#5092=AXIS2_PLACEMENT_3D('',#7172,#5715,#5716);
#5093=AXIS2_PLACEMENT_3D('',#7176,#5718,#5719);
#5094=AXIS2_PLACEMENT_3D('',#7180,#5721,#5722);
#5095=AXIS2_PLACEMENT_3D('',#7183,#5724,#5725);
#5096=AXIS2_PLACEMENT_3D('',#7185,#5726,#5727);
#5097=AXIS2_PLACEMENT_3D('',#7188,#5729,#5730);
#5098=AXIS2_PLACEMENT_3D('',#7190,#5731,#5732);
#5099=AXIS2_PLACEMENT_3D('',#7193,#5734,#5735);
#5100=AXIS2_PLACEMENT_3D('',#7195,#5736,#5737);
#5101=AXIS2_PLACEMENT_3D('',#7198,#5739,#5740);
#5102=AXIS2_PLACEMENT_3D('',#7200,#5741,#5742);
#5103=AXIS2_PLACEMENT_3D('',#7204,#5744,#5745);
#5104=AXIS2_PLACEMENT_3D('',#7208,#5747,#5748);
#5105=AXIS2_PLACEMENT_3D('',#7211,#5750,#5751);
#5106=AXIS2_PLACEMENT_3D('',#7213,#5752,#5753);
#5107=AXIS2_PLACEMENT_3D('',#7216,#5755,#5756);
#5108=AXIS2_PLACEMENT_3D('',#7218,#5757,#5758);
#5109=AXIS2_PLACEMENT_3D('',#7221,#5760,#5761);
#5110=AXIS2_PLACEMENT_3D('',#7223,#5762,#5763);
#5111=AXIS2_PLACEMENT_3D('',#7226,#5765,#5766);
#5112=AXIS2_PLACEMENT_3D('',#7228,#5767,#5768);
#5113=AXIS2_PLACEMENT_3D('',#7231,#5770,#5771);
#5114=AXIS2_PLACEMENT_3D('',#7233,#5772,#5773);
#5115=AXIS2_PLACEMENT_3D('',#7237,#5775,#5776);
#5116=AXIS2_PLACEMENT_3D('',#7241,#5778,#5779);
#5117=AXIS2_PLACEMENT_3D('',#7245,#5781,#5782);
#5118=AXIS2_PLACEMENT_3D('',#7249,#5784,#5785);
#5119=AXIS2_PLACEMENT_3D('',#7252,#5787,#5788);
#5120=AXIS2_PLACEMENT_3D('',#7254,#5789,#5790);
#5121=AXIS2_PLACEMENT_3D('',#7258,#5792,#5793);
#5122=AXIS2_PLACEMENT_3D('',#7262,#5795,#5796);
#5123=AXIS2_PLACEMENT_3D('',#7266,#5798,#5799);
#5124=AXIS2_PLACEMENT_3D('',#7270,#5801,#5802);
#5125=AXIS2_PLACEMENT_3D('',#7274,#5804,#5805);
#5126=AXIS2_PLACEMENT_3D('',#7277,#5807,#5808);
#5127=AXIS2_PLACEMENT_3D('',#7279,#5809,#5810);
#5128=AXIS2_PLACEMENT_3D('',#7282,#5812,#5813);
#5129=AXIS2_PLACEMENT_3D('',#7284,#5814,#5815);
#5130=AXIS2_PLACEMENT_3D('',#7287,#5817,#5818);
#5131=AXIS2_PLACEMENT_3D('',#7289,#5819,#5820);
#5132=AXIS2_PLACEMENT_3D('',#7293,#5822,#5823);
#5133=AXIS2_PLACEMENT_3D('',#7319,#5826,#5827);
#5134=AXIS2_PLACEMENT_3D('',#7322,#5829,#5830);
#5135=AXIS2_PLACEMENT_3D('',#7324,#5831,#5832);
#5136=AXIS2_PLACEMENT_3D('',#7327,#5834,#5835);
#5137=AXIS2_PLACEMENT_3D('',#7329,#5836,#5837);
#5138=AXIS2_PLACEMENT_3D('',#7333,#5839,#5840);
#5139=AXIS2_PLACEMENT_3D('',#7349,#5843,#5844);
#5140=AXIS2_PLACEMENT_3D('',#7357,#5846,#5847);
#5141=AXIS2_PLACEMENT_3D('',#7359,#5848,#5849);
#5142=AXIS2_PLACEMENT_3D('',#7383,#5851,#5852);
#5143=AXIS2_PLACEMENT_3D('',#7387,#5854,#5855);
#5144=AXIS2_PLACEMENT_3D('',#7399,#5856,#5857);
#5145=AXIS2_PLACEMENT_3D('',#7512,#5859,#5860);
#5146=AXIS2_PLACEMENT_3D('',#7514,#5861,#5862);
#5147=AXIS2_PLACEMENT_3D('',#7517,#5864,#5865);
#5148=AXIS2_PLACEMENT_3D('',#7519,#5866,#5867);
#5149=AXIS2_PLACEMENT_3D('',#7523,#5869,#5870);
#5150=AXIS2_PLACEMENT_3D('',#7527,#5872,#5873);
#5151=AXIS2_PLACEMENT_3D('',#7531,#5875,#5876);
#5152=AXIS2_PLACEMENT_3D('',#7535,#5878,#5879);
#5153=AXIS2_PLACEMENT_3D('',#7538,#5881,#5882);
#5154=AXIS2_PLACEMENT_3D('',#7540,#5883,#5884);
#5155=AXIS2_PLACEMENT_3D('',#7543,#5886,#5887);
#5156=AXIS2_PLACEMENT_3D('',#7544,#5888,#5889);
#5157=AXIS2_PLACEMENT_3D('',#7546,#5890,#5891);
#5158=AXIS2_PLACEMENT_3D('',#7549,#5893,#5894);
#5159=AXIS2_PLACEMENT_3D('',#7550,#5895,#5896);
#5160=AXIS2_PLACEMENT_3D('',#7552,#5897,#5898);
#5161=AXIS2_PLACEMENT_3D('',#7555,#5900,#5901);
#5162=AXIS2_PLACEMENT_3D('',#7556,#5902,#5903);
#5163=AXIS2_PLACEMENT_3D('',#7558,#5904,#5905);
#5164=AXIS2_PLACEMENT_3D('',#7561,#5907,#5908);
#5165=AXIS2_PLACEMENT_3D('',#7562,#5909,#5910);
#5166=AXIS2_PLACEMENT_3D('',#7564,#5911,#5912);
#5167=AXIS2_PLACEMENT_3D('',#7567,#5914,#5915);
#5168=AXIS2_PLACEMENT_3D('',#7568,#5916,#5917);
#5169=AXIS2_PLACEMENT_3D('',#7570,#5918,#5919);
#5170=AXIS2_PLACEMENT_3D('',#7573,#5921,#5922);
#5171=AXIS2_PLACEMENT_3D('',#7574,#5923,#5924);
#5172=AXIS2_PLACEMENT_3D('',#7576,#5925,#5926);
#5173=AXIS2_PLACEMENT_3D('',#7579,#5928,#5929);
#5174=AXIS2_PLACEMENT_3D('',#7580,#5930,#5931);
#5175=AXIS2_PLACEMENT_3D('',#7582,#5932,#5933);
#5176=AXIS2_PLACEMENT_3D('',#7585,#5935,#5936);
#5177=AXIS2_PLACEMENT_3D('',#7586,#5937,#5938);
#5178=AXIS2_PLACEMENT_3D('',#7588,#5939,#5940);
#5179=AXIS2_PLACEMENT_3D('',#7591,#5942,#5943);
#5180=AXIS2_PLACEMENT_3D('',#7592,#5944,#5945);
#5181=AXIS2_PLACEMENT_3D('',#7594,#5946,#5947);
#5182=AXIS2_PLACEMENT_3D('',#7597,#5949,#5950);
#5183=AXIS2_PLACEMENT_3D('',#7598,#5951,#5952);
#5184=AXIS2_PLACEMENT_3D('',#7600,#5953,#5954);
#5185=AXIS2_PLACEMENT_3D('',#7603,#5956,#5957);
#5186=AXIS2_PLACEMENT_3D('',#7604,#5958,#5959);
#5187=AXIS2_PLACEMENT_3D('',#7606,#5960,#5961);
#5188=AXIS2_PLACEMENT_3D('',#7609,#5963,#5964);
#5189=AXIS2_PLACEMENT_3D('',#7610,#5965,#5966);
#5190=AXIS2_PLACEMENT_3D('',#7612,#5967,#5968);
#5191=AXIS2_PLACEMENT_3D('',#7615,#5970,#5971);
#5192=AXIS2_PLACEMENT_3D('',#7616,#5972,#5973);
#5193=AXIS2_PLACEMENT_3D('',#7618,#5974,#5975);
#5194=AXIS2_PLACEMENT_3D('',#7621,#5977,#5978);
#5195=AXIS2_PLACEMENT_3D('',#7622,#5979,#5980);
#5196=AXIS2_PLACEMENT_3D('',#7624,#5981,#5982);
#5197=AXIS2_PLACEMENT_3D('',#7627,#5984,#5985);
#5198=AXIS2_PLACEMENT_3D('',#7628,#5986,#5987);
#5199=AXIS2_PLACEMENT_3D('',#7630,#5988,#5989);
#5200=AXIS2_PLACEMENT_3D('',#7633,#5991,#5992);
#5201=AXIS2_PLACEMENT_3D('',#7634,#5993,#5994);
#5202=AXIS2_PLACEMENT_3D('',#7636,#5995,#5996);
#5203=AXIS2_PLACEMENT_3D('',#7639,#5998,#5999);
#5204=AXIS2_PLACEMENT_3D('',#7640,#6000,#6001);
#5205=AXIS2_PLACEMENT_3D('',#7642,#6002,#6003);
#5206=AXIS2_PLACEMENT_3D('',#7645,#6005,#6006);
#5207=AXIS2_PLACEMENT_3D('',#7646,#6007,#6008);
#5208=AXIS2_PLACEMENT_3D('',#7648,#6009,#6010);
#5209=AXIS2_PLACEMENT_3D('',#7651,#6012,#6013);
#5210=AXIS2_PLACEMENT_3D('',#7652,#6014,#6015);
#5211=AXIS2_PLACEMENT_3D('',#7654,#6016,#6017);
#5212=AXIS2_PLACEMENT_3D('',#7657,#6019,#6020);
#5213=AXIS2_PLACEMENT_3D('',#7658,#6021,#6022);
#5214=AXIS2_PLACEMENT_3D('',#7660,#6023,#6024);
#5215=AXIS2_PLACEMENT_3D('',#7663,#6026,#6027);
#5216=AXIS2_PLACEMENT_3D('',#7664,#6028,#6029);
#5217=AXIS2_PLACEMENT_3D('',#7666,#6030,#6031);
#5218=AXIS2_PLACEMENT_3D('',#7669,#6033,#6034);
#5219=AXIS2_PLACEMENT_3D('',#7670,#6035,#6036);
#5220=AXIS2_PLACEMENT_3D('',#7672,#6037,#6038);
#5221=AXIS2_PLACEMENT_3D('',#7675,#6040,#6041);
#5222=AXIS2_PLACEMENT_3D('',#7676,#6042,#6043);
#5223=AXIS2_PLACEMENT_3D('',#7678,#6044,#6045);
#5224=AXIS2_PLACEMENT_3D('',#7681,#6047,#6048);
#5225=AXIS2_PLACEMENT_3D('',#7682,#6049,#6050);
#5226=AXIS2_PLACEMENT_3D('',#7684,#6051,#6052);
#5227=AXIS2_PLACEMENT_3D('',#7687,#6054,#6055);
#5228=AXIS2_PLACEMENT_3D('',#7688,#6056,#6057);
#5229=AXIS2_PLACEMENT_3D('',#7690,#6058,#6059);
#5230=AXIS2_PLACEMENT_3D('',#7693,#6061,#6062);
#5231=AXIS2_PLACEMENT_3D('',#7694,#6063,#6064);
#5232=AXIS2_PLACEMENT_3D('',#7696,#6065,#6066);
#5233=AXIS2_PLACEMENT_3D('',#7699,#6068,#6069);
#5234=AXIS2_PLACEMENT_3D('',#7700,#6070,#6071);
#5235=AXIS2_PLACEMENT_3D('',#7702,#6072,#6073);
#5236=AXIS2_PLACEMENT_3D('',#7705,#6075,#6076);
#5237=AXIS2_PLACEMENT_3D('',#7706,#6077,#6078);
#5238=AXIS2_PLACEMENT_3D('',#7708,#6079,#6080);
#5239=AXIS2_PLACEMENT_3D('',#7711,#6082,#6083);
#5240=AXIS2_PLACEMENT_3D('',#7712,#6084,#6085);
#5241=AXIS2_PLACEMENT_3D('',#7713,#6086,#6087);
#5242=AXIS2_PLACEMENT_3D('',#7714,#6088,#6089);
#5243=AXIS2_PLACEMENT_3D('',#7716,#6090,#6091);
#5244=AXIS2_PLACEMENT_3D('',#7719,#6093,#6094);
#5245=AXIS2_PLACEMENT_3D('',#7720,#6095,#6096);
#5246=AXIS2_PLACEMENT_3D('',#7721,#6097,#6098);
#5247=AXIS2_PLACEMENT_3D('',#7722,#6099,#6100);
#5248=AXIS2_PLACEMENT_3D('',#7724,#6101,#6102);
#5249=AXIS2_PLACEMENT_3D('',#7727,#6104,#6105);
#5250=AXIS2_PLACEMENT_3D('',#7728,#6106,#6107);
#5251=AXIS2_PLACEMENT_3D('',#7729,#6108,#6109);
#5252=AXIS2_PLACEMENT_3D('',#7730,#6110,#6111);
#5253=AXIS2_PLACEMENT_3D('',#7732,#6112,#6113);
#5254=AXIS2_PLACEMENT_3D('',#7735,#6115,#6116);
#5255=AXIS2_PLACEMENT_3D('',#7736,#6117,#6118);
#5256=AXIS2_PLACEMENT_3D('',#7737,#6119,#6120);
#5257=AXIS2_PLACEMENT_3D('',#7738,#6121,#6122);
#5258=AXIS2_PLACEMENT_3D('',#7740,#6123,#6124);
#5259=AXIS2_PLACEMENT_3D('',#7743,#6126,#6127);
#5260=AXIS2_PLACEMENT_3D('',#7744,#6128,#6129);
#5261=AXIS2_PLACEMENT_3D('',#7745,#6130,#6131);
#5262=AXIS2_PLACEMENT_3D('',#7746,#6132,#6133);
#5263=AXIS2_PLACEMENT_3D('',#7748,#6134,#6135);
#5264=AXIS2_PLACEMENT_3D('',#7751,#6137,#6138);
#5265=AXIS2_PLACEMENT_3D('',#7752,#6139,#6140);
#5266=AXIS2_PLACEMENT_3D('',#7753,#6141,#6142);
#5267=AXIS2_PLACEMENT_3D('',#7754,#6143,#6144);
#5268=AXIS2_PLACEMENT_3D('',#7756,#6145,#6146);
#5269=AXIS2_PLACEMENT_3D('',#7759,#6148,#6149);
#5270=AXIS2_PLACEMENT_3D('',#7760,#6150,#6151);
#5271=AXIS2_PLACEMENT_3D('',#7761,#6152,#6153);
#5272=AXIS2_PLACEMENT_3D('',#7762,#6154,#6155);
#5273=AXIS2_PLACEMENT_3D('',#7764,#6156,#6157);
#5274=AXIS2_PLACEMENT_3D('',#7767,#6159,#6160);
#5275=AXIS2_PLACEMENT_3D('',#7768,#6161,#6162);
#5276=AXIS2_PLACEMENT_3D('',#7769,#6163,#6164);
#5277=AXIS2_PLACEMENT_3D('',#7770,#6165,#6166);
#5278=AXIS2_PLACEMENT_3D('',#7772,#6167,#6168);
#5279=AXIS2_PLACEMENT_3D('',#7775,#6170,#6171);
#5280=AXIS2_PLACEMENT_3D('',#7776,#6172,#6173);
#5281=AXIS2_PLACEMENT_3D('',#7777,#6174,#6175);
#5282=AXIS2_PLACEMENT_3D('',#7778,#6176,#6177);
#5283=AXIS2_PLACEMENT_3D('',#7780,#6178,#6179);
#5284=AXIS2_PLACEMENT_3D('',#7783,#6181,#6182);
#5285=AXIS2_PLACEMENT_3D('',#7784,#6183,#6184);
#5286=AXIS2_PLACEMENT_3D('',#7785,#6185,#6186);
#5287=AXIS2_PLACEMENT_3D('',#7786,#6187,#6188);
#5288=AXIS2_PLACEMENT_3D('',#7788,#6189,#6190);
#5289=AXIS2_PLACEMENT_3D('',#7791,#6192,#6193);
#5290=AXIS2_PLACEMENT_3D('',#7792,#6194,#6195);
#5291=AXIS2_PLACEMENT_3D('',#7793,#6196,#6197);
#5292=AXIS2_PLACEMENT_3D('',#7794,#6198,#6199);
#5293=AXIS2_PLACEMENT_3D('',#7796,#6200,#6201);
#5294=AXIS2_PLACEMENT_3D('',#7799,#6203,#6204);
#5295=AXIS2_PLACEMENT_3D('',#7800,#6205,#6206);
#5296=AXIS2_PLACEMENT_3D('',#7801,#6207,#6208);
#5297=AXIS2_PLACEMENT_3D('',#7802,#6209,#6210);
#5298=AXIS2_PLACEMENT_3D('',#7804,#6211,#6212);
#5299=AXIS2_PLACEMENT_3D('',#7807,#6214,#6215);
#5300=AXIS2_PLACEMENT_3D('',#7808,#6216,#6217);
#5301=AXIS2_PLACEMENT_3D('',#7809,#6218,#6219);
#5302=AXIS2_PLACEMENT_3D('',#7810,#6220,#6221);
#5303=AXIS2_PLACEMENT_3D('',#7816,#6225,#6226);
#5304=AXIS2_PLACEMENT_3D('',#7818,#6227,#6228);
#5305=AXIS2_PLACEMENT_3D('',#7820,#6229,#6230);
#5306=AXIS2_PLACEMENT_3D('',#7822,#6232,#6233);
#5307=AXIS2_PLACEMENT_3D('',#7825,#6236,#6237);
#5308=AXIS2_PLACEMENT_3D('',#7826,#6238,#6239);
#5309=AXIS2_PLACEMENT_3D('',#7827,#6240,#6241);
#5310=AXIS2_PLACEMENT_3D('',#7831,#6243,#6244);
#5311=AXIS2_PLACEMENT_3D('',#7833,#6246,#6247);
#5312=AXIS2_PLACEMENT_3D('',#7837,#6250,#6251);
#5313=AXIS2_PLACEMENT_3D('',#7840,#6253,#6254);
#5314=AXIS2_PLACEMENT_3D('',#7841,#6255,#6256);
#5315=AXIS2_PLACEMENT_3D('',#7845,#6258,#6259);
#5316=AXIS2_PLACEMENT_3D('',#7847,#6261,#6262);
#5317=AXIS2_PLACEMENT_3D('',#7851,#6265,#6266);
#5318=AXIS2_PLACEMENT_3D('',#7857,#6270,#6271);
#5319=AXIS2_PLACEMENT_3D('',#7858,#6272,#6273);
#5320=AXIS2_PLACEMENT_3D('',#7859,#6274,#6275);
#5321=AXIS2_PLACEMENT_3D('',#7865,#6279,#6280);
#5322=AXIS2_PLACEMENT_3D('',#7867,#6281,#6282);
#5323=AXIS2_PLACEMENT_3D('',#7869,#6283,#6284);
#5324=AXIS2_PLACEMENT_3D('',#7871,#6286,#6287);
#5325=AXIS2_PLACEMENT_3D('',#7874,#6290,#6291);
#5326=AXIS2_PLACEMENT_3D('',#7875,#6292,#6293);
#5327=AXIS2_PLACEMENT_3D('',#7876,#6294,#6295);
#5328=AXIS2_PLACEMENT_3D('',#7882,#6299,#6300);
#5329=AXIS2_PLACEMENT_3D('',#7888,#6304,#6305);
#5330=AXIS2_PLACEMENT_3D('',#7891,#6307,#6308);
#5331=AXIS2_PLACEMENT_3D('',#7892,#6309,#6310);
#5332=AXIS2_PLACEMENT_3D('',#7893,#6311,#6312);
#5333=AXIS2_PLACEMENT_3D('',#7894,#6313,#6314);
#5334=AXIS2_PLACEMENT_3D('',#7898,#6316,#6317);
#5335=AXIS2_PLACEMENT_3D('',#7900,#6319,#6320);
#5336=AXIS2_PLACEMENT_3D('',#7904,#6323,#6324);
#5337=AXIS2_PLACEMENT_3D('',#7907,#6326,#6327);
#5338=AXIS2_PLACEMENT_3D('',#7908,#6328,#6329);
#5339=AXIS2_PLACEMENT_3D('',#7914,#6333,#6334);
#5340=AXIS2_PLACEMENT_3D('',#7916,#6335,#6336);
#5341=AXIS2_PLACEMENT_3D('',#7918,#6337,#6338);
#5342=AXIS2_PLACEMENT_3D('',#7920,#6340,#6341);
#5343=AXIS2_PLACEMENT_3D('',#7923,#6344,#6345);
#5344=AXIS2_PLACEMENT_3D('',#7924,#6346,#6347);
#5345=AXIS2_PLACEMENT_3D('',#7925,#6348,#6349);
#5346=AXIS2_PLACEMENT_3D('',#7934,#6350,#6351);
#5347=AXIS2_PLACEMENT_3D('',#7936,#6353,#6354);
#5348=AXIS2_PLACEMENT_3D('',#7940,#6357,#6358);
#5349=AXIS2_PLACEMENT_3D('',#7948,#6359,#6360);
#5350=AXIS2_PLACEMENT_3D('',#7949,#6361,#6362);
#5351=AXIS2_PLACEMENT_3D('',#7958,#6363,#6364);
#5352=AXIS2_PLACEMENT_3D('',#7960,#6366,#6367);
#5353=AXIS2_PLACEMENT_3D('',#7969,#6368,#6369);
#5354=AXIS2_PLACEMENT_3D('',#7971,#6371,#6372);
#5355=AXIS2_PLACEMENT_3D('',#7975,#6375,#6376);
#5356=AXIS2_PLACEMENT_3D('',#7988,#6378,#6379);
#5357=AXIS2_PLACEMENT_3D('',#7996,#6380,#6381);
#5358=AXIS2_PLACEMENT_3D('',#7997,#6382,#6383);
#5359=AXIS2_PLACEMENT_3D('',#8007,#6385,#6386);
#5360=AXIS2_PLACEMENT_3D('',#8008,#6387,#6388);
#5361=AXIS2_PLACEMENT_3D('',#8017,#6389,#6390);
#5362=AXIS2_PLACEMENT_3D('',#8019,#6392,#6393);
#5363=AXIS2_PLACEMENT_3D('',#8028,#6394,#6395);
#5364=AXIS2_PLACEMENT_3D('',#8030,#6397,#6398);
#5365=AXIS2_PLACEMENT_3D('',#8034,#6401,#6402);
#5366=AXIS2_PLACEMENT_3D('',#8036,#6404,#6405);
#5367=AXIS2_PLACEMENT_3D('',#8044,#6406,#6407);
#5368=AXIS2_PLACEMENT_3D('',#8045,#6408,#6409);
#5369=AXIS2_PLACEMENT_3D('',#8054,#6410,#6411);
#5370=AXIS2_PLACEMENT_3D('',#8056,#6413,#6414);
#5371=AXIS2_PLACEMENT_3D('',#8060,#6417,#6418);
#5372=AXIS2_PLACEMENT_3D('',#8068,#6419,#6420);
#5373=AXIS2_PLACEMENT_3D('',#8069,#6421,#6422);
#5374=AXIS2_PLACEMENT_3D('',#8078,#6423,#6424);
#5375=AXIS2_PLACEMENT_3D('',#8080,#6426,#6427);
#5376=AXIS2_PLACEMENT_3D('',#8084,#6430,#6431);
#5377=AXIS2_PLACEMENT_3D('',#8102,#6434,#6435);
#5378=AXIS2_PLACEMENT_3D('',#8103,#6436,#6437);
#5379=AXIS2_PLACEMENT_3D('',#8104,#6438,#6439);
#5380=AXIS2_PLACEMENT_3D('',#8114,#6441,#6442);
#5381=AXIS2_PLACEMENT_3D('',#8115,#6443,#6444);
#5382=AXIS2_PLACEMENT_3D('',#8119,#6446,#6447);
#5383=AXIS2_PLACEMENT_3D('',#8121,#6449,#6450);
#5384=AXIS2_PLACEMENT_3D('',#8131,#6452,#6453);
#5385=AXIS2_PLACEMENT_3D('',#8135,#6456,#6457);
#5386=AXIS2_PLACEMENT_3D('',#8138,#6459,#6460);
#5387=AXIS2_PLACEMENT_3D('',#8139,#6461,#6462);
#5388=AXIS2_PLACEMENT_3D('',#8143,#6464,#6465);
#5389=AXIS2_PLACEMENT_3D('',#8145,#6467,#6468);
#5390=AXIS2_PLACEMENT_3D('',#8149,#6471,#6472);
#5391=AXIS2_PLACEMENT_3D('',#8152,#6474,#6475);
#5392=AXIS2_PLACEMENT_3D('',#8153,#6476,#6477);
#5393=AXIS2_PLACEMENT_3D('',#8157,#6479,#6480);
#5394=AXIS2_PLACEMENT_3D('',#8159,#6482,#6483);
#5395=AXIS2_PLACEMENT_3D('',#8163,#6486,#6487);
#5396=AXIS2_PLACEMENT_3D('',#8166,#6489,#6490);
#5397=AXIS2_PLACEMENT_3D('',#8167,#6491,#6492);
#5398=AXIS2_PLACEMENT_3D('',#8171,#6494,#6495);
#5399=AXIS2_PLACEMENT_3D('',#8173,#6497,#6498);
#5400=AXIS2_PLACEMENT_3D('',#8177,#6501,#6502);
#5401=AXIS2_PLACEMENT_3D('',#8185,#6503,#6504);
#5402=AXIS2_PLACEMENT_3D('',#8186,#6505,#6506);
#5403=AXIS2_PLACEMENT_3D('',#8190,#6508,#6509);
#5404=AXIS2_PLACEMENT_3D('',#8192,#6511,#6512);
#5405=AXIS2_PLACEMENT_3D('',#8196,#6515,#6516);
#5406=AXIS2_PLACEMENT_3D('',#8199,#6518,#6519);
#5407=AXIS2_PLACEMENT_3D('',#8200,#6520,#6521);
#5408=AXIS2_PLACEMENT_3D('',#8210,#6523,#6524);
#5409=AXIS2_PLACEMENT_3D('',#8211,#6525,#6526);
#5410=AXIS2_PLACEMENT_3D('',#8217,#6530,#6531);
#5411=AXIS2_PLACEMENT_3D('',#8221,#6534,#6535);
#5412=AXIS2_PLACEMENT_3D('',#8222,#6536,#6537);
#5413=AXIS2_PLACEMENT_3D('',#8223,#6538,#6539);
#5414=AXIS2_PLACEMENT_3D('',#8226,#6541,#6542);
#5415=AXIS2_PLACEMENT_3D('',#8227,#6543,#6544);
#5416=AXIS2_PLACEMENT_3D('',#8233,#6548,#6549);
#5417=AXIS2_PLACEMENT_3D('',#8235,#6550,#6551);
#5418=AXIS2_PLACEMENT_3D('',#8237,#6552,#6553);
#5419=AXIS2_PLACEMENT_3D('',#8239,#6555,#6556);
#5420=AXIS2_PLACEMENT_3D('',#8242,#6559,#6560);
#5421=AXIS2_PLACEMENT_3D('',#8243,#6561,#6562);
#5422=AXIS2_PLACEMENT_3D('',#8244,#6563,#6564);
#5423=AXIS2_PLACEMENT_3D('',#8248,#6566,#6567);
#5424=AXIS2_PLACEMENT_3D('',#8250,#6569,#6570);
#5425=AXIS2_PLACEMENT_3D('',#8254,#6573,#6574);
#5426=AXIS2_PLACEMENT_3D('',#8257,#6576,#6577);
#5427=AXIS2_PLACEMENT_3D('',#8258,#6578,#6579);
#5428=AXIS2_PLACEMENT_3D('',#8262,#6581,#6582);
#5429=AXIS2_PLACEMENT_3D('',#8264,#6584,#6585);
#5430=AXIS2_PLACEMENT_3D('',#8268,#6588,#6589);
#5431=AXIS2_PLACEMENT_3D('',#8274,#6593,#6594);
#5432=AXIS2_PLACEMENT_3D('',#8275,#6595,#6596);
#5433=AXIS2_PLACEMENT_3D('',#8276,#6597,#6598);
#5434=AXIS2_PLACEMENT_3D('',#8282,#6602,#6603);
#5435=AXIS2_PLACEMENT_3D('',#8284,#6604,#6605);
#5436=AXIS2_PLACEMENT_3D('',#8286,#6606,#6607);
#5437=AXIS2_PLACEMENT_3D('',#8288,#6609,#6610);
#5438=AXIS2_PLACEMENT_3D('',#8291,#6613,#6614);
#5439=AXIS2_PLACEMENT_3D('',#8292,#6615,#6616);
#5440=AXIS2_PLACEMENT_3D('',#8293,#6617,#6618);
#5441=AXIS2_PLACEMENT_3D('',#8299,#6622,#6623);
#5442=AXIS2_PLACEMENT_3D('',#8301,#6624,#6625);
#5443=AXIS2_PLACEMENT_3D('',#8303,#6626,#6627);
#5444=AXIS2_PLACEMENT_3D('',#8305,#6629,#6630);
#5445=AXIS2_PLACEMENT_3D('',#8308,#6633,#6634);
#5446=AXIS2_PLACEMENT_3D('',#8309,#6635,#6636);
#5447=AXIS2_PLACEMENT_3D('',#8310,#6637,#6638);
#5448=AXIS2_PLACEMENT_3D('',#8312,#6639,#6640);
#5449=AXIS2_PLACEMENT_3D('',#8315,#6642,#6643);
#5450=AXIS2_PLACEMENT_3D('',#8316,#6644,#6645);
#5451=AXIS2_PLACEMENT_3D('',#8317,#6646,#6647);
#5452=AXIS2_PLACEMENT_3D('',#8318,#6648,#6649);
#5453=AXIS2_PLACEMENT_3D('',#8320,#6650,#6651);
#5454=AXIS2_PLACEMENT_3D('',#8323,#6653,#6654);
#5455=AXIS2_PLACEMENT_3D('',#8324,#6655,#6656);
#5456=AXIS2_PLACEMENT_3D('',#8325,#6657,#6658);
#5457=AXIS2_PLACEMENT_3D('',#8326,#6659,#6660);
#5458=AXIS2_PLACEMENT_3D('',#8328,#6661,#6662);
#5459=AXIS2_PLACEMENT_3D('',#8331,#6664,#6665);
#5460=AXIS2_PLACEMENT_3D('',#8332,#6666,#6667);
#5461=AXIS2_PLACEMENT_3D('',#8333,#6668,#6669);
#5462=AXIS2_PLACEMENT_3D('',#8334,#6670,#6671);
#5463=AXIS2_PLACEMENT_3D('',#8336,#6672,#6673);
#5464=AXIS2_PLACEMENT_3D('',#8339,#6675,#6676);
#5465=AXIS2_PLACEMENT_3D('',#8340,#6677,#6678);
#5466=AXIS2_PLACEMENT_3D('',#8341,#6679,#6680);
#5467=AXIS2_PLACEMENT_3D('',#8342,#6681,#6682);
#5468=AXIS2_PLACEMENT_3D('',#8344,#6683,#6684);
#5469=AXIS2_PLACEMENT_3D('',#8347,#6686,#6687);
#5470=AXIS2_PLACEMENT_3D('',#8348,#6688,#6689);
#5471=AXIS2_PLACEMENT_3D('',#8349,#6690,#6691);
#5472=AXIS2_PLACEMENT_3D('',#8350,#6692,#6693);
#5473=AXIS2_PLACEMENT_3D('',#8352,#6694,#6695);
#5474=AXIS2_PLACEMENT_3D('',#8355,#6697,#6698);
#5475=AXIS2_PLACEMENT_3D('',#8356,#6699,#6700);
#5476=AXIS2_PLACEMENT_3D('',#8357,#6701,#6702);
#5477=AXIS2_PLACEMENT_3D('',#8358,#6703,#6704);
#5478=AXIS2_PLACEMENT_3D('',#8360,#6705,#6706);
#5479=AXIS2_PLACEMENT_3D('',#8363,#6708,#6709);
#5480=AXIS2_PLACEMENT_3D('',#8364,#6710,#6711);
#5481=AXIS2_PLACEMENT_3D('',#8365,#6712,#6713);
#5482=AXIS2_PLACEMENT_3D('',#8366,#6714,#6715);
#5483=AXIS2_PLACEMENT_3D('',#8368,#6716,#6717);
#5484=AXIS2_PLACEMENT_3D('',#8371,#6719,#6720);
#5485=AXIS2_PLACEMENT_3D('',#8372,#6721,#6722);
#5486=AXIS2_PLACEMENT_3D('',#8373,#6723,#6724);
#5487=AXIS2_PLACEMENT_3D('',#8374,#6725,#6726);
#5488=AXIS2_PLACEMENT_3D('',#8376,#6727,#6728);
#5489=AXIS2_PLACEMENT_3D('',#8379,#6730,#6731);
#5490=AXIS2_PLACEMENT_3D('',#8380,#6732,#6733);
#5491=AXIS2_PLACEMENT_3D('',#8381,#6734,#6735);
#5492=AXIS2_PLACEMENT_3D('',#8382,#6736,#6737);
#5493=AXIS2_PLACEMENT_3D('',#8384,#6738,#6739);
#5494=AXIS2_PLACEMENT_3D('',#8387,#6741,#6742);
#5495=AXIS2_PLACEMENT_3D('',#8388,#6743,#6744);
#5496=AXIS2_PLACEMENT_3D('',#8389,#6745,#6746);
#5497=AXIS2_PLACEMENT_3D('',#8390,#6747,#6748);
#5498=AXIS2_PLACEMENT_3D('',#8392,#6749,#6750);
#5499=AXIS2_PLACEMENT_3D('',#8395,#6752,#6753);
#5500=AXIS2_PLACEMENT_3D('',#8396,#6754,#6755);
#5501=AXIS2_PLACEMENT_3D('',#8397,#6756,#6757);
#5502=AXIS2_PLACEMENT_3D('',#8398,#6758,#6759);
#5503=AXIS2_PLACEMENT_3D('',#8400,#6760,#6761);
#5504=AXIS2_PLACEMENT_3D('',#8403,#6763,#6764);
#5505=AXIS2_PLACEMENT_3D('',#8404,#6765,#6766);
#5506=AXIS2_PLACEMENT_3D('',#8405,#6767,#6768);
#5507=AXIS2_PLACEMENT_3D('',#8406,#6769,#6770);
#5508=AXIS2_PLACEMENT_3D('',#8408,#6771,#6772);
#5509=AXIS2_PLACEMENT_3D('',#8411,#6774,#6775);
#5510=AXIS2_PLACEMENT_3D('',#8412,#6776,#6777);
#5511=AXIS2_PLACEMENT_3D('',#8413,#6778,#6779);
#5512=AXIS2_PLACEMENT_3D('',#8414,#6780,#6781);
#5513=AXIS2_PLACEMENT_3D('',#8416,#6783,#6784);
#5514=AXIS2_PLACEMENT_3D('',#8418,#6785,#6786);
#5515=AXIS2_PLACEMENT_3D('',#8420,#6788,#6789);
#5516=AXIS2_PLACEMENT_3D('',#8424,#6792,#6793);
#5517=AXIS2_PLACEMENT_3D('',#8616,#6800,#6801);
#5518=AXIS2_PLACEMENT_3D('',#8783,#6804,#6805);
#5519=AXIS2_PLACEMENT_3D('',#8785,#6807,#6808);
#5520=AXIS2_PLACEMENT_3D('',#8787,#6810,#6811);
#5521=AXIS2_PLACEMENT_3D('',#8789,#6813,#6814);
#5522=AXIS2_PLACEMENT_3D('',#8813,#6817,#6818);
#5523=AXIS2_PLACEMENT_3D('',#8834,#6823,#6824);
#5524=AXIS2_PLACEMENT_3D('',#8835,#6825,#6826);
#5525=AXIS2_PLACEMENT_3D('',#8837,#6828,#6829);
#5526=AXIS2_PLACEMENT_3D('',#8839,#6830,#6831);
#5527=AXIS2_PLACEMENT_3D('',#8841,#6833,#6834);
#5528=AXIS2_PLACEMENT_3D('',#8843,#6835,#6836);
#5529=AXIS2_PLACEMENT_3D('',#8846,#6838,#6839);
#5530=AXIS2_PLACEMENT_3D('',#8847,#6840,#6841);
#5531=AXIS2_PLACEMENT_3D('',#8894,#6845,#6846);
#5532=AXIS2_PLACEMENT_3D('',#8896,#6848,#6849);
#5533=AXIS2_PLACEMENT_3D('',#8914,#6851,#6852);
#5534=AXIS2_PLACEMENT_3D('',#9337,#6875,#6876);
#5535=AXIS2_PLACEMENT_3D('',#9341,#6878,#6879);
#5536=AXIS2_PLACEMENT_3D('',#9365,#6882,#6883);
#5537=AXIS2_PLACEMENT_3D('',#9367,#6885,#6886);
#5538=AXIS2_PLACEMENT_3D('',#9386,#6889,#6890);
#5539=AXIS2_PLACEMENT_3D('',#9422,#6894,#6895);
#5540=AXIS2_PLACEMENT_3D('',#9440,#6897,#6898);
#5541=AXIS2_PLACEMENT_3D('',#9444,#6900,#6901);
#5542=AXIS2_PLACEMENT_3D('',#9448,#6903,#6904);
#5543=AXIS2_PLACEMENT_3D('',#9452,#6906,#6907);
#5544=AXIS2_PLACEMENT_3D('',#9455,#6909,#6910);
#5545=AXIS2_PLACEMENT_3D('',#9457,#6911,#6912);
#5546=AXIS2_PLACEMENT_3D('',#9459,#6914,#6915);
#5547=AXIS2_PLACEMENT_3D('',#9461,#6917,#6918);
#5548=AXIS2_PLACEMENT_3D('',#9462,#6919,#6920);
#5549=AXIS2_PLACEMENT_3D('',#9464,#6922,#6923);
#5550=AXIS2_PLACEMENT_3D('',#9466,#6925,#6926);
#5551=AXIS2_PLACEMENT_3D('',#9468,#6928,#6929);
#5552=AXIS2_PLACEMENT_3D('',#9470,#6931,#6932);
#5553=AXIS2_PLACEMENT_3D('',#9472,#6934,#6935);
#5554=AXIS2_PLACEMENT_3D('',#9474,#6937,#6938);
#5555=AXIS2_PLACEMENT_3D('',#9476,#6940,#6941);
#5556=AXIS2_PLACEMENT_3D('',#9477,#6942,#6943);
#5557=AXIS2_PLACEMENT_3D('',#9479,#6944,#6945);
#5558=AXIS2_PLACEMENT_3D('',#9482,#6947,#6948);
#5559=AXIS2_PLACEMENT_3D('',#9483,#6949,#6950);
#5560=AXIS2_PLACEMENT_3D('',#9484,#6951,#6952);
#5561=AXIS2_PLACEMENT_3D('',#9485,#6953,#6954);
#5562=AXIS2_PLACEMENT_3D('',#9486,#6955,#6956);
#5563=AXIS2_PLACEMENT_3D('',#9487,#6957,#6958);
#5564=AXIS2_PLACEMENT_3D('',#9489,#6959,#6960);
#5565=AXIS2_PLACEMENT_3D('',#9492,#6962,#6963);
#5566=AXIS2_PLACEMENT_3D('',#9493,#6964,#6965);
#5567=AXIS2_PLACEMENT_3D('',#9495,#6966,#6967);
#5568=AXIS2_PLACEMENT_3D('',#9498,#6969,#6970);
#5569=AXIS2_PLACEMENT_3D('',#9499,#6971,#6972);
#5570=AXIS2_PLACEMENT_3D('',#9500,#6973,#6974);
#5571=DIRECTION('axis',(0.,0.,1.));
#5572=DIRECTION('refdir',(1.,0.,0.));
#5573=DIRECTION('center_axis',(0.,1.,0.));
#5574=DIRECTION('ref_axis',(1.,0.,0.));
#5575=DIRECTION('',(0.,-1.,0.));
#5576=DIRECTION('center_axis',(0.,-1.,0.));
#5577=DIRECTION('ref_axis',(1.,0.,0.));
#5578=DIRECTION('center_axis',(0.,1.,0.));
#5579=DIRECTION('ref_axis',(1.,0.,0.));
#5580=DIRECTION('center_axis',(0.,1.,0.));
#5581=DIRECTION('ref_axis',(1.,0.,0.));
#5582=DIRECTION('',(0.,-1.,0.));
#5583=DIRECTION('center_axis',(0.,-1.,0.));
#5584=DIRECTION('ref_axis',(1.,0.,0.));
#5585=DIRECTION('',(0.,-1.,0.));
#5586=DIRECTION('center_axis',(0.,1.,0.));
#5587=DIRECTION('ref_axis',(1.,0.,0.));
#5588=DIRECTION('center_axis',(0.,1.,0.));
#5589=DIRECTION('ref_axis',(1.,0.,0.));
#5590=DIRECTION('',(0.,-1.,0.));
#5591=DIRECTION('center_axis',(0.,-1.,0.));
#5592=DIRECTION('ref_axis',(1.,0.,0.));
#5593=DIRECTION('',(0.,1.,0.));
#5594=DIRECTION('center_axis',(0.,-1.,0.));
#5595=DIRECTION('ref_axis',(1.,0.,0.));
#5596=DIRECTION('',(0.,-1.,0.));
#5597=DIRECTION('center_axis',(0.,1.,0.));
#5598=DIRECTION('ref_axis',(1.,0.,0.));
#5599=DIRECTION('',(0.,1.,0.));
#5600=DIRECTION('center_axis',(0.,1.,0.));
#5601=DIRECTION('ref_axis',(1.,0.,0.));
#5602=DIRECTION('',(0.,-1.,0.));
#5603=DIRECTION('center_axis',(0.,-1.,0.));
#5604=DIRECTION('ref_axis',(1.,0.,0.));
#5605=DIRECTION('',(0.,1.,0.));
#5606=DIRECTION('center_axis',(0.,1.,0.));
#5607=DIRECTION('ref_axis',(1.,0.,0.));
#5608=DIRECTION('center_axis',(0.,1.,0.));
#5609=DIRECTION('ref_axis',(1.,0.,0.));
#5610=DIRECTION('',(0.,-1.,0.));
#5611=DIRECTION('center_axis',(0.,-1.,0.));
#5612=DIRECTION('ref_axis',(1.,0.,0.));
#5613=DIRECTION('',(0.,-1.,0.));
#5614=DIRECTION('center_axis',(0.,1.,0.));
#5615=DIRECTION('ref_axis',(1.,0.,0.));
#5616=DIRECTION('center_axis',(0.,1.,0.));
#5617=DIRECTION('ref_axis',(1.,0.,0.));
#5618=DIRECTION('',(0.,-1.,0.));
#5619=DIRECTION('center_axis',(0.,-1.,0.));
#5620=DIRECTION('ref_axis',(1.,0.,0.));
#5621=DIRECTION('',(0.,-1.,0.));
#5622=DIRECTION('center_axis',(0.,1.,0.));
#5623=DIRECTION('ref_axis',(1.,0.,0.));
#5624=DIRECTION('center_axis',(0.,1.,0.));
#5625=DIRECTION('ref_axis',(1.,0.,0.));
#5626=DIRECTION('',(0.,-1.,0.));
#5627=DIRECTION('center_axis',(0.,-1.,0.));
#5628=DIRECTION('ref_axis',(1.,0.,0.));
#5629=DIRECTION('',(0.,-1.,0.));
#5630=DIRECTION('center_axis',(0.,1.,0.));
#5631=DIRECTION('ref_axis',(1.,0.,0.));
#5632=DIRECTION('center_axis',(0.,1.,0.));
#5633=DIRECTION('ref_axis',(1.,0.,0.));
#5634=DIRECTION('',(0.,-1.,0.));
#5635=DIRECTION('center_axis',(0.,-1.,0.));
#5636=DIRECTION('ref_axis',(1.,0.,0.));
#5637=DIRECTION('',(0.,-1.,0.));
#5638=DIRECTION('center_axis',(0.,1.,0.));
#5639=DIRECTION('ref_axis',(1.,0.,0.));
#5640=DIRECTION('center_axis',(0.,1.,0.));
#5641=DIRECTION('ref_axis',(1.,0.,0.));
#5642=DIRECTION('',(0.,-1.,0.));
#5643=DIRECTION('center_axis',(0.,-1.,0.));
#5644=DIRECTION('ref_axis',(1.,0.,0.));
#5645=DIRECTION('',(0.,-1.,0.));
#5646=DIRECTION('center_axis',(0.,1.,0.));
#5647=DIRECTION('ref_axis',(1.,0.,0.));
#5648=DIRECTION('center_axis',(0.,1.,0.));
#5649=DIRECTION('ref_axis',(1.,0.,0.));
#5650=DIRECTION('',(0.,-1.,0.));
#5651=DIRECTION('center_axis',(0.,-1.,0.));
#5652=DIRECTION('ref_axis',(1.,0.,0.));
#5653=DIRECTION('',(0.,-1.,0.));
#5654=DIRECTION('center_axis',(0.,1.,0.));
#5655=DIRECTION('ref_axis',(1.,0.,0.));
#5656=DIRECTION('center_axis',(0.,1.,0.));
#5657=DIRECTION('ref_axis',(1.,0.,0.));
#5658=DIRECTION('',(0.,-1.,0.));
#5659=DIRECTION('center_axis',(0.,-1.,0.));
#5660=DIRECTION('ref_axis',(1.,0.,0.));
#5661=DIRECTION('center_axis',(0.,1.,0.));
#5662=DIRECTION('ref_axis',(1.,0.,0.));
#5663=DIRECTION('center_axis',(0.,1.,0.));
#5664=DIRECTION('ref_axis',(1.,0.,0.));
#5665=DIRECTION('',(0.,-1.,0.));
#5666=DIRECTION('center_axis',(0.,-1.,0.));
#5667=DIRECTION('ref_axis',(1.,0.,0.));
#5668=DIRECTION('center_axis',(0.,1.,0.));
#5669=DIRECTION('ref_axis',(1.,0.,0.));
#5670=DIRECTION('center_axis',(0.,1.,0.));
#5671=DIRECTION('ref_axis',(1.,0.,0.));
#5672=DIRECTION('',(0.,-1.,0.));
#5673=DIRECTION('center_axis',(0.,-1.,0.));
#5674=DIRECTION('ref_axis',(1.,0.,0.));
#5675=DIRECTION('center_axis',(0.,1.,0.));
#5676=DIRECTION('ref_axis',(1.,0.,0.));
#5677=DIRECTION('center_axis',(0.,1.,0.));
#5678=DIRECTION('ref_axis',(1.,0.,0.));
#5679=DIRECTION('center_axis',(0.,-1.,0.));
#5680=DIRECTION('ref_axis',(1.,0.,0.));
#5681=DIRECTION('',(0.,-1.,0.));
#5682=DIRECTION('center_axis',(0.,1.,0.));
#5683=DIRECTION('ref_axis',(1.,0.,0.));
#5684=DIRECTION('',(0.,-1.,0.));
#5685=DIRECTION('center_axis',(0.,-1.,0.));
#5686=DIRECTION('ref_axis',(1.,0.,0.));
#5687=DIRECTION('',(0.,-1.,0.));
#5688=DIRECTION('center_axis',(0.,1.,0.));
#5689=DIRECTION('ref_axis',(1.,0.,0.));
#5690=DIRECTION('',(0.,-1.,0.));
#5691=DIRECTION('center_axis',(0.,-1.,0.));
#5692=DIRECTION('ref_axis',(1.,0.,0.));
#5693=DIRECTION('',(0.,-1.,0.));
#5694=DIRECTION('center_axis',(0.,1.,0.));
#5695=DIRECTION('ref_axis',(1.,0.,0.));
#5696=DIRECTION('',(0.,-1.,0.));
#5697=DIRECTION('center_axis',(0.,-1.,0.));
#5698=DIRECTION('ref_axis',(1.,0.,0.));
#5699=DIRECTION('center_axis',(0.,1.,0.));
#5700=DIRECTION('ref_axis',(1.,0.,0.));
#5701=DIRECTION('',(0.,-1.,0.));
#5702=DIRECTION('center_axis',(0.,-1.,0.));
#5703=DIRECTION('ref_axis',(1.,0.,0.));
#5704=DIRECTION('center_axis',(0.,1.,0.));
#5705=DIRECTION('ref_axis',(1.,0.,0.));
#5706=DIRECTION('',(0.,-1.,0.));
#5707=DIRECTION('center_axis',(0.,-1.,0.));
#5708=DIRECTION('ref_axis',(1.,0.,0.));
#5709=DIRECTION('center_axis',(0.,1.,0.));
#5710=DIRECTION('ref_axis',(1.,0.,0.));
#5711=DIRECTION('',(0.,-1.,0.));
#5712=DIRECTION('center_axis',(0.,-1.,0.));
#5713=DIRECTION('ref_axis',(1.,0.,0.));
#5714=DIRECTION('',(0.,-1.,0.));
#5715=DIRECTION('center_axis',(0.,1.,0.));
#5716=DIRECTION('ref_axis',(1.,0.,0.));
#5717=DIRECTION('',(0.,-1.,0.));
#5718=DIRECTION('center_axis',(0.,-1.,0.));
#5719=DIRECTION('ref_axis',(1.,0.,0.));
#5720=DIRECTION('',(0.,-1.,0.));
#5721=DIRECTION('center_axis',(0.,1.,0.));
#5722=DIRECTION('ref_axis',(1.,0.,0.));
#5723=DIRECTION('',(0.,-1.,0.));
#5724=DIRECTION('center_axis',(0.,-1.,0.));
#5725=DIRECTION('ref_axis',(1.,0.,0.));
#5726=DIRECTION('center_axis',(0.,1.,0.));
#5727=DIRECTION('ref_axis',(1.,0.,0.));
#5728=DIRECTION('',(0.,-1.,0.));
#5729=DIRECTION('center_axis',(0.,-1.,0.));
#5730=DIRECTION('ref_axis',(1.,0.,0.));
#5731=DIRECTION('center_axis',(0.,1.,0.));
#5732=DIRECTION('ref_axis',(1.,0.,0.));
#5733=DIRECTION('',(0.,-1.,0.));
#5734=DIRECTION('center_axis',(0.,-1.,0.));
#5735=DIRECTION('ref_axis',(1.,0.,0.));
#5736=DIRECTION('center_axis',(0.,1.,0.));
#5737=DIRECTION('ref_axis',(1.,0.,0.));
#5738=DIRECTION('',(0.,-1.,0.));
#5739=DIRECTION('center_axis',(0.,-1.,0.));
#5740=DIRECTION('ref_axis',(1.,0.,0.));
#5741=DIRECTION('center_axis',(0.,1.,0.));
#5742=DIRECTION('ref_axis',(1.,0.,0.));
#5743=DIRECTION('',(0.,-1.,0.));
#5744=DIRECTION('center_axis',(0.,-1.,0.));
#5745=DIRECTION('ref_axis',(1.,0.,0.));
#5746=DIRECTION('',(0.,-1.,0.));
#5747=DIRECTION('center_axis',(0.,1.,0.));
#5748=DIRECTION('ref_axis',(1.,0.,0.));
#5749=DIRECTION('',(0.,-1.,0.));
#5750=DIRECTION('center_axis',(0.,-1.,0.));
#5751=DIRECTION('ref_axis',(1.,0.,0.));
#5752=DIRECTION('center_axis',(0.,1.,0.));
#5753=DIRECTION('ref_axis',(1.,0.,0.));
#5754=DIRECTION('',(0.,-1.,0.));
#5755=DIRECTION('center_axis',(0.,-1.,0.));
#5756=DIRECTION('ref_axis',(1.,0.,0.));
#5757=DIRECTION('center_axis',(0.,1.,0.));
#5758=DIRECTION('ref_axis',(1.,0.,0.));
#5759=DIRECTION('',(0.,-1.,0.));
#5760=DIRECTION('center_axis',(0.,-1.,0.));
#5761=DIRECTION('ref_axis',(1.,0.,0.));
#5762=DIRECTION('center_axis',(0.,1.,0.));
#5763=DIRECTION('ref_axis',(1.,0.,0.));
#5764=DIRECTION('',(0.,-1.,0.));
#5765=DIRECTION('center_axis',(0.,-1.,0.));
#5766=DIRECTION('ref_axis',(1.,0.,0.));
#5767=DIRECTION('center_axis',(0.,1.,0.));
#5768=DIRECTION('ref_axis',(1.,0.,0.));
#5769=DIRECTION('',(0.,-1.,0.));
#5770=DIRECTION('center_axis',(0.,-1.,0.));
#5771=DIRECTION('ref_axis',(1.,0.,0.));
#5772=DIRECTION('center_axis',(0.,1.,0.));
#5773=DIRECTION('ref_axis',(1.,0.,0.));
#5774=DIRECTION('',(0.,-1.,0.));
#5775=DIRECTION('center_axis',(0.,-1.,0.));
#5776=DIRECTION('ref_axis',(1.,0.,0.));
#5777=DIRECTION('',(0.,-1.,0.));
#5778=DIRECTION('center_axis',(0.,1.,0.));
#5779=DIRECTION('ref_axis',(1.,0.,0.));
#5780=DIRECTION('',(0.,-1.,0.));
#5781=DIRECTION('center_axis',(0.,-1.,0.));
#5782=DIRECTION('ref_axis',(1.,0.,0.));
#5783=DIRECTION('',(0.,-1.,0.));
#5784=DIRECTION('center_axis',(0.,1.,0.));
#5785=DIRECTION('ref_axis',(1.,0.,0.));
#5786=DIRECTION('',(0.,-1.,0.));
#5787=DIRECTION('center_axis',(0.,-1.,0.));
#5788=DIRECTION('ref_axis',(1.,0.,0.));
#5789=DIRECTION('center_axis',(0.,1.,0.));
#5790=DIRECTION('ref_axis',(1.,0.,0.));
#5791=DIRECTION('',(0.,-1.,0.));
#5792=DIRECTION('center_axis',(0.,-1.,0.));
#5793=DIRECTION('ref_axis',(1.,0.,0.));
#5794=DIRECTION('',(0.,-1.,0.));
#5795=DIRECTION('center_axis',(0.,1.,0.));
#5796=DIRECTION('ref_axis',(1.,0.,0.));
#5797=DIRECTION('',(0.,-1.,0.));
#5798=DIRECTION('center_axis',(0.,-1.,0.));
#5799=DIRECTION('ref_axis',(1.,0.,0.));
#5800=DIRECTION('',(0.,-1.,0.));
#5801=DIRECTION('center_axis',(0.,1.,0.));
#5802=DIRECTION('ref_axis',(1.,0.,0.));
#5803=DIRECTION('',(0.,-1.,0.));
#5804=DIRECTION('center_axis',(0.,-1.,0.));
#5805=DIRECTION('ref_axis',(1.,0.,0.));
#5806=DIRECTION('',(0.,-1.,0.));
#5807=DIRECTION('center_axis',(0.,1.,0.));
#5808=DIRECTION('ref_axis',(1.,0.,0.));
#5809=DIRECTION('center_axis',(0.,-1.,0.));
#5810=DIRECTION('ref_axis',(1.,0.,0.));
#5811=DIRECTION('',(0.,1.,0.));
#5812=DIRECTION('center_axis',(0.,1.,0.));
#5813=DIRECTION('ref_axis',(1.,0.,0.));
#5814=DIRECTION('center_axis',(0.,-1.,0.));
#5815=DIRECTION('ref_axis',(1.,0.,0.));
#5816=DIRECTION('',(0.,1.,0.));
#5817=DIRECTION('center_axis',(0.,1.,0.));
#5818=DIRECTION('ref_axis',(1.,0.,0.));
#5819=DIRECTION('center_axis',(0.,-1.,0.));
#5820=DIRECTION('ref_axis',(1.,0.,0.));
#5821=DIRECTION('',(0.,1.,0.));
#5822=DIRECTION('center_axis',(0.,-1.,0.));
#5823=DIRECTION('ref_axis',(1.,0.,0.));
#5824=DIRECTION('',(0.,1.,0.));
#5825=DIRECTION('',(0.,1.,0.));
#5826=DIRECTION('center_axis',(0.,1.,0.));
#5827=DIRECTION('ref_axis',(1.,0.,0.));
#5828=DIRECTION('',(0.,-1.,0.));
#5829=DIRECTION('center_axis',(0.,1.,0.));
#5830=DIRECTION('ref_axis',(1.,0.,0.));
#5831=DIRECTION('center_axis',(0.,-1.,0.));
#5832=DIRECTION('ref_axis',(1.,0.,0.));
#5833=DIRECTION('',(0.,1.,0.));
#5834=DIRECTION('center_axis',(0.,1.,0.));
#5835=DIRECTION('ref_axis',(1.,0.,0.));
#5836=DIRECTION('center_axis',(0.,-1.,0.));
#5837=DIRECTION('ref_axis',(1.,0.,0.));
#5838=DIRECTION('',(0.,1.,0.));
#5839=DIRECTION('center_axis',(0.,1.,0.));
#5840=DIRECTION('ref_axis',(1.,0.,0.));
#5841=DIRECTION('',(0.,1.,0.));
#5842=DIRECTION('',(0.,1.,0.));
#5843=DIRECTION('center_axis',(0.,1.,0.));
#5844=DIRECTION('ref_axis',(1.,0.,0.));
#5845=DIRECTION('',(0.,-1.,0.));
#5846=DIRECTION('center_axis',(0.,1.,0.));
#5847=DIRECTION('ref_axis',(1.,0.,0.));
#5848=DIRECTION('center_axis',(0.,-1.,0.));
#5849=DIRECTION('ref_axis',(1.,0.,0.));
#5850=DIRECTION('',(0.,1.,0.));
#5851=DIRECTION('center_axis',(0.,-1.,0.));
#5852=DIRECTION('ref_axis',(1.,0.,0.));
#5853=DIRECTION('',(0.,1.,0.));
#5854=DIRECTION('center_axis',(0.,1.,0.));
#5855=DIRECTION('ref_axis',(1.,0.,0.));
#5856=DIRECTION('center_axis',(0.,-1.,0.));
#5857=DIRECTION('ref_axis',(1.,0.,0.));
#5858=DIRECTION('',(0.,1.,0.));
#5859=DIRECTION('center_axis',(0.,1.,0.));
#5860=DIRECTION('ref_axis',(1.,0.,0.));
#5861=DIRECTION('center_axis',(0.,-1.,0.));
#5862=DIRECTION('ref_axis',(1.,0.,0.));
#5863=DIRECTION('',(0.,1.,0.));
#5864=DIRECTION('center_axis',(0.,1.,0.));
#5865=DIRECTION('ref_axis',(1.,0.,0.));
#5866=DIRECTION('center_axis',(0.,-1.,0.));
#5867=DIRECTION('ref_axis',(1.,0.,0.));
#5868=DIRECTION('',(0.,-1.,0.));
#5869=DIRECTION('center_axis',(0.,-1.,0.));
#5870=DIRECTION('ref_axis',(1.,0.,0.));
#5871=DIRECTION('',(0.,1.,0.));
#5872=DIRECTION('center_axis',(0.,1.,0.));
#5873=DIRECTION('ref_axis',(1.,0.,0.));
#5874=DIRECTION('',(0.,1.,0.));
#5875=DIRECTION('center_axis',(0.,-1.,0.));
#5876=DIRECTION('ref_axis',(1.,0.,0.));
#5877=DIRECTION('',(0.,1.,0.));
#5878=DIRECTION('center_axis',(0.,1.,0.));
#5879=DIRECTION('ref_axis',(1.,0.,0.));
#5880=DIRECTION('',(0.,-1.,0.));
#5881=DIRECTION('center_axis',(0.,1.,0.));
#5882=DIRECTION('ref_axis',(1.,0.,0.));
#5883=DIRECTION('center_axis',(0.,-1.,0.));
#5884=DIRECTION('ref_axis',(1.,0.,0.));
#5885=DIRECTION('',(0.,1.,0.));
#5886=DIRECTION('center_axis',(0.,1.,0.));
#5887=DIRECTION('ref_axis',(1.,0.,0.));
#5888=DIRECTION('center_axis',(0.,1.,0.));
#5889=DIRECTION('ref_axis',(1.,0.,0.));
#5890=DIRECTION('center_axis',(0.,-1.,0.));
#5891=DIRECTION('ref_axis',(1.,0.,0.));
#5892=DIRECTION('',(0.,-1.,0.));
#5893=DIRECTION('center_axis',(0.,1.,0.));
#5894=DIRECTION('ref_axis',(1.,0.,0.));
#5895=DIRECTION('center_axis',(0.,1.,0.));
#5896=DIRECTION('ref_axis',(1.,0.,0.));
#5897=DIRECTION('center_axis',(0.,-1.,0.));
#5898=DIRECTION('ref_axis',(1.,0.,0.));
#5899=DIRECTION('',(0.,-1.,0.));
#5900=DIRECTION('center_axis',(0.,1.,0.));
#5901=DIRECTION('ref_axis',(1.,0.,0.));
#5902=DIRECTION('center_axis',(0.,1.,0.));
#5903=DIRECTION('ref_axis',(1.,0.,0.));
#5904=DIRECTION('center_axis',(0.,-1.,0.));
#5905=DIRECTION('ref_axis',(1.,0.,0.));
#5906=DIRECTION('',(0.,-1.,0.));
#5907=DIRECTION('center_axis',(0.,1.,0.));
#5908=DIRECTION('ref_axis',(1.,0.,0.));
#5909=DIRECTION('center_axis',(0.,1.,0.));
#5910=DIRECTION('ref_axis',(1.,0.,0.));
#5911=DIRECTION('center_axis',(0.,-1.,0.));
#5912=DIRECTION('ref_axis',(1.,0.,0.));
#5913=DIRECTION('',(0.,-1.,0.));
#5914=DIRECTION('center_axis',(0.,1.,0.));
#5915=DIRECTION('ref_axis',(1.,0.,0.));
#5916=DIRECTION('center_axis',(0.,1.,0.));
#5917=DIRECTION('ref_axis',(1.,0.,0.));
#5918=DIRECTION('center_axis',(0.,-1.,0.));
#5919=DIRECTION('ref_axis',(1.,0.,0.));
#5920=DIRECTION('',(0.,-1.,0.));
#5921=DIRECTION('center_axis',(0.,1.,0.));
#5922=DIRECTION('ref_axis',(1.,0.,0.));
#5923=DIRECTION('center_axis',(0.,1.,0.));
#5924=DIRECTION('ref_axis',(1.,0.,0.));
#5925=DIRECTION('center_axis',(0.,-1.,0.));
#5926=DIRECTION('ref_axis',(1.,0.,0.));
#5927=DIRECTION('',(0.,-1.,0.));
#5928=DIRECTION('center_axis',(0.,1.,0.));
#5929=DIRECTION('ref_axis',(1.,0.,0.));
#5930=DIRECTION('center_axis',(0.,1.,0.));
#5931=DIRECTION('ref_axis',(1.,0.,0.));
#5932=DIRECTION('center_axis',(0.,-1.,0.));
#5933=DIRECTION('ref_axis',(1.,0.,0.));
#5934=DIRECTION('',(0.,-1.,0.));
#5935=DIRECTION('center_axis',(0.,1.,0.));
#5936=DIRECTION('ref_axis',(1.,0.,0.));
#5937=DIRECTION('center_axis',(0.,1.,0.));
#5938=DIRECTION('ref_axis',(1.,0.,0.));
#5939=DIRECTION('center_axis',(0.,-1.,0.));
#5940=DIRECTION('ref_axis',(1.,0.,0.));
#5941=DIRECTION('',(0.,-1.,0.));
#5942=DIRECTION('center_axis',(0.,1.,0.));
#5943=DIRECTION('ref_axis',(1.,0.,0.));
#5944=DIRECTION('center_axis',(0.,1.,0.));
#5945=DIRECTION('ref_axis',(1.,0.,0.));
#5946=DIRECTION('center_axis',(0.,-1.,0.));
#5947=DIRECTION('ref_axis',(1.,0.,0.));
#5948=DIRECTION('',(0.,-1.,0.));
#5949=DIRECTION('center_axis',(0.,1.,0.));
#5950=DIRECTION('ref_axis',(1.,0.,0.));
#5951=DIRECTION('center_axis',(0.,1.,0.));
#5952=DIRECTION('ref_axis',(1.,0.,0.));
#5953=DIRECTION('center_axis',(0.,-1.,0.));
#5954=DIRECTION('ref_axis',(1.,0.,0.));
#5955=DIRECTION('',(0.,-1.,0.));
#5956=DIRECTION('center_axis',(0.,1.,0.));
#5957=DIRECTION('ref_axis',(1.,0.,0.));
#5958=DIRECTION('center_axis',(0.,1.,0.));
#5959=DIRECTION('ref_axis',(1.,0.,0.));
#5960=DIRECTION('center_axis',(0.,-1.,0.));
#5961=DIRECTION('ref_axis',(1.,0.,0.));
#5962=DIRECTION('',(0.,-1.,0.));
#5963=DIRECTION('center_axis',(0.,1.,0.));
#5964=DIRECTION('ref_axis',(1.,0.,0.));
#5965=DIRECTION('center_axis',(0.,1.,0.));
#5966=DIRECTION('ref_axis',(1.,0.,0.));
#5967=DIRECTION('center_axis',(0.,-1.,0.));
#5968=DIRECTION('ref_axis',(1.,0.,0.));
#5969=DIRECTION('',(0.,-1.,0.));
#5970=DIRECTION('center_axis',(0.,1.,0.));
#5971=DIRECTION('ref_axis',(1.,0.,0.));
#5972=DIRECTION('center_axis',(0.,1.,0.));
#5973=DIRECTION('ref_axis',(1.,0.,0.));
#5974=DIRECTION('center_axis',(0.,-1.,0.));
#5975=DIRECTION('ref_axis',(1.,0.,0.));
#5976=DIRECTION('',(0.,-1.,0.));
#5977=DIRECTION('center_axis',(0.,1.,0.));
#5978=DIRECTION('ref_axis',(1.,0.,0.));
#5979=DIRECTION('center_axis',(0.,1.,0.));
#5980=DIRECTION('ref_axis',(1.,0.,0.));
#5981=DIRECTION('center_axis',(0.,-1.,0.));
#5982=DIRECTION('ref_axis',(1.,0.,0.));
#5983=DIRECTION('',(0.,-1.,0.));
#5984=DIRECTION('center_axis',(0.,1.,0.));
#5985=DIRECTION('ref_axis',(1.,0.,0.));
#5986=DIRECTION('center_axis',(0.,1.,0.));
#5987=DIRECTION('ref_axis',(1.,0.,0.));
#5988=DIRECTION('center_axis',(0.,-1.,0.));
#5989=DIRECTION('ref_axis',(1.,0.,0.));
#5990=DIRECTION('',(0.,-1.,0.));
#5991=DIRECTION('center_axis',(0.,1.,0.));
#5992=DIRECTION('ref_axis',(1.,0.,0.));
#5993=DIRECTION('center_axis',(0.,1.,0.));
#5994=DIRECTION('ref_axis',(1.,0.,0.));
#5995=DIRECTION('center_axis',(0.,-1.,0.));
#5996=DIRECTION('ref_axis',(1.,0.,0.));
#5997=DIRECTION('',(0.,-1.,0.));
#5998=DIRECTION('center_axis',(0.,1.,0.));
#5999=DIRECTION('ref_axis',(1.,0.,0.));
#6000=DIRECTION('center_axis',(0.,1.,0.));
#6001=DIRECTION('ref_axis',(1.,0.,0.));
#6002=DIRECTION('center_axis',(0.,-1.,0.));
#6003=DIRECTION('ref_axis',(1.,0.,0.));
#6004=DIRECTION('',(0.,-1.,0.));
#6005=DIRECTION('center_axis',(0.,1.,0.));
#6006=DIRECTION('ref_axis',(1.,0.,0.));
#6007=DIRECTION('center_axis',(0.,1.,0.));
#6008=DIRECTION('ref_axis',(1.,0.,0.));
#6009=DIRECTION('center_axis',(0.,-1.,0.));
#6010=DIRECTION('ref_axis',(1.,0.,0.));
#6011=DIRECTION('',(0.,-1.,0.));
#6012=DIRECTION('center_axis',(0.,1.,0.));
#6013=DIRECTION('ref_axis',(1.,0.,0.));
#6014=DIRECTION('center_axis',(0.,1.,0.));
#6015=DIRECTION('ref_axis',(1.,0.,0.));
#6016=DIRECTION('center_axis',(0.,1.,0.));
#6017=DIRECTION('ref_axis',(1.,0.,0.));
#6018=DIRECTION('',(0.,-1.,0.));
#6019=DIRECTION('center_axis',(0.,1.,0.));
#6020=DIRECTION('ref_axis',(1.,0.,0.));
#6021=DIRECTION('center_axis',(0.,1.,0.));
#6022=DIRECTION('ref_axis',(1.,0.,0.));
#6023=DIRECTION('center_axis',(0.,-1.,0.));
#6024=DIRECTION('ref_axis',(1.,0.,0.));
#6025=DIRECTION('',(0.,-1.,0.));
#6026=DIRECTION('center_axis',(0.,1.,0.));
#6027=DIRECTION('ref_axis',(1.,0.,0.));
#6028=DIRECTION('center_axis',(0.,1.,0.));
#6029=DIRECTION('ref_axis',(1.,0.,0.));
#6030=DIRECTION('center_axis',(0.,-1.,0.));
#6031=DIRECTION('ref_axis',(1.,0.,0.));
#6032=DIRECTION('',(0.,-1.,0.));
#6033=DIRECTION('center_axis',(0.,1.,0.));
#6034=DIRECTION('ref_axis',(1.,0.,0.));
#6035=DIRECTION('center_axis',(0.,1.,0.));
#6036=DIRECTION('ref_axis',(1.,0.,0.));
#6037=DIRECTION('center_axis',(0.,-1.,0.));
#6038=DIRECTION('ref_axis',(1.,0.,0.));
#6039=DIRECTION('',(0.,-1.,0.));
#6040=DIRECTION('center_axis',(0.,1.,0.));
#6041=DIRECTION('ref_axis',(1.,0.,0.));
#6042=DIRECTION('center_axis',(0.,1.,0.));
#6043=DIRECTION('ref_axis',(1.,0.,0.));
#6044=DIRECTION('center_axis',(0.,-1.,0.));
#6045=DIRECTION('ref_axis',(1.,0.,0.));
#6046=DIRECTION('',(0.,-1.,0.));
#6047=DIRECTION('center_axis',(0.,1.,0.));
#6048=DIRECTION('ref_axis',(1.,0.,0.));
#6049=DIRECTION('center_axis',(0.,1.,0.));
#6050=DIRECTION('ref_axis',(1.,0.,0.));
#6051=DIRECTION('center_axis',(0.,-1.,0.));
#6052=DIRECTION('ref_axis',(1.,0.,0.));
#6053=DIRECTION('',(0.,-1.,0.));
#6054=DIRECTION('center_axis',(0.,1.,0.));
#6055=DIRECTION('ref_axis',(1.,0.,0.));
#6056=DIRECTION('center_axis',(0.,1.,0.));
#6057=DIRECTION('ref_axis',(1.,0.,0.));
#6058=DIRECTION('center_axis',(0.,-1.,0.));
#6059=DIRECTION('ref_axis',(1.,0.,0.));
#6060=DIRECTION('',(0.,-1.,0.));
#6061=DIRECTION('center_axis',(0.,1.,0.));
#6062=DIRECTION('ref_axis',(1.,0.,0.));
#6063=DIRECTION('center_axis',(0.,1.,0.));
#6064=DIRECTION('ref_axis',(1.,0.,0.));
#6065=DIRECTION('center_axis',(0.,-1.,0.));
#6066=DIRECTION('ref_axis',(1.,0.,0.));
#6067=DIRECTION('',(0.,-1.,0.));
#6068=DIRECTION('center_axis',(0.,1.,0.));
#6069=DIRECTION('ref_axis',(1.,0.,0.));
#6070=DIRECTION('center_axis',(0.,1.,0.));
#6071=DIRECTION('ref_axis',(1.,0.,0.));
#6072=DIRECTION('center_axis',(0.,-1.,0.));
#6073=DIRECTION('ref_axis',(1.,0.,0.));
#6074=DIRECTION('',(0.,-1.,0.));
#6075=DIRECTION('center_axis',(0.,1.,0.));
#6076=DIRECTION('ref_axis',(1.,0.,0.));
#6077=DIRECTION('center_axis',(0.,1.,0.));
#6078=DIRECTION('ref_axis',(1.,0.,0.));
#6079=DIRECTION('center_axis',(0.,1.,0.));
#6080=DIRECTION('ref_axis',(1.,0.,0.));
#6081=DIRECTION('',(0.,-1.,0.));
#6082=DIRECTION('center_axis',(0.,-1.,0.));
#6083=DIRECTION('ref_axis',(1.,0.,0.));
#6084=DIRECTION('center_axis',(0.,-1.,0.));
#6085=DIRECTION('ref_axis',(1.,0.,0.));
#6086=DIRECTION('center_axis',(0.,-1.,0.));
#6087=DIRECTION('ref_axis',(1.,0.,0.));
#6088=DIRECTION('center_axis',(0.,1.,0.));
#6089=DIRECTION('ref_axis',(1.,0.,0.));
#6090=DIRECTION('center_axis',(0.,1.,0.));
#6091=DIRECTION('ref_axis',(1.,0.,0.));
#6092=DIRECTION('',(0.,-1.,0.));
#6093=DIRECTION('center_axis',(0.,-1.,0.));
#6094=DIRECTION('ref_axis',(1.,0.,0.));
#6095=DIRECTION('center_axis',(0.,-1.,0.));
#6096=DIRECTION('ref_axis',(1.,0.,0.));
#6097=DIRECTION('center_axis',(0.,-1.,0.));
#6098=DIRECTION('ref_axis',(1.,0.,0.));
#6099=DIRECTION('center_axis',(0.,1.,0.));
#6100=DIRECTION('ref_axis',(1.,0.,0.));
#6101=DIRECTION('center_axis',(0.,1.,0.));
#6102=DIRECTION('ref_axis',(1.,0.,0.));
#6103=DIRECTION('',(0.,-1.,0.));
#6104=DIRECTION('center_axis',(0.,-1.,0.));
#6105=DIRECTION('ref_axis',(1.,0.,0.));
#6106=DIRECTION('center_axis',(0.,-1.,0.));
#6107=DIRECTION('ref_axis',(1.,0.,0.));
#6108=DIRECTION('center_axis',(0.,-1.,0.));
#6109=DIRECTION('ref_axis',(1.,0.,0.));
#6110=DIRECTION('center_axis',(0.,1.,0.));
#6111=DIRECTION('ref_axis',(1.,0.,0.));
#6112=DIRECTION('center_axis',(0.,1.,0.));
#6113=DIRECTION('ref_axis',(1.,0.,0.));
#6114=DIRECTION('',(0.,-1.,0.));
#6115=DIRECTION('center_axis',(0.,-1.,0.));
#6116=DIRECTION('ref_axis',(1.,0.,0.));
#6117=DIRECTION('center_axis',(0.,-1.,0.));
#6118=DIRECTION('ref_axis',(1.,0.,0.));
#6119=DIRECTION('center_axis',(0.,-1.,0.));
#6120=DIRECTION('ref_axis',(1.,0.,0.));
#6121=DIRECTION('center_axis',(0.,1.,0.));
#6122=DIRECTION('ref_axis',(1.,0.,0.));
#6123=DIRECTION('center_axis',(0.,1.,0.));
#6124=DIRECTION('ref_axis',(1.,0.,0.));
#6125=DIRECTION('',(0.,-1.,0.));
#6126=DIRECTION('center_axis',(0.,-1.,0.));
#6127=DIRECTION('ref_axis',(1.,0.,0.));
#6128=DIRECTION('center_axis',(0.,-1.,0.));
#6129=DIRECTION('ref_axis',(1.,0.,0.));
#6130=DIRECTION('center_axis',(0.,-1.,0.));
#6131=DIRECTION('ref_axis',(1.,0.,0.));
#6132=DIRECTION('center_axis',(0.,1.,0.));
#6133=DIRECTION('ref_axis',(1.,0.,0.));
#6134=DIRECTION('center_axis',(0.,1.,0.));
#6135=DIRECTION('ref_axis',(1.,0.,0.));
#6136=DIRECTION('',(0.,-1.,0.));
#6137=DIRECTION('center_axis',(0.,-1.,0.));
#6138=DIRECTION('ref_axis',(1.,0.,0.));
#6139=DIRECTION('center_axis',(0.,-1.,0.));
#6140=DIRECTION('ref_axis',(1.,0.,0.));
#6141=DIRECTION('center_axis',(0.,-1.,0.));
#6142=DIRECTION('ref_axis',(1.,0.,0.));
#6143=DIRECTION('center_axis',(0.,1.,0.));
#6144=DIRECTION('ref_axis',(1.,0.,0.));
#6145=DIRECTION('center_axis',(0.,1.,0.));
#6146=DIRECTION('ref_axis',(1.,0.,0.));
#6147=DIRECTION('',(0.,-1.,0.));
#6148=DIRECTION('center_axis',(0.,-1.,0.));
#6149=DIRECTION('ref_axis',(1.,0.,0.));
#6150=DIRECTION('center_axis',(0.,-1.,0.));
#6151=DIRECTION('ref_axis',(1.,0.,0.));
#6152=DIRECTION('center_axis',(0.,-1.,0.));
#6153=DIRECTION('ref_axis',(1.,0.,0.));
#6154=DIRECTION('center_axis',(0.,1.,0.));
#6155=DIRECTION('ref_axis',(1.,0.,0.));
#6156=DIRECTION('center_axis',(0.,1.,0.));
#6157=DIRECTION('ref_axis',(1.,0.,0.));
#6158=DIRECTION('',(0.,-1.,0.));
#6159=DIRECTION('center_axis',(0.,-1.,0.));
#6160=DIRECTION('ref_axis',(1.,0.,0.));
#6161=DIRECTION('center_axis',(0.,-1.,0.));
#6162=DIRECTION('ref_axis',(1.,0.,0.));
#6163=DIRECTION('center_axis',(0.,-1.,0.));
#6164=DIRECTION('ref_axis',(1.,0.,0.));
#6165=DIRECTION('center_axis',(0.,1.,0.));
#6166=DIRECTION('ref_axis',(1.,0.,0.));
#6167=DIRECTION('center_axis',(0.,1.,0.));
#6168=DIRECTION('ref_axis',(1.,0.,0.));
#6169=DIRECTION('',(0.,-1.,0.));
#6170=DIRECTION('center_axis',(0.,-1.,0.));
#6171=DIRECTION('ref_axis',(1.,0.,0.));
#6172=DIRECTION('center_axis',(0.,-1.,0.));
#6173=DIRECTION('ref_axis',(1.,0.,0.));
#6174=DIRECTION('center_axis',(0.,-1.,0.));
#6175=DIRECTION('ref_axis',(1.,0.,0.));
#6176=DIRECTION('center_axis',(0.,1.,0.));
#6177=DIRECTION('ref_axis',(1.,0.,0.));
#6178=DIRECTION('center_axis',(0.,1.,0.));
#6179=DIRECTION('ref_axis',(1.,0.,0.));
#6180=DIRECTION('',(0.,-1.,0.));
#6181=DIRECTION('center_axis',(0.,-1.,0.));
#6182=DIRECTION('ref_axis',(1.,0.,0.));
#6183=DIRECTION('center_axis',(0.,-1.,0.));
#6184=DIRECTION('ref_axis',(1.,0.,0.));
#6185=DIRECTION('center_axis',(0.,-1.,0.));
#6186=DIRECTION('ref_axis',(1.,0.,0.));
#6187=DIRECTION('center_axis',(0.,1.,0.));
#6188=DIRECTION('ref_axis',(1.,0.,0.));
#6189=DIRECTION('center_axis',(0.,1.,0.));
#6190=DIRECTION('ref_axis',(1.,0.,0.));
#6191=DIRECTION('',(0.,-1.,0.));
#6192=DIRECTION('center_axis',(0.,-1.,0.));
#6193=DIRECTION('ref_axis',(1.,0.,0.));
#6194=DIRECTION('center_axis',(0.,-1.,0.));
#6195=DIRECTION('ref_axis',(1.,0.,0.));
#6196=DIRECTION('center_axis',(0.,-1.,0.));
#6197=DIRECTION('ref_axis',(1.,0.,0.));
#6198=DIRECTION('center_axis',(0.,1.,0.));
#6199=DIRECTION('ref_axis',(1.,0.,0.));
#6200=DIRECTION('center_axis',(0.,1.,0.));
#6201=DIRECTION('ref_axis',(1.,0.,0.));
#6202=DIRECTION('',(0.,-1.,0.));
#6203=DIRECTION('center_axis',(0.,-1.,0.));
#6204=DIRECTION('ref_axis',(1.,0.,0.));
#6205=DIRECTION('center_axis',(0.,-1.,0.));
#6206=DIRECTION('ref_axis',(1.,0.,0.));
#6207=DIRECTION('center_axis',(0.,-1.,0.));
#6208=DIRECTION('ref_axis',(1.,0.,0.));
#6209=DIRECTION('center_axis',(0.,1.,0.));
#6210=DIRECTION('ref_axis',(1.,0.,0.));
#6211=DIRECTION('center_axis',(0.,1.,0.));
#6212=DIRECTION('ref_axis',(1.,0.,0.));
#6213=DIRECTION('',(0.,-1.,0.));
#6214=DIRECTION('center_axis',(0.,-1.,0.));
#6215=DIRECTION('ref_axis',(1.,0.,0.));
#6216=DIRECTION('center_axis',(0.,-1.,0.));
#6217=DIRECTION('ref_axis',(1.,0.,0.));
#6218=DIRECTION('center_axis',(0.,-1.,0.));
#6219=DIRECTION('ref_axis',(1.,0.,0.));
#6220=DIRECTION('center_axis',(0.36294688255526,0.,-0.931809830621795));
#6221=DIRECTION('ref_axis',(-0.931809830621795,0.,-0.36294688255526));
#6222=DIRECTION('',(-0.931809830621795,0.,-0.36294688255526));
#6223=DIRECTION('',(-0.931809830621795,0.,-0.36294688255526));
#6224=DIRECTION('',(0.,1.,0.));
#6225=DIRECTION('center_axis',(0.,1.,0.));
#6226=DIRECTION('ref_axis',(-0.983826323183882,0.,-0.179125000517749));
#6227=DIRECTION('center_axis',(0.,-1.,0.));
#6228=DIRECTION('ref_axis',(1.,0.,0.));
#6229=DIRECTION('center_axis',(0.,1.,0.));
#6230=DIRECTION('ref_axis',(1.,0.,0.));
#6231=DIRECTION('',(0.,1.,0.));
#6232=DIRECTION('center_axis',(0.362947009504276,0.,0.931809781174196));
#6233=DIRECTION('ref_axis',(0.931809781174196,0.,-0.362947009504276));
#6234=DIRECTION('',(-0.931809781174196,0.,0.362947009504276));
#6235=DIRECTION('',(0.931809781174196,0.,-0.362947009504276));
#6236=DIRECTION('center_axis',(0.,-1.,0.));
#6237=DIRECTION('ref_axis',(1.,0.,0.));
#6238=DIRECTION('center_axis',(0.,-1.,0.));
#6239=DIRECTION('ref_axis',(1.,0.,0.));
#6240=DIRECTION('center_axis',(0.,-1.,0.));
#6241=DIRECTION('ref_axis',(1.,0.,0.));
#6242=DIRECTION('',(-0.931809781174197,0.,0.362947009504272));
#6243=DIRECTION('center_axis',(0.,1.,0.));
#6244=DIRECTION('ref_axis',(1.,0.,0.));
#6245=DIRECTION('',(-0.931809830621795,0.,-0.36294688255526));
#6246=DIRECTION('center_axis',(0.36294688255526,0.,-0.931809830621795));
#6247=DIRECTION('ref_axis',(-0.931809830621795,0.,-0.36294688255526));
#6248=DIRECTION('',(-0.931809830621795,0.,-0.36294688255526));
#6249=DIRECTION('',(0.,1.,0.));
#6250=DIRECTION('center_axis',(0.,-1.,0.));
#6251=DIRECTION('ref_axis',(1.,0.,0.));
#6252=DIRECTION('',(0.931809781174197,0.,-0.362947009504272));
#6253=DIRECTION('center_axis',(0.,-1.,0.));
#6254=DIRECTION('ref_axis',(1.,0.,0.));
#6255=DIRECTION('center_axis',(0.,-1.,0.));
#6256=DIRECTION('ref_axis',(1.,0.,0.));
#6257=DIRECTION('',(-0.931809781174197,0.,0.362947009504272));
#6258=DIRECTION('center_axis',(0.,1.,0.));
#6259=DIRECTION('ref_axis',(1.,0.,0.));
#6260=DIRECTION('',(-0.931809830621795,0.,-0.36294688255526));
#6261=DIRECTION('center_axis',(0.36294688255526,0.,-0.931809830621795));
#6262=DIRECTION('ref_axis',(-0.931809830621795,0.,-0.36294688255526));
#6263=DIRECTION('',(-0.931809830621795,0.,-0.36294688255526));
#6264=DIRECTION('',(0.,1.,0.));
#6265=DIRECTION('center_axis',(0.362947009504276,0.,0.931809781174196));
#6266=DIRECTION('ref_axis',(0.931809781174196,0.,-0.362947009504276));
#6267=DIRECTION('',(0.931809781174196,0.,-0.362947009504276));
#6268=DIRECTION('',(-0.931809781174196,0.,0.362947009504276));
#6269=DIRECTION('',(0.,1.,0.));
#6270=DIRECTION('center_axis',(0.,-1.,0.));
#6271=DIRECTION('ref_axis',(1.,0.,0.));
#6272=DIRECTION('center_axis',(0.,-1.,0.));
#6273=DIRECTION('ref_axis',(1.,0.,0.));
#6274=DIRECTION('center_axis',(0.36294688255526,0.,-0.931809830621795));
#6275=DIRECTION('ref_axis',(-0.931809830621795,0.,-0.36294688255526));
#6276=DIRECTION('',(-0.931809830621795,0.,-0.36294688255526));
#6277=DIRECTION('',(-0.931809830621795,0.,-0.36294688255526));
#6278=DIRECTION('',(0.,1.,0.));
#6279=DIRECTION('center_axis',(0.,1.,0.));
#6280=DIRECTION('ref_axis',(-0.983826323183882,0.,-0.179125000517749));
#6281=DIRECTION('center_axis',(0.,-1.,0.));
#6282=DIRECTION('ref_axis',(1.,0.,0.));
#6283=DIRECTION('center_axis',(0.,1.,0.));
#6284=DIRECTION('ref_axis',(1.,0.,0.));
#6285=DIRECTION('',(0.,1.,0.));
#6286=DIRECTION('center_axis',(0.362947009504276,0.,0.931809781174196));
#6287=DIRECTION('ref_axis',(0.931809781174196,0.,-0.362947009504276));
#6288=DIRECTION('',(-0.931809781174196,0.,0.362947009504276));
#6289=DIRECTION('',(0.931809781174196,0.,-0.362947009504276));
#6290=DIRECTION('center_axis',(0.,-1.,0.));
#6291=DIRECTION('ref_axis',(1.,0.,0.));
#6292=DIRECTION('center_axis',(0.,-1.,0.));
#6293=DIRECTION('ref_axis',(1.,0.,0.));
#6294=DIRECTION('center_axis',(0.362947009504276,0.,0.931809781174196));
#6295=DIRECTION('ref_axis',(0.931809781174196,0.,-0.362947009504276));
#6296=DIRECTION('',(-0.931809781174196,0.,0.362947009504276));
#6297=DIRECTION('',(0.,1.,0.));
#6298=DIRECTION('',(0.931809781174196,0.,-0.362947009504276));
#6299=DIRECTION('center_axis',(0.36294688255526,0.,-0.931809830621795));
#6300=DIRECTION('ref_axis',(-0.931809830621795,0.,-0.36294688255526));
#6301=DIRECTION('',(-0.931809830621795,0.,-0.36294688255526));
#6302=DIRECTION('',(-0.931809830621795,0.,-0.36294688255526));
#6303=DIRECTION('',(0.,1.,0.));
#6304=DIRECTION('center_axis',(0.,-1.,0.));
#6305=DIRECTION('ref_axis',(1.,0.,0.));
#6306=DIRECTION('',(0.931809781174197,0.,-0.362947009504272));
#6307=DIRECTION('center_axis',(0.,-1.,0.));
#6308=DIRECTION('ref_axis',(1.,0.,0.));
#6309=DIRECTION('center_axis',(0.,-1.,0.));
#6310=DIRECTION('ref_axis',(1.,0.,0.));
#6311=DIRECTION('center_axis',(0.,1.,0.));
#6312=DIRECTION('ref_axis',(1.,0.,0.));
#6313=DIRECTION('center_axis',(0.,-1.,0.));
#6314=DIRECTION('ref_axis',(1.,0.,0.));
#6315=DIRECTION('',(-0.931809781174197,0.,0.362947009504272));
#6316=DIRECTION('center_axis',(0.,1.,0.));
#6317=DIRECTION('ref_axis',(1.,0.,0.));
#6318=DIRECTION('',(-0.931809830621795,0.,-0.36294688255526));
#6319=DIRECTION('center_axis',(0.36294688255526,0.,-0.931809830621795));
#6320=DIRECTION('ref_axis',(-0.931809830621795,0.,-0.36294688255526));
#6321=DIRECTION('',(-0.931809830621795,0.,-0.36294688255526));
#6322=DIRECTION('',(0.,1.,0.));
#6323=DIRECTION('center_axis',(0.,-1.,0.));
#6324=DIRECTION('ref_axis',(1.,0.,0.));
#6325=DIRECTION('',(0.931809781174197,0.,-0.362947009504272));
#6326=DIRECTION('center_axis',(0.,-1.,0.));
#6327=DIRECTION('ref_axis',(1.,0.,0.));
#6328=DIRECTION('center_axis',(0.36294688255526,0.,-0.931809830621795));
#6329=DIRECTION('ref_axis',(-0.931809830621795,0.,-0.36294688255526));
#6330=DIRECTION('',(-0.931809830621795,0.,-0.36294688255526));
#6331=DIRECTION('',(-0.931809830621795,0.,-0.36294688255526));
#6332=DIRECTION('',(0.,1.,0.));
#6333=DIRECTION('center_axis',(0.,1.,0.));
#6334=DIRECTION('ref_axis',(-0.983826323183882,0.,-0.179125000517749));
#6335=DIRECTION('center_axis',(0.,-1.,0.));
#6336=DIRECTION('ref_axis',(1.,0.,0.));
#6337=DIRECTION('center_axis',(0.,1.,0.));
#6338=DIRECTION('ref_axis',(1.,0.,0.));
#6339=DIRECTION('',(0.,1.,0.));
#6340=DIRECTION('center_axis',(0.362947009504276,0.,0.931809781174196));
#6341=DIRECTION('ref_axis',(0.931809781174196,0.,-0.362947009504276));
#6342=DIRECTION('',(-0.931809781174196,0.,0.362947009504276));
#6343=DIRECTION('',(0.931809781174196,0.,-0.362947009504276));
#6344=DIRECTION('center_axis',(0.,-1.,0.));
#6345=DIRECTION('ref_axis',(1.,0.,0.));
#6346=DIRECTION('center_axis',(0.,-1.,0.));
#6347=DIRECTION('ref_axis',(1.,0.,0.));
#6348=DIRECTION('center_axis',(0.,-1.,0.));
#6349=DIRECTION('ref_axis',(1.,0.,0.));
#6350=DIRECTION('center_axis',(0.,1.,0.));
#6351=DIRECTION('ref_axis',(1.,0.,0.));
#6352=DIRECTION('',(-0.931809830621795,0.,-0.36294688255526));
#6353=DIRECTION('center_axis',(0.36294688255526,0.,-0.931809830621795));
#6354=DIRECTION('ref_axis',(-0.931809830621795,0.,-0.36294688255526));
#6355=DIRECTION('',(-0.931809830621795,0.,-0.36294688255526));
#6356=DIRECTION('',(0.,1.,0.));
#6357=DIRECTION('center_axis',(0.,-1.,0.));
#6358=DIRECTION('ref_axis',(1.,0.,0.));
#6359=DIRECTION('center_axis',(0.,-1.,0.));
#6360=DIRECTION('ref_axis',(1.,0.,0.));
#6361=DIRECTION('center_axis',(0.,-1.,0.));
#6362=DIRECTION('ref_axis',(1.,0.,0.));
#6363=DIRECTION('center_axis',(0.,1.,0.));
#6364=DIRECTION('ref_axis',(1.,0.,0.));
#6365=DIRECTION('',(-0.931809830621795,0.,-0.36294688255526));
#6366=DIRECTION('center_axis',(0.,-1.,0.));
#6367=DIRECTION('ref_axis',(1.,0.,0.));
#6368=DIRECTION('center_axis',(0.,-1.,0.));
#6369=DIRECTION('ref_axis',(1.,0.,0.));
#6370=DIRECTION('',(-0.931809781174196,0.,0.362947009504276));
#6371=DIRECTION('center_axis',(0.36294688255526,0.,-0.931809830621795));
#6372=DIRECTION('ref_axis',(-0.931809830621795,0.,-0.36294688255526));
#6373=DIRECTION('',(-0.931809830621795,0.,-0.36294688255526));
#6374=DIRECTION('',(0.,1.,0.));
#6375=DIRECTION('center_axis',(0.362947009504276,0.,0.931809781174196));
#6376=DIRECTION('ref_axis',(0.931809781174196,0.,-0.362947009504276));
#6377=DIRECTION('',(0.,1.,0.));
#6378=DIRECTION('center_axis',(0.,-1.,0.));
#6379=DIRECTION('ref_axis',(1.,0.,0.));
#6380=DIRECTION('center_axis',(0.,-1.,0.));
#6381=DIRECTION('ref_axis',(1.,0.,0.));
#6382=DIRECTION('center_axis',(0.,-1.,0.));
#6383=DIRECTION('ref_axis',(1.,0.,0.));
#6384=DIRECTION('',(0.931809781174196,0.,-0.362947009504276));
#6385=DIRECTION('center_axis',(0.,1.,0.));
#6386=DIRECTION('ref_axis',(1.,0.,0.));
#6387=DIRECTION('center_axis',(0.,-1.,0.));
#6388=DIRECTION('ref_axis',(1.,0.,0.));
#6389=DIRECTION('center_axis',(0.,1.,0.));
#6390=DIRECTION('ref_axis',(1.,0.,0.));
#6391=DIRECTION('',(-0.931809830621795,0.,-0.36294688255526));
#6392=DIRECTION('center_axis',(0.,-1.,0.));
#6393=DIRECTION('ref_axis',(1.,0.,0.));
#6394=DIRECTION('center_axis',(0.,-1.,0.));
#6395=DIRECTION('ref_axis',(1.,0.,0.));
#6396=DIRECTION('',(-0.931809781174196,0.,0.362947009504276));
#6397=DIRECTION('center_axis',(0.36294688255526,0.,-0.931809830621795));
#6398=DIRECTION('ref_axis',(-0.931809830621795,0.,-0.36294688255526));
#6399=DIRECTION('',(-0.931809830621795,0.,-0.36294688255526));
#6400=DIRECTION('',(0.,1.,0.));
#6401=DIRECTION('center_axis',(0.362947009504276,0.,0.931809781174196));
#6402=DIRECTION('ref_axis',(0.931809781174196,0.,-0.362947009504276));
#6403=DIRECTION('',(0.,1.,0.));
#6404=DIRECTION('center_axis',(0.,-1.,0.));
#6405=DIRECTION('ref_axis',(1.,0.,0.));
#6406=DIRECTION('center_axis',(0.,-1.,0.));
#6407=DIRECTION('ref_axis',(1.,0.,0.));
#6408=DIRECTION('center_axis',(0.,-1.,0.));
#6409=DIRECTION('ref_axis',(1.,0.,0.));
#6410=DIRECTION('center_axis',(0.,1.,0.));
#6411=DIRECTION('ref_axis',(1.,0.,0.));
#6412=DIRECTION('',(-0.931809830621795,0.,-0.36294688255526));
#6413=DIRECTION('center_axis',(0.36294688255526,0.,-0.931809830621795));
#6414=DIRECTION('ref_axis',(-0.931809830621795,0.,-0.36294688255526));
#6415=DIRECTION('',(-0.931809830621795,0.,-0.36294688255526));
#6416=DIRECTION('',(0.,1.,0.));
#6417=DIRECTION('center_axis',(0.,-1.,0.));
#6418=DIRECTION('ref_axis',(1.,0.,0.));
#6419=DIRECTION('center_axis',(0.,-1.,0.));
#6420=DIRECTION('ref_axis',(1.,0.,0.));
#6421=DIRECTION('center_axis',(0.,-1.,0.));
#6422=DIRECTION('ref_axis',(1.,0.,0.));
#6423=DIRECTION('center_axis',(0.,1.,0.));
#6424=DIRECTION('ref_axis',(1.,0.,0.));
#6425=DIRECTION('',(-0.931809830621795,0.,-0.36294688255526));
#6426=DIRECTION('center_axis',(0.36294688255526,0.,-0.931809830621795));
#6427=DIRECTION('ref_axis',(-0.931809830621795,0.,-0.36294688255526));
#6428=DIRECTION('',(-0.931809830621795,0.,-0.36294688255526));
#6429=DIRECTION('',(0.,1.,0.));
#6430=DIRECTION('center_axis',(0.362947009504276,0.,0.931809781174196));
#6431=DIRECTION('ref_axis',(0.931809781174196,0.,-0.362947009504276));
#6432=DIRECTION('',(-0.931809781174196,0.,0.362947009504276));
#6433=DIRECTION('',(0.,1.,0.));
#6434=DIRECTION('center_axis',(0.,-1.,0.));
#6435=DIRECTION('ref_axis',(1.,0.,0.));
#6436=DIRECTION('center_axis',(0.,-1.,0.));
#6437=DIRECTION('ref_axis',(1.,0.,0.));
#6438=DIRECTION('center_axis',(0.,-1.,0.));
#6439=DIRECTION('ref_axis',(1.,0.,0.));
#6440=DIRECTION('',(0.931809781174196,0.,-0.362947009504276));
#6441=DIRECTION('center_axis',(0.,1.,0.));
#6442=DIRECTION('ref_axis',(1.,0.,0.));
#6443=DIRECTION('center_axis',(0.,-1.,0.));
#6444=DIRECTION('ref_axis',(1.,0.,0.));
#6445=DIRECTION('',(-0.931809781174198,0.,0.362947009504272));
#6446=DIRECTION('center_axis',(0.,1.,0.));
#6447=DIRECTION('ref_axis',(1.,0.,0.));
#6448=DIRECTION('',(-0.931809830621795,0.,-0.36294688255526));
#6449=DIRECTION('center_axis',(0.362947009504276,0.,0.931809781174196));
#6450=DIRECTION('ref_axis',(0.931809781174196,0.,-0.362947009504276));
#6451=DIRECTION('',(0.,1.,0.));
#6452=DIRECTION('center_axis',(0.36294688255526,0.,-0.931809830621795));
#6453=DIRECTION('ref_axis',(-0.931809830621795,0.,-0.36294688255526));
#6454=DIRECTION('',(-0.931809830621795,0.,-0.36294688255526));
#6455=DIRECTION('',(0.,1.,0.));
#6456=DIRECTION('center_axis',(0.,-1.,0.));
#6457=DIRECTION('ref_axis',(1.,0.,0.));
#6458=DIRECTION('',(0.931809781174198,0.,-0.362947009504272));
#6459=DIRECTION('center_axis',(0.,-1.,0.));
#6460=DIRECTION('ref_axis',(1.,0.,0.));
#6461=DIRECTION('center_axis',(0.,-1.,0.));
#6462=DIRECTION('ref_axis',(1.,0.,0.));
#6463=DIRECTION('',(-0.931809781174198,0.,0.362947009504272));
#6464=DIRECTION('center_axis',(0.,1.,0.));
#6465=DIRECTION('ref_axis',(1.,0.,0.));
#6466=DIRECTION('',(-0.931809830621795,0.,-0.36294688255526));
#6467=DIRECTION('center_axis',(0.36294688255526,0.,-0.931809830621795));
#6468=DIRECTION('ref_axis',(-0.931809830621795,0.,-0.36294688255526));
#6469=DIRECTION('',(-0.931809830621795,0.,-0.36294688255526));
#6470=DIRECTION('',(0.,1.,0.));
#6471=DIRECTION('center_axis',(0.,-1.,0.));
#6472=DIRECTION('ref_axis',(1.,0.,0.));
#6473=DIRECTION('',(0.969208238459768,0.,-0.246242544053039));
#6474=DIRECTION('center_axis',(0.,-1.,0.));
#6475=DIRECTION('ref_axis',(1.,0.,0.));
#6476=DIRECTION('center_axis',(0.,-1.,0.));
#6477=DIRECTION('ref_axis',(1.,0.,0.));
#6478=DIRECTION('',(-0.969208238459768,0.,0.246242544053039));
#6479=DIRECTION('center_axis',(0.,1.,0.));
#6480=DIRECTION('ref_axis',(1.,0.,0.));
#6481=DIRECTION('',(-0.931809830621795,0.,-0.36294688255526));
#6482=DIRECTION('center_axis',(0.36294688255526,0.,-0.931809830621795));
#6483=DIRECTION('ref_axis',(-0.931809830621795,0.,-0.36294688255526));
#6484=DIRECTION('',(-0.931809830621795,0.,-0.36294688255526));
#6485=DIRECTION('',(0.,1.,0.));
#6486=DIRECTION('center_axis',(0.,-1.,0.));
#6487=DIRECTION('ref_axis',(1.,0.,0.));
#6488=DIRECTION('',(0.969208238459768,0.,-0.246242544053039));
#6489=DIRECTION('center_axis',(0.,-1.,0.));
#6490=DIRECTION('ref_axis',(1.,0.,0.));
#6491=DIRECTION('center_axis',(0.,-1.,0.));
#6492=DIRECTION('ref_axis',(1.,0.,0.));
#6493=DIRECTION('',(-0.969208238459768,0.,0.246242544053039));
#6494=DIRECTION('center_axis',(0.,1.,0.));
#6495=DIRECTION('ref_axis',(1.,0.,0.));
#6496=DIRECTION('',(-0.931809830621795,0.,-0.36294688255526));
#6497=DIRECTION('center_axis',(0.36294688255526,0.,-0.931809830621795));
#6498=DIRECTION('ref_axis',(-0.931809830621795,0.,-0.36294688255526));
#6499=DIRECTION('',(-0.931809830621795,0.,-0.36294688255526));
#6500=DIRECTION('',(0.,1.,0.));
#6501=DIRECTION('center_axis',(0.,-1.,0.));
#6502=DIRECTION('ref_axis',(1.,0.,0.));
#6503=DIRECTION('center_axis',(0.,-1.,0.));
#6504=DIRECTION('ref_axis',(1.,0.,0.));
#6505=DIRECTION('center_axis',(0.,-1.,0.));
#6506=DIRECTION('ref_axis',(1.,0.,0.));
#6507=DIRECTION('',(-0.931809781174198,0.,0.362947009504272));
#6508=DIRECTION('center_axis',(0.,1.,0.));
#6509=DIRECTION('ref_axis',(1.,0.,0.));
#6510=DIRECTION('',(-0.931809830621795,0.,-0.36294688255526));
#6511=DIRECTION('center_axis',(0.36294688255526,0.,-0.931809830621795));
#6512=DIRECTION('ref_axis',(-0.931809830621795,0.,-0.36294688255526));
#6513=DIRECTION('',(-0.931809830621795,0.,-0.36294688255526));
#6514=DIRECTION('',(0.,1.,0.));
#6515=DIRECTION('center_axis',(0.,-1.,0.));
#6516=DIRECTION('ref_axis',(1.,0.,0.));
#6517=DIRECTION('',(0.931809781174198,0.,-0.362947009504272));
#6518=DIRECTION('center_axis',(0.,-1.,0.));
#6519=DIRECTION('ref_axis',(1.,0.,0.));
#6520=DIRECTION('center_axis',(0.,-1.,0.));
#6521=DIRECTION('ref_axis',(1.,0.,0.));
#6522=DIRECTION('',(0.931809781174196,0.,-0.362947009504276));
#6523=DIRECTION('center_axis',(0.,1.,0.));
#6524=DIRECTION('ref_axis',(1.,0.,0.));
#6525=DIRECTION('center_axis',(0.36294688255526,0.,-0.931809830621795));
#6526=DIRECTION('ref_axis',(-0.931809830621795,0.,-0.36294688255526));
#6527=DIRECTION('',(-0.931809830621795,0.,-0.36294688255526));
#6528=DIRECTION('',(-0.931809830621795,0.,-0.36294688255526));
#6529=DIRECTION('',(0.,1.,0.));
#6530=DIRECTION('center_axis',(0.362947009504276,0.,0.931809781174196));
#6531=DIRECTION('ref_axis',(0.931809781174196,0.,-0.362947009504276));
#6532=DIRECTION('',(-0.931809781174196,0.,0.362947009504276));
#6533=DIRECTION('',(0.,1.,0.));
#6534=DIRECTION('center_axis',(0.,-1.,0.));
#6535=DIRECTION('ref_axis',(1.,0.,0.));
#6536=DIRECTION('center_axis',(0.,-1.,0.));
#6537=DIRECTION('ref_axis',(1.,0.,0.));
#6538=DIRECTION('center_axis',(0.,-1.,0.));
#6539=DIRECTION('ref_axis',(1.,0.,0.));
#6540=DIRECTION('',(-0.931809781174198,0.,0.362947009504272));
#6541=DIRECTION('center_axis',(0.,1.,0.));
#6542=DIRECTION('ref_axis',(1.,0.,0.));
#6543=DIRECTION('center_axis',(0.36294688255526,0.,-0.931809830621795));
#6544=DIRECTION('ref_axis',(-0.931809830621795,0.,-0.36294688255526));
#6545=DIRECTION('',(-0.931809830621795,0.,-0.36294688255526));
#6546=DIRECTION('',(-0.931809830621795,0.,-0.36294688255526));
#6547=DIRECTION('',(0.,1.,0.));
#6548=DIRECTION('center_axis',(0.,1.,0.));
#6549=DIRECTION('ref_axis',(-0.983826323183882,0.,-0.179125000517749));
#6550=DIRECTION('center_axis',(0.,-1.,0.));
#6551=DIRECTION('ref_axis',(1.,0.,0.));
#6552=DIRECTION('center_axis',(0.,1.,0.));
#6553=DIRECTION('ref_axis',(1.,0.,0.));
#6554=DIRECTION('',(0.,1.,0.));
#6555=DIRECTION('center_axis',(0.362947009504276,0.,0.931809781174196));
#6556=DIRECTION('ref_axis',(0.931809781174196,0.,-0.362947009504276));
#6557=DIRECTION('',(-0.931809781174196,0.,0.362947009504276));
#6558=DIRECTION('',(0.931809781174196,0.,-0.362947009504276));
#6559=DIRECTION('center_axis',(0.,-1.,0.));
#6560=DIRECTION('ref_axis',(1.,0.,0.));
#6561=DIRECTION('center_axis',(0.,-1.,0.));
#6562=DIRECTION('ref_axis',(1.,0.,0.));
#6563=DIRECTION('center_axis',(0.,-1.,0.));
#6564=DIRECTION('ref_axis',(1.,0.,0.));
#6565=DIRECTION('',(-0.931809781174198,0.,0.362947009504272));
#6566=DIRECTION('center_axis',(0.,1.,0.));
#6567=DIRECTION('ref_axis',(1.,0.,0.));
#6568=DIRECTION('',(-0.931809830621795,0.,-0.36294688255526));
#6569=DIRECTION('center_axis',(0.36294688255526,0.,-0.931809830621795));
#6570=DIRECTION('ref_axis',(-0.931809830621795,0.,-0.36294688255526));
#6571=DIRECTION('',(-0.931809830621795,0.,-0.36294688255526));
#6572=DIRECTION('',(0.,1.,0.));
#6573=DIRECTION('center_axis',(0.,-1.,0.));
#6574=DIRECTION('ref_axis',(1.,0.,0.));
#6575=DIRECTION('',(0.931809781174198,0.,-0.362947009504272));
#6576=DIRECTION('center_axis',(0.,-1.,0.));
#6577=DIRECTION('ref_axis',(1.,0.,0.));
#6578=DIRECTION('center_axis',(0.,-1.,0.));
#6579=DIRECTION('ref_axis',(1.,0.,0.));
#6580=DIRECTION('',(-0.931809781174198,0.,0.362947009504272));
#6581=DIRECTION('center_axis',(0.,1.,0.));
#6582=DIRECTION('ref_axis',(1.,0.,0.));
#6583=DIRECTION('',(-0.931809830621795,0.,-0.36294688255526));
#6584=DIRECTION('center_axis',(0.36294688255526,0.,-0.931809830621795));
#6585=DIRECTION('ref_axis',(-0.931809830621795,0.,-0.36294688255526));
#6586=DIRECTION('',(-0.931809830621795,0.,-0.36294688255526));
#6587=DIRECTION('',(0.,1.,0.));
#6588=DIRECTION('center_axis',(0.362947009504276,0.,0.931809781174196));
#6589=DIRECTION('ref_axis',(0.931809781174196,0.,-0.362947009504276));
#6590=DIRECTION('',(0.931809781174196,0.,-0.362947009504276));
#6591=DIRECTION('',(-0.931809781174196,0.,0.362947009504276));
#6592=DIRECTION('',(0.,1.,0.));
#6593=DIRECTION('center_axis',(0.,-1.,0.));
#6594=DIRECTION('ref_axis',(1.,0.,0.));
#6595=DIRECTION('center_axis',(0.,-1.,0.));
#6596=DIRECTION('ref_axis',(1.,0.,0.));
#6597=DIRECTION('center_axis',(0.36294688255526,0.,-0.931809830621795));
#6598=DIRECTION('ref_axis',(-0.931809830621795,0.,-0.36294688255526));
#6599=DIRECTION('',(-0.931809830621795,0.,-0.36294688255526));
#6600=DIRECTION('',(-0.931809830621795,0.,-0.36294688255526));
#6601=DIRECTION('',(0.,1.,0.));
#6602=DIRECTION('center_axis',(0.,1.,0.));
#6603=DIRECTION('ref_axis',(-0.983826323183882,0.,-0.179125000517749));
#6604=DIRECTION('center_axis',(0.,-1.,0.));
#6605=DIRECTION('ref_axis',(1.,0.,0.));
#6606=DIRECTION('center_axis',(0.,1.,0.));
#6607=DIRECTION('ref_axis',(1.,0.,0.));
#6608=DIRECTION('',(0.,1.,0.));
#6609=DIRECTION('center_axis',(0.362947009504276,0.,0.931809781174196));
#6610=DIRECTION('ref_axis',(0.931809781174196,0.,-0.362947009504276));
#6611=DIRECTION('',(-0.931809781174196,0.,0.362947009504276));
#6612=DIRECTION('',(0.931809781174196,0.,-0.362947009504276));
#6613=DIRECTION('center_axis',(0.,-1.,0.));
#6614=DIRECTION('ref_axis',(1.,0.,0.));
#6615=DIRECTION('center_axis',(0.,-1.,0.));
#6616=DIRECTION('ref_axis',(1.,0.,0.));
#6617=DIRECTION('center_axis',(0.36294688255526,0.,-0.931809830621795));
#6618=DIRECTION('ref_axis',(-0.931809830621795,0.,-0.36294688255526));
#6619=DIRECTION('',(-0.931809830621795,0.,-0.36294688255526));
#6620=DIRECTION('',(-0.931809830621795,0.,-0.36294688255526));
#6621=DIRECTION('',(0.,1.,0.));
#6622=DIRECTION('center_axis',(0.,1.,0.));
#6623=DIRECTION('ref_axis',(-0.983826323183882,0.,-0.179125000517749));
#6624=DIRECTION('center_axis',(0.,-1.,0.));
#6625=DIRECTION('ref_axis',(1.,0.,0.));
#6626=DIRECTION('center_axis',(0.,1.,0.));
#6627=DIRECTION('ref_axis',(1.,0.,0.));
#6628=DIRECTION('',(0.,1.,0.));
#6629=DIRECTION('center_axis',(0.362947009504276,0.,0.931809781174196));
#6630=DIRECTION('ref_axis',(0.931809781174196,0.,-0.362947009504276));
#6631=DIRECTION('',(-0.931809781174196,0.,0.362947009504276));
#6632=DIRECTION('',(0.931809781174196,0.,-0.362947009504276));
#6633=DIRECTION('center_axis',(0.,-1.,0.));
#6634=DIRECTION('ref_axis',(1.,0.,0.));
#6635=DIRECTION('center_axis',(0.,-1.,0.));
#6636=DIRECTION('ref_axis',(1.,0.,0.));
#6637=DIRECTION('center_axis',(0.,1.,0.));
#6638=DIRECTION('ref_axis',(1.,0.,0.));
#6639=DIRECTION('center_axis',(0.,1.,0.));
#6640=DIRECTION('ref_axis',(1.,0.,0.));
#6641=DIRECTION('',(0.,-1.,0.));
#6642=DIRECTION('center_axis',(0.,-1.,0.));
#6643=DIRECTION('ref_axis',(1.,0.,0.));
#6644=DIRECTION('center_axis',(0.,-1.,0.));
#6645=DIRECTION('ref_axis',(1.,0.,0.));
#6646=DIRECTION('center_axis',(0.,-1.,0.));
#6647=DIRECTION('ref_axis',(1.,0.,0.));
#6648=DIRECTION('center_axis',(0.,1.,0.));
#6649=DIRECTION('ref_axis',(1.,0.,0.));
#6650=DIRECTION('center_axis',(0.,1.,0.));
#6651=DIRECTION('ref_axis',(1.,0.,0.));
#6652=DIRECTION('',(0.,-1.,0.));
#6653=DIRECTION('center_axis',(0.,-1.,0.));
#6654=DIRECTION('ref_axis',(1.,0.,0.));
#6655=DIRECTION('center_axis',(0.,-1.,0.));
#6656=DIRECTION('ref_axis',(1.,0.,0.));
#6657=DIRECTION('center_axis',(0.,-1.,0.));
#6658=DIRECTION('ref_axis',(1.,0.,0.));
#6659=DIRECTION('center_axis',(0.,1.,0.));
#6660=DIRECTION('ref_axis',(1.,0.,0.));
#6661=DIRECTION('center_axis',(0.,1.,0.));
#6662=DIRECTION('ref_axis',(1.,0.,0.));
#6663=DIRECTION('',(0.,-1.,0.));
#6664=DIRECTION('center_axis',(0.,-1.,0.));
#6665=DIRECTION('ref_axis',(1.,0.,0.));
#6666=DIRECTION('center_axis',(0.,-1.,0.));
#6667=DIRECTION('ref_axis',(1.,0.,0.));
#6668=DIRECTION('center_axis',(0.,-1.,0.));
#6669=DIRECTION('ref_axis',(1.,0.,0.));
#6670=DIRECTION('center_axis',(0.,1.,0.));
#6671=DIRECTION('ref_axis',(1.,0.,0.));
#6672=DIRECTION('center_axis',(0.,1.,0.));
#6673=DIRECTION('ref_axis',(1.,0.,0.));
#6674=DIRECTION('',(0.,-1.,0.));
#6675=DIRECTION('center_axis',(0.,-1.,0.));
#6676=DIRECTION('ref_axis',(1.,0.,0.));
#6677=DIRECTION('center_axis',(0.,-1.,0.));
#6678=DIRECTION('ref_axis',(1.,0.,0.));
#6679=DIRECTION('center_axis',(0.,-1.,0.));
#6680=DIRECTION('ref_axis',(1.,0.,0.));
#6681=DIRECTION('center_axis',(0.,1.,0.));
#6682=DIRECTION('ref_axis',(1.,0.,0.));
#6683=DIRECTION('center_axis',(0.,1.,0.));
#6684=DIRECTION('ref_axis',(1.,0.,0.));
#6685=DIRECTION('',(0.,-1.,0.));
#6686=DIRECTION('center_axis',(0.,-1.,0.));
#6687=DIRECTION('ref_axis',(1.,0.,0.));
#6688=DIRECTION('center_axis',(0.,-1.,0.));
#6689=DIRECTION('ref_axis',(1.,0.,0.));
#6690=DIRECTION('center_axis',(0.,-1.,0.));
#6691=DIRECTION('ref_axis',(1.,0.,0.));
#6692=DIRECTION('center_axis',(0.,1.,0.));
#6693=DIRECTION('ref_axis',(1.,0.,0.));
#6694=DIRECTION('center_axis',(0.,1.,0.));
#6695=DIRECTION('ref_axis',(1.,0.,0.));
#6696=DIRECTION('',(0.,-1.,0.));
#6697=DIRECTION('center_axis',(0.,-1.,0.));
#6698=DIRECTION('ref_axis',(1.,0.,0.));
#6699=DIRECTION('center_axis',(0.,-1.,0.));
#6700=DIRECTION('ref_axis',(1.,0.,0.));
#6701=DIRECTION('center_axis',(0.,-1.,0.));
#6702=DIRECTION('ref_axis',(1.,0.,0.));
#6703=DIRECTION('center_axis',(0.,1.,0.));
#6704=DIRECTION('ref_axis',(1.,0.,0.));
#6705=DIRECTION('center_axis',(0.,1.,0.));
#6706=DIRECTION('ref_axis',(1.,0.,0.));
#6707=DIRECTION('',(0.,-1.,0.));
#6708=DIRECTION('center_axis',(0.,-1.,0.));
#6709=DIRECTION('ref_axis',(1.,0.,0.));
#6710=DIRECTION('center_axis',(0.,-1.,0.));
#6711=DIRECTION('ref_axis',(1.,0.,0.));
#6712=DIRECTION('center_axis',(0.,-1.,0.));
#6713=DIRECTION('ref_axis',(1.,0.,0.));
#6714=DIRECTION('center_axis',(0.,1.,0.));
#6715=DIRECTION('ref_axis',(1.,0.,0.));
#6716=DIRECTION('center_axis',(0.,1.,0.));
#6717=DIRECTION('ref_axis',(1.,0.,0.));
#6718=DIRECTION('',(0.,-1.,0.));
#6719=DIRECTION('center_axis',(0.,-1.,0.));
#6720=DIRECTION('ref_axis',(1.,0.,0.));
#6721=DIRECTION('center_axis',(0.,-1.,0.));
#6722=DIRECTION('ref_axis',(1.,0.,0.));
#6723=DIRECTION('center_axis',(0.,-1.,0.));
#6724=DIRECTION('ref_axis',(1.,0.,0.));
#6725=DIRECTION('center_axis',(0.,1.,0.));
#6726=DIRECTION('ref_axis',(1.,0.,0.));
#6727=DIRECTION('center_axis',(0.,1.,0.));
#6728=DIRECTION('ref_axis',(1.,0.,0.));
#6729=DIRECTION('',(0.,-1.,0.));
#6730=DIRECTION('center_axis',(0.,-1.,0.));
#6731=DIRECTION('ref_axis',(1.,0.,0.));
#6732=DIRECTION('center_axis',(0.,-1.,0.));
#6733=DIRECTION('ref_axis',(1.,0.,0.));
#6734=DIRECTION('center_axis',(0.,-1.,0.));
#6735=DIRECTION('ref_axis',(1.,0.,0.));
#6736=DIRECTION('center_axis',(0.,1.,0.));
#6737=DIRECTION('ref_axis',(1.,0.,0.));
#6738=DIRECTION('center_axis',(0.,1.,0.));
#6739=DIRECTION('ref_axis',(1.,0.,0.));
#6740=DIRECTION('',(0.,-1.,0.));
#6741=DIRECTION('center_axis',(0.,-1.,0.));
#6742=DIRECTION('ref_axis',(1.,0.,0.));
#6743=DIRECTION('center_axis',(0.,-1.,0.));
#6744=DIRECTION('ref_axis',(1.,0.,0.));
#6745=DIRECTION('center_axis',(0.,-1.,0.));
#6746=DIRECTION('ref_axis',(1.,0.,0.));
#6747=DIRECTION('center_axis',(0.,1.,0.));
#6748=DIRECTION('ref_axis',(1.,0.,0.));
#6749=DIRECTION('center_axis',(0.,1.,0.));
#6750=DIRECTION('ref_axis',(1.,0.,0.));
#6751=DIRECTION('',(0.,-1.,0.));
#6752=DIRECTION('center_axis',(0.,-1.,0.));
#6753=DIRECTION('ref_axis',(1.,0.,0.));
#6754=DIRECTION('center_axis',(0.,-1.,0.));
#6755=DIRECTION('ref_axis',(1.,0.,0.));
#6756=DIRECTION('center_axis',(0.,-1.,0.));
#6757=DIRECTION('ref_axis',(1.,0.,0.));
#6758=DIRECTION('center_axis',(0.,1.,0.));
#6759=DIRECTION('ref_axis',(1.,0.,0.));
#6760=DIRECTION('center_axis',(0.,1.,0.));
#6761=DIRECTION('ref_axis',(1.,0.,0.));
#6762=DIRECTION('',(0.,-1.,0.));
#6763=DIRECTION('center_axis',(0.,-1.,0.));
#6764=DIRECTION('ref_axis',(1.,0.,0.));
#6765=DIRECTION('center_axis',(0.,-1.,0.));
#6766=DIRECTION('ref_axis',(1.,0.,0.));
#6767=DIRECTION('center_axis',(0.,-1.,0.));
#6768=DIRECTION('ref_axis',(1.,0.,0.));
#6769=DIRECTION('center_axis',(0.,1.,0.));
#6770=DIRECTION('ref_axis',(1.,0.,0.));
#6771=DIRECTION('center_axis',(0.,1.,0.));
#6772=DIRECTION('ref_axis',(1.,0.,0.));
#6773=DIRECTION('',(0.,-1.,0.));
#6774=DIRECTION('center_axis',(0.,-1.,0.));
#6775=DIRECTION('ref_axis',(1.,0.,0.));
#6776=DIRECTION('center_axis',(0.,-1.,0.));
#6777=DIRECTION('ref_axis',(1.,0.,0.));
#6778=DIRECTION('center_axis',(0.,-1.,0.));
#6779=DIRECTION('ref_axis',(1.,0.,0.));
#6780=DIRECTION('center_axis',(0.362947009504272,2.75162787540205E-16,0.931809781174198));
#6781=DIRECTION('ref_axis',(0.931809781174197,0.,-0.362947009504272));
#6782=DIRECTION('',(0.,-1.,5.5032557508041E-16));
#6783=DIRECTION('center_axis',(0.,1.,0.));
#6784=DIRECTION('ref_axis',(0.,0.,1.));
#6785=DIRECTION('center_axis',(0.,-1.,0.));
#6786=DIRECTION('ref_axis',(0.931809781174198,0.,-0.362947009504272));
#6787=DIRECTION('',(0.997484715445879,0.,-0.0708818908597501));
#6788=DIRECTION('center_axis',(0.362947009504272,2.7637718580343E-16,0.931809781174198));
#6789=DIRECTION('ref_axis',(0.931809781174197,0.,-0.362947009504272));
#6790=DIRECTION('',(0.,-1.,2.7637718580343E-16));
#6791=DIRECTION('',(0.931809781174198,0.,-0.362947009504272));
#6792=DIRECTION('center_axis',(0.362947009504272,2.7637718580343E-16,0.931809781174198));
#6793=DIRECTION('ref_axis',(0.931809781174197,0.,-0.362947009504272));
#6794=DIRECTION('',(0.,-1.,2.7637718580343E-16));
#6795=DIRECTION('',(0.938362884566798,0.,-0.345651698777076));
#6796=DIRECTION('',(0.98696387967678,0.,-0.16094191565083));
#6797=DIRECTION('',(0.981421379411926,0.,-0.191864733688068));
#6798=DIRECTION('',(0.951988710977329,0.,-0.306133131450557));
#6799=DIRECTION('',(0.992114216784088,0.,-0.125337068957658));
#6800=DIRECTION('center_axis',(0.,1.,0.));
#6801=DIRECTION('ref_axis',(-0.892474475564367,0.,-0.451097894548521));
#6802=DIRECTION('',(0.931809830621794,0.,0.362946882555262));
#6803=DIRECTION('',(0.931809781174198,0.,-0.362947009504272));
#6804=DIRECTION('center_axis',(0.362947009504272,2.63933041080928E-16,0.931809781174198));
#6805=DIRECTION('ref_axis',(0.931809781174198,0.,-0.362947009504272));
#6806=DIRECTION('',(0.,-1.,2.63933041080928E-16));
#6807=DIRECTION('center_axis',(0.362947009504272,2.63933041080928E-16,0.931809781174198));
#6808=DIRECTION('ref_axis',(0.931809781174198,0.,-0.362947009504272));
#6809=DIRECTION('',(0.,-1.,2.63933041080928E-16));
#6810=DIRECTION('center_axis',(0.246242544053039,1.21715038012056E-16,0.969208238459768));
#6811=DIRECTION('ref_axis',(0.969208238459768,0.,-0.246242544053039));
#6812=DIRECTION('',(0.,-1.,1.21715038012056E-16));
#6813=DIRECTION('center_axis',(0.246242544053039,1.21715038012056E-16,0.969208238459768));
#6814=DIRECTION('ref_axis',(0.969208238459768,0.,-0.246242544053039));
#6815=DIRECTION('',(0.,-1.,1.21715038012056E-16));
#6816=DIRECTION('',(0.931809781174198,0.,-0.362947009504272));
#6817=DIRECTION('center_axis',(0.,1.,0.));
#6818=DIRECTION('ref_axis',(-0.895313837316118,0.,-0.445435890684943));
#6819=DIRECTION('',(0.,1.,-2.53375053082998E-16));
#6820=DIRECTION('',(0.,-1.,2.70673191946753E-16));
#6821=DIRECTION('',(0.,-1.,2.70673191946753E-16));
#6822=DIRECTION('',(0.,1.,-1.94436770147086E-16));
#6823=DIRECTION('center_axis',(0.362947009504272,2.70673191946753E-16,0.931809781174198));
#6824=DIRECTION('ref_axis',(0.931809781174198,0.,-0.362947009504272));
#6825=DIRECTION('center_axis',(0.362947009504272,2.75768649721448E-16,0.931809781174198));
#6826=DIRECTION('ref_axis',(0.931809781174198,0.,-0.362947009504272));
#6827=DIRECTION('',(0.,-1.,2.75768649721448E-16));
#6828=DIRECTION('center_axis',(0.,1.,0.));
#6829=DIRECTION('ref_axis',(0.,0.,1.));
#6830=DIRECTION('center_axis',(0.,-1.,0.));
#6831=DIRECTION('ref_axis',(0.931809781174198,0.,-0.362947009504272));
#6832=DIRECTION('',(0.998182497026249,0.,-0.0602636095039325));
#6833=DIRECTION('center_axis',(0.,1.,0.));
#6834=DIRECTION('ref_axis',(1.,0.,0.));
#6835=DIRECTION('center_axis',(0.,1.,0.));
#6836=DIRECTION('ref_axis',(1.,0.,0.));
#6837=DIRECTION('',(0.,-1.,0.));
#6838=DIRECTION('center_axis',(0.,-1.,0.));
#6839=DIRECTION('ref_axis',(1.,0.,0.));
#6840=DIRECTION('center_axis',(0.,-1.,0.));
#6841=DIRECTION('ref_axis',(1.,0.,0.));
#6842=DIRECTION('',(0.984044750496228,0.,0.177921131462278));
#6843=DIRECTION('',(0.996115538451181,0.,-0.0880558575911512));
#6844=DIRECTION('',(0.996115538451181,0.,-0.0880558575911513));
#6845=DIRECTION('center_axis',(-0.0880558575911512,-1.94436770147086E-16,
-0.996115538451181));
#6846=DIRECTION('ref_axis',(-0.996115538451181,0.,0.0880558575911512));
#6847=DIRECTION('',(0.,1.,0.));
#6848=DIRECTION('center_axis',(0.362946882555262,-2.53375053082998E-16,
-0.931809830621794));
#6849=DIRECTION('ref_axis',(-0.931809830621794,0.,-0.362946882555262));
#6850=DIRECTION('',(0.931809830621794,0.,0.362946882555262));
#6851=DIRECTION('center_axis',(0.362947009504272,2.70673191946753E-16,0.931809781174198));
#6852=DIRECTION('ref_axis',(0.931809781174198,0.,-0.362947009504272));
#6853=DIRECTION('',(0.966011137260033,0.,-0.258500450076163));
#6854=DIRECTION('',(0.991597975307004,0.,-0.129357857770802));
#6855=DIRECTION('',(0.999804731874139,0.,-0.0197610253296797));
#6856=DIRECTION('',(0.998042486925868,0.,0.0625395418181913));
#6857=DIRECTION('',(0.991793491154215,0.,0.127850189300341));
#6858=DIRECTION('',(0.987924276623631,0.,0.154937483062284));
#6859=DIRECTION('',(0.982475598616442,0.,0.186391250125276));
#6860=DIRECTION('',(0.973942490395327,0.,0.226795117677935));
#6861=DIRECTION('',(0.969952445599603,0.,0.243294581270007));
#6862=DIRECTION('',(0.975247562861571,0.,0.221115786710414));
#6863=DIRECTION('',(0.988772539688618,0.,0.149428460333768));
#6864=DIRECTION('',(0.986800282941398,0.,0.161941969812573));
#6865=DIRECTION('',(0.945671021832432,0.,0.325125081263201));
#6866=DIRECTION('',(0.927137326137585,0.,0.374721734734523));
#6867=DIRECTION('',(0.937660380259152,0.,0.347552889920746));
#6868=DIRECTION('',(0.962452987181188,0.,0.271448425057152));
#6869=DIRECTION('',(0.98613569669457,0.,0.165940916306725));
#6870=DIRECTION('',(0.999728350591626,0.,0.0233071882333908));
#6871=DIRECTION('',(0.997763859501469,0.,-0.0668377189372429));
#6872=DIRECTION('',(0.99396059173276,0.,-0.109737605597449));
#6873=DIRECTION('',(0.971773639554455,0.,-0.235915225170164));
#6874=DIRECTION('',(0.993736115529941,0.,-0.111752103745136));
#6875=DIRECTION('center_axis',(0.,1.,0.));
#6876=DIRECTION('ref_axis',(-0.895313837316118,0.,-0.445435890684943));
#6877=DIRECTION('',(0.,-1.,2.75768649721448E-16));
#6878=DIRECTION('center_axis',(0.,1.,0.));
#6879=DIRECTION('ref_axis',(0.998182497026249,0.,-0.0602636095039325));
#6880=DIRECTION('',(0.,1.,-2.50155675255006E-16));
#6881=DIRECTION('',(0.,1.,-2.48819538369987E-16));
#6882=DIRECTION('center_axis',(0.362947009504272,2.75768649721448E-16,0.931809781174198));
#6883=DIRECTION('ref_axis',(0.931809781174198,0.,-0.362947009504272));
#6884=DIRECTION('',(0.931809781174198,0.,-0.362947009504272));
#6885=DIRECTION('center_axis',(0.,-1.,0.));
#6886=DIRECTION('ref_axis',(0.,0.,-1.));
#6887=DIRECTION('',(0.998182497026249,0.,-0.0602636095039325));
#6888=DIRECTION('',(0.931809830621794,0.,0.362946882555262));
#6889=DIRECTION('center_axis',(0.362946882555262,-2.50155675255006E-16,
-0.931809830621794));
#6890=DIRECTION('ref_axis',(-0.931809830621794,0.,-0.362946882555262));
#6891=DIRECTION('',(0.931809830621794,0.,0.362946882555262));
#6892=DIRECTION('',(0.992708950275085,0.,0.120536052879374));
#6893=DIRECTION('',(0.931809830621794,0.,0.362946882555262));
#6894=DIRECTION('center_axis',(0.362946882555262,-2.48819538369987E-16,
-0.931809830621794));
#6895=DIRECTION('ref_axis',(-0.931809830621794,0.,-0.362946882555262));
#6896=DIRECTION('',(0.931809830621794,0.,0.362946882555262));
#6897=DIRECTION('center_axis',(0.,1.,0.));
#6898=DIRECTION('ref_axis',(-0.895313837316118,0.,-0.445435890684943));
#6899=DIRECTION('',(0.,-1.,5.5032557508041E-16));
#6900=DIRECTION('center_axis',(0.,1.,0.));
#6901=DIRECTION('ref_axis',(0.931809830621794,0.,0.362946882555261));
#6902=DIRECTION('',(0.,1.,-2.75162787540205E-16));
#6903=DIRECTION('center_axis',(0.,-1.,0.));
#6904=DIRECTION('ref_axis',(0.993792624962968,0.,0.111248454232921));
#6905=DIRECTION('',(0.,1.,-1.89695422207306E-16));
#6906=DIRECTION('center_axis',(0.,1.,0.));
#6907=DIRECTION('ref_axis',(0.931809830621794,0.,0.362946882555262));
#6908=DIRECTION('',(0.,1.,-2.7637718580343E-16));
#6909=DIRECTION('center_axis',(0.,-1.,0.));
#6910=DIRECTION('ref_axis',(0.931809781174198,0.,-0.362947009504272));
#6911=DIRECTION('center_axis',(0.,1.,0.));
#6912=DIRECTION('ref_axis',(0.997484715445879,0.,-0.0708818908597501));
#6913=DIRECTION('',(0.,-1.,1.89695422207306E-16));
#6914=DIRECTION('center_axis',(0.,-1.,0.));
#6915=DIRECTION('ref_axis',(0.,0.,-1.));
#6916=DIRECTION('',(0.997484715445879,0.,-0.0708818908597501));
#6917=DIRECTION('center_axis',(0.0708818908597501,1.89695422207306E-16,
0.997484715445879));
#6918=DIRECTION('ref_axis',(0.997484715445879,0.,-0.0708818908597501));
#6919=DIRECTION('center_axis',(0.362947009504272,2.75162787540205E-16,0.931809781174198));
#6920=DIRECTION('ref_axis',(0.931809781174197,0.,-0.362947009504272));
#6921=DIRECTION('',(0.931809781174197,0.,-0.362947009504272));
#6922=DIRECTION('center_axis',(0.,-1.,0.));
#6923=DIRECTION('ref_axis',(0.,0.,-1.));
#6924=DIRECTION('',(0.931809830621794,0.,0.362946882555261));
#6925=DIRECTION('center_axis',(0.362946882555262,-2.75162787540205E-16,
-0.931809830621794));
#6926=DIRECTION('ref_axis',(-0.931809830621794,0.,-0.362946882555262));
#6927=DIRECTION('',(0.931809830621794,0.,0.362946882555262));
#6928=DIRECTION('center_axis',(0.,1.,0.));
#6929=DIRECTION('ref_axis',(0.,0.,1.));
#6930=DIRECTION('',(0.993792624962968,0.,0.111248454232921));
#6931=DIRECTION('center_axis',(0.111248454232921,-1.89695422207306E-16,
-0.993792624962968));
#6932=DIRECTION('ref_axis',(-0.993792624962968,0.,-0.111248454232921));
#6933=DIRECTION('',(0.993792624962968,0.,0.111248454232921));
#6934=DIRECTION('center_axis',(0.,-1.,0.));
#6935=DIRECTION('ref_axis',(0.,0.,-1.));
#6936=DIRECTION('',(0.931809830621794,0.,0.362946882555261));
#6937=DIRECTION('center_axis',(0.362946882555262,-2.7637718580343E-16,-0.931809830621794));
#6938=DIRECTION('ref_axis',(-0.931809830621794,0.,-0.362946882555262));
#6939=DIRECTION('',(0.931809830621794,0.,0.362946882555261));
#6940=DIRECTION('center_axis',(0.,1.,0.));
#6941=DIRECTION('ref_axis',(0.,0.,1.));
#6942=DIRECTION('center_axis',(0.,1.,0.));
#6943=DIRECTION('ref_axis',(1.,0.,0.));
#6944=DIRECTION('center_axis',(0.,1.,0.));
#6945=DIRECTION('ref_axis',(1.,0.,0.));
#6946=DIRECTION('',(0.,1.,0.));
#6947=DIRECTION('center_axis',(0.,-1.,0.));
#6948=DIRECTION('ref_axis',(1.,0.,0.));
#6949=DIRECTION('center_axis',(0.,1.,0.));
#6950=DIRECTION('ref_axis',(1.,0.,0.));
#6951=DIRECTION('center_axis',(0.,1.,0.));
#6952=DIRECTION('ref_axis',(1.,0.,0.));
#6953=DIRECTION('center_axis',(0.,1.,0.));
#6954=DIRECTION('ref_axis',(1.,0.,0.));
#6955=DIRECTION('center_axis',(0.,1.,0.));
#6956=DIRECTION('ref_axis',(1.,0.,0.));
#6957=DIRECTION('center_axis',(0.,1.,0.));
#6958=DIRECTION('ref_axis',(1.,0.,0.));
#6959=DIRECTION('center_axis',(0.,-1.,0.));
#6960=DIRECTION('ref_axis',(1.,0.,0.));
#6961=DIRECTION('',(0.,-1.,0.));
#6962=DIRECTION('center_axis',(0.,1.,0.));
#6963=DIRECTION('ref_axis',(1.,0.,0.));
#6964=DIRECTION('center_axis',(0.,1.,0.));
#6965=DIRECTION('ref_axis',(1.,0.,0.));
#6966=DIRECTION('center_axis',(0.,1.,0.));
#6967=DIRECTION('ref_axis',(1.,0.,0.));
#6968=DIRECTION('',(0.,-1.,0.));
#6969=DIRECTION('center_axis',(0.,-1.,0.));
#6970=DIRECTION('ref_axis',(1.,0.,0.));
#6971=DIRECTION('center_axis',(0.,-1.,0.));
#6972=DIRECTION('ref_axis',(1.,0.,0.));
#6973=DIRECTION('center_axis',(0.,-1.,0.));
#6974=DIRECTION('ref_axis',(1.,0.,0.));
#6975=CARTESIAN_POINT('',(0.,0.,0.));
#6976=CARTESIAN_POINT('Origin',(0.,0.,0.));
#6977=CARTESIAN_POINT('',(-17.5,65.,2.14313189850787E-15));
#6978=CARTESIAN_POINT('',(-17.5,64.,2.14313189850787E-15));
#6979=CARTESIAN_POINT('',(-17.5,0.,2.14313189850787E-15));
#6980=CARTESIAN_POINT('',(16.5087069828575,65.,-5.80625470972045));
#6981=CARTESIAN_POINT('Origin',(0.,65.,0.));
#6982=CARTESIAN_POINT('',(16.6598024421033,64.3843776267022,-5.35732980038474));
#6983=CARTESIAN_POINT('Ctrl Pts',(16.5087069828575,65.,-5.80625470972046));
#6984=CARTESIAN_POINT('Ctrl Pts',(16.5550503193376,64.7656967506502,-5.67448843338452));
#6985=CARTESIAN_POINT('Ctrl Pts',(16.6058889269121,64.5604892928843,-5.52498580543043));
#6986=CARTESIAN_POINT('Ctrl Pts',(16.6598024421033,64.3843776267022,-5.35732980038474));
#6987=CARTESIAN_POINT('',(16.7868360218498,64.,-4.94491014837756));
#6988=CARTESIAN_POINT('Ctrl Pts',(16.6598024421033,64.3843776267022,-5.35732980038474));
#6989=CARTESIAN_POINT('Ctrl Pts',(16.7019902418795,64.2465692137175,-5.22613750199608));
#6990=CARTESIAN_POINT('Ctrl Pts',(16.7444814492728,64.1184433381501,-5.08869420982456));
#6991=CARTESIAN_POINT('Ctrl Pts',(16.7868360218498,64.,-4.94491014837756));
#6992=CARTESIAN_POINT('Origin',(0.,64.,0.));
#6993=CARTESIAN_POINT('Origin',(0.,0.,0.));
#6994=CARTESIAN_POINT('',(-17.5,50.,2.14313189850787E-15));
#6995=CARTESIAN_POINT('',(-17.5,49.,2.14313189850787E-15));
#6996=CARTESIAN_POINT('',(-17.5,0.,2.14313189850787E-15));
#6997=CARTESIAN_POINT('',(16.3066711705485,50.,-6.35157266632476));
#6998=CARTESIAN_POINT('Origin',(0.,50.,0.));
#6999=CARTESIAN_POINT('',(16.3066711705485,49.,-6.35157266632476));
#7000=CARTESIAN_POINT('',(16.3066711705485,0.,-6.35157266632474));
#7001=CARTESIAN_POINT('Origin',(0.,49.,0.));
#7002=CARTESIAN_POINT('Origin',(0.,0.,0.));
#7003=CARTESIAN_POINT('',(-17.5,85.,2.14313189850787E-15));
#7004=CARTESIAN_POINT('',(-17.5,84.,2.14313189850787E-15));
#7005=CARTESIAN_POINT('',(-17.5,0.,2.14313189850787E-15));
#7006=CARTESIAN_POINT('',(17.2450787878585,85.,-2.97611451401848));
#7007=CARTESIAN_POINT('Origin',(0.,85.,0.));
#7008=CARTESIAN_POINT('',(17.2450787878585,85.1790648978204,-2.97611451401848));
#7009=CARTESIAN_POINT('',(17.2450787878585,0.,-2.97611451401848));
#7010=CARTESIAN_POINT('',(17.4559825203029,85.1790648978204,-1.24043309004563));
#7011=CARTESIAN_POINT('Origin',(0.,85.1790648978204,0.));
#7012=CARTESIAN_POINT('',(17.4559825203029,80.789569048211,-1.24043309004563));
#7013=CARTESIAN_POINT('',(17.4559825203029,0.,-1.24043309004561));
#7014=CARTESIAN_POINT('',(17.2450787878585,80.789569048211,-2.97611451401848));
#7015=CARTESIAN_POINT('Origin',(0.,80.789569048211,0.));
#7016=CARTESIAN_POINT('',(17.2450787878585,81.5,-2.97611451401848));
#7017=CARTESIAN_POINT('',(17.2450787878585,0.,-2.97611451401848));
#7018=CARTESIAN_POINT('',(-17.5,81.5,2.14313189850787E-15));
#7019=CARTESIAN_POINT('Origin',(0.,81.5,0.));
#7020=CARTESIAN_POINT('',(-17.5,82.5,2.14313189850787E-15));
#7021=CARTESIAN_POINT('',(-17.5,0.,2.14313189850787E-15));
#7022=CARTESIAN_POINT('',(17.2450787878585,82.5,-2.97611451401848));
#7023=CARTESIAN_POINT('Origin',(0.,82.5,0.));
#7024=CARTESIAN_POINT('',(17.2450787878585,84.,-2.97611451401848));
#7025=CARTESIAN_POINT('',(17.2450787878585,0.,-2.97611451401848));
#7026=CARTESIAN_POINT('Origin',(0.,84.,0.));
#7027=CARTESIAN_POINT('Origin',(0.,0.,0.));
#7028=CARTESIAN_POINT('',(-17.5,42.5,2.14313189850787E-15));
#7029=CARTESIAN_POINT('',(-17.5,41.5,2.14313189850787E-15));
#7030=CARTESIAN_POINT('',(-17.5,0.,2.14313189850787E-15));
#7031=CARTESIAN_POINT('',(16.3066711705485,42.5,-6.35157266632476));
#7032=CARTESIAN_POINT('Origin',(0.,42.5,0.));
#7033=CARTESIAN_POINT('',(16.3066711705485,41.5,-6.35157266632476));
#7034=CARTESIAN_POINT('',(16.3066711705485,0.,-6.35157266632475));
#7035=CARTESIAN_POINT('Origin',(0.,41.5,0.));
#7036=CARTESIAN_POINT('Origin',(0.,0.,0.));
#7037=CARTESIAN_POINT('',(-17.5,80.,2.14313189850787E-15));
#7038=CARTESIAN_POINT('',(-17.5,79.,2.14313189850787E-15));
#7039=CARTESIAN_POINT('',(-17.5,0.,2.14313189850787E-15));
#7040=CARTESIAN_POINT('',(16.3066711705485,80.,-6.35157266632476));
#7041=CARTESIAN_POINT('Origin',(0.,80.,0.));
#7042=CARTESIAN_POINT('',(16.3066711705485,79.,-6.35157266632476));
#7043=CARTESIAN_POINT('',(16.3066711705485,0.,-6.35157266632474));
#7044=CARTESIAN_POINT('Origin',(0.,79.,0.));
#7045=CARTESIAN_POINT('Origin',(0.,0.,0.));
#7046=CARTESIAN_POINT('',(-17.5,52.5,2.14313189850787E-15));
#7047=CARTESIAN_POINT('',(-17.5,51.5,2.14313189850787E-15));
#7048=CARTESIAN_POINT('',(-17.5,0.,2.14313189850787E-15));
#7049=CARTESIAN_POINT('',(16.5275182940985,52.5,-5.75248981209349));
#7050=CARTESIAN_POINT('Origin',(0.,52.5,0.));
#7051=CARTESIAN_POINT('',(16.3066711705485,52.31146636419,-6.35157266632476));
#7052=CARTESIAN_POINT('Ctrl Pts',(16.5275182940985,52.5,-5.7524898120935));
#7053=CARTESIAN_POINT('Ctrl Pts',(16.4575539119248,52.43715545473,-5.95350496276456));
#7054=CARTESIAN_POINT('Ctrl Pts',(16.3839218692801,52.37431090946,-6.15324355822982));
#7055=CARTESIAN_POINT('Ctrl Pts',(16.3066711705485,52.31146636419,-6.35157266632476));
#7056=CARTESIAN_POINT('',(16.3066711705485,51.5,-6.35157266632476));
#7057=CARTESIAN_POINT('',(16.3066711705485,0.,-6.35157266632474));
#7058=CARTESIAN_POINT('Origin',(0.,51.5,0.));
#7059=CARTESIAN_POINT('Origin',(0.,0.,0.));
#7060=CARTESIAN_POINT('',(-17.5,55.,2.14313189850787E-15));
#7061=CARTESIAN_POINT('',(-17.5,54.,2.14313189850787E-15));
#7062=CARTESIAN_POINT('',(-17.5,0.,2.14313189850787E-15));
#7063=CARTESIAN_POINT('',(16.9611441730459,55.,-4.30924452092817));
#7064=CARTESIAN_POINT('Origin',(0.,55.,0.));
#7065=CARTESIAN_POINT('',(16.9611441730459,54.,-4.30924452092817));
#7066=CARTESIAN_POINT('',(16.961144173046,0.,-4.30924452092817));
#7067=CARTESIAN_POINT('Origin',(0.,54.,0.));
#7068=CARTESIAN_POINT('Origin',(0.,0.,0.));
#7069=CARTESIAN_POINT('',(-17.5,57.5,2.14313189850787E-15));
#7070=CARTESIAN_POINT('',(-17.5,56.5,2.14313189850787E-15));
#7071=CARTESIAN_POINT('',(-17.5,0.,2.14313189850787E-15));
#7072=CARTESIAN_POINT('',(16.9611441730459,57.5,-4.30924452092817));
#7073=CARTESIAN_POINT('Origin',(0.,57.5,0.));
#7074=CARTESIAN_POINT('',(16.9611441730459,56.5,-4.30924452092817));
#7075=CARTESIAN_POINT('',(16.961144173046,0.,-4.30924452092817));
#7076=CARTESIAN_POINT('Origin',(0.,56.5,0.));
#7077=CARTESIAN_POINT('Origin',(0.,0.,0.));
#7078=CARTESIAN_POINT('',(-17.5,60.,2.14313189850787E-15));
#7079=CARTESIAN_POINT('',(-17.5,59.,2.14313189850787E-15));
#7080=CARTESIAN_POINT('',(-17.5,0.,2.14313189850787E-15));
#7081=CARTESIAN_POINT('',(16.3066711705485,60.,-6.35157266632476));
#7082=CARTESIAN_POINT('Origin',(0.,60.,0.));
#7083=CARTESIAN_POINT('',(16.3066711705485,59.,-6.35157266632476));
#7084=CARTESIAN_POINT('',(16.3066711705485,0.,-6.35157266632474));
#7085=CARTESIAN_POINT('Origin',(0.,59.,0.));
#7086=CARTESIAN_POINT('Origin',(0.,0.,0.));
#7087=CARTESIAN_POINT('',(-17.5,67.5,2.14313189850787E-15));
#7088=CARTESIAN_POINT('',(-17.5,66.5,2.14313189850787E-15));
#7089=CARTESIAN_POINT('',(-17.5,0.,2.14313189850787E-15));
#7090=CARTESIAN_POINT('',(16.2524573267203,67.5,-6.4890392850665));
#7091=CARTESIAN_POINT('Origin',(0.,67.5,0.));
#7092=CARTESIAN_POINT('',(16.3121222557246,66.5,-6.33756006001487));
#7093=CARTESIAN_POINT('Ctrl Pts',(16.2524573267203,67.5,-6.48903928506651));
#7094=CARTESIAN_POINT('Ctrl Pts',(16.2668847913639,67.1421330628498,-6.45290423592409));
#7095=CARTESIAN_POINT('Ctrl Pts',(16.2869063446588,66.8087997295165,-6.40246280179555));
#7096=CARTESIAN_POINT('Ctrl Pts',(16.3121222557246,66.5,-6.33756006001486));
#7097=CARTESIAN_POINT('Origin',(0.,66.5,0.));
#7098=CARTESIAN_POINT('Origin',(0.,0.,0.));
#7099=CARTESIAN_POINT('',(-17.5,70.,2.14313189850787E-15));
#7100=CARTESIAN_POINT('',(-17.5,69.,2.14313189850787E-15));
#7101=CARTESIAN_POINT('',(-17.5,0.,2.14313189850787E-15));
#7102=CARTESIAN_POINT('',(16.2413861147864,70.,-6.51669986039135));
#7103=CARTESIAN_POINT('Origin',(0.,70.,0.));
#7104=CARTESIAN_POINT('',(16.2249098098255,69.,-6.55761402211424));
#7105=CARTESIAN_POINT('Ctrl Pts',(16.2413861147864,70.,-6.51669986039135));
#7106=CARTESIAN_POINT('Ctrl Pts',(16.2306578029755,69.6834120770433,-6.54343772744249));
#7107=CARTESIAN_POINT('Ctrl Pts',(16.2251327127931,69.3500787437099,-6.55706251351164));
#7108=CARTESIAN_POINT('Ctrl Pts',(16.2249098098255,69.,-6.55761402211425));
#7109=CARTESIAN_POINT('Origin',(0.,69.,0.));
#7110=CARTESIAN_POINT('Origin',(0.,0.,0.));
#7111=CARTESIAN_POINT('',(-17.5,72.5,2.14313189850787E-15));
#7112=CARTESIAN_POINT('',(-17.5,71.5,2.14313189850787E-15));
#7113=CARTESIAN_POINT('',(-17.5,0.,2.14313189850787E-15));
#7114=CARTESIAN_POINT('',(16.4868265640453,72.5,-5.86809593029043));
#7115=CARTESIAN_POINT('Origin',(0.,72.5,0.));
#7116=CARTESIAN_POINT('',(16.421350479919,72.1081191580743,-6.04890472859883));
#7117=CARTESIAN_POINT('Ctrl Pts',(16.4868265640453,72.5,-5.86809593029043));
#7118=CARTESIAN_POINT('Ctrl Pts',(16.4638040401874,72.3742882111325,-5.93277932374905));
#7119=CARTESIAN_POINT('Ctrl Pts',(16.4419311425362,72.2436612638239,-5.99303308090213));
#7120=CARTESIAN_POINT('Ctrl Pts',(16.421350479919,72.1081191580743,-6.04890472859883));
#7121=CARTESIAN_POINT('',(16.342988880605,71.5,-6.25753261664866));
#7122=CARTESIAN_POINT('Ctrl Pts',(16.421350479919,72.1081191580743,-6.04890472859883));
#7123=CARTESIAN_POINT('Ctrl Pts',(16.3923200073044,71.9169274815834,-6.12771561863449));
#7124=CARTESIAN_POINT('Ctrl Pts',(16.3660831190636,71.7142210955587,-6.19721668935625));
#7125=CARTESIAN_POINT('Ctrl Pts',(16.342988880605,71.5,-6.25753261664866));
#7126=CARTESIAN_POINT('Origin',(0.,71.5,0.));
#7127=CARTESIAN_POINT('Origin',(0.,0.,0.));
#7128=CARTESIAN_POINT('',(-17.5,92.5,2.14313189850787E-15));
#7129=CARTESIAN_POINT('Origin',(0.,92.5,0.));
#7130=CARTESIAN_POINT('',(-17.5,91.5,2.14313189850787E-15));
#7131=CARTESIAN_POINT('',(-17.5,0.,2.14313189850787E-15));
#7132=CARTESIAN_POINT('',(14.7068962673849,91.5,9.48457706913602));
#7133=CARTESIAN_POINT('Origin',(0.,91.5,0.));
#7134=CARTESIAN_POINT('',(14.7068962673849,90.,9.48457706913602));
#7135=CARTESIAN_POINT('',(14.7068962673849,0.,9.48457706913602));
#7136=CARTESIAN_POINT('',(-17.5,90.,2.14313189850787E-15));
#7137=CARTESIAN_POINT('Origin',(0.,90.,0.));
#7138=CARTESIAN_POINT('',(-17.5,89.,2.14313189850787E-15));
#7139=CARTESIAN_POINT('',(-17.5,0.,2.14313189850787E-15));
#7140=CARTESIAN_POINT('',(14.7068962673849,89.,9.48457706913602));
#7141=CARTESIAN_POINT('Origin',(0.,89.,0.));
#7142=CARTESIAN_POINT('',(14.7068962673849,87.5,9.48457706913602));
#7143=CARTESIAN_POINT('',(14.7068962673849,0.,9.48457706913602));
#7144=CARTESIAN_POINT('',(-17.5,87.5,2.14313189850787E-15));
#7145=CARTESIAN_POINT('Origin',(0.,87.5,0.));
#7146=CARTESIAN_POINT('',(-17.5,86.5,2.14313189850787E-15));
#7147=CARTESIAN_POINT('',(-17.5,0.,2.14313189850787E-15));
#7148=CARTESIAN_POINT('',(14.7068962673849,86.5,9.48457706913602));
#7149=CARTESIAN_POINT('Origin',(0.,86.5,0.));
#7150=CARTESIAN_POINT('',(14.7068962673849,85.,9.48457706913602));
#7151=CARTESIAN_POINT('',(14.7068962673849,0.,9.48457706913602));
#7152=CARTESIAN_POINT('Origin',(0.,85.,0.));
#7153=CARTESIAN_POINT('',(14.7068962673849,84.,9.48457706913602));
#7154=CARTESIAN_POINT('Origin',(0.,84.,0.));
#7155=CARTESIAN_POINT('',(14.7068962673849,82.5,9.48457706913602));
#7156=CARTESIAN_POINT('',(14.7068962673849,0.,9.48457706913602));
#7157=CARTESIAN_POINT('Origin',(0.,82.5,0.));
#7158=CARTESIAN_POINT('',(14.7068962673849,81.5,9.48457706913602));
#7159=CARTESIAN_POINT('Origin',(0.,81.5,0.));
#7160=CARTESIAN_POINT('',(14.7068962673849,80.,9.48457706913602));
#7161=CARTESIAN_POINT('',(14.7068962673849,0.,9.48457706913602));
#7162=CARTESIAN_POINT('Origin',(0.,80.,0.));
#7163=CARTESIAN_POINT('',(14.7068962673849,79.,9.48457706913602));
#7164=CARTESIAN_POINT('Origin',(0.,79.,0.));
#7165=CARTESIAN_POINT('',(14.7068962673849,77.5,9.48457706913602));
#7166=CARTESIAN_POINT('',(14.7068962673849,0.,9.48457706913602));
#7167=CARTESIAN_POINT('',(-17.5,77.5,2.14313189850787E-15));
#7168=CARTESIAN_POINT('Origin',(0.,77.5,0.));
#7169=CARTESIAN_POINT('',(-17.5,76.5,2.14313189850787E-15));
#7170=CARTESIAN_POINT('',(-17.5,0.,2.14313189850787E-15));
#7171=CARTESIAN_POINT('',(14.7068962673849,76.5,9.48457706913602));
#7172=CARTESIAN_POINT('Origin',(0.,76.5,0.));
#7173=CARTESIAN_POINT('',(14.7068962673849,75.,9.48457706913602));
#7174=CARTESIAN_POINT('',(14.7068962673849,0.,9.48457706913602));
#7175=CARTESIAN_POINT('',(-17.5,75.,2.14313189850787E-15));
#7176=CARTESIAN_POINT('Origin',(0.,75.,0.));
#7177=CARTESIAN_POINT('',(-17.5,74.,2.14313189850787E-15));
#7178=CARTESIAN_POINT('',(-17.5,0.,2.14313189850787E-15));
#7179=CARTESIAN_POINT('',(14.7068962673849,74.,9.48457706913602));
#7180=CARTESIAN_POINT('Origin',(0.,74.,0.));
#7181=CARTESIAN_POINT('',(14.7068962673849,72.5,9.48457706913602));
#7182=CARTESIAN_POINT('',(14.7068962673849,0.,9.48457706913602));
#7183=CARTESIAN_POINT('Origin',(0.,72.5,0.));
#7184=CARTESIAN_POINT('',(14.7068962673849,71.5,9.48457706913602));
#7185=CARTESIAN_POINT('Origin',(0.,71.5,0.));
#7186=CARTESIAN_POINT('',(14.7068962673849,70.,9.48457706913602));
#7187=CARTESIAN_POINT('',(14.7068962673849,0.,9.48457706913602));
#7188=CARTESIAN_POINT('Origin',(0.,70.,0.));
#7189=CARTESIAN_POINT('',(14.7068962673849,69.,9.48457706913602));
#7190=CARTESIAN_POINT('Origin',(0.,69.,0.));
#7191=CARTESIAN_POINT('',(14.7068962673849,67.5,9.48457706913602));
#7192=CARTESIAN_POINT('',(14.7068962673849,0.,9.48457706913602));
#7193=CARTESIAN_POINT('Origin',(0.,67.5,0.));
#7194=CARTESIAN_POINT('',(14.7068962673849,66.5,9.48457706913602));
#7195=CARTESIAN_POINT('Origin',(0.,66.5,0.));
#7196=CARTESIAN_POINT('',(14.7068962673849,65.,9.48457706913602));
#7197=CARTESIAN_POINT('',(14.7068962673849,0.,9.48457706913602));
#7198=CARTESIAN_POINT('Origin',(0.,65.,0.));
#7199=CARTESIAN_POINT('',(14.7068962673849,64.,9.48457706913602));
#7200=CARTESIAN_POINT('Origin',(0.,64.,0.));
#7201=CARTESIAN_POINT('',(14.7068962673849,62.5,9.48457706913602));
#7202=CARTESIAN_POINT('',(14.7068962673849,0.,9.48457706913602));
#7203=CARTESIAN_POINT('',(-17.5,62.5,2.14313189850787E-15));
#7204=CARTESIAN_POINT('Origin',(0.,62.5,0.));
#7205=CARTESIAN_POINT('',(-17.5,61.5,2.14313189850787E-15));
#7206=CARTESIAN_POINT('',(-17.5,0.,2.14313189850787E-15));
#7207=CARTESIAN_POINT('',(14.7068962673849,61.5,9.48457706913602));
#7208=CARTESIAN_POINT('Origin',(0.,61.5,0.));
#7209=CARTESIAN_POINT('',(14.7068962673849,60.,9.48457706913602));
#7210=CARTESIAN_POINT('',(14.7068962673849,0.,9.48457706913602));
#7211=CARTESIAN_POINT('Origin',(0.,60.,0.));
#7212=CARTESIAN_POINT('',(14.7068962673849,59.,9.48457706913602));
#7213=CARTESIAN_POINT('Origin',(0.,59.,0.));
#7214=CARTESIAN_POINT('',(14.7068962673849,57.5,9.48457706913602));
#7215=CARTESIAN_POINT('',(14.7068962673849,0.,9.48457706913602));
#7216=CARTESIAN_POINT('Origin',(0.,57.5,0.));
#7217=CARTESIAN_POINT('',(14.7068962673849,56.5,9.48457706913602));
#7218=CARTESIAN_POINT('Origin',(0.,56.5,0.));
#7219=CARTESIAN_POINT('',(14.7068962673849,55.,9.48457706913602));
#7220=CARTESIAN_POINT('',(14.7068962673849,0.,9.48457706913602));
#7221=CARTESIAN_POINT('Origin',(0.,55.,0.));
#7222=CARTESIAN_POINT('',(14.7068962673849,54.,9.48457706913602));
#7223=CARTESIAN_POINT('Origin',(0.,54.,0.));
#7224=CARTESIAN_POINT('',(14.7068962673849,52.5,9.48457706913602));
#7225=CARTESIAN_POINT('',(14.7068962673849,0.,9.48457706913602));
#7226=CARTESIAN_POINT('Origin',(0.,52.5,0.));
#7227=CARTESIAN_POINT('',(14.7068962673849,51.5,9.48457706913602));
#7228=CARTESIAN_POINT('Origin',(0.,51.5,0.));
#7229=CARTESIAN_POINT('',(14.7068962673849,50.,9.48457706913602));
#7230=CARTESIAN_POINT('',(14.7068962673849,0.,9.48457706913602));
#7231=CARTESIAN_POINT('Origin',(0.,50.,0.));
#7232=CARTESIAN_POINT('',(14.7068962673849,49.,9.48457706913602));
#7233=CARTESIAN_POINT('Origin',(0.,49.,0.));
#7234=CARTESIAN_POINT('',(14.7068962673849,47.5,9.48457706913602));
#7235=CARTESIAN_POINT('',(14.7068962673849,0.,9.48457706913602));
#7236=CARTESIAN_POINT('',(-17.5,47.5,2.14313189850787E-15));
#7237=CARTESIAN_POINT('Origin',(0.,47.5,0.));
#7238=CARTESIAN_POINT('',(-17.5,46.5,2.14313189850787E-15));
#7239=CARTESIAN_POINT('',(-17.5,0.,2.14313189850787E-15));
#7240=CARTESIAN_POINT('',(14.7068962673849,46.5,9.48457706913602));
#7241=CARTESIAN_POINT('Origin',(0.,46.5,0.));
#7242=CARTESIAN_POINT('',(14.7068962673849,45.,9.48457706913602));
#7243=CARTESIAN_POINT('',(14.7068962673849,0.,9.48457706913602));
#7244=CARTESIAN_POINT('',(-17.5,45.,2.14313189850787E-15));
#7245=CARTESIAN_POINT('Origin',(0.,45.,0.));
#7246=CARTESIAN_POINT('',(-17.5,44.,2.14313189850787E-15));
#7247=CARTESIAN_POINT('',(-17.5,0.,2.14313189850787E-15));
#7248=CARTESIAN_POINT('',(14.7068962673849,44.,9.48457706913602));
#7249=CARTESIAN_POINT('Origin',(0.,44.,0.));
#7250=CARTESIAN_POINT('',(14.7068962673849,42.5,9.48457706913602));
#7251=CARTESIAN_POINT('',(14.7068962673849,0.,9.48457706913602));
#7252=CARTESIAN_POINT('Origin',(0.,42.5,0.));
#7253=CARTESIAN_POINT('',(14.7068962673849,41.5,9.48457706913602));
#7254=CARTESIAN_POINT('Origin',(0.,41.5,0.));
#7255=CARTESIAN_POINT('',(14.7068962673849,40.,9.48457706913602));
#7256=CARTESIAN_POINT('',(14.7068962673849,0.,9.48457706913602));
#7257=CARTESIAN_POINT('',(-17.5,40.,2.14313189850787E-15));
#7258=CARTESIAN_POINT('Origin',(0.,40.,0.));
#7259=CARTESIAN_POINT('',(-17.5,39.,2.14313189850787E-15));
#7260=CARTESIAN_POINT('',(-17.5,0.,2.14313189850787E-15));
#7261=CARTESIAN_POINT('',(14.7068962673849,39.,9.48457706913602));
#7262=CARTESIAN_POINT('Origin',(0.,39.,0.));
#7263=CARTESIAN_POINT('',(14.7068962673849,37.5,9.48457706913602));
#7264=CARTESIAN_POINT('',(14.7068962673849,0.,9.48457706913602));
#7265=CARTESIAN_POINT('',(-17.5,37.5,2.14313189850787E-15));
#7266=CARTESIAN_POINT('Origin',(0.,37.5,0.));
#7267=CARTESIAN_POINT('',(-17.5,36.5,2.14313189850787E-15));
#7268=CARTESIAN_POINT('',(-17.5,0.,2.14313189850787E-15));
#7269=CARTESIAN_POINT('',(14.7068962673849,36.5,9.48457706913602));
#7270=CARTESIAN_POINT('Origin',(0.,36.5,0.));
#7271=CARTESIAN_POINT('',(14.7068962673849,35.,9.48457706913602));
#7272=CARTESIAN_POINT('',(14.7068962673849,0.,9.48457706913602));
#7273=CARTESIAN_POINT('',(-17.5,35.,2.14313189850787E-15));
#7274=CARTESIAN_POINT('Origin',(0.,35.,0.));
#7275=CARTESIAN_POINT('',(-17.5,34.,2.14313189850787E-15));
#7276=CARTESIAN_POINT('',(-17.5,0.,2.14313189850787E-15));
#7277=CARTESIAN_POINT('Origin',(0.,34.,0.));
#7278=CARTESIAN_POINT('',(17.2450787878585,35.,-2.97611451401848));
#7279=CARTESIAN_POINT('Origin',(0.,35.,0.));
#7280=CARTESIAN_POINT('',(17.2450787878585,36.5,-2.97611451401848));
#7281=CARTESIAN_POINT('',(17.2450787878585,0.,-2.97611451401848));
#7282=CARTESIAN_POINT('Origin',(0.,36.5,0.));
#7283=CARTESIAN_POINT('',(17.2450787878585,37.5,-2.97611451401848));
#7284=CARTESIAN_POINT('Origin',(0.,37.5,0.));
#7285=CARTESIAN_POINT('',(17.2450787878585,39.,-2.97611451401848));
#7286=CARTESIAN_POINT('',(17.2450787878585,0.,-2.97611451401848));
#7287=CARTESIAN_POINT('Origin',(0.,39.,0.));
#7288=CARTESIAN_POINT('',(17.2450787878585,40.,-2.97611451401848));
#7289=CARTESIAN_POINT('Origin',(0.,40.,0.));
#7290=CARTESIAN_POINT('',(17.2450787878585,40.8495933096856,-2.97611451401848));
#7291=CARTESIAN_POINT('',(17.2450787878585,0.,-2.97611451401848));
#7292=CARTESIAN_POINT('',(17.4681936979594,40.8495933096856,-1.05461316631882));
#7293=CARTESIAN_POINT('Origin',(0.,40.8495933096856,0.));
#7294=CARTESIAN_POINT('',(16.3066720358814,35.7861548941582,6.35157044471708));
#7295=CARTESIAN_POINT('Ctrl Pts',(17.4681936979594,40.8495933096856,-1.05461316631882));
#7296=CARTESIAN_POINT('Ctrl Pts',(17.6199625990565,39.1617805045098,1.45922664372791));
#7297=CARTESIAN_POINT('Ctrl Pts',(17.2207236497075,37.473967699334,4.00488468876721));
#7298=CARTESIAN_POINT('Ctrl Pts',(16.3066720358814,35.7861548941582,6.35157044471708));
#7299=CARTESIAN_POINT('',(16.3066720358814,40.2481156866997,6.35157044471708));
#7300=CARTESIAN_POINT('',(16.3066720358814,0.,6.35157044471709));
#7301=CARTESIAN_POINT('',(17.372406629814,42.8675395529717,2.10938092538905));
#7302=CARTESIAN_POINT('Ctrl Pts',(16.3066720358814,40.2481156866997,6.35157044471708));
#7303=CARTESIAN_POINT('Ctrl Pts',(16.8372369970493,41.1212569754571,4.98942719356394));
#7304=CARTESIAN_POINT('Ctrl Pts',(17.1962039696202,41.9943982642144,3.56054805471006));
#7305=CARTESIAN_POINT('Ctrl Pts',(17.372406629814,42.8675395529717,2.10938092538905));
#7306=CARTESIAN_POINT('',(16.3066720358814,45.4919559042901,6.35157044471708));
#7307=CARTESIAN_POINT('Ctrl Pts',(17.372406629814,42.8675395529717,2.10938092538905));
#7308=CARTESIAN_POINT('Ctrl Pts',(17.1962039696202,43.7423450034112,3.56054805471006));
#7309=CARTESIAN_POINT('Ctrl Pts',(16.8372369970493,44.6171504538506,4.98942719356394));
#7310=CARTESIAN_POINT('Ctrl Pts',(16.3066720358814,45.4919559042901,6.35157044471708));
#7311=CARTESIAN_POINT('',(16.3066720358814,49.9300843756646,6.35157044471708));
#7312=CARTESIAN_POINT('',(16.3066720358814,0.,6.35157044471709));
#7313=CARTESIAN_POINT('',(17.4681936979594,44.8755151312798,-1.05461316631882));
#7314=CARTESIAN_POINT('Ctrl Pts',(16.3066720358814,49.9300843756646,6.35157044471708));
#7315=CARTESIAN_POINT('Ctrl Pts',(17.2207236497075,48.2452279608697,4.00488468876721));
#7316=CARTESIAN_POINT('Ctrl Pts',(17.6199625990565,46.5603715460747,1.45922664372791));
#7317=CARTESIAN_POINT('Ctrl Pts',(17.4681936979594,44.8755151312798,-1.05461316631882));
#7318=CARTESIAN_POINT('',(16.3066711705485,44.8755151312798,-6.35157266632476));
#7319=CARTESIAN_POINT('Origin',(0.,44.8755151312798,0.));
#7320=CARTESIAN_POINT('',(16.3066711705485,44.,-6.35157266632476));
#7321=CARTESIAN_POINT('',(16.3066711705485,0.,-6.35157266632475));
#7322=CARTESIAN_POINT('Origin',(0.,44.,0.));
#7323=CARTESIAN_POINT('',(17.2450787878585,45.,-2.97611451401848));
#7324=CARTESIAN_POINT('Origin',(0.,45.,0.));
#7325=CARTESIAN_POINT('',(17.2450787878585,46.5,-2.97611451401848));
#7326=CARTESIAN_POINT('',(17.2450787878585,0.,-2.97611451401848));
#7327=CARTESIAN_POINT('Origin',(0.,46.5,0.));
#7328=CARTESIAN_POINT('',(17.2450787878585,47.5,-2.97611451401848));
#7329=CARTESIAN_POINT('Origin',(0.,47.5,0.));
#7330=CARTESIAN_POINT('',(17.2450787878585,49.,-2.97611451401848));
#7331=CARTESIAN_POINT('',(17.2450787878585,0.,-2.97611451401848));
#7332=CARTESIAN_POINT('',(16.950410510281,49.,-4.35127378280829));
#7333=CARTESIAN_POINT('Origin',(0.,49.,0.));
#7334=CARTESIAN_POINT('',(16.3066720358814,53.0957013648003,6.35157044471708));
#7335=CARTESIAN_POINT('Ctrl Pts',(16.950410510281,49.,-4.35127378280829));
#7336=CARTESIAN_POINT('Ctrl Pts',(17.8536025961657,50.3652337882668,-0.832884136569713));
#7337=CARTESIAN_POINT('Ctrl Pts',(17.6250648663378,51.7304675765336,2.96680132535832));
#7338=CARTESIAN_POINT('Ctrl Pts',(16.3066720358814,53.0957013648003,6.35157044471708));
#7339=CARTESIAN_POINT('',(16.3066720358814,57.4774390738457,6.35157044471708));
#7340=CARTESIAN_POINT('',(16.3066720358814,0.,6.35157044471709));
#7341=CARTESIAN_POINT('',(17.244986595784,61.0438139192122,-2.97611798644076));
#7342=CARTESIAN_POINT('Ctrl Pts',(16.3066720358814,57.4774390738457,6.35157044471708));
#7343=CARTESIAN_POINT('Ctrl Pts',(17.4548724964123,58.6662306889679,3.40374383958211));
#7344=CARTESIAN_POINT('Ctrl Pts',(17.7814508880107,59.85502230409,0.141287039167935));
#7345=CARTESIAN_POINT('Ctrl Pts',(17.244986595784,61.0438139192122,-2.97611798644076));
#7346=CARTESIAN_POINT('',(17.2450787878585,61.5,-2.97611451401848));
#7347=CARTESIAN_POINT('',(17.2450787878585,0.,-2.97611451401848));
#7348=CARTESIAN_POINT('',(16.9973137478186,61.5,-4.16429169946316));
#7349=CARTESIAN_POINT('Origin',(0.,61.5,0.));
#7350=CARTESIAN_POINT('',(16.3066711705485,62.3625499289483,-6.35157266632476));
#7351=CARTESIAN_POINT('Ctrl Pts',(16.9973137478186,61.5,-4.16429169946316));
#7352=CARTESIAN_POINT('Ctrl Pts',(16.815245171356,61.7875166429828,-4.90743769909415));
#7353=CARTESIAN_POINT('Ctrl Pts',(16.5843706875648,62.0750332859655,-5.63862251270143));
#7354=CARTESIAN_POINT('Ctrl Pts',(16.3066711705485,62.3625499289483,-6.35157266632476));
#7355=CARTESIAN_POINT('',(16.3066711705485,61.5,-6.35157266632476));
#7356=CARTESIAN_POINT('',(16.3066711705485,0.,-6.35157266632474));
#7357=CARTESIAN_POINT('Origin',(0.,61.5,0.));
#7358=CARTESIAN_POINT('',(17.2450787878585,62.5,-2.97611451401848));
#7359=CARTESIAN_POINT('Origin',(0.,62.5,0.));
#7360=CARTESIAN_POINT('',(17.2450787878585,63.0575323229329,-2.97611451401848));
#7361=CARTESIAN_POINT('',(17.2450787878585,0.,-2.97611451401848));
#7362=CARTESIAN_POINT('',(17.3619987937215,62.9389506857842,-2.19339870675901));
#7363=CARTESIAN_POINT('Ctrl Pts',(17.2450853379984,63.0575323229329,-2.9761084894234));
#7364=CARTESIAN_POINT('Ctrl Pts',(17.2882492219541,63.0019165209166,-2.72601776918542));
#7365=CARTESIAN_POINT('Ctrl Pts',(17.3276737493259,62.9623893085337,-2.4651009638794));
#7366=CARTESIAN_POINT('Ctrl Pts',(17.3619987937215,62.9389506857842,-2.19339870675901));
#7367=CARTESIAN_POINT('',(17.390382021774,66.7609149497002,-1.95566181553988));
#7368=CARTESIAN_POINT('Ctrl Pts',(17.3619987937215,62.9389506857842,-2.19339870675901));
#7369=CARTESIAN_POINT('Ctrl Pts',(17.3720018236052,64.2129387737562,-2.1142190335704));
#7370=CARTESIAN_POINT('Ctrl Pts',(17.3814631947851,65.4869268617282,-2.03497093089399));
#7371=CARTESIAN_POINT('Ctrl Pts',(17.390382021774,66.7609149497002,-1.95566181553988));
#7372=CARTESIAN_POINT('',(17.1748741397087,67.2663718741387,-3.35763283954119));
#7373=CARTESIAN_POINT('Ctrl Pts',(17.390382021774,66.7609149497002,-1.95566181553988));
#7374=CARTESIAN_POINT('Ctrl Pts',(17.3210133476801,66.8436811647068,-2.57251066601641));
#7375=CARTESIAN_POINT('Ctrl Pts',(17.2372584419225,67.0121668061862,-3.03852631717275));
#7376=CARTESIAN_POINT('Ctrl Pts',(17.1748741397087,67.2663718741387,-3.35763283954119));
#7377=CARTESIAN_POINT('',(17.1247190451638,67.5,-3.60471879960208));
#7378=CARTESIAN_POINT('Ctrl Pts',(17.1748741397087,67.2663718741387,-3.35763283954119));
#7379=CARTESIAN_POINT('Ctrl Pts',(17.1572026445144,67.3388131765952,-3.44802560144445));
#7380=CARTESIAN_POINT('Ctrl Pts',(17.1403698788285,67.416689218549,-3.53036733303003));
#7381=CARTESIAN_POINT('Ctrl Pts',(17.1247190451638,67.5,-3.60471879960208));
#7382=CARTESIAN_POINT('',(17.2450787878585,67.5,-2.97611451401848));
#7383=CARTESIAN_POINT('Origin',(0.,67.5,0.));
#7384=CARTESIAN_POINT('',(17.2450787878585,69.,-2.97611451401848));
#7385=CARTESIAN_POINT('',(17.2450787878585,0.,-2.97611451401848));
#7386=CARTESIAN_POINT('',(17.0060949183007,69.,-4.12828482904786));
#7387=CARTESIAN_POINT('Origin',(0.,69.,0.));
#7388=CARTESIAN_POINT('',(17.006038692203,69.0399056952447,-4.12851644047787));
#7389=CARTESIAN_POINT('Ctrl Pts',(17.0060949183007,69.,-4.12828482904786));
#7390=CARTESIAN_POINT('Ctrl Pts',(17.006057435287,69.0132483392664,-4.12843923692312));
#7391=CARTESIAN_POINT('Ctrl Pts',(17.006038692203,69.0265502376813,-4.12851644047787));
#7392=CARTESIAN_POINT('Ctrl Pts',(17.006038692203,69.0399056952447,-4.12851644047787));
#7393=CARTESIAN_POINT('',(17.0463003646201,70.,-3.95899531183758));
#7394=CARTESIAN_POINT('Ctrl Pts',(17.006038692203,69.0399056952447,-4.12851644047787));
#7395=CARTESIAN_POINT('Ctrl Pts',(17.006038692203,69.4167392319957,-4.12851644047787));
#7396=CARTESIAN_POINT('Ctrl Pts',(17.0200220793693,69.7367706669142,-4.0721420847357));
#7397=CARTESIAN_POINT('Ctrl Pts',(17.0463003646201,70.,-3.95899531183758));
#7398=CARTESIAN_POINT('',(17.2450787878585,70.,-2.97611451401848));
#7399=CARTESIAN_POINT('Origin',(0.,70.,0.));
#7400=CARTESIAN_POINT('',(17.2450787878585,70.8199908610361,-2.97611451401848));
#7401=CARTESIAN_POINT('',(17.2450787878585,0.,-2.97611451401848));
#7402=CARTESIAN_POINT('',(17.2718678943437,70.8311778586358,-2.81648352388952));
#7403=CARTESIAN_POINT('Ctrl Pts',(17.2450804392873,70.8199908610361,-2.97611409188862));
#7404=CARTESIAN_POINT('Ctrl Pts',(17.2540803681526,70.8274488594359,-2.92396048745266));
#7405=CARTESIAN_POINT('Ctrl Pts',(17.263018583851,70.8311778586358,-2.87075123768519));
#7406=CARTESIAN_POINT('Ctrl Pts',(17.2718678943437,70.8311778586358,-2.81648352388952));
#7407=CARTESIAN_POINT('',(17.3943103553233,70.3877908270806,-1.92040809795535));
#7408=CARTESIAN_POINT('Ctrl Pts',(17.2718678943437,70.8311778586358,-2.81648352388952));
#7409=CARTESIAN_POINT('Ctrl Pts',(17.3261006981424,70.8311778586358,-2.48390503912066));
#7410=CARTESIAN_POINT('Ctrl Pts',(17.365116791029,70.6833821814507,-2.18483205984827));
#7411=CARTESIAN_POINT('Ctrl Pts',(17.3943103553233,70.3877908270806,-1.92040809795535));
#7412=CARTESIAN_POINT('',(17.4608675412757,68.330491213128,-1.16966008140175));
#7413=CARTESIAN_POINT('Ctrl Pts',(17.3943103553233,70.3877908270806,-1.92040809795535));
#7414=CARTESIAN_POINT('Ctrl Pts',(17.4235037451943,70.0921994727105,-1.65598571592025));
#7415=CARTESIAN_POINT('Ctrl Pts',(17.4450623260205,69.4064329347263,-1.40560279195608));
#7416=CARTESIAN_POINT('Ctrl Pts',(17.4608675412757,68.330491213128,-1.16966008140175));
#7417=CARTESIAN_POINT('',(17.4952461353535,64.5617324393243,0.407875794084339));
#7418=CARTESIAN_POINT('Ctrl Pts',(17.4608675412757,68.330491213128,-1.16966008140175));
#7419=CARTESIAN_POINT('Ctrl Pts',(17.4873412635488,66.5687813640883,-0.774456239461114));
#7420=CARTESIAN_POINT('Ctrl Pts',(17.5105404848048,65.312528439487,-0.248153350110189));
#7421=CARTESIAN_POINT('Ctrl Pts',(17.4952461353535,64.5617324393243,0.407875794084339));
#7422=CARTESIAN_POINT('',(17.257374692155,63.4266692679375,2.90396603536768));
#7423=CARTESIAN_POINT('Ctrl Pts',(17.4952461353535,64.5617324393243,0.407875794084339));
#7424=CARTESIAN_POINT('Ctrl Pts',(17.4799517859021,63.8050236583998,1.06390493827887));
#7425=CARTESIAN_POINT('Ctrl Pts',(17.4261075710463,63.4266692679375,1.90123856595184));
#7426=CARTESIAN_POINT('Ctrl Pts',(17.257374692155,63.4266692679375,2.90396603536768));
#7427=CARTESIAN_POINT('',(16.8429272756708,64.0075046103448,4.75034743850017));
#7428=CARTESIAN_POINT('Ctrl Pts',(17.257374692155,63.4266692679375,2.90396603536768));
#7429=CARTESIAN_POINT('Ctrl Pts',(17.14652095373,63.4266692679375,3.56273562038594));
#7430=CARTESIAN_POINT('Ctrl Pts',(17.0042038882973,63.62028104874,4.17852184197231));
#7431=CARTESIAN_POINT('Ctrl Pts',(16.8429272756708,64.0075046103448,4.75034743850017));
#7432=CARTESIAN_POINT('',(16.4090566545352,65.7544356863946,6.08217557361306));
#7433=CARTESIAN_POINT('Ctrl Pts',(16.8429272756708,64.0075046103448,4.75034743850017));
#7434=CARTESIAN_POINT('Ctrl Pts',(16.6816506630443,64.3947281719496,5.32217303502802));
#7435=CARTESIAN_POINT('Ctrl Pts',(16.5271994997685,64.9770385306329,5.76343886216861));
#7436=CARTESIAN_POINT('Ctrl Pts',(16.4090566545352,65.7544356863946,6.08217557361306));
#7437=CARTESIAN_POINT('',(16.2249032074077,68.9512282889336,6.55763035785414));
#7438=CARTESIAN_POINT('Ctrl Pts',(16.4090566545352,65.7544356863946,6.08217557361306));
#7439=CARTESIAN_POINT('Ctrl Pts',(16.2909140855121,66.5318328421563,6.40091153987199));
#7440=CARTESIAN_POINT('Ctrl Pts',(16.2249032074077,67.597430376336,6.55763035785415));
#7441=CARTESIAN_POINT('Ctrl Pts',(16.2249032074077,68.9512282889336,6.55763035785414));
#7442=CARTESIAN_POINT('',(16.5492428820676,72.7510243933648,5.68968892210602));
#7443=CARTESIAN_POINT('Ctrl Pts',(16.2249032074077,68.9512282889336,6.55763035785414));
#7444=CARTESIAN_POINT('Ctrl Pts',(16.2249032074077,70.6124399385105,6.55763035785414));
#7445=CARTESIAN_POINT('Ctrl Pts',(16.348386886516,71.8790386399875,6.27390621416004));
#7446=CARTESIAN_POINT('Ctrl Pts',(16.5492428820676,72.7510243933648,5.68968892210602));
#7447=CARTESIAN_POINT('',(17.2690049514745,74.3073016684502,2.83398447172002));
#7448=CARTESIAN_POINT('Ctrl Pts',(16.5492428820676,72.7510243933648,5.68968892210602));
#7449=CARTESIAN_POINT('Ctrl Pts',(16.7500988776191,73.6230101467421,5.10547163005201));
#7450=CARTESIAN_POINT('Ctrl Pts',(17.050725649444,74.1417692384372,4.16407868542663));
#7451=CARTESIAN_POINT('Ctrl Pts',(17.2690049514745,74.3073016684502,2.83398447172002));
#7452=CARTESIAN_POINT('',(17.3035194445508,70.5208045523614,2.61499805584094));
#7453=CARTESIAN_POINT('Ctrl Pts',(17.2690049514745,74.3073016684502,2.83398447172002));
#7454=CARTESIAN_POINT('Ctrl Pts',(17.2809719843211,73.0451359630873,2.76106284792656));
#7455=CARTESIAN_POINT('Ctrl Pts',(17.292477123063,71.7829702577243,2.68806542357776));
#7456=CARTESIAN_POINT('Ctrl Pts',(17.3035194445508,70.5208045523614,2.61499805584094));
#7457=CARTESIAN_POINT('',(17.0668323500775,69.8867684882134,3.86952626743225));
#7458=CARTESIAN_POINT('Ctrl Pts',(17.3035194445508,70.5208045523614,2.61499805584094));
#7459=CARTESIAN_POINT('Ctrl Pts',(17.2160639353536,70.4203063528985,3.19369374570838));
#7460=CARTESIAN_POINT('Ctrl Pts',(17.1256555705491,70.2089609981825,3.61008209450359));
#7461=CARTESIAN_POINT('Ctrl Pts',(17.0668323500775,69.8867684882134,3.86952626743225));
#7462=CARTESIAN_POINT('',(16.9741677979931,68.5521823447198,4.25765517222513));
#7463=CARTESIAN_POINT('Ctrl Pts',(17.0668323500775,69.8867684882134,3.86952626743225));
#7464=CARTESIAN_POINT('Ctrl Pts',(17.0080087781519,69.5645759782443,4.12897199047516));
#7465=CARTESIAN_POINT('Ctrl Pts',(16.9741677979931,69.1197139304131,4.25765517222513));
#7466=CARTESIAN_POINT('Ctrl Pts',(16.9741677979931,68.5521823447198,4.25765517222513));
#7467=CARTESIAN_POINT('',(17.0439935819182,67.4969321768731,3.96891455936387));
#7468=CARTESIAN_POINT('Ctrl Pts',(16.9741677979931,68.5521823447198,4.25765517222513));
#7469=CARTESIAN_POINT('Ctrl Pts',(16.9741677979931,68.0851553163181,4.25765517222513));
#7470=CARTESIAN_POINT('Ctrl Pts',(16.9990779934319,67.7334052603692,4.16179878260371));
#7471=CARTESIAN_POINT('Ctrl Pts',(17.0439935819182,67.4969321768731,3.96891455936387));
#7472=CARTESIAN_POINT('',(17.1933229757877,67.1422225516289,3.26184687719234));
#7473=CARTESIAN_POINT('Ctrl Pts',(17.0439935819182,67.4969321768731,3.96891455936387));
#7474=CARTESIAN_POINT('Ctrl Pts',(17.0889091704045,67.260459093377,3.77603033612402));
#7475=CARTESIAN_POINT('Ctrl Pts',(17.1404315149163,67.1422225516289,3.54063984438625));
#7476=CARTESIAN_POINT('Ctrl Pts',(17.1933229757877,67.1422225516289,3.26184687719234));
#7477=CARTESIAN_POINT('',(17.2886748409135,67.4348575156182,2.71140595358997));
#7478=CARTESIAN_POINT('Ctrl Pts',(17.1933229757877,67.1422225516289,3.26184687719234));
#7479=CARTESIAN_POINT('Ctrl Pts',(17.2318896289739,67.1422225516289,3.05856053381381));
#7480=CARTESIAN_POINT('Ctrl Pts',(17.2630281553751,67.2397675396254,2.87493631924164));
#7481=CARTESIAN_POINT('Ctrl Pts',(17.2886748409135,67.4348575156182,2.71140595358997));
#7482=CARTESIAN_POINT('',(17.3563860951988,68.7827426474541,2.23737831275597));
#7483=CARTESIAN_POINT('Ctrl Pts',(17.2886748409135,67.4348575156182,2.71140595358997));
#7484=CARTESIAN_POINT('Ctrl Pts',(17.3152376378211,67.6240347108493,2.54203420828145));
#7485=CARTESIAN_POINT('Ctrl Pts',(17.3374905931053,68.0733297547946,2.38395952699554));
#7486=CARTESIAN_POINT('Ctrl Pts',(17.3563860951988,68.7827426474541,2.23737831275597));
#7487=CARTESIAN_POINT('',(17.4657435212027,72.5559360068291,1.09444198181835));
#7488=CARTESIAN_POINT('Ctrl Pts',(17.3563860951988,68.7827426474541,2.23737831275597));
#7489=CARTESIAN_POINT('Ctrl Pts',(17.404758775642,70.5385397157321,1.8621288909459));
#7490=CARTESIAN_POINT('Ctrl Pts',(17.4415269358866,71.7962708355238,1.48090437554709));
#7491=CARTESIAN_POINT('Ctrl Pts',(17.4657435212027,72.5559360068291,1.09444198181835));
#7492=CARTESIAN_POINT('',(17.4965828077974,74.2141896765679,-0.345817943269394));
#7493=CARTESIAN_POINT('Ctrl Pts',(17.4657435212027,72.5559360068291,1.09444198181835));
#7494=CARTESIAN_POINT('Ctrl Pts',(17.4899602059227,73.3156011781345,0.707978001743794));
#7495=CARTESIAN_POINT('Ctrl Pts',(17.5079146250388,73.8683524013807,0.227512858632137));
#7496=CARTESIAN_POINT('Ctrl Pts',(17.4965828077974,74.2141896765679,-0.345817943269394));
#7497=CARTESIAN_POINT('',(17.3529645678726,74.7329455893487,-2.26376251098904));
#7498=CARTESIAN_POINT('Ctrl Pts',(17.4965828077974,74.2141896765679,-0.345817943269394));
#7499=CARTESIAN_POINT('Ctrl Pts',(17.4852509905561,74.5600269517551,-0.919148745170926));
#7500=CARTESIAN_POINT('Ctrl Pts',(17.444732699942,74.7329455893487,-1.56031012297119));
#7501=CARTESIAN_POINT('Ctrl Pts',(17.3529645678726,74.7329455893487,-2.26376251098904));
#7502=CARTESIAN_POINT('',(16.9051949020506,74.0412694495171,-4.52375787633284));
#7503=CARTESIAN_POINT('Ctrl Pts',(17.3529645678726,74.7329455893487,-2.26376251098904));
#7504=CARTESIAN_POINT('Ctrl Pts',(17.2451369510084,74.7329455893487,-3.09031953974077));
#7505=CARTESIAN_POINT('Ctrl Pts',(17.0870504084802,74.5023868760715,-3.84416739774255));
#7506=CARTESIAN_POINT('Ctrl Pts',(16.9051949020506,74.0412694495171,-4.52375787633284));
#7507=CARTESIAN_POINT('',(16.8891168516743,74.,-4.58341924446037));
#7508=CARTESIAN_POINT('Ctrl Pts',(16.9051949020506,74.0412694495171,-4.52375787633284));
#7509=CARTESIAN_POINT('Ctrl Pts',(16.8998324644142,74.0276723168732,-4.54379720113133));
#7510=CARTESIAN_POINT('Ctrl Pts',(16.8944725993239,74.0139158337008,-4.56368422938616));
#7511=CARTESIAN_POINT('Ctrl Pts',(16.8891168516743,74.,-4.58341924446038));
#7512=CARTESIAN_POINT('Origin',(0.,74.,0.));
#7513=CARTESIAN_POINT('',(17.2450787878585,75.,-2.97611451401848));
#7514=CARTESIAN_POINT('Origin',(0.,75.,0.));
#7515=CARTESIAN_POINT('',(17.2450787878585,76.5,-2.97611451401848));
#7516=CARTESIAN_POINT('',(17.2450787878585,0.,-2.97611451401848));
#7517=CARTESIAN_POINT('Origin',(0.,76.5,0.));
#7518=CARTESIAN_POINT('',(16.3066711705485,77.5,-6.35157266632476));
#7519=CARTESIAN_POINT('Origin',(0.,77.5,0.));
#7520=CARTESIAN_POINT('',(16.3066711705485,76.7725116293877,-6.35157266632476));
#7521=CARTESIAN_POINT('',(16.3066711705485,0.,-6.35157266632474));
#7522=CARTESIAN_POINT('',(16.3066720358814,76.7725116293877,6.35157044471707));
#7523=CARTESIAN_POINT('Origin',(0.,76.7725116293877,0.));
#7524=CARTESIAN_POINT('',(16.3066720358814,80.789569048211,6.35157044471708));
#7525=CARTESIAN_POINT('',(16.3066720358814,0.,6.3515704447171));
#7526=CARTESIAN_POINT('',(17.3913709368519,80.789569048211,1.94684794907612));
#7527=CARTESIAN_POINT('Origin',(0.,80.789569048211,0.));
#7528=CARTESIAN_POINT('',(17.3913709368519,85.1790648978204,1.94684794907612));
#7529=CARTESIAN_POINT('',(17.3913709368519,0.,1.94684794907614));
#7530=CARTESIAN_POINT('',(16.3066720358814,85.1790648978204,6.35157044471708));
#7531=CARTESIAN_POINT('Origin',(0.,85.1790648978204,0.));
#7532=CARTESIAN_POINT('',(16.3066720358814,89.2138511221856,6.35157044471707));
#7533=CARTESIAN_POINT('',(16.3066720358814,0.,6.3515704447171));
#7534=CARTESIAN_POINT('',(16.3066711705485,89.2138511221856,-6.35157266632476));
#7535=CARTESIAN_POINT('Origin',(0.,89.2138511221856,0.));
#7536=CARTESIAN_POINT('',(16.3066711705485,89.,-6.35157266632477));
#7537=CARTESIAN_POINT('',(16.3066711705485,0.,-6.35157266632474));
#7538=CARTESIAN_POINT('Origin',(0.,89.,0.));
#7539=CARTESIAN_POINT('',(17.2450787878585,90.,-2.97611451401848));
#7540=CARTESIAN_POINT('Origin',(0.,90.,0.));
#7541=CARTESIAN_POINT('',(17.2450787878585,91.5,-2.97611451401848));
#7542=CARTESIAN_POINT('',(17.2450787878585,0.,-2.97611451401848));
#7543=CARTESIAN_POINT('Origin',(0.,91.5,0.));
#7544=CARTESIAN_POINT('Origin',(0.,0.,0.));
#7545=CARTESIAN_POINT('',(-17.5,97.5,2.14313189850787E-15));
#7546=CARTESIAN_POINT('Origin',(0.,97.5,0.));
#7547=CARTESIAN_POINT('',(-17.5,96.5,2.14313189850787E-15));
#7548=CARTESIAN_POINT('',(-17.5,0.,2.14313189850787E-15));
#7549=CARTESIAN_POINT('Origin',(0.,96.5,0.));
#7550=CARTESIAN_POINT('Origin',(0.,0.,0.));
#7551=CARTESIAN_POINT('',(-17.5,95.,2.14313189850787E-15));
#7552=CARTESIAN_POINT('Origin',(0.,95.,0.));
#7553=CARTESIAN_POINT('',(-17.5,94.,2.14313189850787E-15));
#7554=CARTESIAN_POINT('',(-17.5,0.,2.14313189850787E-15));
#7555=CARTESIAN_POINT('Origin',(0.,94.,0.));
#7556=CARTESIAN_POINT('Origin',(0.,0.,0.));
#7557=CARTESIAN_POINT('',(16.3066711705485,87.5,-6.35157266632477));
#7558=CARTESIAN_POINT('Origin',(0.,87.5,0.));
#7559=CARTESIAN_POINT('',(16.3066711705485,86.5,-6.35157266632477));
#7560=CARTESIAN_POINT('',(16.3066711705485,0.,-6.35157266632474));
#7561=CARTESIAN_POINT('Origin',(0.,86.5,0.));
#7562=CARTESIAN_POINT('Origin',(0.,0.,0.));
#7563=CARTESIAN_POINT('',(-17.5,32.5,2.14313189850787E-15));
#7564=CARTESIAN_POINT('Origin',(0.,32.5,0.));
#7565=CARTESIAN_POINT('',(-17.5,31.5,2.14313189850787E-15));
#7566=CARTESIAN_POINT('',(-17.5,0.,2.14313189850787E-15));
#7567=CARTESIAN_POINT('Origin',(0.,31.5,0.));
#7568=CARTESIAN_POINT('Origin',(0.,0.,0.));
#7569=CARTESIAN_POINT('',(-17.5,112.5,2.14313189850787E-15));
#7570=CARTESIAN_POINT('Origin',(0.,112.5,0.));
#7571=CARTESIAN_POINT('',(-17.5,111.5,2.14313189850787E-15));
#7572=CARTESIAN_POINT('',(-17.5,0.,2.14313189850787E-15));
#7573=CARTESIAN_POINT('Origin',(0.,111.5,0.));
#7574=CARTESIAN_POINT('Origin',(0.,0.,0.));
#7575=CARTESIAN_POINT('',(-17.5,107.5,2.14313189850787E-15));
#7576=CARTESIAN_POINT('Origin',(0.,107.5,0.));
#7577=CARTESIAN_POINT('',(-17.5,106.5,2.14313189850787E-15));
#7578=CARTESIAN_POINT('',(-17.5,0.,2.14313189850787E-15));
#7579=CARTESIAN_POINT('Origin',(0.,106.5,0.));
#7580=CARTESIAN_POINT('Origin',(0.,0.,0.));
#7581=CARTESIAN_POINT('',(-17.5,110.,2.14313189850787E-15));
#7582=CARTESIAN_POINT('Origin',(0.,110.,0.));
#7583=CARTESIAN_POINT('',(-17.5,109.,2.14313189850787E-15));
#7584=CARTESIAN_POINT('',(-17.5,0.,2.14313189850787E-15));
#7585=CARTESIAN_POINT('Origin',(0.,109.,0.));
#7586=CARTESIAN_POINT('Origin',(0.,0.,0.));
#7587=CARTESIAN_POINT('',(-17.5,100.,2.14313189850787E-15));
#7588=CARTESIAN_POINT('Origin',(0.,100.,0.));
#7589=CARTESIAN_POINT('',(-17.5,99.,2.14313189850787E-15));
#7590=CARTESIAN_POINT('',(-17.5,0.,2.14313189850787E-15));
#7591=CARTESIAN_POINT('Origin',(0.,99.,0.));
#7592=CARTESIAN_POINT('Origin',(0.,0.,0.));
#7593=CARTESIAN_POINT('',(-17.5,115.,2.14313189850787E-15));
#7594=CARTESIAN_POINT('Origin',(0.,115.,0.));
#7595=CARTESIAN_POINT('',(-17.5,114.,2.14313189850787E-15));
#7596=CARTESIAN_POINT('',(-17.5,0.,2.14313189850787E-15));
#7597=CARTESIAN_POINT('Origin',(0.,114.,0.));
#7598=CARTESIAN_POINT('Origin',(0.,0.,0.));
#7599=CARTESIAN_POINT('',(-17.5,105.,2.14313189850787E-15));
#7600=CARTESIAN_POINT('Origin',(0.,105.,0.));
#7601=CARTESIAN_POINT('',(-17.5,104.,2.14313189850787E-15));
#7602=CARTESIAN_POINT('',(-17.5,0.,2.14313189850787E-15));
#7603=CARTESIAN_POINT('Origin',(0.,104.,0.));
#7604=CARTESIAN_POINT('Origin',(0.,0.,0.));
#7605=CARTESIAN_POINT('',(-17.5,102.5,2.14313189850787E-15));
#7606=CARTESIAN_POINT('Origin',(0.,102.5,0.));
#7607=CARTESIAN_POINT('',(-17.5,101.5,2.14313189850787E-15));
#7608=CARTESIAN_POINT('',(-17.5,0.,2.14313189850787E-15));
#7609=CARTESIAN_POINT('Origin',(0.,101.5,0.));
#7610=CARTESIAN_POINT('Origin',(0.,0.,0.));
#7611=CARTESIAN_POINT('',(-17.5,117.5,2.14313189850787E-15));
#7612=CARTESIAN_POINT('Origin',(0.,117.5,0.));
#7613=CARTESIAN_POINT('',(-17.5,116.5,2.14313189850787E-15));
#7614=CARTESIAN_POINT('',(-17.5,0.,2.14313189850787E-15));
#7615=CARTESIAN_POINT('Origin',(0.,116.5,0.));
#7616=CARTESIAN_POINT('Origin',(0.,0.,0.));
#7617=CARTESIAN_POINT('',(-17.5,15.,2.14313189850787E-15));
#7618=CARTESIAN_POINT('Origin',(0.,15.,0.));
#7619=CARTESIAN_POINT('',(-17.5,14.,2.14313189850787E-15));
#7620=CARTESIAN_POINT('',(-17.5,0.,2.14313189850787E-15));
#7621=CARTESIAN_POINT('Origin',(0.,14.,0.));
#7622=CARTESIAN_POINT('Origin',(0.,0.,0.));
#7623=CARTESIAN_POINT('',(-17.5,7.5,2.14313189850787E-15));
#7624=CARTESIAN_POINT('Origin',(0.,7.5,0.));
#7625=CARTESIAN_POINT('',(-17.5,6.5,2.14313189850787E-15));
#7626=CARTESIAN_POINT('',(-17.5,0.,2.14313189850787E-15));
#7627=CARTESIAN_POINT('Origin',(0.,6.5,0.));
#7628=CARTESIAN_POINT('Origin',(0.,0.,0.));
#7629=CARTESIAN_POINT('',(-17.5,10.,2.14313189850787E-15));
#7630=CARTESIAN_POINT('Origin',(0.,10.,0.));
#7631=CARTESIAN_POINT('',(-17.5,9.,2.14313189850787E-15));
#7632=CARTESIAN_POINT('',(-17.5,0.,2.14313189850787E-15));
#7633=CARTESIAN_POINT('Origin',(0.,9.,0.));
#7634=CARTESIAN_POINT('Origin',(0.,0.,0.));
#7635=CARTESIAN_POINT('',(-17.5,12.5,2.14313189850787E-15));
#7636=CARTESIAN_POINT('Origin',(0.,12.5,0.));
#7637=CARTESIAN_POINT('',(-17.5,11.5,2.14313189850787E-15));
#7638=CARTESIAN_POINT('',(-17.5,0.,2.14313189850787E-15));
#7639=CARTESIAN_POINT('Origin',(0.,11.5,0.));
#7640=CARTESIAN_POINT('Origin',(0.,0.,0.));
#7641=CARTESIAN_POINT('',(-17.5,5.,2.14313189850787E-15));
#7642=CARTESIAN_POINT('Origin',(0.,5.,0.));
#7643=CARTESIAN_POINT('',(-17.5,4.,2.14313189850787E-15));
#7644=CARTESIAN_POINT('',(-17.5,0.,2.14313189850787E-15));
#7645=CARTESIAN_POINT('Origin',(0.,4.,0.));
#7646=CARTESIAN_POINT('Origin',(0.,0.,0.));
#7647=CARTESIAN_POINT('',(-17.5,2.5,2.14313189850787E-15));
#7648=CARTESIAN_POINT('Origin',(0.,2.5,0.));
#7649=CARTESIAN_POINT('',(-17.5,1.5,2.14313189850787E-15));
#7650=CARTESIAN_POINT('',(-17.5,0.,2.14313189850787E-15));
#7651=CARTESIAN_POINT('Origin',(0.,1.5,0.));
#7652=CARTESIAN_POINT('Origin',(0.,0.,0.));
#7653=CARTESIAN_POINT('',(-17.5,125.,2.14313189850787E-15));
#7654=CARTESIAN_POINT('Origin',(0.,125.,0.));
#7655=CARTESIAN_POINT('',(-17.5,124.,2.14313189850787E-15));
#7656=CARTESIAN_POINT('',(-17.5,0.,2.14313189850787E-15));
#7657=CARTESIAN_POINT('Origin',(0.,124.,0.));
#7658=CARTESIAN_POINT('Origin',(0.,0.,0.));
#7659=CARTESIAN_POINT('',(-17.5,120.,2.14313189850787E-15));
#7660=CARTESIAN_POINT('Origin',(0.,120.,0.));
#7661=CARTESIAN_POINT('',(-17.5,119.,2.14313189850787E-15));
#7662=CARTESIAN_POINT('',(-17.5,0.,2.14313189850787E-15));
#7663=CARTESIAN_POINT('Origin',(0.,119.,0.));
#7664=CARTESIAN_POINT('Origin',(0.,0.,0.));
#7665=CARTESIAN_POINT('',(-17.5,122.5,2.14313189850787E-15));
#7666=CARTESIAN_POINT('Origin',(0.,122.5,0.));
#7667=CARTESIAN_POINT('',(-17.5,121.5,2.14313189850787E-15));
#7668=CARTESIAN_POINT('',(-17.5,0.,2.14313189850787E-15));
#7669=CARTESIAN_POINT('Origin',(0.,121.5,0.));
#7670=CARTESIAN_POINT('Origin',(0.,0.,0.));
#7671=CARTESIAN_POINT('',(-17.5,25.,2.14313189850787E-15));
#7672=CARTESIAN_POINT('Origin',(0.,25.,0.));
#7673=CARTESIAN_POINT('',(-17.5,24.,2.14313189850787E-15));
#7674=CARTESIAN_POINT('',(-17.5,0.,2.14313189850787E-15));
#7675=CARTESIAN_POINT('Origin',(0.,24.,0.));
#7676=CARTESIAN_POINT('Origin',(0.,0.,0.));
#7677=CARTESIAN_POINT('',(-17.5,30.,2.14313189850787E-15));
#7678=CARTESIAN_POINT('Origin',(0.,30.,0.));
#7679=CARTESIAN_POINT('',(-17.5,29.,2.14313189850787E-15));
#7680=CARTESIAN_POINT('',(-17.5,0.,2.14313189850787E-15));
#7681=CARTESIAN_POINT('Origin',(0.,29.,0.));
#7682=CARTESIAN_POINT('Origin',(0.,0.,0.));
#7683=CARTESIAN_POINT('',(-17.5,17.5,2.14313189850787E-15));
#7684=CARTESIAN_POINT('Origin',(0.,17.5,0.));
#7685=CARTESIAN_POINT('',(-17.5,16.5,2.14313189850787E-15));
#7686=CARTESIAN_POINT('',(-17.5,0.,2.14313189850787E-15));
#7687=CARTESIAN_POINT('Origin',(0.,16.5,0.));
#7688=CARTESIAN_POINT('Origin',(0.,0.,0.));
#7689=CARTESIAN_POINT('',(-17.5,27.5,2.14313189850787E-15));
#7690=CARTESIAN_POINT('Origin',(0.,27.5,0.));
#7691=CARTESIAN_POINT('',(-17.5,26.5,2.14313189850787E-15));
#7692=CARTESIAN_POINT('',(-17.5,0.,2.14313189850787E-15));
#7693=CARTESIAN_POINT('Origin',(0.,26.5,0.));
#7694=CARTESIAN_POINT('Origin',(0.,0.,0.));
#7695=CARTESIAN_POINT('',(-17.5,22.5,2.14313189850787E-15));
#7696=CARTESIAN_POINT('Origin',(0.,22.5,0.));
#7697=CARTESIAN_POINT('',(-17.5,21.5,2.14313189850787E-15));
#7698=CARTESIAN_POINT('',(-17.5,0.,2.14313189850787E-15));
#7699=CARTESIAN_POINT('Origin',(0.,21.5,0.));
#7700=CARTESIAN_POINT('Origin',(0.,0.,0.));
#7701=CARTESIAN_POINT('',(-17.5,20.,2.14313189850787E-15));
#7702=CARTESIAN_POINT('Origin',(0.,20.,0.));
#7703=CARTESIAN_POINT('',(-17.5,19.,2.14313189850787E-15));
#7704=CARTESIAN_POINT('',(-17.5,0.,2.14313189850787E-15));
#7705=CARTESIAN_POINT('Origin',(0.,19.,0.));
#7706=CARTESIAN_POINT('Origin',(0.,122.5,0.));
#7707=CARTESIAN_POINT('',(-19.5,124.,2.38806125833734E-15));
#7708=CARTESIAN_POINT('Origin',(0.,124.,0.));
#7709=CARTESIAN_POINT('',(-19.5,122.5,2.38806125833734E-15));
#7710=CARTESIAN_POINT('',(-19.5,122.5,2.38806125833734E-15));
#7711=CARTESIAN_POINT('Origin',(0.,122.5,0.));
#7712=CARTESIAN_POINT('Origin',(-0.178602208832168,122.5,0.));
#7713=CARTESIAN_POINT('Origin',(-0.178602208832168,124.,0.));
#7714=CARTESIAN_POINT('Origin',(0.,120.,0.));
#7715=CARTESIAN_POINT('',(-19.5,121.5,2.38806125833734E-15));
#7716=CARTESIAN_POINT('Origin',(0.,121.5,0.));
#7717=CARTESIAN_POINT('',(-19.5,120.,2.38806125833734E-15));
#7718=CARTESIAN_POINT('',(-19.5,120.,2.38806125833734E-15));
#7719=CARTESIAN_POINT('Origin',(0.,120.,0.));
#7720=CARTESIAN_POINT('Origin',(-0.178602208832168,120.,0.));
#7721=CARTESIAN_POINT('Origin',(-0.178602208832168,121.5,0.));
#7722=CARTESIAN_POINT('Origin',(0.,117.5,0.));
#7723=CARTESIAN_POINT('',(-19.5,119.,2.38806125833734E-15));
#7724=CARTESIAN_POINT('Origin',(0.,119.,0.));
#7725=CARTESIAN_POINT('',(-19.5,117.5,2.38806125833734E-15));
#7726=CARTESIAN_POINT('',(-19.5,117.5,2.38806125833734E-15));
#7727=CARTESIAN_POINT('Origin',(0.,117.5,0.));
#7728=CARTESIAN_POINT('Origin',(-0.178602208832168,117.5,0.));
#7729=CARTESIAN_POINT('Origin',(-0.178602208832168,119.,0.));
#7730=CARTESIAN_POINT('Origin',(0.,115.,0.));
#7731=CARTESIAN_POINT('',(-19.5,116.5,2.38806125833734E-15));
#7732=CARTESIAN_POINT('Origin',(0.,116.5,0.));
#7733=CARTESIAN_POINT('',(-19.5,115.,2.38806125833734E-15));
#7734=CARTESIAN_POINT('',(-19.5,115.,2.38806125833734E-15));
#7735=CARTESIAN_POINT('Origin',(0.,115.,0.));
#7736=CARTESIAN_POINT('Origin',(-0.178602208832168,115.,0.));
#7737=CARTESIAN_POINT('Origin',(-0.178602208832168,116.5,0.));
#7738=CARTESIAN_POINT('Origin',(0.,112.5,0.));
#7739=CARTESIAN_POINT('',(-19.5,114.,2.38806125833734E-15));
#7740=CARTESIAN_POINT('Origin',(0.,114.,0.));
#7741=CARTESIAN_POINT('',(-19.5,112.5,2.38806125833734E-15));
#7742=CARTESIAN_POINT('',(-19.5,112.5,2.38806125833734E-15));
#7743=CARTESIAN_POINT('Origin',(0.,112.5,0.));
#7744=CARTESIAN_POINT('Origin',(-0.178602208832168,112.5,0.));
#7745=CARTESIAN_POINT('Origin',(-0.178602208832168,114.,0.));
#7746=CARTESIAN_POINT('Origin',(0.,110.,0.));
#7747=CARTESIAN_POINT('',(-19.5,111.5,2.38806125833734E-15));
#7748=CARTESIAN_POINT('Origin',(0.,111.5,0.));
#7749=CARTESIAN_POINT('',(-19.5,110.,2.38806125833734E-15));
#7750=CARTESIAN_POINT('',(-19.5,110.,2.38806125833734E-15));
#7751=CARTESIAN_POINT('Origin',(0.,110.,0.));
#7752=CARTESIAN_POINT('Origin',(-0.178602208832168,110.,0.));
#7753=CARTESIAN_POINT('Origin',(-0.178602208832168,111.5,0.));
#7754=CARTESIAN_POINT('Origin',(0.,107.5,0.));
#7755=CARTESIAN_POINT('',(-19.5,109.,2.38806125833734E-15));
#7756=CARTESIAN_POINT('Origin',(0.,109.,0.));
#7757=CARTESIAN_POINT('',(-19.5,107.5,2.38806125833734E-15));
#7758=CARTESIAN_POINT('',(-19.5,107.5,2.38806125833734E-15));
#7759=CARTESIAN_POINT('Origin',(0.,107.5,0.));
#7760=CARTESIAN_POINT('Origin',(-0.178602208832168,107.5,0.));
#7761=CARTESIAN_POINT('Origin',(-0.178602208832168,109.,0.));
#7762=CARTESIAN_POINT('Origin',(0.,105.,0.));
#7763=CARTESIAN_POINT('',(-19.5,106.5,2.38806125833734E-15));
#7764=CARTESIAN_POINT('Origin',(0.,106.5,0.));
#7765=CARTESIAN_POINT('',(-19.5,105.,2.38806125833734E-15));
#7766=CARTESIAN_POINT('',(-19.5,105.,2.38806125833734E-15));
#7767=CARTESIAN_POINT('Origin',(0.,105.,0.));
#7768=CARTESIAN_POINT('Origin',(-0.178602208832168,105.,0.));
#7769=CARTESIAN_POINT('Origin',(-0.178602208832168,106.5,0.));
#7770=CARTESIAN_POINT('Origin',(0.,102.5,0.));
#7771=CARTESIAN_POINT('',(-19.5,104.,2.38806125833734E-15));
#7772=CARTESIAN_POINT('Origin',(0.,104.,0.));
#7773=CARTESIAN_POINT('',(-19.5,102.5,2.38806125833734E-15));
#7774=CARTESIAN_POINT('',(-19.5,102.5,2.38806125833734E-15));
#7775=CARTESIAN_POINT('Origin',(0.,102.5,0.));
#7776=CARTESIAN_POINT('Origin',(-0.178602208832168,102.5,0.));
#7777=CARTESIAN_POINT('Origin',(-0.178602208832168,104.,0.));
#7778=CARTESIAN_POINT('Origin',(0.,100.,0.));
#7779=CARTESIAN_POINT('',(-19.5,101.5,2.38806125833734E-15));
#7780=CARTESIAN_POINT('Origin',(0.,101.5,0.));
#7781=CARTESIAN_POINT('',(-19.5,100.,2.38806125833734E-15));
#7782=CARTESIAN_POINT('',(-19.5,100.,2.38806125833734E-15));
#7783=CARTESIAN_POINT('Origin',(0.,100.,0.));
#7784=CARTESIAN_POINT('Origin',(-0.178602208832168,100.,0.));
#7785=CARTESIAN_POINT('Origin',(-0.178602208832168,101.5,0.));
#7786=CARTESIAN_POINT('Origin',(0.,97.5,0.));
#7787=CARTESIAN_POINT('',(-19.5,99.,2.38806125833734E-15));
#7788=CARTESIAN_POINT('Origin',(0.,99.,0.));
#7789=CARTESIAN_POINT('',(-19.5,97.5,2.38806125833734E-15));
#7790=CARTESIAN_POINT('',(-19.5,97.5,2.38806125833734E-15));
#7791=CARTESIAN_POINT('Origin',(0.,97.5,0.));
#7792=CARTESIAN_POINT('Origin',(-0.178602208832168,97.5,0.));
#7793=CARTESIAN_POINT('Origin',(-0.178602208832168,99.,0.));
#7794=CARTESIAN_POINT('Origin',(0.,95.,0.));
#7795=CARTESIAN_POINT('',(-19.5,96.5,2.38806125833734E-15));
#7796=CARTESIAN_POINT('Origin',(0.,96.5,0.));
#7797=CARTESIAN_POINT('',(-19.5,95.,2.38806125833734E-15));
#7798=CARTESIAN_POINT('',(-19.5,95.,2.38806125833734E-15));
#7799=CARTESIAN_POINT('Origin',(0.,95.,0.));
#7800=CARTESIAN_POINT('Origin',(-0.178602208832168,95.,0.));
#7801=CARTESIAN_POINT('Origin',(-0.178602208832168,96.5,0.));
#7802=CARTESIAN_POINT('Origin',(0.,92.5,0.));
#7803=CARTESIAN_POINT('',(-19.5,94.,2.38806125833734E-15));
#7804=CARTESIAN_POINT('Origin',(0.,94.,0.));
#7805=CARTESIAN_POINT('',(-19.5,92.5,2.38806125833734E-15));
#7806=CARTESIAN_POINT('',(-19.5,92.5,2.38806125833734E-15));
#7807=CARTESIAN_POINT('Origin',(0.,92.5,0.));
#7808=CARTESIAN_POINT('Origin',(-0.178602208832168,92.5,0.));
#7809=CARTESIAN_POINT('Origin',(-0.178602208832168,94.,0.));
#7810=CARTESIAN_POINT('Origin',(16.6048977487713,90.,10.2238628097627));
#7811=CARTESIAN_POINT('',(16.6048977487713,90.,10.2238628097627));
#7812=CARTESIAN_POINT('',(16.6048977487713,90.,10.2238628097627));
#7813=CARTESIAN_POINT('',(16.6048977487713,91.5,10.2238628097627));
#7814=CARTESIAN_POINT('',(16.6048977487713,91.5,10.2238628097627));
#7815=CARTESIAN_POINT('',(16.6048977487713,90.,10.2238628097627));
#7816=CARTESIAN_POINT('Origin',(0.,90.,0.));
#7817=CARTESIAN_POINT('',(19.1427955823357,90.,-3.71528966473816));
#7818=CARTESIAN_POINT('Origin',(0.,90.,0.));
#7819=CARTESIAN_POINT('',(19.1427955823357,91.5,-3.71528966473816));
#7820=CARTESIAN_POINT('Origin',(0.,91.5,0.));
#7821=CARTESIAN_POINT('',(19.1427955823357,90.,-3.71528966473816));
#7822=CARTESIAN_POINT('Origin',(17.2450787878585,90.,-2.97611451401848));
#7823=CARTESIAN_POINT('',(19.1427955823357,90.,-3.71528966473816));
#7824=CARTESIAN_POINT('',(19.1427955823357,91.5,-3.71528966473816));
#7825=CARTESIAN_POINT('Origin',(-0.178602208832168,90.,0.));
#7826=CARTESIAN_POINT('Origin',(-0.178602208832168,91.5,0.));
#7827=CARTESIAN_POINT('Origin',(-0.178602208832168,89.,0.));
#7828=CARTESIAN_POINT('',(18.1702907328968,89.,-7.07746668533331));
#7829=CARTESIAN_POINT('',(8.075798162825,89.,-3.14558491633764));
#7830=CARTESIAN_POINT('',(16.6048977487713,89.,10.2238628097627));
#7831=CARTESIAN_POINT('Origin',(0.,89.,0.));
#7832=CARTESIAN_POINT('',(16.6048977487713,89.,10.2238628097627));
#7833=CARTESIAN_POINT('Origin',(16.6048977487713,87.5,10.2238628097627));
#7834=CARTESIAN_POINT('',(16.6048977487713,87.5,10.2238628097627));
#7835=CARTESIAN_POINT('',(16.6048977487713,87.5,10.2238628097627));
#7836=CARTESIAN_POINT('',(16.6048977487713,87.5,10.2238628097627));
#7837=CARTESIAN_POINT('Origin',(-0.178602208832168,87.5,0.));
#7838=CARTESIAN_POINT('',(18.1702907328968,87.5,-7.07746668533331));
#7839=CARTESIAN_POINT('',(8.075798162825,87.5,-3.14558491633763));
#7840=CARTESIAN_POINT('Origin',(0.,87.5,0.));
#7841=CARTESIAN_POINT('Origin',(-0.178602208832168,86.5,0.));
#7842=CARTESIAN_POINT('',(18.1702907328968,86.5,-7.07746668533331));
#7843=CARTESIAN_POINT('',(8.075798162825,86.5,-3.14558491633763));
#7844=CARTESIAN_POINT('',(16.6048977487713,86.5,10.2238628097627));
#7845=CARTESIAN_POINT('Origin',(0.,86.5,0.));
#7846=CARTESIAN_POINT('',(16.6048977487713,86.5,10.2238628097627));
#7847=CARTESIAN_POINT('Origin',(16.6048977487713,85.,10.2238628097627));
#7848=CARTESIAN_POINT('',(16.6048977487713,85.,10.2238628097627));
#7849=CARTESIAN_POINT('',(16.6048977487713,85.,10.2238628097627));
#7850=CARTESIAN_POINT('',(16.6048977487713,85.,10.2238628097627));
#7851=CARTESIAN_POINT('Origin',(17.2450787878585,85.,-2.97611451401848));
#7852=CARTESIAN_POINT('',(19.1427955823357,85.1790648978204,-3.71528966473816));
#7853=CARTESIAN_POINT('',(17.3166190807478,85.1790648978204,-3.0039800031857));
#7854=CARTESIAN_POINT('',(19.1427955823357,85.,-3.71528966473816));
#7855=CARTESIAN_POINT('',(19.1427955823357,85.,-3.71528966473816));
#7856=CARTESIAN_POINT('',(19.1427955823357,85.,-3.71528966473816));
#7857=CARTESIAN_POINT('Origin',(-0.178602208832168,85.,0.));
#7858=CARTESIAN_POINT('Origin',(0.,85.,0.));
#7859=CARTESIAN_POINT('Origin',(16.6048977487713,82.5,10.2238628097627));
#7860=CARTESIAN_POINT('',(16.6048977487713,82.5,10.2238628097627));
#7861=CARTESIAN_POINT('',(16.6048977487713,82.5,10.2238628097627));
#7862=CARTESIAN_POINT('',(16.6048977487713,84.,10.2238628097627));
#7863=CARTESIAN_POINT('',(16.6048977487713,84.,10.2238628097627));
#7864=CARTESIAN_POINT('',(16.6048977487713,82.5,10.2238628097627));
#7865=CARTESIAN_POINT('Origin',(0.,82.5,0.));
#7866=CARTESIAN_POINT('',(19.1427955823357,82.5,-3.71528966473816));
#7867=CARTESIAN_POINT('Origin',(0.,82.5,0.));
#7868=CARTESIAN_POINT('',(19.1427955823357,84.,-3.71528966473816));
#7869=CARTESIAN_POINT('Origin',(0.,84.,0.));
#7870=CARTESIAN_POINT('',(19.1427955823357,82.5,-3.71528966473816));
#7871=CARTESIAN_POINT('Origin',(17.2450787878585,82.5,-2.97611451401848));
#7872=CARTESIAN_POINT('',(19.1427955823357,82.5,-3.71528966473816));
#7873=CARTESIAN_POINT('',(19.1427955823357,84.,-3.71528966473816));
#7874=CARTESIAN_POINT('Origin',(-0.178602208832168,82.5,0.));
#7875=CARTESIAN_POINT('Origin',(-0.178602208832168,84.,0.));
#7876=CARTESIAN_POINT('Origin',(17.2450787878585,80.,-2.97611451401848));
#7877=CARTESIAN_POINT('',(19.1427955823357,80.789569048211,-3.71528966473816));
#7878=CARTESIAN_POINT('',(17.3166190807478,80.789569048211,-3.0039800031857));
#7879=CARTESIAN_POINT('',(19.1427955823357,81.5,-3.71528966473816));
#7880=CARTESIAN_POINT('',(19.1427955823357,80.,-3.71528966473816));
#7881=CARTESIAN_POINT('',(19.1427955823357,81.5,-3.71528966473816));
#7882=CARTESIAN_POINT('Origin',(16.6048977487713,80.,10.2238628097627));
#7883=CARTESIAN_POINT('',(16.6048977487713,80.,10.2238628097627));
#7884=CARTESIAN_POINT('',(16.6048977487713,80.,10.2238628097627));
#7885=CARTESIAN_POINT('',(16.6048977487713,81.5,10.2238628097627));
#7886=CARTESIAN_POINT('',(16.6048977487713,81.5,10.2238628097627));
#7887=CARTESIAN_POINT('',(16.6048977487713,80.,10.2238628097627));
#7888=CARTESIAN_POINT('Origin',(-0.178602208832168,80.,0.));
#7889=CARTESIAN_POINT('',(18.1702907328969,80.,-7.0774666853333));
#7890=CARTESIAN_POINT('',(8.075798162825,80.,-3.14558491633763));
#7891=CARTESIAN_POINT('Origin',(0.,80.,0.));
#7892=CARTESIAN_POINT('Origin',(-0.178602208832168,81.5,0.));
#7893=CARTESIAN_POINT('Origin',(0.,81.5,0.));
#7894=CARTESIAN_POINT('Origin',(-0.178602208832168,79.,0.));
#7895=CARTESIAN_POINT('',(18.1702907328969,79.,-7.0774666853333));
#7896=CARTESIAN_POINT('',(8.075798162825,79.,-3.14558491633763));
#7897=CARTESIAN_POINT('',(16.6048977487713,79.,10.2238628097627));
#7898=CARTESIAN_POINT('Origin',(0.,79.,0.));
#7899=CARTESIAN_POINT('',(16.6048977487713,79.,10.2238628097627));
#7900=CARTESIAN_POINT('Origin',(16.6048977487713,77.5,10.2238628097627));
#7901=CARTESIAN_POINT('',(16.6048977487713,77.5,10.2238628097627));
#7902=CARTESIAN_POINT('',(16.6048977487713,77.5,10.2238628097627));
#7903=CARTESIAN_POINT('',(16.6048977487713,77.5,10.2238628097627));
#7904=CARTESIAN_POINT('Origin',(-0.178602208832168,77.5,0.));
#7905=CARTESIAN_POINT('',(18.1702907328969,77.5,-7.0774666853333));
#7906=CARTESIAN_POINT('',(8.075798162825,77.5,-3.14558491633763));
#7907=CARTESIAN_POINT('Origin',(0.,77.5,0.));
#7908=CARTESIAN_POINT('Origin',(16.6048977487713,75.,10.2238628097627));
#7909=CARTESIAN_POINT('',(16.6048977487713,75.,10.2238628097627));
#7910=CARTESIAN_POINT('',(16.6048977487713,75.,10.2238628097627));
#7911=CARTESIAN_POINT('',(16.6048977487713,76.5,10.2238628097627));
#7912=CARTESIAN_POINT('',(16.6048977487713,76.5,10.2238628097627));
#7913=CARTESIAN_POINT('',(16.6048977487713,75.,10.2238628097627));
#7914=CARTESIAN_POINT('Origin',(0.,75.,0.));
#7915=CARTESIAN_POINT('',(19.1427955823357,75.,-3.71528966473816));
#7916=CARTESIAN_POINT('Origin',(0.,75.,0.));
#7917=CARTESIAN_POINT('',(19.1427955823357,76.5,-3.71528966473816));
#7918=CARTESIAN_POINT('Origin',(0.,76.5,0.));
#7919=CARTESIAN_POINT('',(19.1427955823357,75.,-3.71528966473816));
#7920=CARTESIAN_POINT('Origin',(17.2450787878585,75.,-2.97611451401848));
#7921=CARTESIAN_POINT('',(19.1427955823357,75.,-3.71528966473816));
#7922=CARTESIAN_POINT('',(19.1427955823357,76.5,-3.71528966473816));
#7923=CARTESIAN_POINT('Origin',(-0.178602208832168,75.,0.));
#7924=CARTESIAN_POINT('Origin',(-0.178602208832168,76.5,0.));
#7925=CARTESIAN_POINT('Origin',(-0.178602208832168,74.,0.));
#7926=CARTESIAN_POINT('',(18.8193016347228,74.,-5.1072385866844));
#7927=CARTESIAN_POINT('Ctrl Pts',(18.8193016347228,74.,-5.1072385866844));
#7928=CARTESIAN_POINT('Ctrl Pts',(18.4976041708814,74.,-5.01993536298039));
#7929=CARTESIAN_POINT('Ctrl Pts',(18.17590670704,74.,-4.93263213927638));
#7930=CARTESIAN_POINT('Ctrl Pts',(17.5325117793572,74.,-4.75802569186837));
#7931=CARTESIAN_POINT('Ctrl Pts',(17.2108143155158,74.,-4.67072246816436));
#7932=CARTESIAN_POINT('Ctrl Pts',(16.8891168516743,74.,-4.58341924446036));
#7933=CARTESIAN_POINT('',(16.6048977487713,74.,10.2238628097627));
#7934=CARTESIAN_POINT('Origin',(0.,74.,0.));
#7935=CARTESIAN_POINT('',(16.6048977487713,74.,10.2238628097627));
#7936=CARTESIAN_POINT('Origin',(16.6048977487713,72.5,10.2238628097627));
#7937=CARTESIAN_POINT('',(16.6048977487713,72.5,10.2238628097627));
#7938=CARTESIAN_POINT('',(16.6048977487713,72.5,10.2238628097627));
#7939=CARTESIAN_POINT('',(16.6048977487713,72.5,10.2238628097627));
#7940=CARTESIAN_POINT('Origin',(-0.178602208832168,72.5,0.));
#7941=CARTESIAN_POINT('',(18.3710353142219,72.5,-6.53873546518076));
#7942=CARTESIAN_POINT('Ctrl Pts',(16.4868265640453,72.5,-5.86809593029043));
#7943=CARTESIAN_POINT('Ctrl Pts',(16.8008613557414,72.5,-5.97986918610549));
#7944=CARTESIAN_POINT('Ctrl Pts',(17.1148961474375,72.5,-6.09164244192054));
#7945=CARTESIAN_POINT('Ctrl Pts',(17.7429657308297,72.5,-6.31518895355065));
#7946=CARTESIAN_POINT('Ctrl Pts',(18.0570005225258,72.5,-6.42696220936571));
#7947=CARTESIAN_POINT('Ctrl Pts',(18.3710353142219,72.5,-6.53873546518076));
#7948=CARTESIAN_POINT('Origin',(0.,72.5,0.));
#7949=CARTESIAN_POINT('Origin',(-0.178602208832168,71.5,0.));
#7950=CARTESIAN_POINT('',(18.2107590383884,71.5,-6.97267920140851));
#7951=CARTESIAN_POINT('Ctrl Pts',(18.2107590383884,71.5,-6.97267920140851));
#7952=CARTESIAN_POINT('Ctrl Pts',(17.8994640120912,71.5,-6.85348810394853));
#7953=CARTESIAN_POINT('Ctrl Pts',(17.5881689857939,71.5,-6.73429700648856));
#7954=CARTESIAN_POINT('Ctrl Pts',(16.9655789331995,71.5,-6.49591481156861));
#7955=CARTESIAN_POINT('Ctrl Pts',(16.6542839069022,71.5,-6.37672371410863));
#7956=CARTESIAN_POINT('Ctrl Pts',(16.342988880605,71.5,-6.25753261664866));
#7957=CARTESIAN_POINT('',(16.6048977487713,71.5,10.2238628097627));
#7958=CARTESIAN_POINT('Origin',(0.,71.5,0.));
#7959=CARTESIAN_POINT('',(16.6048977487713,71.5,10.2238628097627));
#7960=CARTESIAN_POINT('Origin',(-0.178602208832168,70.,0.));
#7961=CARTESIAN_POINT('',(18.9944489777196,70.,-4.41145191890474));
#7962=CARTESIAN_POINT('Ctrl Pts',(18.9944489777196,70.,-4.41145191890474));
#7963=CARTESIAN_POINT('Ctrl Pts',(18.669757542203,70.,-4.33604248439354));
#7964=CARTESIAN_POINT('Ctrl Pts',(18.3450661066864,70.,-4.26063304988235));
#7965=CARTESIAN_POINT('Ctrl Pts',(17.6956832356533,70.,-4.10981418085997));
#7966=CARTESIAN_POINT('Ctrl Pts',(17.3709918001367,70.,-4.03440474634878));
#7967=CARTESIAN_POINT('Ctrl Pts',(17.0463003646201,70.,-3.95899531183758));
#7968=CARTESIAN_POINT('',(19.1427955823357,70.,-3.71528966473816));
#7969=CARTESIAN_POINT('Origin',(0.,70.,0.));
#7970=CARTESIAN_POINT('',(19.1427955823357,70.,-3.71528966473816));
#7971=CARTESIAN_POINT('Origin',(16.6048977487713,70.,10.2238628097627));
#7972=CARTESIAN_POINT('',(16.6048977487713,70.,10.2238628097627));
#7973=CARTESIAN_POINT('',(16.6048977487713,70.,10.2238628097627));
#7974=CARTESIAN_POINT('',(16.6048977487713,70.,10.2238628097627));
#7975=CARTESIAN_POINT('Origin',(17.2450787878585,70.,-2.97611451401848));
#7976=CARTESIAN_POINT('',(19.1427955823357,70.7014159910577,-3.71528966473816));
#7977=CARTESIAN_POINT('Ctrl Pts',(17.2450804392873,70.8199908610361,-2.97611409188862));
#7978=CARTESIAN_POINT('Ctrl Pts',(17.5561587515131,70.8106200078512,-3.09728094986899));
#7979=CARTESIAN_POINT('Ctrl Pts',(17.8681174268175,70.7956311056233,-3.21878994501467));
#7980=CARTESIAN_POINT('Ctrl Pts',(18.1789868449499,70.7760705969488,-3.3398772796002));
#7981=CARTESIAN_POINT('Ctrl Pts',(18.2198479321283,70.7734995378365,-3.35579315889262));
#7982=CARTESIAN_POINT('Ctrl Pts',(18.2606902222879,70.7708495187511,-3.37170168773485));
#7983=CARTESIAN_POINT('Ctrl Pts',(18.3015092614588,70.7681229344512,-3.3876010763048));
#7984=CARTESIAN_POINT('Ctrl Pts',(18.5819607748729,70.7493896494724,-3.49683950222976));
#7985=CARTESIAN_POINT('Ctrl Pts',(18.8628272277613,70.7269393620745,-3.60623985746898));
#7986=CARTESIAN_POINT('Ctrl Pts',(19.1427955823357,70.7014159910577,-3.71528966473816));
#7987=CARTESIAN_POINT('',(19.1427955823357,70.,-3.71528966473816));
#7988=CARTESIAN_POINT('Origin',(-0.178602208832168,70.,0.));
#7989=CARTESIAN_POINT('',(18.0975445279048,70.,-7.26146555872179));
#7990=CARTESIAN_POINT('Ctrl Pts',(16.2413861147864,70.,-6.51669986039135));
#7991=CARTESIAN_POINT('Ctrl Pts',(16.5507458503061,70.,-6.64082747677976));
#7992=CARTESIAN_POINT('Ctrl Pts',(16.8601055858258,70.,-6.76495509316817));
#7993=CARTESIAN_POINT('Ctrl Pts',(17.4788250568653,70.,-7.01321032594498));
#7994=CARTESIAN_POINT('Ctrl Pts',(17.7881847923851,70.,-7.13733794233339));
#7995=CARTESIAN_POINT('Ctrl Pts',(18.0975445279048,70.,-7.26146555872179));
#7996=CARTESIAN_POINT('Origin',(0.,70.,0.));
#7997=CARTESIAN_POINT('Origin',(-0.178602208832168,69.,0.));
#7998=CARTESIAN_POINT('',(18.9496486232494,69.,-4.60008880951047));
#7999=CARTESIAN_POINT('Ctrl Pts',(17.0060949183007,69.,-4.12828482904786));
#8000=CARTESIAN_POINT('Ctrl Pts',(17.3300205357922,69.,-4.20691882579163));
#8001=CARTESIAN_POINT('Ctrl Pts',(17.6539461532836,69.,-4.28555282253539));
#8002=CARTESIAN_POINT('Ctrl Pts',(18.3017973882665,69.,-4.44282081602293));
#8003=CARTESIAN_POINT('Ctrl Pts',(18.6257230057579,69.,-4.5214548127667));
#8004=CARTESIAN_POINT('Ctrl Pts',(18.9496486232494,69.,-4.60008880951047));
#8005=CARTESIAN_POINT('',(19.1427955823357,69.,-3.71528966473816));
#8006=CARTESIAN_POINT('',(19.1427955823357,69.,-3.71528966473816));
#8007=CARTESIAN_POINT('Origin',(0.,69.,0.));
#8008=CARTESIAN_POINT('Origin',(-0.178602208832168,69.,0.));
#8009=CARTESIAN_POINT('',(18.0791852166627,69.,-7.30705562464159));
#8010=CARTESIAN_POINT('Ctrl Pts',(18.0791852166627,69.,-7.30705562464159));
#8011=CARTESIAN_POINT('Ctrl Pts',(17.7701393155231,69.,-7.18214869088703));
#8012=CARTESIAN_POINT('Ctrl Pts',(17.4610934143836,69.,-7.05724175713247));
#8013=CARTESIAN_POINT('Ctrl Pts',(16.8430016121045,69.,-6.80742788962336));
#8014=CARTESIAN_POINT('Ctrl Pts',(16.533955710965,69.,-6.6825209558688));
#8015=CARTESIAN_POINT('Ctrl Pts',(16.2249098098255,69.,-6.55761402211425));
#8016=CARTESIAN_POINT('',(16.6048977487713,69.,10.2238628097627));
#8017=CARTESIAN_POINT('Origin',(0.,69.,0.));
#8018=CARTESIAN_POINT('',(16.6048977487713,69.,10.2238628097627));
#8019=CARTESIAN_POINT('Origin',(-0.178602208832168,67.5,0.));
#8020=CARTESIAN_POINT('',(19.0818297931825,67.5,-4.01668666241374));
#8021=CARTESIAN_POINT('Ctrl Pts',(19.0818297931825,67.5,-4.01668666241374));
#8022=CARTESIAN_POINT('Ctrl Pts',(18.7556446685127,67.5,-3.94802535194513));
#8023=CARTESIAN_POINT('Ctrl Pts',(18.4294595438429,67.5,-3.87936404147652));
#8024=CARTESIAN_POINT('Ctrl Pts',(17.7770892945034,67.5,-3.7420414205393));
#8025=CARTESIAN_POINT('Ctrl Pts',(17.4509041698336,67.5,-3.67338011007069));
#8026=CARTESIAN_POINT('Ctrl Pts',(17.1247190451638,67.5,-3.60471879960207));
#8027=CARTESIAN_POINT('',(19.1427955823357,67.5,-3.71528966473816));
#8028=CARTESIAN_POINT('Origin',(0.,67.5,0.));
#8029=CARTESIAN_POINT('',(19.1427955823357,67.5,-3.71528966473816));
#8030=CARTESIAN_POINT('Origin',(16.6048977487713,67.5,10.2238628097627));
#8031=CARTESIAN_POINT('',(16.6048977487713,67.5,10.2238628097627));
#8032=CARTESIAN_POINT('',(16.6048977487713,67.5,10.2238628097627));
#8033=CARTESIAN_POINT('',(16.6048977487713,67.5,10.2238628097627));
#8034=CARTESIAN_POINT('Origin',(17.2450787878585,67.5,-2.97611451401848));
#8035=CARTESIAN_POINT('',(19.1427955823357,67.5,-3.71528966473816));
#8036=CARTESIAN_POINT('Origin',(-0.178602208832168,67.5,0.));
#8037=CARTESIAN_POINT('',(18.1098810212026,67.5,-7.23064377478839));
#8038=CARTESIAN_POINT('Ctrl Pts',(16.2524573267203,67.5,-6.48903928506651));
#8039=CARTESIAN_POINT('Ctrl Pts',(16.5620279424673,67.5,-6.61264003335349));
#8040=CARTESIAN_POINT('Ctrl Pts',(16.8715985582144,67.5,-6.73624078164047));
#8041=CARTESIAN_POINT('Ctrl Pts',(17.4907397897085,67.5,-6.98344227821443));
#8042=CARTESIAN_POINT('Ctrl Pts',(17.8003104054555,67.5,-7.10704302650141));
#8043=CARTESIAN_POINT('Ctrl Pts',(18.1098810212026,67.5,-7.23064377478839));
#8044=CARTESIAN_POINT('Origin',(0.,67.5,0.));
#8045=CARTESIAN_POINT('Origin',(-0.178602208832168,66.5,0.));
#8046=CARTESIAN_POINT('',(18.1763647992359,66.5,-7.06185263830228));
#8047=CARTESIAN_POINT('Ctrl Pts',(18.1763647992359,66.5,-7.06185263830227));
#8048=CARTESIAN_POINT('Ctrl Pts',(17.8656577086507,66.5,-6.9411372085877));
#8049=CARTESIAN_POINT('Ctrl Pts',(17.5549506180655,66.5,-6.82042177887313));
#8050=CARTESIAN_POINT('Ctrl Pts',(16.933536436895,66.5,-6.578990919444));
#8051=CARTESIAN_POINT('Ctrl Pts',(16.6228293463098,66.5,-6.45827548972943));
#8052=CARTESIAN_POINT('Ctrl Pts',(16.3121222557246,66.5,-6.33756006001486));
#8053=CARTESIAN_POINT('',(16.6048977487713,66.5,10.2238628097627));
#8054=CARTESIAN_POINT('Origin',(0.,66.5,0.));
#8055=CARTESIAN_POINT('',(16.6048977487713,66.5,10.2238628097627));
#8056=CARTESIAN_POINT('Origin',(16.6048977487713,65.,10.2238628097627));
#8057=CARTESIAN_POINT('',(16.6048977487713,65.,10.2238628097627));
#8058=CARTESIAN_POINT('',(16.6048977487713,65.,10.2238628097627));
#8059=CARTESIAN_POINT('',(16.6048977487713,65.,10.2238628097627));
#8060=CARTESIAN_POINT('Origin',(-0.178602208832168,65.,0.));
#8061=CARTESIAN_POINT('',(18.395416352327,65.,-6.46982667654564));
#8062=CARTESIAN_POINT('Ctrl Pts',(16.5087069828575,65.,-5.80625470972046));
#8063=CARTESIAN_POINT('Ctrl Pts',(16.8231585444358,65.,-5.91685003752466));
#8064=CARTESIAN_POINT('Ctrl Pts',(17.137610106014,65.,-6.02744536532885));
#8065=CARTESIAN_POINT('Ctrl Pts',(17.7665132291705,65.,-6.24863602093725));
#8066=CARTESIAN_POINT('Ctrl Pts',(18.0809647907487,65.,-6.35923134874145));
#8067=CARTESIAN_POINT('Ctrl Pts',(18.395416352327,65.,-6.46982667654565));
#8068=CARTESIAN_POINT('Origin',(0.,65.,0.));
#8069=CARTESIAN_POINT('Origin',(-0.178602208832168,64.,0.));
#8070=CARTESIAN_POINT('',(18.705331567204,64.,-5.51004273676357));
#8071=CARTESIAN_POINT('Ctrl Pts',(18.705331567204,64.,-5.51004273676357));
#8072=CARTESIAN_POINT('Ctrl Pts',(18.385582309645,64.,-5.41585397203256));
#8073=CARTESIAN_POINT('Ctrl Pts',(18.0658330520859,64.,-5.32166520730156));
#8074=CARTESIAN_POINT('Ctrl Pts',(17.4263345369678,64.,-5.13328767783956));
#8075=CARTESIAN_POINT('Ctrl Pts',(17.1065852794088,64.,-5.03909891310856));
#8076=CARTESIAN_POINT('Ctrl Pts',(16.7868360218498,64.,-4.94491014837756));
#8077=CARTESIAN_POINT('',(16.6048977487713,64.,10.2238628097627));
#8078=CARTESIAN_POINT('Origin',(0.,64.,0.));
#8079=CARTESIAN_POINT('',(16.6048977487713,64.,10.2238628097627));
#8080=CARTESIAN_POINT('Origin',(16.6048977487713,62.5,10.2238628097627));
#8081=CARTESIAN_POINT('',(16.6048977487713,62.5,10.2238628097627));
#8082=CARTESIAN_POINT('',(16.6048977487713,62.5,10.2238628097627));
#8083=CARTESIAN_POINT('',(16.6048977487713,62.5,10.2238628097627));
#8084=CARTESIAN_POINT('Origin',(17.2450787878585,62.5,-2.97611451401848));
#8085=CARTESIAN_POINT('',(19.1427955823357,63.150368338141,-3.71528966473816));
#8086=CARTESIAN_POINT('Ctrl Pts',(17.2450853379984,63.0575323229329,-2.9761084894234));
#8087=CARTESIAN_POINT('Ctrl Pts',(17.4224739277778,63.0658424825354,-3.045203604876));
#8088=CARTESIAN_POINT('Ctrl Pts',(17.6009993581426,63.0743464215989,-3.11473156743755));
#8089=CARTESIAN_POINT('Ctrl Pts',(17.7792701617738,63.0829489221866,-3.18417197203977));
#8090=CARTESIAN_POINT('Ctrl Pts',(17.921033363843,63.0897897396635,-3.23939186171813));
#8091=CARTESIAN_POINT('Ctrl Pts',(18.0626358585942,63.0966925864512,-3.29455527080063));
#8092=CARTESIAN_POINT('Ctrl Pts',(18.2033844554174,63.1036040504854,-3.34937869113356));
#8093=CARTESIAN_POINT('Ctrl Pts',(18.3676319917531,63.1116694306433,-3.41335525591943));
#8094=CARTESIAN_POINT('Ctrl Pts',(18.5331989909356,63.1198681264727,-3.47783389871033));
#8095=CARTESIAN_POINT('Ctrl Pts',(18.6985122843967,63.1281087709679,-3.54222616115287));
#8096=CARTESIAN_POINT('Ctrl Pts',(18.8471897812413,63.1355201434612,-3.60013850562123));
#8097=CARTESIAN_POINT('Ctrl Pts',(18.9956622964248,63.1429651959606,-3.65798012882345));
#8098=CARTESIAN_POINT('Ctrl Pts',(19.1427955823357,63.150368338141,-3.71528966473816));
#8099=CARTESIAN_POINT('',(19.1427955823357,62.5,-3.71528966473816));
#8100=CARTESIAN_POINT('',(19.1427955823357,62.5,-3.71528966473816));
#8101=CARTESIAN_POINT('',(19.1427955823357,62.5,-3.71528966473816));
#8102=CARTESIAN_POINT('Origin',(-0.178602208832168,62.5,0.));
#8103=CARTESIAN_POINT('Origin',(0.,62.5,0.));
#8104=CARTESIAN_POINT('Origin',(-0.178602208832168,61.5,0.));
#8105=CARTESIAN_POINT('',(18.9398638904264,61.5,-4.64021075083038));
#8106=CARTESIAN_POINT('Ctrl Pts',(16.9973137478186,61.5,-4.16429169946316));
#8107=CARTESIAN_POINT('Ctrl Pts',(17.3210721049199,61.5,-4.24361154135769));
#8108=CARTESIAN_POINT('Ctrl Pts',(17.6448304620212,61.5,-4.32293138325223));
#8109=CARTESIAN_POINT('Ctrl Pts',(18.2923471762238,61.5,-4.4815710670413));
#8110=CARTESIAN_POINT('Ctrl Pts',(18.6161055333251,61.5,-4.56089090893584));
#8111=CARTESIAN_POINT('Ctrl Pts',(18.9398638904264,61.5,-4.64021075083037));
#8112=CARTESIAN_POINT('',(19.1427955823357,61.5,-3.71528966473816));
#8113=CARTESIAN_POINT('',(19.1427955823357,61.5,-3.71528966473816));
#8114=CARTESIAN_POINT('Origin',(0.,61.5,0.));
#8115=CARTESIAN_POINT('Origin',(-0.178602208832168,61.5,0.));
#8116=CARTESIAN_POINT('',(18.1702907328969,61.5,-7.0774666853333));
#8117=CARTESIAN_POINT('',(8.075798162825,61.5,-3.14558491633763));
#8118=CARTESIAN_POINT('',(16.6048977487713,61.5,10.2238628097627));
#8119=CARTESIAN_POINT('Origin',(0.,61.5,0.));
#8120=CARTESIAN_POINT('',(16.6048977487713,61.5,10.2238628097627));
#8121=CARTESIAN_POINT('Origin',(17.2450787878585,60.,-2.97611451401848));
#8122=CARTESIAN_POINT('',(19.1427955823357,61.1806321665394,-3.71528966473816));
#8123=CARTESIAN_POINT('Ctrl Pts',(19.1427955823357,61.1806321665394,-3.71528966473816));
#8124=CARTESIAN_POINT('Ctrl Pts',(18.8266863250355,61.1601808184177,-3.59216270048894));
#8125=CARTESIAN_POINT('Ctrl Pts',(18.5099886946754,61.1386418677433,-3.46881083367372));
#8126=CARTESIAN_POINT('Ctrl Pts',(18.193984238974,61.115925979431,-3.34573005596826));
#8127=CARTESIAN_POINT('Ctrl Pts',(17.8778185108927,61.0931984981007,-3.22258646418031));
#8128=CARTESIAN_POINT('Ctrl Pts',(17.5610255885688,61.0691979752917,-3.09919953483725));
#8129=CARTESIAN_POINT('Ctrl Pts',(17.244986595784,61.0438139192122,-2.97611798644075));
#8130=CARTESIAN_POINT('',(19.1427955823357,60.,-3.71528966473816));
#8131=CARTESIAN_POINT('Origin',(16.6048977487713,60.,10.2238628097627));
#8132=CARTESIAN_POINT('',(16.6048977487713,60.,10.2238628097627));
#8133=CARTESIAN_POINT('',(16.6048977487713,60.,10.2238628097627));
#8134=CARTESIAN_POINT('',(16.6048977487713,60.,10.2238628097627));
#8135=CARTESIAN_POINT('Origin',(-0.178602208832168,60.,0.));
#8136=CARTESIAN_POINT('',(18.1702907328969,60.,-7.0774666853333));
#8137=CARTESIAN_POINT('',(8.075798162825,60.,-3.14558491633763));
#8138=CARTESIAN_POINT('Origin',(0.,60.,0.));
#8139=CARTESIAN_POINT('Origin',(-0.178602208832168,59.,0.));
#8140=CARTESIAN_POINT('',(18.1702907328969,59.,-7.0774666853333));
#8141=CARTESIAN_POINT('',(8.075798162825,59.,-3.14558491633763));
#8142=CARTESIAN_POINT('',(16.6048977487713,59.,10.2238628097627));
#8143=CARTESIAN_POINT('Origin',(0.,59.,0.));
#8144=CARTESIAN_POINT('',(16.6048977487713,59.,10.2238628097627));
#8145=CARTESIAN_POINT('Origin',(16.6048977487713,57.5,10.2238628097627));
#8146=CARTESIAN_POINT('',(16.6048977487713,57.5,10.2238628097627));
#8147=CARTESIAN_POINT('',(16.6048977487713,57.5,10.2238628097627));
#8148=CARTESIAN_POINT('',(16.6048977487713,57.5,10.2238628097627));
#8149=CARTESIAN_POINT('Origin',(-0.178602208832168,57.5,0.));
#8150=CARTESIAN_POINT('',(18.8995606499655,57.5,-4.80172960903425));
#8151=CARTESIAN_POINT('',(8.39668578944539,57.5,-2.13330963188347));
#8152=CARTESIAN_POINT('Origin',(0.,57.5,0.));
#8153=CARTESIAN_POINT('Origin',(-0.178602208832168,56.5,0.));
#8154=CARTESIAN_POINT('',(18.8995606499655,56.5,-4.80172960903425));
#8155=CARTESIAN_POINT('',(8.39668578944539,56.5,-2.13330963188347));
#8156=CARTESIAN_POINT('',(16.6048977487713,56.5,10.2238628097627));
#8157=CARTESIAN_POINT('Origin',(0.,56.5,0.));
#8158=CARTESIAN_POINT('',(16.6048977487713,56.5,10.2238628097627));
#8159=CARTESIAN_POINT('Origin',(16.6048977487713,55.,10.2238628097627));
#8160=CARTESIAN_POINT('',(16.6048977487713,55.,10.2238628097627));
#8161=CARTESIAN_POINT('',(16.6048977487713,55.,10.2238628097627));
#8162=CARTESIAN_POINT('',(16.6048977487713,55.,10.2238628097627));
#8163=CARTESIAN_POINT('Origin',(-0.178602208832168,55.,0.));
#8164=CARTESIAN_POINT('',(18.8995606499655,55.,-4.80172960903425));
#8165=CARTESIAN_POINT('',(8.39668578944539,55.,-2.13330963188346));
#8166=CARTESIAN_POINT('Origin',(0.,55.,0.));
#8167=CARTESIAN_POINT('Origin',(-0.178602208832168,54.,0.));
#8168=CARTESIAN_POINT('',(18.8995606499655,54.,-4.80172960903425));
#8169=CARTESIAN_POINT('',(8.39668578944539,54.,-2.13330963188346));
#8170=CARTESIAN_POINT('',(16.6048977487713,54.,10.2238628097627));
#8171=CARTESIAN_POINT('Origin',(0.,54.,0.));
#8172=CARTESIAN_POINT('',(16.6048977487713,54.,10.2238628097627));
#8173=CARTESIAN_POINT('Origin',(16.6048977487713,52.5,10.2238628097627));
#8174=CARTESIAN_POINT('',(16.6048977487713,52.5,10.2238628097627));
#8175=CARTESIAN_POINT('',(16.6048977487713,52.5,10.2238628097627));
#8176=CARTESIAN_POINT('',(16.6048977487713,52.5,10.2238628097627));
#8177=CARTESIAN_POINT('Origin',(-0.178602208832168,52.5,0.));
#8178=CARTESIAN_POINT('',(18.4163775277097,52.5,-6.40991721918991));
#8179=CARTESIAN_POINT('Ctrl Pts',(16.5275182940985,52.5,-5.75248981209351));
#8180=CARTESIAN_POINT('Ctrl Pts',(16.842328166367,52.5,-5.86206104660958));
#8181=CARTESIAN_POINT('Ctrl Pts',(17.1571380386356,52.5,-5.97163228112565));
#8182=CARTESIAN_POINT('Ctrl Pts',(17.7867577831727,52.5,-6.19077475015778));
#8183=CARTESIAN_POINT('Ctrl Pts',(18.1015676554412,52.5,-6.30034598467385));
#8184=CARTESIAN_POINT('Ctrl Pts',(18.4163775277097,52.5,-6.40991721918991));
#8185=CARTESIAN_POINT('Origin',(0.,52.5,0.));
#8186=CARTESIAN_POINT('Origin',(-0.178602208832168,51.5,0.));
#8187=CARTESIAN_POINT('',(18.1702907328969,51.5,-7.0774666853333));
#8188=CARTESIAN_POINT('',(8.075798162825,51.5,-3.14558491633763));
#8189=CARTESIAN_POINT('',(16.6048977487713,51.5,10.2238628097627));
#8190=CARTESIAN_POINT('Origin',(0.,51.5,0.));
#8191=CARTESIAN_POINT('',(16.6048977487713,51.5,10.2238628097627));
#8192=CARTESIAN_POINT('Origin',(16.6048977487713,50.,10.2238628097627));
#8193=CARTESIAN_POINT('',(16.6048977487713,50.,10.2238628097627));
#8194=CARTESIAN_POINT('',(16.6048977487713,50.,10.2238628097627));
#8195=CARTESIAN_POINT('',(16.6048977487713,50.,10.2238628097627));
#8196=CARTESIAN_POINT('Origin',(-0.178602208832168,50.,0.));
#8197=CARTESIAN_POINT('',(18.1702907328969,50.,-7.0774666853333));
#8198=CARTESIAN_POINT('',(8.075798162825,50.,-3.14558491633763));
#8199=CARTESIAN_POINT('Origin',(0.,50.,0.));
#8200=CARTESIAN_POINT('Origin',(-0.178602208832168,49.,0.));
#8201=CARTESIAN_POINT('',(18.8876002828846,49.,-4.84856221512922));
#8202=CARTESIAN_POINT('Ctrl Pts',(16.950410510281,49.,-4.35127378280829));
#8203=CARTESIAN_POINT('Ctrl Pts',(17.2732754723816,49.,-4.43415518819511));
#8204=CARTESIAN_POINT('Ctrl Pts',(17.5961404344822,49.,-4.51703659358194));
#8205=CARTESIAN_POINT('Ctrl Pts',(18.2418703586834,49.,-4.68279940435559));
#8206=CARTESIAN_POINT('Ctrl Pts',(18.564735320784,49.,-4.76568080974241));
#8207=CARTESIAN_POINT('Ctrl Pts',(18.8876002828846,49.,-4.84856221512924));
#8208=CARTESIAN_POINT('',(19.1427955823357,49.,-3.71528966473816));
#8209=CARTESIAN_POINT('',(19.1427955823357,49.,-3.71528966473816));
#8210=CARTESIAN_POINT('Origin',(0.,49.,0.));
#8211=CARTESIAN_POINT('Origin',(16.6048977487713,47.5,10.2238628097627));
#8212=CARTESIAN_POINT('',(16.6048977487713,47.5,10.2238628097627));
#8213=CARTESIAN_POINT('',(16.6048977487713,47.5,10.2238628097627));
#8214=CARTESIAN_POINT('',(16.6048977487713,49.,10.2238628097627));
#8215=CARTESIAN_POINT('',(16.6048977487713,49.,10.2238628097627));
#8216=CARTESIAN_POINT('',(16.6048977487713,47.5,10.2238628097627));
#8217=CARTESIAN_POINT('Origin',(17.2450787878585,47.5,-2.97611451401848));
#8218=CARTESIAN_POINT('',(19.1427955823357,47.5,-3.71528966473816));
#8219=CARTESIAN_POINT('',(19.1427955823357,47.5,-3.71528966473816));
#8220=CARTESIAN_POINT('',(19.1427955823357,47.5,-3.71528966473816));
#8221=CARTESIAN_POINT('Origin',(-0.178602208832168,47.5,0.));
#8222=CARTESIAN_POINT('Origin',(0.,47.5,0.));
#8223=CARTESIAN_POINT('Origin',(-0.178602208832168,49.,0.));
#8224=CARTESIAN_POINT('',(18.1702907328969,49.,-7.0774666853333));
#8225=CARTESIAN_POINT('',(8.075798162825,49.,-3.14558491633763));
#8226=CARTESIAN_POINT('Origin',(0.,49.,0.));
#8227=CARTESIAN_POINT('Origin',(16.6048977487713,45.,10.2238628097627));
#8228=CARTESIAN_POINT('',(16.6048977487713,45.,10.2238628097627));
#8229=CARTESIAN_POINT('',(16.6048977487713,45.,10.2238628097627));
#8230=CARTESIAN_POINT('',(16.6048977487713,46.5,10.2238628097627));
#8231=CARTESIAN_POINT('',(16.6048977487713,46.5,10.2238628097627));
#8232=CARTESIAN_POINT('',(16.6048977487713,45.,10.2238628097627));
#8233=CARTESIAN_POINT('Origin',(0.,45.,0.));
#8234=CARTESIAN_POINT('',(19.1427955823357,45.,-3.71528966473816));
#8235=CARTESIAN_POINT('Origin',(0.,45.,0.));
#8236=CARTESIAN_POINT('',(19.1427955823357,46.5,-3.71528966473816));
#8237=CARTESIAN_POINT('Origin',(0.,46.5,0.));
#8238=CARTESIAN_POINT('',(19.1427955823357,45.,-3.71528966473816));
#8239=CARTESIAN_POINT('Origin',(17.2450787878585,45.,-2.97611451401848));
#8240=CARTESIAN_POINT('',(19.1427955823357,45.,-3.71528966473816));
#8241=CARTESIAN_POINT('',(19.1427955823357,46.5,-3.71528966473816));
#8242=CARTESIAN_POINT('Origin',(-0.178602208832168,45.,0.));
#8243=CARTESIAN_POINT('Origin',(-0.178602208832168,46.5,0.));
#8244=CARTESIAN_POINT('Origin',(-0.178602208832168,44.,0.));
#8245=CARTESIAN_POINT('',(18.1702907328969,44.,-7.0774666853333));
#8246=CARTESIAN_POINT('',(8.075798162825,44.,-3.14558491633763));
#8247=CARTESIAN_POINT('',(16.6048977487713,44.,10.2238628097627));
#8248=CARTESIAN_POINT('Origin',(0.,44.,0.));
#8249=CARTESIAN_POINT('',(16.6048977487713,44.,10.2238628097627));
#8250=CARTESIAN_POINT('Origin',(16.6048977487713,42.5,10.2238628097627));
#8251=CARTESIAN_POINT('',(16.6048977487713,42.5,10.2238628097627));
#8252=CARTESIAN_POINT('',(16.6048977487713,42.5,10.2238628097627));
#8253=CARTESIAN_POINT('',(16.6048977487713,42.5,10.2238628097627));
#8254=CARTESIAN_POINT('Origin',(-0.178602208832168,42.5,0.));
#8255=CARTESIAN_POINT('',(18.1702907328969,42.5,-7.0774666853333));
#8256=CARTESIAN_POINT('',(8.075798162825,42.5,-3.14558491633763));
#8257=CARTESIAN_POINT('Origin',(0.,42.5,0.));
#8258=CARTESIAN_POINT('Origin',(-0.178602208832168,41.5,0.));
#8259=CARTESIAN_POINT('',(18.1702907328969,41.5,-7.0774666853333));
#8260=CARTESIAN_POINT('',(8.075798162825,41.5,-3.14558491633763));
#8261=CARTESIAN_POINT('',(16.6048977487713,41.5,10.2238628097627));
#8262=CARTESIAN_POINT('Origin',(0.,41.5,0.));
#8263=CARTESIAN_POINT('',(16.6048977487713,41.5,10.2238628097627));
#8264=CARTESIAN_POINT('Origin',(16.6048977487713,40.,10.2238628097627));
#8265=CARTESIAN_POINT('',(16.6048977487713,40.,10.2238628097627));
#8266=CARTESIAN_POINT('',(16.6048977487713,40.,10.2238628097627));
#8267=CARTESIAN_POINT('',(16.6048977487713,40.,10.2238628097627));
#8268=CARTESIAN_POINT('Origin',(17.2450787878585,40.,-2.97611451401848));
#8269=CARTESIAN_POINT('',(19.1427955823357,40.8495933096856,-3.71528966473816));
#8270=CARTESIAN_POINT('',(17.3100118135092,40.8495933096856,-3.00140642225351));
#8271=CARTESIAN_POINT('',(19.1427955823357,40.,-3.71528966473816));
#8272=CARTESIAN_POINT('',(19.1427955823357,40.,-3.71528966473816));
#8273=CARTESIAN_POINT('',(19.1427955823357,40.,-3.71528966473816));
#8274=CARTESIAN_POINT('Origin',(-0.178602208832168,40.,0.));
#8275=CARTESIAN_POINT('Origin',(0.,40.,0.));
#8276=CARTESIAN_POINT('Origin',(16.6048977487713,37.5,10.2238628097627));
#8277=CARTESIAN_POINT('',(16.6048977487713,37.5,10.2238628097627));
#8278=CARTESIAN_POINT('',(16.6048977487713,37.5,10.2238628097627));
#8279=CARTESIAN_POINT('',(16.6048977487713,39.,10.2238628097627));
#8280=CARTESIAN_POINT('',(16.6048977487713,39.,10.2238628097627));
#8281=CARTESIAN_POINT('',(16.6048977487713,37.5,10.2238628097627));
#8282=CARTESIAN_POINT('Origin',(0.,37.5,0.));
#8283=CARTESIAN_POINT('',(19.1427955823357,37.5,-3.71528966473816));
#8284=CARTESIAN_POINT('Origin',(0.,37.5,0.));
#8285=CARTESIAN_POINT('',(19.1427955823357,39.,-3.71528966473816));
#8286=CARTESIAN_POINT('Origin',(0.,39.,0.));
#8287=CARTESIAN_POINT('',(19.1427955823357,37.5,-3.71528966473816));
#8288=CARTESIAN_POINT('Origin',(17.2450787878585,37.5,-2.97611451401848));
#8289=CARTESIAN_POINT('',(19.1427955823357,37.5,-3.71528966473816));
#8290=CARTESIAN_POINT('',(19.1427955823357,39.,-3.71528966473816));
#8291=CARTESIAN_POINT('Origin',(-0.178602208832168,37.5,0.));
#8292=CARTESIAN_POINT('Origin',(-0.178602208832168,39.,0.));
#8293=CARTESIAN_POINT('Origin',(16.6048977487713,35.,10.2238628097627));
#8294=CARTESIAN_POINT('',(16.6048977487713,35.,10.2238628097627));
#8295=CARTESIAN_POINT('',(16.6048977487713,35.,10.2238628097627));
#8296=CARTESIAN_POINT('',(16.6048977487713,36.5,10.2238628097627));
#8297=CARTESIAN_POINT('',(16.6048977487713,36.5,10.2238628097627));
#8298=CARTESIAN_POINT('',(16.6048977487713,35.,10.2238628097627));
#8299=CARTESIAN_POINT('Origin',(0.,35.,0.));
#8300=CARTESIAN_POINT('',(19.1427955823357,35.,-3.71528966473816));
#8301=CARTESIAN_POINT('Origin',(0.,35.,0.));
#8302=CARTESIAN_POINT('',(19.1427955823357,36.5,-3.71528966473816));
#8303=CARTESIAN_POINT('Origin',(0.,36.5,0.));
#8304=CARTESIAN_POINT('',(19.1427955823357,35.,-3.71528966473816));
#8305=CARTESIAN_POINT('Origin',(17.2450787878585,35.,-2.97611451401848));
#8306=CARTESIAN_POINT('',(19.1427955823357,35.,-3.71528966473816));
#8307=CARTESIAN_POINT('',(19.1427955823357,36.5,-3.71528966473816));
#8308=CARTESIAN_POINT('Origin',(-0.178602208832168,35.,0.));
#8309=CARTESIAN_POINT('Origin',(-0.178602208832168,36.5,0.));
#8310=CARTESIAN_POINT('Origin',(0.,32.5,0.));
#8311=CARTESIAN_POINT('',(-19.5,34.,2.38806125833734E-15));
#8312=CARTESIAN_POINT('Origin',(0.,34.,0.));
#8313=CARTESIAN_POINT('',(-19.5,32.5,2.38806125833734E-15));
#8314=CARTESIAN_POINT('',(-19.5,32.5,2.38806125833734E-15));
#8315=CARTESIAN_POINT('Origin',(0.,32.5,0.));
#8316=CARTESIAN_POINT('Origin',(-0.178602208832168,32.5,0.));
#8317=CARTESIAN_POINT('Origin',(-0.178602208832168,34.,0.));
#8318=CARTESIAN_POINT('Origin',(0.,30.,0.));
#8319=CARTESIAN_POINT('',(-19.5,31.5,2.38806125833734E-15));
#8320=CARTESIAN_POINT('Origin',(0.,31.5,0.));
#8321=CARTESIAN_POINT('',(-19.5,30.,2.38806125833734E-15));
#8322=CARTESIAN_POINT('',(-19.5,30.,2.38806125833734E-15));
#8323=CARTESIAN_POINT('Origin',(0.,30.,0.));
#8324=CARTESIAN_POINT('Origin',(-0.178602208832168,30.,0.));
#8325=CARTESIAN_POINT('Origin',(-0.178602208832168,31.5,0.));
#8326=CARTESIAN_POINT('Origin',(0.,27.5,0.));
#8327=CARTESIAN_POINT('',(-19.5,29.,2.38806125833734E-15));
#8328=CARTESIAN_POINT('Origin',(0.,29.,0.));
#8329=CARTESIAN_POINT('',(-19.5,27.5,2.38806125833734E-15));
#8330=CARTESIAN_POINT('',(-19.5,27.5,2.38806125833734E-15));
#8331=CARTESIAN_POINT('Origin',(0.,27.5,0.));
#8332=CARTESIAN_POINT('Origin',(-0.178602208832168,27.5,0.));
#8333=CARTESIAN_POINT('Origin',(-0.178602208832168,29.,0.));
#8334=CARTESIAN_POINT('Origin',(0.,25.,0.));
#8335=CARTESIAN_POINT('',(-19.5,26.5,2.38806125833734E-15));
#8336=CARTESIAN_POINT('Origin',(0.,26.5,0.));
#8337=CARTESIAN_POINT('',(-19.5,25.,2.38806125833734E-15));
#8338=CARTESIAN_POINT('',(-19.5,25.,2.38806125833734E-15));
#8339=CARTESIAN_POINT('Origin',(0.,25.,0.));
#8340=CARTESIAN_POINT('Origin',(-0.178602208832168,25.,0.));
#8341=CARTESIAN_POINT('Origin',(-0.178602208832168,26.5,0.));
#8342=CARTESIAN_POINT('Origin',(0.,22.5,0.));
#8343=CARTESIAN_POINT('',(-19.5,24.,2.38806125833734E-15));
#8344=CARTESIAN_POINT('Origin',(0.,24.,0.));
#8345=CARTESIAN_POINT('',(-19.5,22.5,2.38806125833734E-15));
#8346=CARTESIAN_POINT('',(-19.5,22.5,2.38806125833734E-15));
#8347=CARTESIAN_POINT('Origin',(0.,22.5,0.));
#8348=CARTESIAN_POINT('Origin',(-0.178602208832168,22.5,0.));
#8349=CARTESIAN_POINT('Origin',(-0.178602208832168,24.,0.));
#8350=CARTESIAN_POINT('Origin',(0.,20.,0.));
#8351=CARTESIAN_POINT('',(-19.5,21.5,2.38806125833734E-15));
#8352=CARTESIAN_POINT('Origin',(0.,21.5,0.));
#8353=CARTESIAN_POINT('',(-19.5,20.,2.38806125833734E-15));
#8354=CARTESIAN_POINT('',(-19.5,20.,2.38806125833734E-15));
#8355=CARTESIAN_POINT('Origin',(0.,20.,0.));
#8356=CARTESIAN_POINT('Origin',(-0.178602208832168,20.,0.));
#8357=CARTESIAN_POINT('Origin',(-0.178602208832168,21.5,0.));
#8358=CARTESIAN_POINT('Origin',(0.,17.5,0.));
#8359=CARTESIAN_POINT('',(-19.5,19.,2.38806125833734E-15));
#8360=CARTESIAN_POINT('Origin',(0.,19.,0.));
#8361=CARTESIAN_POINT('',(-19.5,17.5,2.38806125833734E-15));
#8362=CARTESIAN_POINT('',(-19.5,17.5,2.38806125833734E-15));
#8363=CARTESIAN_POINT('Origin',(0.,17.5,0.));
#8364=CARTESIAN_POINT('Origin',(-0.178602208832168,17.5,0.));
#8365=CARTESIAN_POINT('Origin',(-0.178602208832168,19.,0.));
#8366=CARTESIAN_POINT('Origin',(0.,15.,0.));
#8367=CARTESIAN_POINT('',(-19.5,16.5,2.38806125833734E-15));
#8368=CARTESIAN_POINT('Origin',(0.,16.5,0.));
#8369=CARTESIAN_POINT('',(-19.5,15.,2.38806125833734E-15));
#8370=CARTESIAN_POINT('',(-19.5,15.,2.38806125833734E-15));
#8371=CARTESIAN_POINT('Origin',(0.,15.,0.));
#8372=CARTESIAN_POINT('Origin',(-0.178602208832168,15.,0.));
#8373=CARTESIAN_POINT('Origin',(-0.178602208832168,16.5,0.));
#8374=CARTESIAN_POINT('Origin',(0.,12.5,0.));
#8375=CARTESIAN_POINT('',(-19.5,14.,2.38806125833734E-15));
#8376=CARTESIAN_POINT('Origin',(0.,14.,0.));
#8377=CARTESIAN_POINT('',(-19.5,12.5,2.38806125833734E-15));
#8378=CARTESIAN_POINT('',(-19.5,12.5,2.38806125833734E-15));
#8379=CARTESIAN_POINT('Origin',(0.,12.5,0.));
#8380=CARTESIAN_POINT('Origin',(-0.178602208832168,12.5,0.));
#8381=CARTESIAN_POINT('Origin',(-0.178602208832168,14.,0.));
#8382=CARTESIAN_POINT('Origin',(0.,10.,0.));
#8383=CARTESIAN_POINT('',(-19.5,11.5,2.38806125833734E-15));
#8384=CARTESIAN_POINT('Origin',(0.,11.5,0.));
#8385=CARTESIAN_POINT('',(-19.5,10.,2.38806125833734E-15));
#8386=CARTESIAN_POINT('',(-19.5,10.,2.38806125833734E-15));
#8387=CARTESIAN_POINT('Origin',(0.,10.,0.));
#8388=CARTESIAN_POINT('Origin',(-0.178602208832168,10.,0.));
#8389=CARTESIAN_POINT('Origin',(-0.178602208832168,11.5,0.));
#8390=CARTESIAN_POINT('Origin',(0.,7.5,0.));
#8391=CARTESIAN_POINT('',(-19.5,9.,2.38806125833734E-15));
#8392=CARTESIAN_POINT('Origin',(0.,9.,0.));
#8393=CARTESIAN_POINT('',(-19.5,7.5,2.38806125833734E-15));
#8394=CARTESIAN_POINT('',(-19.5,7.5,2.38806125833734E-15));
#8395=CARTESIAN_POINT('Origin',(0.,7.5,0.));
#8396=CARTESIAN_POINT('Origin',(-0.178602208832168,7.5,0.));
#8397=CARTESIAN_POINT('Origin',(-0.178602208832168,9.,0.));
#8398=CARTESIAN_POINT('Origin',(0.,5.,0.));
#8399=CARTESIAN_POINT('',(-19.5,6.5,2.38806125833734E-15));
#8400=CARTESIAN_POINT('Origin',(0.,6.5,0.));
#8401=CARTESIAN_POINT('',(-19.5,5.,2.38806125833734E-15));
#8402=CARTESIAN_POINT('',(-19.5,5.,2.38806125833734E-15));
#8403=CARTESIAN_POINT('Origin',(0.,5.,0.));
#8404=CARTESIAN_POINT('Origin',(-0.178602208832168,5.,0.));
#8405=CARTESIAN_POINT('Origin',(-0.178602208832168,6.5,0.));
#8406=CARTESIAN_POINT('Origin',(0.,2.5,0.));
#8407=CARTESIAN_POINT('',(-19.5,4.,2.38806125833734E-15));
#8408=CARTESIAN_POINT('Origin',(0.,4.,0.));
#8409=CARTESIAN_POINT('',(-19.5,2.5,2.38806125833734E-15));
#8410=CARTESIAN_POINT('',(-19.5,2.5,2.38806125833734E-15));
#8411=CARTESIAN_POINT('Origin',(0.,2.5,0.));
#8412=CARTESIAN_POINT('Origin',(-0.178602208832168,2.5,0.));
#8413=CARTESIAN_POINT('Origin',(-0.178602208832168,4.,0.));
#8414=CARTESIAN_POINT('Origin',(16.3066711705485,87.196458010003,-6.35157266632476));
#8415=CARTESIAN_POINT('',(18.1702907328968,89.2138511221856,-7.07746668533331));
#8416=CARTESIAN_POINT('Origin',(17.073667825167,85.1790648978204,-3.83925344251442));
#8417=CARTESIAN_POINT('',(19.4509519511946,85.1790648978204,-1.38219687176513));
#8418=CARTESIAN_POINT('Origin',(0.,85.1790648978204,0.));
#8419=CARTESIAN_POINT('',(17.4559825203029,85.1790648978204,-1.24043309004563));
#8420=CARTESIAN_POINT('Origin',(16.3066711705485,78.7810403387994,-6.35157266632476));
#8421=CARTESIAN_POINT('',(18.1702907328969,76.7725116293877,-7.0774666853333));
#8422=CARTESIAN_POINT('',(18.1702907328969,80.789569048211,-7.0774666853333));
#8423=CARTESIAN_POINT('',(16.3066711705485,76.7725116293877,-6.35157266632476));
#8424=CARTESIAN_POINT('Origin',(16.3066711705485,78.7810403387994,-6.35157266632476));
#8425=CARTESIAN_POINT('',(18.1702907328969,80.789569048211,-7.0774666853333));
#8426=CARTESIAN_POINT('Ctrl Pts',(16.4868265640453,72.5,-5.86809593029043));
#8427=CARTESIAN_POINT('Ctrl Pts',(17.1148961474375,72.5,-6.09164244192054));
#8428=CARTESIAN_POINT('Ctrl Pts',(17.7429657308297,72.5,-6.31518895355065));
#8429=CARTESIAN_POINT('Ctrl Pts',(18.3710353142219,72.5,-6.53873546518076));
#8430=CARTESIAN_POINT('Ctrl Pts',(16.4638040401874,72.3742882111325,-5.93277932374905));
#8431=CARTESIAN_POINT('Ctrl Pts',(17.0909965606057,72.3742882111325,-6.15878996188131));
#8432=CARTESIAN_POINT('Ctrl Pts',(17.7181891243619,72.3742882111325,-6.38480060833096));
#8433=CARTESIAN_POINT('Ctrl Pts',(18.3453816447802,72.3742882111325,-6.61081124646322));
#8434=CARTESIAN_POINT('Ctrl Pts',(16.4419311425362,72.2436612638239,-5.99303308090213));
#8435=CARTESIAN_POINT('Ctrl Pts',(17.0682904097476,72.2436612638239,-6.22133910013842));
#8436=CARTESIAN_POINT('Ctrl Pts',(17.6946497201862,72.2436612638239,-6.44964512805465));
#8437=CARTESIAN_POINT('Ctrl Pts',(18.3210089873975,72.2436612638239,-6.67795114729094));
#8438=CARTESIAN_POINT('Ctrl Pts',(16.421350479919,72.1081191580743,-6.04890472859883));
#8439=CARTESIAN_POINT('Ctrl Pts',(17.0469257362968,72.1081191580743,-6.27933919445021));
#8440=CARTESIAN_POINT('Ctrl Pts',(17.6725009926747,72.1081191580743,-6.50977366030159));
#8441=CARTESIAN_POINT('Ctrl Pts',(18.2980762490526,72.1081191580743,-6.74020812615298));
#8442=CARTESIAN_POINT('',(18.2980762490526,72.1081191580743,-6.74020812615298));
#8443=CARTESIAN_POINT('Ctrl Pts',(18.3710353142219,72.5,-6.53873546518076));
#8444=CARTESIAN_POINT('Ctrl Pts',(18.3453816447802,72.3742882111325,-6.61081124646322));
#8445=CARTESIAN_POINT('Ctrl Pts',(18.3210089873975,72.2436612638239,-6.67795114729094));
#8446=CARTESIAN_POINT('Ctrl Pts',(18.2980762490526,72.1081191580743,-6.74020812615298));
#8447=CARTESIAN_POINT('',(16.421350479919,72.1081191580743,-6.04890472859883));
#8448=CARTESIAN_POINT('Ctrl Pts',(17.1794319328653,70.7014159910577,-3.33423431450861));
#8449=CARTESIAN_POINT('Ctrl Pts',(17.8338864826888,70.7014159910577,-3.46125276458512));
#8450=CARTESIAN_POINT('Ctrl Pts',(18.4883410325122,70.7014159910577,-3.58827121466164));
#8451=CARTESIAN_POINT('Ctrl Pts',(19.1427955823357,70.7014159910577,-3.71528966473816));
#8452=CARTESIAN_POINT('Ctrl Pts',(17.2105590175822,70.7879239027764,-3.17385397446036));
#8453=CARTESIAN_POINT('Ctrl Pts',(17.86619925656,70.7879239027764,-3.29476272221564));
#8454=CARTESIAN_POINT('Ctrl Pts',(18.5218398091852,70.7879239027764,-3.41567139521484));
#8455=CARTESIAN_POINT('Ctrl Pts',(19.177480048163,70.7879239027764,-3.53658014297012));
#8456=CARTESIAN_POINT('Ctrl Pts',(17.2417290771314,70.8311778586358,-3.00130749497513));
#8457=CARTESIAN_POINT('Ctrl Pts',(17.8985567468766,70.8311778586358,-3.11564304589988));
#8458=CARTESIAN_POINT('Ctrl Pts',(18.5553847304868,70.8311778586358,-3.22997851490469));
#8459=CARTESIAN_POINT('Ctrl Pts',(19.2122124002321,70.8311778586358,-3.34431406582943));
#8460=CARTESIAN_POINT('Ctrl Pts',(17.2718678943437,70.8311778586358,-2.81648352388952));
#8461=CARTESIAN_POINT('Ctrl Pts',(17.9298438141282,70.8311778586358,-2.92377813432341));
#8462=CARTESIAN_POINT('Ctrl Pts',(18.5878197339127,70.8311778586358,-3.03107274475729));
#8463=CARTESIAN_POINT('Ctrl Pts',(19.2457956536972,70.8311778586358,-3.13836735519118));
#8464=CARTESIAN_POINT('',(19.2457956536972,70.8311778586358,-3.13836735519118));
#8465=CARTESIAN_POINT('Ctrl Pts',(19.1427955823357,70.7014159910577,-3.71528966473816));
#8466=CARTESIAN_POINT('Ctrl Pts',(19.177480048163,70.7879239027764,-3.53658014297012));
#8467=CARTESIAN_POINT('Ctrl Pts',(19.2122124002321,70.8311778586358,-3.34431406582943));
#8468=CARTESIAN_POINT('Ctrl Pts',(19.2457956536972,70.8311778586358,-3.13836735519118));
#8469=CARTESIAN_POINT('',(17.2718678943437,70.8311778586358,-2.81648352388952));
#8470=CARTESIAN_POINT('Ctrl Pts',(16.421350479919,72.1081191580743,-6.04890472859883));
#8471=CARTESIAN_POINT('Ctrl Pts',(17.0469257362968,72.1081191580743,-6.27933919445021));
#8472=CARTESIAN_POINT('Ctrl Pts',(17.6725009926747,72.1081191580743,-6.50977366030159));
#8473=CARTESIAN_POINT('Ctrl Pts',(18.2980762490526,72.1081191580743,-6.74020812615298));
#8474=CARTESIAN_POINT('Ctrl Pts',(16.3923200073044,71.9169274815834,-6.12771561863449));
#8475=CARTESIAN_POINT('Ctrl Pts',(17.0167892768748,71.9169274815834,-6.36115238726605));
#8476=CARTESIAN_POINT('Ctrl Pts',(17.6412587385687,71.9169274815834,-6.59458920641829));
#8477=CARTESIAN_POINT('Ctrl Pts',(18.2657280081392,71.9169274815834,-6.82802597504986));
#8478=CARTESIAN_POINT('Ctrl Pts',(16.3660831190636,71.7142210955587,-6.19721668935625));
#8479=CARTESIAN_POINT('Ctrl Pts',(16.9895528883425,71.7142210955587,-6.43330111719714));
#8480=CARTESIAN_POINT('Ctrl Pts',(17.6130228491063,71.7142210955587,-6.6693855974418));
#8481=CARTESIAN_POINT('Ctrl Pts',(18.2364926183852,71.7142210955587,-6.90547002528268));
#8482=CARTESIAN_POINT('Ctrl Pts',(16.342988880605,71.5,-6.25753261664866));
#8483=CARTESIAN_POINT('Ctrl Pts',(16.9655789331995,71.5,-6.49591481156861));
#8484=CARTESIAN_POINT('Ctrl Pts',(17.5881689857939,71.5,-6.73429700648856));
#8485=CARTESIAN_POINT('Ctrl Pts',(18.2107590383884,71.5,-6.97267920140851));
#8486=CARTESIAN_POINT('Ctrl Pts',(18.2980762490526,72.1081191580743,-6.74020812615298));
#8487=CARTESIAN_POINT('Ctrl Pts',(18.2657280081392,71.9169274815834,-6.82802597504986));
#8488=CARTESIAN_POINT('Ctrl Pts',(18.2364926183852,71.7142210955587,-6.90547002528268));
#8489=CARTESIAN_POINT('Ctrl Pts',(18.2107590383884,71.5,-6.97267920140851));
#8490=CARTESIAN_POINT('Ctrl Pts',(16.2413861147864,70.,-6.51669986039135));
#8491=CARTESIAN_POINT('Ctrl Pts',(16.8601055858258,70.,-6.76495509316817));
#8492=CARTESIAN_POINT('Ctrl Pts',(17.4788250568653,70.,-7.01321032594498));
#8493=CARTESIAN_POINT('Ctrl Pts',(18.0975445279048,70.,-7.26146555872179));
#8494=CARTESIAN_POINT('Ctrl Pts',(16.2306578029755,69.6834120770433,-6.54343772744249));
#8495=CARTESIAN_POINT('Ctrl Pts',(16.8489684468908,69.6834120770433,-6.79271149398536));
#8496=CARTESIAN_POINT('Ctrl Pts',(17.4672794794004,69.6834120770433,-7.04198541546447));
#8497=CARTESIAN_POINT('Ctrl Pts',(18.0855901233156,69.6834120770433,-7.29125918200735));
#8498=CARTESIAN_POINT('Ctrl Pts',(16.2251327127931,69.3500787437099,-6.55706251351164));
#8499=CARTESIAN_POINT('Ctrl Pts',(16.8432328771857,69.3500787437099,-6.80685531926649));
#8500=CARTESIAN_POINT('Ctrl Pts',(17.4613334298625,69.3500787437099,-7.05664828072954));
#8501=CARTESIAN_POINT('Ctrl Pts',(18.0794335942551,69.3500787437099,-7.3064410864844));
#8502=CARTESIAN_POINT('Ctrl Pts',(16.2249098098255,69.,-6.55761402211425));
#8503=CARTESIAN_POINT('Ctrl Pts',(16.8430016121045,69.,-6.80742788962336));
#8504=CARTESIAN_POINT('Ctrl Pts',(17.4610934143836,69.,-7.05724175713247));
#8505=CARTESIAN_POINT('Ctrl Pts',(18.0791852166627,69.,-7.30705562464159));
#8506=CARTESIAN_POINT('Ctrl Pts',(18.0975445279048,70.,-7.26146555872179));
#8507=CARTESIAN_POINT('Ctrl Pts',(18.0855901233156,69.6834120770433,-7.29125918200735));
#8508=CARTESIAN_POINT('Ctrl Pts',(18.0794335942551,69.3500787437099,-7.3064410864844));
#8509=CARTESIAN_POINT('Ctrl Pts',(18.0791852166627,69.,-7.30705562464159));
#8510=CARTESIAN_POINT('Ctrl Pts',(17.1748741397087,67.2663718741387,-3.35763283954119));
#8511=CARTESIAN_POINT('Ctrl Pts',(17.8291550593166,67.2663718741387,-3.4855426619999));
#8512=CARTESIAN_POINT('Ctrl Pts',(18.4834359789246,67.2663718741387,-3.61345248445861));
#8513=CARTESIAN_POINT('Ctrl Pts',(19.1377168985325,67.2663718741387,-3.74136230691732));
#8514=CARTESIAN_POINT('Ctrl Pts',(17.1572026445144,67.3388131765952,-3.44802560144445));
#8515=CARTESIAN_POINT('Ctrl Pts',(17.8108103183663,67.3388131765952,-3.57937895560283));
#8516=CARTESIAN_POINT('Ctrl Pts',(18.4644181300355,67.3388131765952,-3.71073231602257));
#8517=CARTESIAN_POINT('Ctrl Pts',(19.1180258038874,67.3388131765952,-3.84208567018096));
#8518=CARTESIAN_POINT('Ctrl Pts',(17.1403698788285,67.416689218549,-3.53036733303003));
#8519=CARTESIAN_POINT('Ctrl Pts',(17.7933363045414,67.416689218549,-3.66485751454609));
#8520=CARTESIAN_POINT('Ctrl Pts',(18.4463028678388,67.416689218549,-3.79934770386026));
#8521=CARTESIAN_POINT('Ctrl Pts',(19.0992692935517,67.416689218549,-3.93383788537632));
#8522=CARTESIAN_POINT('Ctrl Pts',(17.1247190451638,67.5,-3.60471879960208));
#8523=CARTESIAN_POINT('Ctrl Pts',(17.7770892945034,67.5,-3.74204142053931));
#8524=CARTESIAN_POINT('Ctrl Pts',(18.4294595438429,67.5,-3.87936404147653));
#8525=CARTESIAN_POINT('Ctrl Pts',(19.0818297931825,67.5,-4.01668666241375));
#8526=CARTESIAN_POINT('',(19.1377168985325,67.2663718741387,-3.74136230691732));
#8527=CARTESIAN_POINT('',(17.1748741397087,67.2663718741387,-3.35763283954119));
#8528=CARTESIAN_POINT('Ctrl Pts',(19.1377168985325,67.2663718741387,-3.74136230691732));
#8529=CARTESIAN_POINT('Ctrl Pts',(19.1180258038874,67.3388131765952,-3.84208567018096));
#8530=CARTESIAN_POINT('Ctrl Pts',(19.0992692935517,67.416689218549,-3.93383788537632));
#8531=CARTESIAN_POINT('Ctrl Pts',(19.0818297931825,67.5,-4.01668666241375));
#8532=CARTESIAN_POINT('Ctrl Pts',(16.5087069828575,65.,-5.80625470972046));
#8533=CARTESIAN_POINT('Ctrl Pts',(17.137610106014,65.,-6.02744536532886));
#8534=CARTESIAN_POINT('Ctrl Pts',(17.7665132291705,65.,-6.24863602093725));
#8535=CARTESIAN_POINT('Ctrl Pts',(18.395416352327,65.,-6.46982667654565));
#8536=CARTESIAN_POINT('Ctrl Pts',(16.5550503193376,64.7656967506502,-5.67448843338452));
#8537=CARTESIAN_POINT('Ctrl Pts',(17.1857186668085,64.7656967506502,-5.890659396732));
#8538=CARTESIAN_POINT('Ctrl Pts',(17.8163877226482,64.7656967506502,-6.10683043385242));
#8539=CARTESIAN_POINT('Ctrl Pts',(18.4470560701191,64.7656967506502,-6.3230013971999));
#8540=CARTESIAN_POINT('Ctrl Pts',(16.6058889269121,64.5604892928843,-5.52498580543043));
#8541=CARTESIAN_POINT('Ctrl Pts',(17.2384939820275,64.5604892928843,-5.73546143539575));
#8542=CARTESIAN_POINT('Ctrl Pts',(17.871099749158,64.5604892928843,-5.94593712465715));
#8543=CARTESIAN_POINT('Ctrl Pts',(18.5037048042734,64.5604892928843,-6.15641275462248));
#8544=CARTESIAN_POINT('Ctrl Pts',(16.6598024421033,64.3843776267022,-5.35732980038474));
#8545=CARTESIAN_POINT('Ctrl Pts',(17.2944615827548,64.3843776267022,-5.56141855468511));
#8546=CARTESIAN_POINT('Ctrl Pts',(17.9291207234064,64.3843776267022,-5.76550730898548));
#8547=CARTESIAN_POINT('Ctrl Pts',(18.5637798640579,64.3843776267022,-5.96959606328585));
#8548=CARTESIAN_POINT('',(18.5637798640579,64.3843776267022,-5.96959606328585));
#8549=CARTESIAN_POINT('Ctrl Pts',(18.395416352327,65.,-6.46982667654565));
#8550=CARTESIAN_POINT('Ctrl Pts',(18.4470560701191,64.7656967506502,-6.3230013971999));
#8551=CARTESIAN_POINT('Ctrl Pts',(18.5037048042734,64.5604892928843,-6.15641275462248));
#8552=CARTESIAN_POINT('Ctrl Pts',(18.5637798640579,64.3843776267022,-5.96959606328585));
#8553=CARTESIAN_POINT('',(16.6598024421033,64.3843776267022,-5.35732980038474));
#8554=CARTESIAN_POINT('Ctrl Pts',(16.2524573267203,67.5,-6.48903928506651));
#8555=CARTESIAN_POINT('Ctrl Pts',(16.8715985582144,67.5,-6.73624078164047));
#8556=CARTESIAN_POINT('Ctrl Pts',(17.4907397897085,67.5,-6.98344227821443));
#8557=CARTESIAN_POINT('Ctrl Pts',(18.1098810212026,67.5,-7.23064377478839));
#8558=CARTESIAN_POINT('Ctrl Pts',(16.2668847913639,67.1421330628498,-6.45290423592409));
#8559=CARTESIAN_POINT('Ctrl Pts',(16.886575485001,67.1421330628498,-6.69872910307919));
#8560=CARTESIAN_POINT('Ctrl Pts',(17.5062666453112,67.1421330628498,-6.94455413858888));
#8561=CARTESIAN_POINT('Ctrl Pts',(18.1259573389483,67.1421330628498,-7.19037900574398));
#8562=CARTESIAN_POINT('Ctrl Pts',(16.2869063446588,66.8087997295165,-6.40246280179555));
#8563=CARTESIAN_POINT('Ctrl Pts',(16.9073597637032,66.8087997295165,-6.6463660916415));
#8564=CARTESIAN_POINT('Ctrl Pts',(17.5278136507182,66.8087997295165,-6.89026954644051));
#8565=CARTESIAN_POINT('Ctrl Pts',(18.1482670697626,66.8087997295165,-7.13417283628647));
#8566=CARTESIAN_POINT('Ctrl Pts',(16.3121222557246,66.5,-6.33756006001486));
#8567=CARTESIAN_POINT('Ctrl Pts',(16.933536436895,66.5,-6.57899091944399));
#8568=CARTESIAN_POINT('Ctrl Pts',(17.5549506180655,66.5,-6.82042177887313));
#8569=CARTESIAN_POINT('Ctrl Pts',(18.1763647992359,66.5,-7.06185263830227));
#8570=CARTESIAN_POINT('Ctrl Pts',(18.1098810212026,67.5,-7.23064377478839));
#8571=CARTESIAN_POINT('Ctrl Pts',(18.1259573389483,67.1421330628498,-7.19037900574398));
#8572=CARTESIAN_POINT('Ctrl Pts',(18.1482670697626,66.8087997295165,-7.13417283628647));
#8573=CARTESIAN_POINT('Ctrl Pts',(18.1763647992359,66.5,-7.06185263830227));
#8574=CARTESIAN_POINT('Ctrl Pts',(16.6598024421033,64.3843776267022,-5.35732980038474));
#8575=CARTESIAN_POINT('Ctrl Pts',(17.2944615827548,64.3843776267022,-5.56141855468511));
#8576=CARTESIAN_POINT('Ctrl Pts',(17.9291207234064,64.3843776267022,-5.76550730898548));
#8577=CARTESIAN_POINT('Ctrl Pts',(18.5637798640579,64.3843776267022,-5.96959606328585));
#8578=CARTESIAN_POINT('Ctrl Pts',(16.7019902418795,64.2465692137175,-5.22613750199608));
#8579=CARTESIAN_POINT('Ctrl Pts',(17.3382565086727,64.2465692137175,-5.42522846123908));
#8580=CARTESIAN_POINT('Ctrl Pts',(17.9745228598724,64.2465692137175,-5.62431940012406));
#8581=CARTESIAN_POINT('Ctrl Pts',(18.6107891266657,64.2465692137175,-5.82341035936706));
#8582=CARTESIAN_POINT('Ctrl Pts',(16.7444814492728,64.1184433381501,-5.08869420982456));
#8583=CARTESIAN_POINT('Ctrl Pts',(17.3823664286761,64.1184433381501,-5.28254923462926));
#8584=CARTESIAN_POINT('Ctrl Pts',(18.0202514926436,64.1184433381501,-5.47640423757124));
#8585=CARTESIAN_POINT('Ctrl Pts',(18.6581364720469,64.1184433381501,-5.67025926237594));
#8586=CARTESIAN_POINT('Ctrl Pts',(16.7868360218498,64.,-4.94491014837756));
#8587=CARTESIAN_POINT('Ctrl Pts',(17.4263345369678,64.,-5.13328767783956));
#8588=CARTESIAN_POINT('Ctrl Pts',(18.0658330520859,64.,-5.32166520730156));
#8589=CARTESIAN_POINT('Ctrl Pts',(18.705331567204,64.,-5.51004273676357));
#8590=CARTESIAN_POINT('Ctrl Pts',(18.5637798640579,64.3843776267022,-5.96959606328585));
#8591=CARTESIAN_POINT('Ctrl Pts',(18.6107891266657,64.2465692137175,-5.82341035936706));
#8592=CARTESIAN_POINT('Ctrl Pts',(18.6581364720469,64.1184433381501,-5.67025926237594));
#8593=CARTESIAN_POINT('Ctrl Pts',(18.705331567204,64.,-5.51004273676357));
#8594=CARTESIAN_POINT('Ctrl Pts',(17.1794319328653,63.150368338141,-3.33423431450861));
#8595=CARTESIAN_POINT('Ctrl Pts',(17.8338864826888,63.150368338141,-3.46125276458513));
#8596=CARTESIAN_POINT('Ctrl Pts',(18.4883410325122,63.150368338141,-3.58827121466164));
#8597=CARTESIAN_POINT('Ctrl Pts',(19.1427955823357,63.150368338141,-3.71528966473816));
#8598=CARTESIAN_POINT('Ctrl Pts',(17.248587708547,63.0442911729651,-2.97791354367445));
#8599=CARTESIAN_POINT('Ctrl Pts',(17.9056763953748,63.0442911729651,-3.09135820205038));
#8600=CARTESIAN_POINT('Ctrl Pts',(18.5627661884102,63.0442911729651,-3.20480186171846));
#8601=CARTESIAN_POINT('Ctrl Pts',(19.2198548752381,63.0442911729651,-3.31824652009439));
#8602=CARTESIAN_POINT('Ctrl Pts',(17.3109359186737,62.9738186221795,-2.59759041720957));
#8603=CARTESIAN_POINT('Ctrl Pts',(17.9703997794115,62.9738186221795,-2.6965465940195));
#8604=CARTESIAN_POINT('Ctrl Pts',(18.6298647343557,62.9738186221795,-2.79550171665217));
#8605=CARTESIAN_POINT('Ctrl Pts',(19.2893285950935,62.9738186221795,-2.8944578934621));
#8606=CARTESIAN_POINT('Ctrl Pts',(17.3619987937215,62.9389506857842,-2.19339870675901));
#8607=CARTESIAN_POINT('Ctrl Pts',(18.0234082715776,62.9389506857842,-2.27695675273079));
#8608=CARTESIAN_POINT('Ctrl Pts',(18.6848177494336,62.9389506857842,-2.36051479870256));
#8609=CARTESIAN_POINT('Ctrl Pts',(19.3462272272897,62.9389506857842,-2.44407284467433));
#8610=CARTESIAN_POINT('',(19.3462272272897,62.9389506857842,-2.44407284467433));
#8611=CARTESIAN_POINT('Ctrl Pts',(19.1427955823357,63.150368338141,-3.71528966473816));
#8612=CARTESIAN_POINT('Ctrl Pts',(19.2198548752381,63.0442911729651,-3.31824652009439));
#8613=CARTESIAN_POINT('Ctrl Pts',(19.2893285950935,62.9738186221795,-2.8944578934621));
#8614=CARTESIAN_POINT('Ctrl Pts',(19.3462272272897,62.9389506857842,-2.44407284467433));
#8615=CARTESIAN_POINT('',(17.3619987937215,62.9389506857842,-2.19339870675901));
#8616=CARTESIAN_POINT('Origin',(0.,0.,0.));
#8617=CARTESIAN_POINT('',(18.9495859713119,69.0399056952447,-4.6003468908182));
#8618=CARTESIAN_POINT('Ctrl Pts',(18.9495859713119,69.0399056952447,-4.6003468908182));
#8619=CARTESIAN_POINT('Ctrl Pts',(18.9495859713119,69.4167392319957,-4.6003468908182));
#8620=CARTESIAN_POINT('Ctrl Pts',(18.9651674598686,69.7367706669142,-4.53752975156264));
#8621=CARTESIAN_POINT('Ctrl Pts',(18.9944489777196,70.,-4.41145191890473));
#8622=CARTESIAN_POINT('Ctrl Pts',(18.9496486232494,69.,-4.60008880951047));
#8623=CARTESIAN_POINT('Ctrl Pts',(18.9496068564627,69.0132483392664,-4.60026086400004));
#8624=CARTESIAN_POINT('Ctrl Pts',(18.9495859713119,69.0265502376813,-4.6003468908182));
#8625=CARTESIAN_POINT('Ctrl Pts',(18.9495859713119,69.0399056952447,-4.6003468908182));
#8626=CARTESIAN_POINT('',(19.3778542528339,66.7609149497002,-2.17916602303015));
#8627=CARTESIAN_POINT('Ctrl Pts',(19.3778542528339,66.7609149497002,-2.17916602303015));
#8628=CARTESIAN_POINT('Ctrl Pts',(19.3005577302721,66.8436811647068,-2.86651188498971));
#8629=CARTESIAN_POINT('Ctrl Pts',(19.2072308352851,67.0121668061862,-3.38578646770678));
#8630=CARTESIAN_POINT('Ctrl Pts',(19.1377168985325,67.2663718741387,-3.74136230691732));
#8631=CARTESIAN_POINT('Ctrl Pts',(19.3462272272897,62.9389506857842,-2.44407284467433));
#8632=CARTESIAN_POINT('Ctrl Pts',(19.3573734605886,64.2129387737562,-2.35584406597845));
#8633=CARTESIAN_POINT('Ctrl Pts',(19.367916131332,65.4869268617282,-2.26753903728187));
#8634=CARTESIAN_POINT('Ctrl Pts',(19.3778542528339,66.7609149497002,-2.17916602303015));
#8635=CARTESIAN_POINT('',(18.8372171765706,74.0412694495171,-5.04075877648517));
#8636=CARTESIAN_POINT('Ctrl Pts',(18.8372171765706,74.0412694495171,-5.04075877648517));
#8637=CARTESIAN_POINT('Ctrl Pts',(18.8312418889186,74.0276723168732,-5.06308830983206));
#8638=CARTESIAN_POINT('Ctrl Pts',(18.825269467818,74.0139158337008,-5.085248141316));
#8639=CARTESIAN_POINT('Ctrl Pts',(18.8193016347228,74.,-5.10723858668442));
#8640=CARTESIAN_POINT('',(19.3361605184866,74.7329455893487,-2.52247822653064));
#8641=CARTESIAN_POINT('Ctrl Pts',(19.3361605184866,74.7329455893487,-2.52247822653064));
#8642=CARTESIAN_POINT('Ctrl Pts',(19.2160097454093,74.7329455893487,-3.44349891571114));
#8643=CARTESIAN_POINT('Ctrl Pts',(19.0398561694493,74.5023868760715,-4.28350081462741));
#8644=CARTESIAN_POINT('Ctrl Pts',(18.8372171765706,74.0412694495171,-5.04075877648517));
#8645=CARTESIAN_POINT('',(19.4961922715457,74.2141896765679,-0.385339993928754));
#8646=CARTESIAN_POINT('Ctrl Pts',(19.4961922715457,74.2141896765679,-0.385339993928754));
#8647=CARTESIAN_POINT('Ctrl Pts',(19.4835653894768,74.5600269517551,-1.0241943160476));
#8648=CARTESIAN_POINT('Ctrl Pts',(19.4384164370782,74.7329455893487,-1.73863127988218));
#8649=CARTESIAN_POINT('Ctrl Pts',(19.3361605184866,74.7329455893487,-2.52247822653064));
#8650=CARTESIAN_POINT('',(19.4618284950544,72.5559360068291,1.21952106545473));
#8651=CARTESIAN_POINT('Ctrl Pts',(19.4618284950544,72.5559360068291,1.21952106545473));
#8652=CARTESIAN_POINT('Ctrl Pts',(19.4888128008853,73.3156011781345,0.788889773371656));
#8653=CARTESIAN_POINT('Ctrl Pts',(19.5088191536147,73.8683524013807,0.253514328190096));
#8654=CARTESIAN_POINT('Ctrl Pts',(19.4961922715457,74.2141896765679,-0.385339993928754));
#8655=CARTESIAN_POINT('',(19.3399730775072,68.7827426474541,2.49307869135666));
#8656=CARTESIAN_POINT('Ctrl Pts',(19.3399730775072,68.7827426474541,2.49307869135666));
#8657=CARTESIAN_POINT('Ctrl Pts',(19.3938740642868,70.5385397157321,2.07494362133972));
#8658=CARTESIAN_POINT('Ctrl Pts',(19.4348442999879,71.7962708355238,1.65015058989533));
#8659=CARTESIAN_POINT('Ctrl Pts',(19.4618284950544,72.5559360068291,1.21952106545473));
#8660=CARTESIAN_POINT('',(19.2645233941608,67.4348575156182,3.02128091971454));
#8661=CARTESIAN_POINT('Ctrl Pts',(19.2645233941608,67.4348575156182,3.02128091971454));
#8662=CARTESIAN_POINT('Ctrl Pts',(19.2941219392863,67.6240347108493,2.83255240351361));
#8663=CARTESIAN_POINT('Ctrl Pts',(19.3189180894602,68.0733297547946,2.65641204436646));
#8664=CARTESIAN_POINT('Ctrl Pts',(19.3399730775072,68.7827426474541,2.49307869135666));
#8665=CARTESIAN_POINT('',(19.1582741730206,67.1422225516289,3.63462937744289));
#8666=CARTESIAN_POINT('Ctrl Pts',(19.1582741730206,67.1422225516289,3.63462937744289));
#8667=CARTESIAN_POINT('Ctrl Pts',(19.2012484437138,67.1422225516289,3.40811030910681));
#8668=CARTESIAN_POINT('Ctrl Pts',(19.2359456588466,67.2397675396254,3.20350047001211));
#8669=CARTESIAN_POINT('Ctrl Pts',(19.2645233941608,67.4348575156182,3.02128091971454));
#8670=CARTESIAN_POINT('',(18.9918785627089,67.4969321768731,4.42250479471974));
#8671=CARTESIAN_POINT('Ctrl Pts',(18.9918785627089,67.4969321768731,4.42250479471974));
#8672=CARTESIAN_POINT('Ctrl Pts',(19.0419273613079,67.260459093377,4.20757666025248));
#8673=CARTESIAN_POINT('Ctrl Pts',(19.0993379737638,67.1422225516289,3.94528439803039));
#8674=CARTESIAN_POINT('Ctrl Pts',(19.1582741730206,67.1422225516289,3.63462937744289));
#8675=CARTESIAN_POINT('',(18.9140726891923,68.5521823447198,4.74424433476515));
#8676=CARTESIAN_POINT('Ctrl Pts',(18.9140726891923,68.5521823447198,4.74424433476515));
#8677=CARTESIAN_POINT('Ctrl Pts',(18.9140726891923,68.0851553163181,4.74424433476515));
#8678=CARTESIAN_POINT('Ctrl Pts',(18.9418297641099,67.7334052603692,4.637432929187));
#8679=CARTESIAN_POINT('Ctrl Pts',(18.9918785627089,67.4969321768731,4.42250479471974));
#8680=CARTESIAN_POINT('',(19.0173274758006,69.8867684882134,4.31175784085308));
#8681=CARTESIAN_POINT('Ctrl Pts',(19.0173274758006,69.8867684882134,4.31175784085308));
#8682=CARTESIAN_POINT('Ctrl Pts',(18.9517812099406,69.5645759782443,4.60085450367233));
#8683=CARTESIAN_POINT('Ctrl Pts',(18.9140726891923,69.1197139304131,4.74424433476515));
#8684=CARTESIAN_POINT('Ctrl Pts',(18.9140726891923,68.5521823447198,4.74424433476515));
#8685=CARTESIAN_POINT('',(19.2810645239281,70.5208045523614,2.91385497650848));
#8686=CARTESIAN_POINT('Ctrl Pts',(19.281064523928,70.5208045523614,2.91385497650848));
#8687=CARTESIAN_POINT('Ctrl Pts',(19.183614099394,70.4203063528985,3.55868731664648));
#8688=CARTESIAN_POINT('Ctrl Pts',(19.0828733500404,70.2089609981825,4.022662905304));
#8689=CARTESIAN_POINT('Ctrl Pts',(19.0173274758006,69.8867684882134,4.31175784085308));
#8690=CARTESIAN_POINT('',(19.2426055173573,74.3073016684502,3.15786841134516));
#8691=CARTESIAN_POINT('Ctrl Pts',(19.2426055173573,74.3073016684502,3.15786841134516));
#8692=CARTESIAN_POINT('Ctrl Pts',(19.2559402111007,73.0451359630873,3.07661288768959));
#8693=CARTESIAN_POINT('Ctrl Pts',(19.2687602228416,71.7829702577243,2.99527290055808));
#8694=CARTESIAN_POINT('Ctrl Pts',(19.2810645239281,70.5208045523614,2.91385497650848));
#8695=CARTESIAN_POINT('',(18.4405849257324,72.7510243933648,6.33993908463243));
#8696=CARTESIAN_POINT('Ctrl Pts',(18.4405849257324,72.7510243933648,6.33993908463243));
#8697=CARTESIAN_POINT('Ctrl Pts',(18.6643958922042,73.6230101467421,5.68895410205795));
#8698=CARTESIAN_POINT('Ctrl Pts',(18.9993800093804,74.1417692384372,4.63997339233253));
#8699=CARTESIAN_POINT('Ctrl Pts',(19.2426055173573,74.3073016684502,3.15786841134516));
#8700=CARTESIAN_POINT('',(18.0791778596829,68.9512282889336,7.30707382732319));
#8701=CARTESIAN_POINT('Ctrl Pts',(18.0791778596829,68.9512282889336,7.30707382732319));
#8702=CARTESIAN_POINT('Ctrl Pts',(18.0791778596829,70.6124399385105,7.30707382732319));
#8703=CARTESIAN_POINT('Ctrl Pts',(18.2167739592607,71.8790386399875,6.9909240672069));
#8704=CARTESIAN_POINT('Ctrl Pts',(18.4405849257324,72.7510243933648,6.33993908463243));
#8705=CARTESIAN_POINT('',(18.2843774150535,65.7544356863946,6.77728135345455));
#8706=CARTESIAN_POINT('Ctrl Pts',(18.2843774150535,65.7544356863946,6.77728135345455));
#8707=CARTESIAN_POINT('Ctrl Pts',(18.152732838142,66.5318328421563,7.13244428728593));
#8708=CARTESIAN_POINT('Ctrl Pts',(18.0791778596829,67.597430376336,7.30707382732319));
#8709=CARTESIAN_POINT('Ctrl Pts',(18.0791778596829,68.9512282889336,7.30707382732319));
#8710=CARTESIAN_POINT('',(18.7678332500332,64.0075046103448,5.29324428861447));
#8711=CARTESIAN_POINT('Ctrl Pts',(18.7678332500332,64.0075046103448,5.29324428861447));
#8712=CARTESIAN_POINT('Ctrl Pts',(18.588125024535,64.3947281719496,5.93042138188836));
#8713=CARTESIAN_POINT('Ctrl Pts',(18.416022299742,64.9770385306329,6.4221175892736));
#8714=CARTESIAN_POINT('Ctrl Pts',(18.2843774150535,65.7544356863946,6.77728135345455));
#8715=CARTESIAN_POINT('',(19.2296460855441,63.4266692679375,3.23584786798113));
#8716=CARTESIAN_POINT('Ctrl Pts',(19.2296460855441,63.4266692679375,3.23584786798113));
#8717=CARTESIAN_POINT('Ctrl Pts',(19.106123348442,63.4266692679375,3.96990540557291));
#8718=CARTESIAN_POINT('Ctrl Pts',(18.9475414755313,63.62028104874,4.65606719534058));
#8719=CARTESIAN_POINT('Ctrl Pts',(18.7678332500332,64.0075046103448,5.29324428861447));
#8720=CARTESIAN_POINT('',(19.4947028365367,64.5617324393243,0.454490170551121));
#8721=CARTESIAN_POINT('Ctrl Pts',(19.4947028365367,64.5617324393243,0.454490170551121));
#8722=CARTESIAN_POINT('Ctrl Pts',(19.4776605614338,63.8050236583998,1.18549407408217));
#8723=CARTESIAN_POINT('Ctrl Pts',(19.417662722023,63.4266692679375,2.11852297348919));
#8724=CARTESIAN_POINT('Ctrl Pts',(19.2296460855441,63.4266692679375,3.23584786798113));
#8725=CARTESIAN_POINT('',(19.4563952602786,68.330491213128,-1.30333551927624));
#8726=CARTESIAN_POINT('Ctrl Pts',(19.4563952602786,68.330491213128,-1.30333551927624));
#8727=CARTESIAN_POINT('Ctrl Pts',(19.4858945508115,66.5687813640883,-0.862965523970956));
#8728=CARTESIAN_POINT('Ctrl Pts',(19.5117451116396,65.312528439487,-0.276513732979925));
#8729=CARTESIAN_POINT('Ctrl Pts',(19.4947028365367,64.5617324393243,0.454490170551121));
#8730=CARTESIAN_POINT('',(19.3822315387888,70.3877908270806,-2.13988330915025));
#8731=CARTESIAN_POINT('Ctrl Pts',(19.3822315387888,70.3877908270806,-2.13988330915025));
#8732=CARTESIAN_POINT('Ctrl Pts',(19.4147613160737,70.0921994727105,-1.84524122631113));
#8733=CARTESIAN_POINT('Ctrl Pts',(19.4387837347085,69.4064329347263,-1.56624311103678));
#8734=CARTESIAN_POINT('Ctrl Pts',(19.4563952602786,68.330491213128,-1.30333551927624));
#8735=CARTESIAN_POINT('Ctrl Pts',(19.2457956536972,70.8311778586358,-3.13836735519118));
#8736=CARTESIAN_POINT('Ctrl Pts',(19.3062264922158,70.8311778586358,-2.76777990073445));
#8737=CARTESIAN_POINT('Ctrl Pts',(19.3497015671466,70.6833821814507,-2.43452715240235));
#8738=CARTESIAN_POINT('Ctrl Pts',(19.3822315387888,70.3877908270806,-2.13988330915025));
#8739=CARTESIAN_POINT('Ctrl Pts',(16.3066720358814,57.4774390738457,6.35157044471708));
#8740=CARTESIAN_POINT('Ctrl Pts',(16.9278785896293,57.4774390738457,6.59353503308725));
#8741=CARTESIAN_POINT('Ctrl Pts',(17.5490851433771,57.4774390738457,6.83549962145743));
#8742=CARTESIAN_POINT('Ctrl Pts',(18.170291697125,57.4774390738457,7.0774642098276));
#8743=CARTESIAN_POINT('Ctrl Pts',(17.4989213643529,58.7118367714103,3.29065520279371));
#8744=CARTESIAN_POINT('Ctrl Pts',(18.1657463632817,58.7118367714103,3.41604077824492));
#8745=CARTESIAN_POINT('Ctrl Pts',(18.8319730927787,58.7118367714103,3.54134450766178));
#8746=CARTESIAN_POINT('Ctrl Pts',(19.4987980917075,58.7118367714103,3.66673008311299));
#8747=CARTESIAN_POINT('Ctrl Pts',(17.805298977408,59.9462344689748,-0.109493856419784));
#8748=CARTESIAN_POINT('Ctrl Pts',(18.4837971691939,59.9462344689748,-0.113656244069291));
#8749=CARTESIAN_POINT('Ctrl Pts',(19.1616920973259,59.9462344689748,-0.117845052361109));
#8750=CARTESIAN_POINT('Ctrl Pts',(19.8401902891118,59.9462344689748,-0.122007440010616));
#8751=CARTESIAN_POINT('Ctrl Pts',(17.1794319328653,61.1806321665394,-3.33423431450862));
#8752=CARTESIAN_POINT('Ctrl Pts',(17.8338864826888,61.1806321665394,-3.46125276458514));
#8753=CARTESIAN_POINT('Ctrl Pts',(18.4883410325122,61.1806321665394,-3.58827121466166));
#8754=CARTESIAN_POINT('Ctrl Pts',(19.1427955823357,61.1806321665394,-3.71528966473818));
#8755=CARTESIAN_POINT('',(18.170291697125,57.4774390738457,7.0774642098276));
#8756=CARTESIAN_POINT('',(16.3066720358814,57.4774390738457,6.35157044471708));
#8757=CARTESIAN_POINT('Ctrl Pts',(18.170291697125,57.4774390738457,7.0774642098276));
#8758=CARTESIAN_POINT('Ctrl Pts',(19.4987980917075,58.7118367714103,3.66673008311299));
#8759=CARTESIAN_POINT('Ctrl Pts',(19.8401902891118,59.9462344689748,-0.122007440010616));
#8760=CARTESIAN_POINT('Ctrl Pts',(19.1427955823357,61.1806321665394,-3.71528966473818));
#8761=CARTESIAN_POINT('Ctrl Pts',(16.9973137478186,61.5,-4.16429169946316));
#8762=CARTESIAN_POINT('Ctrl Pts',(17.6448304620212,61.5,-4.32293138325223));
#8763=CARTESIAN_POINT('Ctrl Pts',(18.2923471762238,61.5,-4.4815710670413));
#8764=CARTESIAN_POINT('Ctrl Pts',(18.9398638904264,61.5,-4.64021075083037));
#8765=CARTESIAN_POINT('Ctrl Pts',(16.815245171356,61.7875166429828,-4.90743769909415));
#8766=CARTESIAN_POINT('Ctrl Pts',(17.4558265022189,61.7875166429828,-5.09438787788744));
#8767=CARTESIAN_POINT('Ctrl Pts',(18.096406145791,61.7875166429828,-5.28133754305447));
#8768=CARTESIAN_POINT('Ctrl Pts',(18.7369874766539,61.7875166429828,-5.46828772184777));
#8769=CARTESIAN_POINT('Ctrl Pts',(16.5843706875648,62.0750332859655,-5.63862251270143));
#8770=CARTESIAN_POINT('Ctrl Pts',(17.2161567963333,62.0750332859655,-5.85342736266535));
#8771=CARTESIAN_POINT('Ctrl Pts',(17.8479412288037,62.0750332859655,-6.0682316641891));
#8772=CARTESIAN_POINT('Ctrl Pts',(18.4797273375722,62.0750332859655,-6.28303651415302));
#8773=CARTESIAN_POINT('Ctrl Pts',(16.3066711705485,62.3625499289483,-6.35157266632476));
#8774=CARTESIAN_POINT('Ctrl Pts',(16.9278776913313,62.3625499289483,-6.5935373393276));
#8775=CARTESIAN_POINT('Ctrl Pts',(17.5490842121141,62.3625499289483,-6.83550201233045));
#8776=CARTESIAN_POINT('Ctrl Pts',(18.1702907328969,62.3625499289483,-7.0774666853333));
#8777=CARTESIAN_POINT('',(18.1702907328969,62.3625499289483,-7.0774666853333));
#8778=CARTESIAN_POINT('Ctrl Pts',(18.9398638904264,61.5,-4.64021075083037));
#8779=CARTESIAN_POINT('Ctrl Pts',(18.7369874766539,61.7875166429828,-5.46828772184777));
#8780=CARTESIAN_POINT('Ctrl Pts',(18.4797273375722,62.0750332859655,-6.28303651415302));
#8781=CARTESIAN_POINT('Ctrl Pts',(18.1702907328969,62.3625499289483,-7.0774666853333));
#8782=CARTESIAN_POINT('',(16.3066711705485,62.3625499289483,-6.35157266632476));
#8783=CARTESIAN_POINT('Origin',(16.3066711705485,60.2593213599175,-6.35157266632476));
#8784=CARTESIAN_POINT('',(18.1702907328969,62.3625499289483,-7.0774666853333));
#8785=CARTESIAN_POINT('Origin',(16.3066711705485,60.2593213599175,-6.35157266632476));
#8786=CARTESIAN_POINT('',(18.1702907328969,62.3625499289483,-7.0774666853333));
#8787=CARTESIAN_POINT('Origin',(16.9611441730459,55.2254659216851,-4.30924452092817));
#8788=CARTESIAN_POINT('',(18.8995606499655,57.5058394949883,-4.80172960903425));
#8789=CARTESIAN_POINT('Origin',(16.9611441730459,55.2254659216851,-4.30924452092817));
#8790=CARTESIAN_POINT('',(18.8995606499655,57.5058394949883,-4.80172960903425));
#8791=CARTESIAN_POINT('Ctrl Pts',(16.5275182940985,52.5,-5.7524898120935));
#8792=CARTESIAN_POINT('Ctrl Pts',(17.1571380386356,52.5,-5.97163228112563));
#8793=CARTESIAN_POINT('Ctrl Pts',(17.7867577831727,52.5,-6.19077475015776));
#8794=CARTESIAN_POINT('Ctrl Pts',(18.4163775277098,52.5,-6.40991721918989));
#8795=CARTESIAN_POINT('Ctrl Pts',(16.4575539119248,52.43715545473,-5.95350496276456));
#8796=CARTESIAN_POINT('Ctrl Pts',(17.0845083499723,52.43715545473,-6.18030515303076));
#8797=CARTESIAN_POINT('Ctrl Pts',(17.7114627780972,52.43715545473,-6.40710533967144));
#8798=CARTESIAN_POINT('Ctrl Pts',(18.3384172161447,52.43715545473,-6.63390552993765));
#8799=CARTESIAN_POINT('Ctrl Pts',(16.3839218692801,52.37431090946,-6.15324355822982));
#8800=CARTESIAN_POINT('Ctrl Pts',(17.0080712771247,52.37431090946,-6.38765283786611));
#8801=CARTESIAN_POINT('Ctrl Pts',(17.6322206750676,52.37431090946,-6.6220621138198));
#8802=CARTESIAN_POINT('Ctrl Pts',(18.2563700829121,52.37431090946,-6.85647139345609));
#8803=CARTESIAN_POINT('Ctrl Pts',(16.3066711705485,52.31146636419,-6.35157266632476));
#8804=CARTESIAN_POINT('Ctrl Pts',(16.9278776913313,52.31146636419,-6.5935373393276));
#8805=CARTESIAN_POINT('Ctrl Pts',(17.5490842121141,52.31146636419,-6.83550201233045));
#8806=CARTESIAN_POINT('Ctrl Pts',(18.1702907328969,52.31146636419,-7.0774666853333));
#8807=CARTESIAN_POINT('',(18.1702907328969,52.31146636419,-7.0774666853333));
#8808=CARTESIAN_POINT('Ctrl Pts',(18.4163775277098,52.5,-6.40991721918989));
#8809=CARTESIAN_POINT('Ctrl Pts',(18.3384172161447,52.43715545473,-6.63390552993765));
#8810=CARTESIAN_POINT('Ctrl Pts',(18.2563700829121,52.37431090946,-6.85647139345609));
#8811=CARTESIAN_POINT('Ctrl Pts',(18.1702907328969,52.31146636419,-7.0774666853333));
#8812=CARTESIAN_POINT('',(16.3066711705485,52.31146636419,-6.35157266632476));
#8813=CARTESIAN_POINT('Origin',(0.,0.,0.));
#8814=CARTESIAN_POINT('',(18.170291697125,53.0957013648003,7.07746420982761));
#8815=CARTESIAN_POINT('',(18.170291697125,53.0957013648003,7.0774642098276));
#8816=CARTESIAN_POINT('Ctrl Pts',(18.8876002828846,49.,-4.84856221512924));
#8817=CARTESIAN_POINT('Ctrl Pts',(19.8940143214418,50.3652337882668,-0.928070895034823));
#8818=CARTESIAN_POINT('Ctrl Pts',(19.6393579939193,51.7304675765336,3.3058643339707));
#8819=CARTESIAN_POINT('Ctrl Pts',(18.170291697125,53.0957013648003,7.07746420982761));
#8820=CARTESIAN_POINT('',(18.1702907328969,52.31146636419,-7.0774666853333));
#8821=CARTESIAN_POINT('',(18.1702907328969,52.31146636419,-7.0774666853333));
#8822=CARTESIAN_POINT('',(19.1888726346764,55.2373820822686,3.46946206351443));
#8823=CARTESIAN_POINT('',(19.424252999798,53.817585138604,-1.71708922302745));
#8824=CARTESIAN_POINT('Ctrl Pts',(19.1888726346764,55.2373820822686,3.46946206351443));
#8825=CARTESIAN_POINT('Ctrl Pts',(19.4977050914646,54.7641164343804,1.76137401693142));
#8826=CARTESIAN_POINT('Ctrl Pts',(19.5770988512771,54.2908507864922,0.0119510908262302));
#8827=CARTESIAN_POINT('Ctrl Pts',(19.424252999798,53.817585138604,-1.71708922302745));
#8828=CARTESIAN_POINT('',(19.424252999798,56.6725570242852,-1.71708922302745));
#8829=CARTESIAN_POINT('Ctrl Pts',(19.424252999798,56.6725570242852,-1.71708922302745));
#8830=CARTESIAN_POINT('Ctrl Pts',(19.5770988512771,56.1941653769463,0.0119510908262294));
#8831=CARTESIAN_POINT('Ctrl Pts',(19.4977050914646,55.7157737296075,1.76137401693142));
#8832=CARTESIAN_POINT('Ctrl Pts',(19.1888726346764,55.2373820822686,3.46946206351443));
#8833=CARTESIAN_POINT('',(19.424252999798,53.817585138604,-1.71708922302745));
#8834=CARTESIAN_POINT('Origin',(16.3066711705485,50.2606112044305,-6.35157266632476));
#8835=CARTESIAN_POINT('Origin',(16.3066711705485,42.8625542204827,-6.35157266632476));
#8836=CARTESIAN_POINT('',(18.1702907328969,44.8755151312798,-7.0774666853333));
#8837=CARTESIAN_POINT('Origin',(17.0938532580477,40.8495933096856,-3.74835707908589));
#8838=CARTESIAN_POINT('',(19.4645586920119,40.8495933096856,-1.17514038532668));
#8839=CARTESIAN_POINT('Origin',(0.,40.8495933096856,0.));
#8840=CARTESIAN_POINT('',(17.4681936979594,40.8495933096856,-1.05461316631882));
#8841=CARTESIAN_POINT('Origin',(0.,0.,0.));
#8842=CARTESIAN_POINT('',(-19.5,1.5,2.38806125833734E-15));
#8843=CARTESIAN_POINT('Origin',(0.,1.5,0.));
#8844=CARTESIAN_POINT('',(-19.5,0.,2.38806125833734E-15));
#8845=CARTESIAN_POINT('',(-19.5,0.,2.38806125833734E-15));
#8846=CARTESIAN_POINT('Origin',(0.,0.,0.));
#8847=CARTESIAN_POINT('Origin',(-0.178602208832168,1.5,0.));
#8848=CARTESIAN_POINT('Ctrl Pts',(17.220783133684,55.2373820822686,3.11361980058987));
#8849=CARTESIAN_POINT('Ctrl Pts',(17.8768129673481,55.2373820822686,3.23223388823139));
#8850=CARTESIAN_POINT('Ctrl Pts',(18.5328428010123,55.2373820822686,3.35084797587291));
#8851=CARTESIAN_POINT('Ctrl Pts',(19.1888726346764,55.2373820822686,3.46946206351443));
#8852=CARTESIAN_POINT('Ctrl Pts',(17.497940466699,54.7641164343804,1.58072027160512));
#8853=CARTESIAN_POINT('Ctrl Pts',(18.1645387461405,54.7641164343804,1.64093885668567));
#8854=CARTESIAN_POINT('Ctrl Pts',(18.8311068120231,54.7641164343804,1.70115543185087));
#8855=CARTESIAN_POINT('Ctrl Pts',(19.4977050914646,54.7641164343804,1.76137401693142));
#8856=CARTESIAN_POINT('Ctrl Pts',(17.5691912767871,54.2908507864922,0.010725337920976));
#8857=CARTESIAN_POINT('Ctrl Pts',(18.2385038920889,54.2908507864922,0.0111341672440027));
#8858=CARTESIAN_POINT('Ctrl Pts',(18.9077862359753,54.2908507864922,0.0115422615032034));
#8859=CARTESIAN_POINT('Ctrl Pts',(19.5770988512771,54.2908507864922,0.0119510908262302));
#8860=CARTESIAN_POINT('Ctrl Pts',(17.4320219228957,53.817585138604,-1.54097750784515));
#8861=CARTESIAN_POINT('Ctrl Pts',(18.0960989485298,53.817585138604,-1.59968141290591));
#8862=CARTESIAN_POINT('Ctrl Pts',(18.7601759741639,53.817585138604,-1.65838531796668));
#8863=CARTESIAN_POINT('Ctrl Pts',(19.424252999798,53.817585138604,-1.71708922302745));
#8864=CARTESIAN_POINT('',(17.220783133684,55.2373820822686,3.11361980058987));
#8865=CARTESIAN_POINT('',(17.4320219228957,53.817585138604,-1.54097750784515));
#8866=CARTESIAN_POINT('Ctrl Pts',(17.220783133684,55.2373820822686,3.11361980058987));
#8867=CARTESIAN_POINT('Ctrl Pts',(17.497940466699,54.7641164343804,1.58072027160512));
#8868=CARTESIAN_POINT('Ctrl Pts',(17.5691912767871,54.2908507864922,0.010725337920976));
#8869=CARTESIAN_POINT('Ctrl Pts',(17.4320219228957,53.817585138604,-1.54097750784515));
#8870=CARTESIAN_POINT('',(17.220783133684,55.2373820822686,3.11361980058987));
#8871=CARTESIAN_POINT('',(17.4320219228957,53.817585138604,-1.54097750784515));
#8872=CARTESIAN_POINT('Ctrl Pts',(17.4320219228957,56.6725570242852,-1.54097750784515));
#8873=CARTESIAN_POINT('Ctrl Pts',(18.0960989485298,56.6725570242852,-1.59968141290591));
#8874=CARTESIAN_POINT('Ctrl Pts',(18.7601759741639,56.6725570242852,-1.65838531796668));
#8875=CARTESIAN_POINT('Ctrl Pts',(19.424252999798,56.6725570242852,-1.71708922302745));
#8876=CARTESIAN_POINT('Ctrl Pts',(17.5691912767871,56.1941653769463,0.0107253379209751));
#8877=CARTESIAN_POINT('Ctrl Pts',(18.2385038920889,56.1941653769463,0.0111341672440019));
#8878=CARTESIAN_POINT('Ctrl Pts',(18.9077862359753,56.1941653769463,0.0115422615032026));
#8879=CARTESIAN_POINT('Ctrl Pts',(19.5770988512771,56.1941653769463,0.0119510908262294));
#8880=CARTESIAN_POINT('Ctrl Pts',(17.497940466699,55.7157737296075,1.58072027160512));
#8881=CARTESIAN_POINT('Ctrl Pts',(18.1645387461405,55.7157737296075,1.64093885668567));
#8882=CARTESIAN_POINT('Ctrl Pts',(18.8311068120231,55.7157737296075,1.70115543185087));
#8883=CARTESIAN_POINT('Ctrl Pts',(19.4977050914646,55.7157737296075,1.76137401693142));
#8884=CARTESIAN_POINT('Ctrl Pts',(17.220783133684,55.2373820822686,3.11361980058987));
#8885=CARTESIAN_POINT('Ctrl Pts',(17.8768129673481,55.2373820822686,3.23223388823139));
#8886=CARTESIAN_POINT('Ctrl Pts',(18.5328428010123,55.2373820822686,3.35084797587291));
#8887=CARTESIAN_POINT('Ctrl Pts',(19.1888726346764,55.2373820822686,3.46946206351443));
#8888=CARTESIAN_POINT('',(17.4320219228957,56.6725570242852,-1.54097750784515));
#8889=CARTESIAN_POINT('Ctrl Pts',(17.4320219228957,56.6725570242852,-1.54097750784515));
#8890=CARTESIAN_POINT('Ctrl Pts',(17.5691912767871,56.1941653769463,0.0107253379209751));
#8891=CARTESIAN_POINT('Ctrl Pts',(17.497940466699,55.7157737296075,1.58072027160512));
#8892=CARTESIAN_POINT('Ctrl Pts',(17.220783133684,55.2373820822686,3.11361980058987));
#8893=CARTESIAN_POINT('',(17.4320219228957,56.6725570242852,-1.54097750784515));
#8894=CARTESIAN_POINT('Origin',(17.4320219228957,55.2450710814446,-1.54097750784515));
#8895=CARTESIAN_POINT('',(17.4320219228957,0.,-1.54097750784514));
#8896=CARTESIAN_POINT('Origin',(16.3066720358814,55.286570219323,6.35157044471708));
#8897=CARTESIAN_POINT('',(16.3066720358814,53.0957013648003,6.35157044471708));
#8898=CARTESIAN_POINT('Ctrl Pts',(16.950410510281,49.,-4.35127378280829));
#8899=CARTESIAN_POINT('Ctrl Pts',(17.5961404344822,49.,-4.51703659358194));
#8900=CARTESIAN_POINT('Ctrl Pts',(18.2418703586834,49.,-4.68279940435559));
#8901=CARTESIAN_POINT('Ctrl Pts',(18.8876002828846,49.,-4.84856221512924));
#8902=CARTESIAN_POINT('Ctrl Pts',(17.8536025961657,50.3652337882668,-0.832884136569713));
#8903=CARTESIAN_POINT('Ctrl Pts',(18.5340404860222,50.3652337882668,-0.864610321924465));
#8904=CARTESIAN_POINT('Ctrl Pts',(19.2135764315853,50.3652337882668,-0.89634470968007));
#8905=CARTESIAN_POINT('Ctrl Pts',(19.8940143214418,50.3652337882668,-0.928070895034823));
#8906=CARTESIAN_POINT('Ctrl Pts',(17.6250648663378,51.7304675765336,2.96680132535832));
#8907=CARTESIAN_POINT('Ctrl Pts',(18.2967947172661,51.7304675765336,3.07985564929764));
#8908=CARTESIAN_POINT('Ctrl Pts',(18.967628142991,51.7304675765336,3.19281001003139));
#8909=CARTESIAN_POINT('Ctrl Pts',(19.6393579939193,51.7304675765336,3.3058643339707));
#8910=CARTESIAN_POINT('Ctrl Pts',(16.3066720358814,53.0957013648003,6.35157044471708));
#8911=CARTESIAN_POINT('Ctrl Pts',(16.9278785896293,53.0957013648003,6.59353503308726));
#8912=CARTESIAN_POINT('Ctrl Pts',(17.5490851433771,53.0957013648003,6.83549962145743));
#8913=CARTESIAN_POINT('Ctrl Pts',(18.170291697125,53.0957013648003,7.07746420982761));
#8914=CARTESIAN_POINT('Origin',(16.3066711705485,50.2606112044305,-6.35157266632476));
#8915=CARTESIAN_POINT('Ctrl Pts',(16.9051949020506,74.0412694495171,-4.52375787633284));
#8916=CARTESIAN_POINT('Ctrl Pts',(17.5492023268906,74.0412694495171,-4.69609150971695));
#8917=CARTESIAN_POINT('Ctrl Pts',(18.1932097517306,74.0412694495171,-4.86842514310106));
#8918=CARTESIAN_POINT('Ctrl Pts',(18.8372171765706,74.0412694495171,-5.04075877648517));
#8919=CARTESIAN_POINT('Ctrl Pts',(16.8998324644142,74.0276723168732,-4.54379720113133));
#8920=CARTESIAN_POINT('Ctrl Pts',(17.5436356058992,74.0276723168732,-4.7168942373683));
#8921=CARTESIAN_POINT('Ctrl Pts',(18.1874387474336,74.0276723168732,-4.88999127359509));
#8922=CARTESIAN_POINT('Ctrl Pts',(18.8312418889186,74.0276723168732,-5.06308830983206));
#8923=CARTESIAN_POINT('Ctrl Pts',(16.8944725993239,74.0139158337008,-4.56368422938616));
#8924=CARTESIAN_POINT('Ctrl Pts',(17.5380715554722,74.0139158337008,-4.73753886669945));
#8925=CARTESIAN_POINT('Ctrl Pts',(18.1816705116697,74.0139158337008,-4.9113935040027));
#8926=CARTESIAN_POINT('Ctrl Pts',(18.825269467818,74.0139158337008,-5.085248141316));
#8927=CARTESIAN_POINT('Ctrl Pts',(16.8891168516743,74.,-4.58341924446038));
#8928=CARTESIAN_POINT('Ctrl Pts',(17.5325117793572,74.,-4.75802569186839));
#8929=CARTESIAN_POINT('Ctrl Pts',(18.17590670704,74.,-4.9326321392764));
#8930=CARTESIAN_POINT('Ctrl Pts',(18.8193016347228,74.,-5.10723858668442));
#8931=CARTESIAN_POINT('',(16.9051949020506,74.0412694495171,-4.52375787633284));
#8932=CARTESIAN_POINT('Ctrl Pts',(17.3529645678726,74.7329455893487,-2.26376251098904));
#8933=CARTESIAN_POINT('Ctrl Pts',(18.0140298847439,74.7329455893487,-2.35000108283624));
#8934=CARTESIAN_POINT('Ctrl Pts',(18.6750952016152,74.7329455893487,-2.43623965468344));
#8935=CARTESIAN_POINT('Ctrl Pts',(19.3361605184866,74.7329455893487,-2.52247822653064));
#8936=CARTESIAN_POINT('Ctrl Pts',(17.2451369510084,74.7329455893487,-3.09031953974077));
#8937=CARTESIAN_POINT('Ctrl Pts',(17.9020913841611,74.7329455893487,-3.20805022067966));
#8938=CARTESIAN_POINT('Ctrl Pts',(18.5590553122565,74.7329455893487,-3.32576823477225));
#8939=CARTESIAN_POINT('Ctrl Pts',(19.2160097454093,74.7329455893487,-3.44349891571114));
#8940=CARTESIAN_POINT('Ctrl Pts',(17.0870504084802,74.5023868760715,-3.84416739774255));
#8941=CARTESIAN_POINT('Ctrl Pts',(17.7379823980197,74.5023868760715,-3.99061577141907));
#8942=CARTESIAN_POINT('Ctrl Pts',(18.3889241799098,74.5023868760715,-4.13705244095089));
#8943=CARTESIAN_POINT('Ctrl Pts',(19.0398561694493,74.5023868760715,-4.28350081462741));
#8944=CARTESIAN_POINT('Ctrl Pts',(16.9051949020506,74.0412694495171,-4.52375787633284));
#8945=CARTESIAN_POINT('Ctrl Pts',(17.5492023268906,74.0412694495171,-4.69609150971695));
#8946=CARTESIAN_POINT('Ctrl Pts',(18.1932097517306,74.0412694495171,-4.86842514310106));
#8947=CARTESIAN_POINT('Ctrl Pts',(18.8372171765706,74.0412694495171,-5.04075877648517));
#8948=CARTESIAN_POINT('',(17.3529645678726,74.7329455893487,-2.26376251098904));
#8949=CARTESIAN_POINT('Ctrl Pts',(17.4965828077974,74.2141896765679,-0.345817943269394));
#8950=CARTESIAN_POINT('Ctrl Pts',(18.1631192957135,74.2141896765679,-0.358991960155847));
#8951=CARTESIAN_POINT('Ctrl Pts',(18.8296557836296,74.2141896765679,-0.3721659770423));
#8952=CARTESIAN_POINT('Ctrl Pts',(19.4961922715457,74.2141896765679,-0.385339993928754));
#8953=CARTESIAN_POINT('Ctrl Pts',(17.4852509905561,74.5600269517551,-0.919148745170926));
#8954=CARTESIAN_POINT('Ctrl Pts',(18.1513530428976,74.5600269517551,-0.954160502720151));
#8955=CARTESIAN_POINT('Ctrl Pts',(18.8174633371352,74.5600269517551,-0.989182558498378));
#8956=CARTESIAN_POINT('Ctrl Pts',(19.4835653894768,74.5600269517551,-1.0241943160476));
#8957=CARTESIAN_POINT('Ctrl Pts',(17.444732699942,74.7329455893487,-1.56031012297119));
#8958=CARTESIAN_POINT('Ctrl Pts',(18.1092913156362,74.7329455893487,-1.61974680797688));
#8959=CARTESIAN_POINT('Ctrl Pts',(18.773857821384,74.7329455893487,-1.67919459487649));
#8960=CARTESIAN_POINT('Ctrl Pts',(19.4384164370782,74.7329455893487,-1.73863127988218));
#8961=CARTESIAN_POINT('Ctrl Pts',(17.3529645678726,74.7329455893487,-2.26376251098904));
#8962=CARTESIAN_POINT('Ctrl Pts',(18.0140298847439,74.7329455893487,-2.35000108283624));
#8963=CARTESIAN_POINT('Ctrl Pts',(18.6750952016152,74.7329455893487,-2.43623965468344));
#8964=CARTESIAN_POINT('Ctrl Pts',(19.3361605184866,74.7329455893487,-2.52247822653064));
#8965=CARTESIAN_POINT('',(17.4965828077974,74.2141896765679,-0.345817943269394));
#8966=CARTESIAN_POINT('Ctrl Pts',(17.4657435212027,72.5559360068291,1.09444198181835));
#8967=CARTESIAN_POINT('Ctrl Pts',(18.1311051791533,72.5559360068291,1.13613500969714));
#8968=CARTESIAN_POINT('Ctrl Pts',(18.7964668371038,72.5559360068291,1.17782803757594));
#8969=CARTESIAN_POINT('Ctrl Pts',(19.4618284950544,72.5559360068291,1.21952106545473));
#8970=CARTESIAN_POINT('Ctrl Pts',(17.4899602059227,73.3156011781345,0.707978001743794));
#8971=CARTESIAN_POINT('Ctrl Pts',(18.1562383445107,73.3156011781345,0.734950839086153));
#8972=CARTESIAN_POINT('Ctrl Pts',(18.8225346622973,73.3156011781345,0.761916936029297));
#8973=CARTESIAN_POINT('Ctrl Pts',(19.4888128008853,73.3156011781345,0.788889773371656));
#8974=CARTESIAN_POINT('Ctrl Pts',(17.5079146250388,73.8683524013807,0.227512858632137));
#8975=CARTESIAN_POINT('Ctrl Pts',(18.1748767885592,73.8683524013807,0.236182656500743));
#8976=CARTESIAN_POINT('Ctrl Pts',(18.8418569900943,73.8683524013807,0.24484453032149));
#8977=CARTESIAN_POINT('Ctrl Pts',(19.5088191536147,73.8683524013807,0.253514328190096));
#8978=CARTESIAN_POINT('Ctrl Pts',(17.4965828077974,74.2141896765679,-0.345817943269394));
#8979=CARTESIAN_POINT('Ctrl Pts',(18.1631192957135,74.2141896765679,-0.358991960155847));
#8980=CARTESIAN_POINT('Ctrl Pts',(18.8296557836296,74.2141896765679,-0.3721659770423));
#8981=CARTESIAN_POINT('Ctrl Pts',(19.4961922715457,74.2141896765679,-0.385339993928754));
#8982=CARTESIAN_POINT('',(17.4657435212027,72.5559360068291,1.09444198181835));
#8983=CARTESIAN_POINT('Ctrl Pts',(17.3563860951988,68.7827426474541,2.23737831275597));
#8984=CARTESIAN_POINT('Ctrl Pts',(18.0175817559682,68.7827426474541,2.32261177228953));
#8985=CARTESIAN_POINT('Ctrl Pts',(18.6787774167377,68.7827426474541,2.40784523182309));
#8986=CARTESIAN_POINT('Ctrl Pts',(19.3399730775072,68.7827426474541,2.49307869135666));
#8987=CARTESIAN_POINT('Ctrl Pts',(17.404758775642,70.5385397157321,1.8621288909459));
#8988=CARTESIAN_POINT('Ctrl Pts',(18.0677972200701,70.5385397157321,1.93306721403503));
#8989=CARTESIAN_POINT('Ctrl Pts',(18.7308356198587,70.5385397157321,2.0040052982506));
#8990=CARTESIAN_POINT('Ctrl Pts',(19.3938740642868,70.5385397157321,2.07494362133972));
#8991=CARTESIAN_POINT('Ctrl Pts',(17.4415269358866,71.7962708355238,1.48090437554709));
#8992=CARTESIAN_POINT('Ctrl Pts',(18.1059660734423,71.7962708355238,1.53731986041251));
#8993=CARTESIAN_POINT('Ctrl Pts',(18.7704051624322,71.7962708355238,1.59373510502991));
#8994=CARTESIAN_POINT('Ctrl Pts',(19.4348442999879,71.7962708355238,1.65015058989533));
#8995=CARTESIAN_POINT('Ctrl Pts',(17.4657435212027,72.5559360068291,1.09444198181835));
#8996=CARTESIAN_POINT('Ctrl Pts',(18.1311051791533,72.5559360068291,1.13613500969714));
#8997=CARTESIAN_POINT('Ctrl Pts',(18.7964668371038,72.5559360068291,1.17782803757594));
#8998=CARTESIAN_POINT('Ctrl Pts',(19.4618284950544,72.5559360068291,1.21952106545473));
#8999=CARTESIAN_POINT('',(17.3563860951988,68.7827426474541,2.23737831275597));
#9000=CARTESIAN_POINT('Ctrl Pts',(17.2886748409135,67.4348575156182,2.71140595358997));
#9001=CARTESIAN_POINT('Ctrl Pts',(17.9472910253293,67.4348575156182,2.81469760896483));
#9002=CARTESIAN_POINT('Ctrl Pts',(18.605907209745,67.4348575156182,2.91798926433968));
#9003=CARTESIAN_POINT('Ctrl Pts',(19.2645233941608,67.4348575156182,3.02128091971454));
#9004=CARTESIAN_POINT('Ctrl Pts',(17.3152376378211,67.6240347108493,2.54203420828145));
#9005=CARTESIAN_POINT('Ctrl Pts',(17.9748656478332,67.6240347108493,2.63887355616659));
#9006=CARTESIAN_POINT('Ctrl Pts',(18.6344939292742,67.6240347108493,2.73571305562847));
#9007=CARTESIAN_POINT('Ctrl Pts',(19.2941219392863,67.6240347108493,2.83255240351361));
#9008=CARTESIAN_POINT('Ctrl Pts',(17.3374905931053,68.0733297547946,2.38395952699554));
#9009=CARTESIAN_POINT('Ctrl Pts',(17.9979663341914,68.0733297547946,2.47477698431242));
#9010=CARTESIAN_POINT('Ctrl Pts',(18.6584423483741,68.0733297547946,2.56559458704959));
#9011=CARTESIAN_POINT('Ctrl Pts',(19.3189180894602,68.0733297547946,2.65641204436646));
#9012=CARTESIAN_POINT('Ctrl Pts',(17.3563860951988,68.7827426474541,2.23737831275597));
#9013=CARTESIAN_POINT('Ctrl Pts',(18.0175817559682,68.7827426474541,2.32261177228953));
#9014=CARTESIAN_POINT('Ctrl Pts',(18.6787774167377,68.7827426474541,2.40784523182309));
#9015=CARTESIAN_POINT('Ctrl Pts',(19.3399730775072,68.7827426474541,2.49307869135666));
#9016=CARTESIAN_POINT('',(17.2886748409135,67.4348575156182,2.71140595358997));
#9017=CARTESIAN_POINT('Ctrl Pts',(17.1933229757877,67.1422225516289,3.26184687719234));
#9018=CARTESIAN_POINT('Ctrl Pts',(17.8483067081987,67.1422225516289,3.38610771060919));
#9019=CARTESIAN_POINT('Ctrl Pts',(18.5032904406097,67.1422225516289,3.51036854402604));
#9020=CARTESIAN_POINT('Ctrl Pts',(19.1582741730206,67.1422225516289,3.63462937744289));
#9021=CARTESIAN_POINT('Ctrl Pts',(17.2318896289739,67.1422225516289,3.05856053381381));
#9022=CARTESIAN_POINT('Ctrl Pts',(17.8883422893758,67.1422225516289,3.1750769862302));
#9023=CARTESIAN_POINT('Ctrl Pts',(18.5447957833119,67.1422225516289,3.29159385669041));
#9024=CARTESIAN_POINT('Ctrl Pts',(19.2012484437138,67.1422225516289,3.40811030910681));
#9025=CARTESIAN_POINT('Ctrl Pts',(17.2630281553751,67.2397675396254,2.87493631924164));
#9026=CARTESIAN_POINT('Ctrl Pts',(17.9206670433548,67.2397675396254,2.98445757079571));
#9027=CARTESIAN_POINT('Ctrl Pts',(18.5783067708669,67.2397675396254,3.09397921845804));
#9028=CARTESIAN_POINT('Ctrl Pts',(19.2359456588466,67.2397675396254,3.20350047001211));
#9029=CARTESIAN_POINT('Ctrl Pts',(17.2886748409135,67.4348575156182,2.71140595358997));
#9030=CARTESIAN_POINT('Ctrl Pts',(17.9472910253293,67.4348575156182,2.81469760896483));
#9031=CARTESIAN_POINT('Ctrl Pts',(18.605907209745,67.4348575156182,2.91798926433968));
#9032=CARTESIAN_POINT('Ctrl Pts',(19.2645233941608,67.4348575156182,3.02128091971454));
#9033=CARTESIAN_POINT('',(17.1933229757877,67.1422225516289,3.26184687719234));
#9034=CARTESIAN_POINT('Ctrl Pts',(17.0439935819182,67.4969321768731,3.96891455936387));
#9035=CARTESIAN_POINT('Ctrl Pts',(17.6932885755151,67.4969321768731,4.12011130448249));
#9036=CARTESIAN_POINT('Ctrl Pts',(18.342583569112,67.4969321768731,4.27130804960111));
#9037=CARTESIAN_POINT('Ctrl Pts',(18.9918785627089,67.4969321768731,4.42250479471974));
#9038=CARTESIAN_POINT('Ctrl Pts',(17.0889091704045,67.260459093377,3.77603033612402));
#9039=CARTESIAN_POINT('Ctrl Pts',(17.7399139215341,67.260459093377,3.91987911685992));
#9040=CARTESIAN_POINT('Ctrl Pts',(18.3909226101783,67.260459093377,4.06372787951658));
#9041=CARTESIAN_POINT('Ctrl Pts',(19.0419273613079,67.260459093377,4.20757666025248));
#9042=CARTESIAN_POINT('Ctrl Pts',(17.1404315149163,67.1422225516289,3.54063984438625));
#9043=CARTESIAN_POINT('Ctrl Pts',(17.7933990165252,67.1422225516289,3.67552140996058));
#9044=CARTESIAN_POINT('Ctrl Pts',(18.4463704721548,67.1422225516289,3.81040283245605));
#9045=CARTESIAN_POINT('Ctrl Pts',(19.0993379737638,67.1422225516289,3.94528439803039));
#9046=CARTESIAN_POINT('Ctrl Pts',(17.1933229757877,67.1422225516289,3.26184687719234));
#9047=CARTESIAN_POINT('Ctrl Pts',(17.8483067081987,67.1422225516289,3.38610771060919));
#9048=CARTESIAN_POINT('Ctrl Pts',(18.5032904406097,67.1422225516289,3.51036854402604));
#9049=CARTESIAN_POINT('Ctrl Pts',(19.1582741730206,67.1422225516289,3.63462937744289));
#9050=CARTESIAN_POINT('',(17.0439935819182,67.4969321768731,3.96891455936387));
#9051=CARTESIAN_POINT('Ctrl Pts',(16.9741677979931,68.5521823447198,4.25765517222513));
#9052=CARTESIAN_POINT('Ctrl Pts',(17.6208027617261,68.5521823447198,4.41985155973847));
#9053=CARTESIAN_POINT('Ctrl Pts',(18.2674377254592,68.5521823447198,4.58204794725181));
#9054=CARTESIAN_POINT('Ctrl Pts',(18.9140726891923,68.5521823447198,4.74424433476515));
#9055=CARTESIAN_POINT('Ctrl Pts',(16.9741677979931,68.0851553163181,4.25765517222513));
#9056=CARTESIAN_POINT('Ctrl Pts',(17.6207960693543,68.0851553163181,4.41985000509803));
#9057=CARTESIAN_POINT('Ctrl Pts',(18.267444417831,68.0851553163181,4.58204950189224));
#9058=CARTESIAN_POINT('Ctrl Pts',(18.9140726891923,68.0851553163181,4.74424433476515));
#9059=CARTESIAN_POINT('Ctrl Pts',(16.9990779934319,67.7334052603692,4.16179878260371));
#9060=CARTESIAN_POINT('Ctrl Pts',(17.6466552034038,67.7334052603692,4.32034203303502));
#9061=CARTESIAN_POINT('Ctrl Pts',(18.294252554138,67.7334052603692,4.47888967875569));
#9062=CARTESIAN_POINT('Ctrl Pts',(18.9418297641099,67.7334052603692,4.637432929187));
#9063=CARTESIAN_POINT('Ctrl Pts',(17.0439935819182,67.4969321768731,3.96891455936387));
#9064=CARTESIAN_POINT('Ctrl Pts',(17.6932885755151,67.4969321768731,4.12011130448249));
#9065=CARTESIAN_POINT('Ctrl Pts',(18.342583569112,67.4969321768731,4.27130804960111));
#9066=CARTESIAN_POINT('Ctrl Pts',(18.9918785627089,67.4969321768731,4.42250479471974));
#9067=CARTESIAN_POINT('',(16.9741677979931,68.5521823447198,4.25765517222513));
#9068=CARTESIAN_POINT('Ctrl Pts',(17.0668323500775,69.8867684882134,3.86952626743225));
#9069=CARTESIAN_POINT('Ctrl Pts',(17.7169973919852,69.8867684882134,4.01693679190586));
#9070=CARTESIAN_POINT('Ctrl Pts',(18.3671624338929,69.8867684882134,4.16434731637947));
#9071=CARTESIAN_POINT('Ctrl Pts',(19.0173274758006,69.8867684882134,4.31175784085308));
#9072=CARTESIAN_POINT('Ctrl Pts',(17.0080087781519,69.5645759782443,4.12897199047516));
#9073=CARTESIAN_POINT('Ctrl Pts',(17.6559207787632,69.5645759782443,4.28626364612976));
#9074=CARTESIAN_POINT('Ctrl Pts',(18.3038692093293,69.5645759782443,4.44356284801773));
#9075=CARTESIAN_POINT('Ctrl Pts',(18.9517812099406,69.5645759782443,4.60085450367233));
#9076=CARTESIAN_POINT('Ctrl Pts',(16.9741677979931,69.1197139304131,4.25765517222513));
#9077=CARTESIAN_POINT('Ctrl Pts',(17.6207906688532,69.1197139304131,4.41984882705692));
#9078=CARTESIAN_POINT('Ctrl Pts',(18.2674498183321,69.1197139304131,4.58205067993335));
#9079=CARTESIAN_POINT('Ctrl Pts',(18.9140726891923,69.1197139304131,4.74424433476515));
#9080=CARTESIAN_POINT('Ctrl Pts',(16.9741677979931,68.5521823447198,4.25765517222513));
#9081=CARTESIAN_POINT('Ctrl Pts',(17.6208027617261,68.5521823447198,4.41985155973847));
#9082=CARTESIAN_POINT('Ctrl Pts',(18.2674377254592,68.5521823447198,4.58204794725181));
#9083=CARTESIAN_POINT('Ctrl Pts',(18.9140726891923,68.5521823447198,4.74424433476515));
#9084=CARTESIAN_POINT('',(17.0668323500775,69.8867684882134,3.86952626743225));
#9085=CARTESIAN_POINT('Ctrl Pts',(17.3035194445508,70.5208045523614,2.61499805584094));
#9086=CARTESIAN_POINT('Ctrl Pts',(17.9627011376766,70.5208045523614,2.71461702939679));
#9087=CARTESIAN_POINT('Ctrl Pts',(18.6218828308023,70.5208045523614,2.81423600295263));
#9088=CARTESIAN_POINT('Ctrl Pts',(19.281064523928,70.5208045523614,2.91385497650848));
#9089=CARTESIAN_POINT('Ctrl Pts',(17.2160639353536,70.4203063528985,3.19369374570838));
#9090=CARTESIAN_POINT('Ctrl Pts',(17.871895804165,70.4203063528985,3.31535885852779));
#9091=CARTESIAN_POINT('Ctrl Pts',(18.5277822305827,70.4203063528985,3.43702220382707));
#9092=CARTESIAN_POINT('Ctrl Pts',(19.183614099394,70.4203063528985,3.55868731664648));
#9093=CARTESIAN_POINT('Ctrl Pts',(17.1256555705491,70.2089609981825,3.61008209450359));
#9094=CARTESIAN_POINT('Ctrl Pts',(17.7780434377625,70.2089609981825,3.74760859927331));
#9095=CARTESIAN_POINT('Ctrl Pts',(18.4304854828269,70.2089609981825,3.88513640053429));
#9096=CARTESIAN_POINT('Ctrl Pts',(19.0828733500404,70.2089609981825,4.022662905304));
#9097=CARTESIAN_POINT('Ctrl Pts',(17.0668323500775,69.8867684882134,3.86952626743225));
#9098=CARTESIAN_POINT('Ctrl Pts',(17.7169973919852,69.8867684882134,4.01693679190586));
#9099=CARTESIAN_POINT('Ctrl Pts',(18.3671624338929,69.8867684882134,4.16434731637947));
#9100=CARTESIAN_POINT('Ctrl Pts',(19.0173274758006,69.8867684882134,4.31175784085308));
#9101=CARTESIAN_POINT('',(17.3035194445508,70.5208045523614,2.61499805584094));
#9102=CARTESIAN_POINT('Ctrl Pts',(17.2690049514745,74.3073016684502,2.83398447172002));
#9103=CARTESIAN_POINT('Ctrl Pts',(17.9268718067687,74.3073016684502,2.9419457849284));
#9104=CARTESIAN_POINT('Ctrl Pts',(18.584738662063,74.3073016684502,3.04990709813678));
#9105=CARTESIAN_POINT('Ctrl Pts',(19.2426055173573,74.3073016684502,3.15786841134516));
#9106=CARTESIAN_POINT('Ctrl Pts',(17.2809719843211,73.0451359630873,2.76106284792656));
#9107=CARTESIAN_POINT('Ctrl Pts',(17.9392947266315,73.0451359630873,2.86624619452225));
#9108=CARTESIAN_POINT('Ctrl Pts',(18.5976174687903,73.0451359630873,2.9714295410939));
#9109=CARTESIAN_POINT('Ctrl Pts',(19.2559402111007,73.0451359630873,3.07661288768959));
#9110=CARTESIAN_POINT('Ctrl Pts',(17.292477123063,71.7829702577243,2.68806542357776));
#9111=CARTESIAN_POINT('Ctrl Pts',(17.9512381563731,71.7829702577243,2.79046791591245));
#9112=CARTESIAN_POINT('Ctrl Pts',(18.6099991895315,71.7829702577243,2.89287040822339));
#9113=CARTESIAN_POINT('Ctrl Pts',(19.2687602228416,71.7829702577243,2.99527290055808));
#9114=CARTESIAN_POINT('Ctrl Pts',(17.3035194445508,70.5208045523614,2.61499805584094));
#9115=CARTESIAN_POINT('Ctrl Pts',(17.9627011376766,70.5208045523614,2.71461702939679));
#9116=CARTESIAN_POINT('Ctrl Pts',(18.6218828308023,70.5208045523614,2.81423600295263));
#9117=CARTESIAN_POINT('Ctrl Pts',(19.2810645239281,70.5208045523614,2.91385497650848));
#9118=CARTESIAN_POINT('',(17.2690049514745,74.3073016684502,2.83398447172002));
#9119=CARTESIAN_POINT('Ctrl Pts',(16.5492428820676,72.7510243933648,5.68968892210602));
#9120=CARTESIAN_POINT('Ctrl Pts',(17.1796902299559,72.7510243933648,5.90643897628149));
#9121=CARTESIAN_POINT('Ctrl Pts',(17.8101375778441,72.7510243933648,6.12318903045696));
#9122=CARTESIAN_POINT('Ctrl Pts',(18.4405849257324,72.7510243933648,6.33993908463243));
#9123=CARTESIAN_POINT('Ctrl Pts',(16.7500988776191,73.6230101467421,5.10547163005201));
#9124=CARTESIAN_POINT('Ctrl Pts',(17.3880993159894,73.6230101467421,5.29997777284433));
#9125=CARTESIAN_POINT('Ctrl Pts',(18.0263954538339,73.6230101467421,5.49444795926564));
#9126=CARTESIAN_POINT('Ctrl Pts',(18.6643958922042,73.6230101467421,5.68895410205795));
#9127=CARTESIAN_POINT('Ctrl Pts',(17.050725649444,74.1417692384372,4.16407868542663));
#9128=CARTESIAN_POINT('Ctrl Pts',(17.7001772876224,74.1417692384372,4.32273467841765));
#9129=CARTESIAN_POINT('Ctrl Pts',(18.349928371202,74.1417692384372,4.48131739934152));
#9130=CARTESIAN_POINT('Ctrl Pts',(18.9993800093804,74.1417692384372,4.63997339233253));
#9131=CARTESIAN_POINT('Ctrl Pts',(17.2690049514745,74.3073016684502,2.83398447172002));
#9132=CARTESIAN_POINT('Ctrl Pts',(17.9268718067687,74.3073016684502,2.9419457849284));
#9133=CARTESIAN_POINT('Ctrl Pts',(18.584738662063,74.3073016684502,3.04990709813678));
#9134=CARTESIAN_POINT('Ctrl Pts',(19.2426055173573,74.3073016684502,3.15786841134516));
#9135=CARTESIAN_POINT('',(16.5492428820676,72.7510243933648,5.68968892210602));
#9136=CARTESIAN_POINT('Ctrl Pts',(16.2249032074077,68.9512282889336,6.55763035785414));
#9137=CARTESIAN_POINT('Ctrl Pts',(16.8429947581661,68.9512282889336,6.80744484767716));
#9138=CARTESIAN_POINT('Ctrl Pts',(17.4610863089245,68.9512282889336,7.05725933750017));
#9139=CARTESIAN_POINT('Ctrl Pts',(18.0791778596829,68.9512282889336,7.30707382732319));
#9140=CARTESIAN_POINT('Ctrl Pts',(16.2249032074077,70.6124399385105,6.55763035785414));
#9141=CARTESIAN_POINT('Ctrl Pts',(16.8429314758446,70.6124399385105,6.80742320813489));
#9142=CARTESIAN_POINT('Ctrl Pts',(17.461149591246,70.6124399385105,7.05728097704245));
#9143=CARTESIAN_POINT('Ctrl Pts',(18.0791778596829,70.6124399385105,7.30707382732319));
#9144=CARTESIAN_POINT('Ctrl Pts',(16.348386886516,71.8790386399875,6.27390621416004));
#9145=CARTESIAN_POINT('Ctrl Pts',(16.9711183552488,71.8790386399875,6.51289315605626));
#9146=CARTESIAN_POINT('Ctrl Pts',(17.5940424905279,71.8790386399875,6.75193712531068));
#9147=CARTESIAN_POINT('Ctrl Pts',(18.2167739592607,71.8790386399875,6.9909240672069));
#9148=CARTESIAN_POINT('Ctrl Pts',(16.5492428820676,72.7510243933648,5.68968892210602));
#9149=CARTESIAN_POINT('Ctrl Pts',(17.1796902299559,72.7510243933648,5.90643897628149));
#9150=CARTESIAN_POINT('Ctrl Pts',(17.8101375778441,72.7510243933648,6.12318903045696));
#9151=CARTESIAN_POINT('Ctrl Pts',(18.4405849257324,72.7510243933648,6.33993908463243));
#9152=CARTESIAN_POINT('',(16.2249032074077,68.9512282889336,6.55763035785414));
#9153=CARTESIAN_POINT('Ctrl Pts',(16.4090566545352,65.7544356863946,6.08217557361306));
#9154=CARTESIAN_POINT('Ctrl Pts',(17.0341635747079,65.7544356863946,6.31387750022689));
#9155=CARTESIAN_POINT('Ctrl Pts',(17.6592704948807,65.7544356863946,6.54557942684072));
#9156=CARTESIAN_POINT('Ctrl Pts',(18.2843774150535,65.7544356863946,6.77728135345455));
#9157=CARTESIAN_POINT('Ctrl Pts',(16.2909140855121,66.5318328421563,6.40091153987199));
#9158=CARTESIAN_POINT('Ctrl Pts',(16.9115011843731,66.5318328421563,6.64474920614418));
#9159=CARTESIAN_POINT('Ctrl Pts',(17.532145739281,66.5318328421563,6.88860662101373));
#9160=CARTESIAN_POINT('Ctrl Pts',(18.152732838142,66.5318328421563,7.13244428728593));
#9161=CARTESIAN_POINT('Ctrl Pts',(16.2249032074077,67.597430376336,6.55763035785415));
#9162=CARTESIAN_POINT('Ctrl Pts',(16.8429757707612,67.597430376336,6.80743782956622));
#9163=CARTESIAN_POINT('Ctrl Pts',(17.4611052963294,67.597430376336,7.05726635561112));
#9164=CARTESIAN_POINT('Ctrl Pts',(18.0791778596829,67.597430376336,7.30707382732319));
#9165=CARTESIAN_POINT('Ctrl Pts',(16.2249032074077,68.9512282889336,6.55763035785414));
#9166=CARTESIAN_POINT('Ctrl Pts',(16.8429947581661,68.9512282889336,6.80744484767716));
#9167=CARTESIAN_POINT('Ctrl Pts',(17.4610863089245,68.9512282889336,7.05725933750017));
#9168=CARTESIAN_POINT('Ctrl Pts',(18.0791778596829,68.9512282889336,7.30707382732319));
#9169=CARTESIAN_POINT('',(16.4090566545352,65.7544356863946,6.08217557361306));
#9170=CARTESIAN_POINT('Ctrl Pts',(16.8429272756708,64.0075046103448,4.75034743850017));
#9171=CARTESIAN_POINT('Ctrl Pts',(17.4845626004582,64.0075046103448,4.93131305520493));
#9172=CARTESIAN_POINT('Ctrl Pts',(18.1261979252457,64.0075046103448,5.1122786719097));
#9173=CARTESIAN_POINT('Ctrl Pts',(18.7678332500332,64.0075046103448,5.29324428861447));
#9174=CARTESIAN_POINT('Ctrl Pts',(16.6816506630443,64.3947281719496,5.32217303502802));
#9175=CARTESIAN_POINT('Ctrl Pts',(17.3171303295604,64.3947281719496,5.52492250195058));
#9176=CARTESIAN_POINT('Ctrl Pts',(17.9526453580189,64.3947281719496,5.7276719149658));
#9177=CARTESIAN_POINT('Ctrl Pts',(18.588125024535,64.3947281719496,5.93042138188836));
#9178=CARTESIAN_POINT('Ctrl Pts',(16.5271994997685,64.9770385306329,5.76343886216861));
#9179=CARTESIAN_POINT('Ctrl Pts',(17.1567954678319,64.9770385306329,5.98299775553787));
#9180=CARTESIAN_POINT('Ctrl Pts',(17.7864263316786,64.9770385306329,6.20255869590435));
#9181=CARTESIAN_POINT('Ctrl Pts',(18.416022299742,64.9770385306329,6.4221175892736));
#9182=CARTESIAN_POINT('Ctrl Pts',(16.4090566545352,65.7544356863946,6.08217557361306));
#9183=CARTESIAN_POINT('Ctrl Pts',(17.0341635747079,65.7544356863946,6.31387750022689));
#9184=CARTESIAN_POINT('Ctrl Pts',(17.6592704948807,65.7544356863946,6.54557942684072));
#9185=CARTESIAN_POINT('Ctrl Pts',(18.2843774150535,65.7544356863946,6.77728135345455));
#9186=CARTESIAN_POINT('',(16.8429272756708,64.0075046103448,4.75034743850017));
#9187=CARTESIAN_POINT('Ctrl Pts',(17.257374692155,63.4266692679375,2.90396603536768));
#9188=CARTESIAN_POINT('Ctrl Pts',(17.9147984899514,63.4266692679375,3.0145933129055));
#9189=CARTESIAN_POINT('Ctrl Pts',(18.5722222877477,63.4266692679375,3.12522059044332));
#9190=CARTESIAN_POINT('Ctrl Pts',(19.2296460855441,63.4266692679375,3.23584786798113));
#9191=CARTESIAN_POINT('Ctrl Pts',(17.14652095373,63.4266692679375,3.56273562038594));
#9192=CARTESIAN_POINT('Ctrl Pts',(17.7997207134661,63.4266692679375,3.69846049901698));
#9193=CARTESIAN_POINT('Ctrl Pts',(18.4529235887058,63.4266692679375,3.83418052694187));
#9194=CARTESIAN_POINT('Ctrl Pts',(19.106123348442,63.4266692679375,3.96990540557291));
#9195=CARTESIAN_POINT('Ctrl Pts',(17.0042038882973,63.62028104874,4.17852184197231));
#9196=CARTESIAN_POINT('Ctrl Pts',(17.6519820133712,63.62028104874,4.3377051571951));
#9197=CARTESIAN_POINT('Ctrl Pts',(18.2997633504574,63.62028104874,4.49688388011779));
#9198=CARTESIAN_POINT('Ctrl Pts',(18.9475414755313,63.62028104874,4.65606719534058));
#9199=CARTESIAN_POINT('Ctrl Pts',(16.8429272756708,64.0075046103448,4.75034743850017));
#9200=CARTESIAN_POINT('Ctrl Pts',(17.4845626004582,64.0075046103448,4.93131305520493));
#9201=CARTESIAN_POINT('Ctrl Pts',(18.1261979252457,64.0075046103448,5.1122786719097));
#9202=CARTESIAN_POINT('Ctrl Pts',(18.7678332500332,64.0075046103448,5.29324428861447));
#9203=CARTESIAN_POINT('',(17.257374692155,63.4266692679375,2.90396603536768));
#9204=CARTESIAN_POINT('Ctrl Pts',(17.4952461353535,64.5617324393243,0.407875794084339));
#9205=CARTESIAN_POINT('Ctrl Pts',(18.1617317024145,64.5617324393243,0.423413919573266));
#9206=CARTESIAN_POINT('Ctrl Pts',(18.8282172694756,64.5617324393243,0.438952045062194));
#9207=CARTESIAN_POINT('Ctrl Pts',(19.4947028365367,64.5617324393243,0.454490170551121));
#9208=CARTESIAN_POINT('Ctrl Pts',(17.4799517859021,63.8050236583998,1.06390493827887));
#9209=CARTESIAN_POINT('Ctrl Pts',(18.1458339059232,63.8050236583998,1.10441878818761));
#9210=CARTESIAN_POINT('Ctrl Pts',(18.8117784414128,63.8050236583998,1.14498022417343));
#9211=CARTESIAN_POINT('Ctrl Pts',(19.4776605614338,63.8050236583998,1.18549407408217));
#9212=CARTESIAN_POINT('Ctrl Pts',(17.4261075710463,63.4266692679375,1.90123856595184));
#9213=CARTESIAN_POINT('Ctrl Pts',(18.0899392895999,63.4266692679375,1.97364834715692));
#9214=CARTESIAN_POINT('Ctrl Pts',(18.7538310034695,63.4266692679375,2.04611319228411));
#9215=CARTESIAN_POINT('Ctrl Pts',(19.417662722023,63.4266692679375,2.11852297348919));
#9216=CARTESIAN_POINT('Ctrl Pts',(17.257374692155,63.4266692679375,2.90396603536768));
#9217=CARTESIAN_POINT('Ctrl Pts',(17.9147984899514,63.4266692679375,3.0145933129055));
#9218=CARTESIAN_POINT('Ctrl Pts',(18.5722222877477,63.4266692679375,3.12522059044332));
#9219=CARTESIAN_POINT('Ctrl Pts',(19.2296460855441,63.4266692679375,3.23584786798113));
#9220=CARTESIAN_POINT('',(17.4952461353535,64.5617324393243,0.407875794084339));
#9221=CARTESIAN_POINT('Ctrl Pts',(17.4608675412757,68.330491213128,-1.16966008140175));
#9222=CARTESIAN_POINT('Ctrl Pts',(18.12604344761,68.330491213128,-1.21421856069325));
#9223=CARTESIAN_POINT('Ctrl Pts',(18.7912193539443,68.330491213128,-1.25877703998474));
#9224=CARTESIAN_POINT('Ctrl Pts',(19.4563952602786,68.330491213128,-1.30333551927624));
#9225=CARTESIAN_POINT('Ctrl Pts',(17.4873412635488,66.5687813640883,-0.774456239461114));
#9226=CARTESIAN_POINT('Ctrl Pts',(18.1535138410519,66.5687813640883,-0.803962960414693));
#9227=CARTESIAN_POINT('Ctrl Pts',(18.8197219733084,66.5687813640883,-0.833458803017376));
#9228=CARTESIAN_POINT('Ctrl Pts',(19.4858945508115,66.5687813640883,-0.862965523970956));
#9229=CARTESIAN_POINT('Ctrl Pts',(17.5105404848048,65.312528439487,-0.248153350110189));
#9230=CARTESIAN_POINT('Ctrl Pts',(18.1775969252515,65.312528439487,-0.257611280740387));
#9231=CARTESIAN_POINT('Ctrl Pts',(18.8446886711929,65.312528439487,-0.267055802349726));
#9232=CARTESIAN_POINT('Ctrl Pts',(19.5117451116396,65.312528439487,-0.276513732979925));
#9233=CARTESIAN_POINT('Ctrl Pts',(17.4952461353535,64.5617324393243,0.407875794084339));
#9234=CARTESIAN_POINT('Ctrl Pts',(18.1617317024145,64.5617324393243,0.423413919573266));
#9235=CARTESIAN_POINT('Ctrl Pts',(18.8282172694756,64.5617324393243,0.438952045062194));
#9236=CARTESIAN_POINT('Ctrl Pts',(19.4947028365367,64.5617324393243,0.454490170551121));
#9237=CARTESIAN_POINT('',(17.4608675412757,68.330491213128,-1.16966008140175));
#9238=CARTESIAN_POINT('Ctrl Pts',(17.3943103553233,70.3877908270806,-1.92040809795535));
#9239=CARTESIAN_POINT('Ctrl Pts',(18.0569507498118,70.3877908270806,-1.99356650168698));
#9240=CARTESIAN_POINT('Ctrl Pts',(18.7195911443003,70.3877908270806,-2.06672490541861));
#9241=CARTESIAN_POINT('Ctrl Pts',(19.3822315387888,70.3877908270806,-2.13988330915025));
#9242=CARTESIAN_POINT('Ctrl Pts',(17.4235037451943,70.0921994727105,-1.65598571592025));
#9243=CARTESIAN_POINT('Ctrl Pts',(18.0872561339529,70.0921994727105,-1.71907075904293));
#9244=CARTESIAN_POINT('Ctrl Pts',(18.7510089273152,70.0921994727105,-1.78215618318845));
#9245=CARTESIAN_POINT('Ctrl Pts',(19.4147613160737,70.0921994727105,-1.84524122631113));
#9246=CARTESIAN_POINT('Ctrl Pts',(17.4450623260205,69.4064329347263,-1.40560279195608));
#9247=CARTESIAN_POINT('Ctrl Pts',(18.1096359923297,69.4064329347263,-1.45914944299751));
#9248=CARTESIAN_POINT('Ctrl Pts',(18.7742100683993,69.4064329347263,-1.51269645999535));
#9249=CARTESIAN_POINT('Ctrl Pts',(19.4387837347085,69.4064329347263,-1.56624311103678));
#9250=CARTESIAN_POINT('Ctrl Pts',(17.4608675412757,68.330491213128,-1.16966008140175));
#9251=CARTESIAN_POINT('Ctrl Pts',(18.12604344761,68.330491213128,-1.21421856069325));
#9252=CARTESIAN_POINT('Ctrl Pts',(18.7912193539443,68.330491213128,-1.25877703998474));
#9253=CARTESIAN_POINT('Ctrl Pts',(19.4563952602786,68.330491213128,-1.30333551927624));
#9254=CARTESIAN_POINT('',(17.3943103553233,70.3877908270806,-1.92040809795535));
#9255=CARTESIAN_POINT('Ctrl Pts',(17.2718678943437,70.8311778586358,-2.81648352388952));
#9256=CARTESIAN_POINT('Ctrl Pts',(17.9298438141282,70.8311778586358,-2.92377813432341));
#9257=CARTESIAN_POINT('Ctrl Pts',(18.5878197339127,70.8311778586358,-3.03107274475729));
#9258=CARTESIAN_POINT('Ctrl Pts',(19.2457956536972,70.8311778586358,-3.13836735519118));
#9259=CARTESIAN_POINT('Ctrl Pts',(17.3261006981424,70.8311778586358,-2.48390503912066));
#9260=CARTESIAN_POINT('Ctrl Pts',(17.9861418275684,70.8311778586358,-2.57852947486812));
#9261=CARTESIAN_POINT('Ctrl Pts',(18.6461853627898,70.8311778586358,-2.67315546498699));
#9262=CARTESIAN_POINT('Ctrl Pts',(19.3062264922158,70.8311778586358,-2.76777990073445));
#9263=CARTESIAN_POINT('Ctrl Pts',(17.365116791029,70.6833821814507,-2.18483205984827));
#9264=CARTESIAN_POINT('Ctrl Pts',(18.0266442377486,70.6833821814507,-2.26806327403612));
#9265=CARTESIAN_POINT('Ctrl Pts',(18.6881741204271,70.6833821814507,-2.3512959382145));
#9266=CARTESIAN_POINT('Ctrl Pts',(19.3497015671466,70.6833821814507,-2.43452715240235));
#9267=CARTESIAN_POINT('Ctrl Pts',(17.3943103553233,70.3877908270806,-1.92040809795535));
#9268=CARTESIAN_POINT('Ctrl Pts',(18.0569507498118,70.3877908270806,-1.99356650168698));
#9269=CARTESIAN_POINT('Ctrl Pts',(18.7195911443003,70.3877908270806,-2.06672490541861));
#9270=CARTESIAN_POINT('Ctrl Pts',(19.3822315387888,70.3877908270806,-2.13988330915025));
#9271=CARTESIAN_POINT('Ctrl Pts',(17.006038692203,69.0399056952447,-4.12851644047787));
#9272=CARTESIAN_POINT('Ctrl Pts',(17.6538877852393,69.0399056952447,-4.28579325725798));
#9273=CARTESIAN_POINT('Ctrl Pts',(18.3017368782756,69.0399056952447,-4.44307007403809));
#9274=CARTESIAN_POINT('Ctrl Pts',(18.9495859713119,69.0399056952447,-4.6003468908182));
#9275=CARTESIAN_POINT('Ctrl Pts',(17.006038692203,69.4167392319957,-4.12851644047787));
#9276=CARTESIAN_POINT('Ctrl Pts',(17.6538854828552,69.4167392319957,-4.28579272329018));
#9277=CARTESIAN_POINT('Ctrl Pts',(18.3017391806596,69.4167392319957,-4.44307060800588));
#9278=CARTESIAN_POINT('Ctrl Pts',(18.9495859713119,69.4167392319957,-4.6003468908182));
#9279=CARTESIAN_POINT('Ctrl Pts',(17.0200220793693,69.7367706669142,-4.0721420847357));
#9280=CARTESIAN_POINT('Ctrl Pts',(17.6684015662436,69.7367706669142,-4.22727079112023));
#9281=CARTESIAN_POINT('Ctrl Pts',(18.3167879729943,69.7367706669142,-4.3824010451781));
#9282=CARTESIAN_POINT('Ctrl Pts',(18.9651674598686,69.7367706669142,-4.53752975156264));
#9283=CARTESIAN_POINT('Ctrl Pts',(17.0463003646201,70.,-3.95899531183758));
#9284=CARTESIAN_POINT('Ctrl Pts',(17.6956832356533,70.,-4.10981418085997));
#9285=CARTESIAN_POINT('Ctrl Pts',(18.3450661066864,70.,-4.26063304988235));
#9286=CARTESIAN_POINT('Ctrl Pts',(18.9944489777196,70.,-4.41145191890473));
#9287=CARTESIAN_POINT('',(17.006038692203,69.0399056952447,-4.12851644047787));
#9288=CARTESIAN_POINT('Ctrl Pts',(17.0060949183007,69.,-4.12828482904786));
#9289=CARTESIAN_POINT('Ctrl Pts',(17.6539461532836,69.,-4.28555282253539));
#9290=CARTESIAN_POINT('Ctrl Pts',(18.3017973882665,69.,-4.44282081602293));
#9291=CARTESIAN_POINT('Ctrl Pts',(18.9496486232494,69.,-4.60008880951047));
#9292=CARTESIAN_POINT('Ctrl Pts',(17.006057435287,69.0132483392664,-4.12843923692312));
#9293=CARTESIAN_POINT('Ctrl Pts',(17.6539072423413,69.0132483392664,-4.28571311261438));
#9294=CARTESIAN_POINT('Ctrl Pts',(18.3017570494084,69.0132483392664,-4.44298698830878));
#9295=CARTESIAN_POINT('Ctrl Pts',(18.9496068564627,69.0132483392664,-4.60026086400004));
#9296=CARTESIAN_POINT('Ctrl Pts',(17.006038692203,69.0265502376813,-4.12851644047787));
#9297=CARTESIAN_POINT('Ctrl Pts',(17.653887785235,69.0265502376813,-4.28579325725693));
#9298=CARTESIAN_POINT('Ctrl Pts',(18.3017368782799,69.0265502376813,-4.44307007403913));
#9299=CARTESIAN_POINT('Ctrl Pts',(18.9495859713119,69.0265502376813,-4.6003468908182));
#9300=CARTESIAN_POINT('Ctrl Pts',(17.006038692203,69.0399056952447,-4.12851644047787));
#9301=CARTESIAN_POINT('Ctrl Pts',(17.6538877852393,69.0399056952447,-4.28579325725798));
#9302=CARTESIAN_POINT('Ctrl Pts',(18.3017368782756,69.0399056952447,-4.44307007403809));
#9303=CARTESIAN_POINT('Ctrl Pts',(18.9495859713119,69.0399056952447,-4.6003468908182));
#9304=CARTESIAN_POINT('Ctrl Pts',(17.390382021774,66.7609149497002,-1.95566181553988));
#9305=CARTESIAN_POINT('Ctrl Pts',(18.0528727654606,66.7609149497002,-2.03016321803663));
#9306=CARTESIAN_POINT('Ctrl Pts',(18.7153635091472,66.7609149497002,-2.10466462053339));
#9307=CARTESIAN_POINT('Ctrl Pts',(19.3778542528339,66.7609149497002,-2.17916602303015));
#9308=CARTESIAN_POINT('Ctrl Pts',(17.3210133476801,66.8436811647068,-2.57251066601641));
#9309=CARTESIAN_POINT('Ctrl Pts',(17.9808458023861,66.8436811647068,-2.67051314553323));
#9310=CARTESIAN_POINT('Ctrl Pts',(18.640725275566,66.8436811647068,-2.7685094054729));
#9311=CARTESIAN_POINT('Ctrl Pts',(19.3005577302721,66.8436811647068,-2.86651188498971));
#9312=CARTESIAN_POINT('Ctrl Pts',(17.2372584419225,67.0121668061862,-3.03852631717275));
#9313=CARTESIAN_POINT('Ctrl Pts',(17.8939002999296,67.0121668061862,-3.15428079467874));
#9314=CARTESIAN_POINT('Ctrl Pts',(18.550588977278,67.0121668061862,-3.2700319902008));
#9315=CARTESIAN_POINT('Ctrl Pts',(19.2072308352851,67.0121668061862,-3.38578646770678));
#9316=CARTESIAN_POINT('Ctrl Pts',(17.1748741397087,67.2663718741387,-3.35763283954119));
#9317=CARTESIAN_POINT('Ctrl Pts',(17.8291550593166,67.2663718741387,-3.4855426619999));
#9318=CARTESIAN_POINT('Ctrl Pts',(18.4834359789246,67.2663718741387,-3.61345248445861));
#9319=CARTESIAN_POINT('Ctrl Pts',(19.1377168985325,67.2663718741387,-3.74136230691732));
#9320=CARTESIAN_POINT('',(17.390382021774,66.7609149497002,-1.95566181553988));
#9321=CARTESIAN_POINT('Ctrl Pts',(17.3619987937215,62.9389506857842,-2.19339870675901));
#9322=CARTESIAN_POINT('Ctrl Pts',(18.0234082715776,62.9389506857842,-2.27695675273079));
#9323=CARTESIAN_POINT('Ctrl Pts',(18.6848177494336,62.9389506857842,-2.36051479870256));
#9324=CARTESIAN_POINT('Ctrl Pts',(19.3462272272897,62.9389506857842,-2.44407284467433));
#9325=CARTESIAN_POINT('Ctrl Pts',(17.3720018236052,64.2129387737562,-2.1142190335704));
#9326=CARTESIAN_POINT('Ctrl Pts',(18.0337923693354,64.2129387737562,-2.19476071104808));
#9327=CARTESIAN_POINT('Ctrl Pts',(18.6955829148584,64.2129387737562,-2.27530238850077));
#9328=CARTESIAN_POINT('Ctrl Pts',(19.3573734605886,64.2129387737562,-2.35584406597845));
#9329=CARTESIAN_POINT('Ctrl Pts',(17.3814631947851,65.4869268617282,-2.03497093089399));
#9330=CARTESIAN_POINT('Ctrl Pts',(18.0436141737032,65.4869268617282,-2.11249363303146));
#9331=CARTESIAN_POINT('Ctrl Pts',(18.7057651524139,65.4869268617282,-2.1900163351444));
#9332=CARTESIAN_POINT('Ctrl Pts',(19.367916131332,65.4869268617282,-2.26753903728187));
#9333=CARTESIAN_POINT('Ctrl Pts',(17.390382021774,66.7609149497002,-1.95566181553988));
#9334=CARTESIAN_POINT('Ctrl Pts',(18.0528727654606,66.7609149497002,-2.03016321803663));
#9335=CARTESIAN_POINT('Ctrl Pts',(18.7153635091472,66.7609149497002,-2.10466462053339));
#9336=CARTESIAN_POINT('Ctrl Pts',(19.3778542528339,66.7609149497002,-2.17916602303015));
#9337=CARTESIAN_POINT('Origin',(0.,0.,0.));
#9338=CARTESIAN_POINT('',(18.1702907328969,44.8755151312798,-7.0774666853333));
#9339=CARTESIAN_POINT('',(18.1702907328969,44.8755151312798,-7.0774666853333));
#9340=CARTESIAN_POINT('',(19.4645586920119,44.8755151312798,-1.17514038532668));
#9341=CARTESIAN_POINT('Origin',(0.,44.8755151312798,0.));
#9342=CARTESIAN_POINT('',(18.170291697125,49.9300843756646,7.0774642098276));
#9343=CARTESIAN_POINT('Ctrl Pts',(18.170291697125,49.9300843756646,7.0774642098276));
#9344=CARTESIAN_POINT('Ctrl Pts',(19.1888063525312,48.2452279608697,4.4625857960549));
#9345=CARTESIAN_POINT('Ctrl Pts',(19.6336726103773,46.5603715460747,1.6259954030111));
#9346=CARTESIAN_POINT('Ctrl Pts',(19.4645586920119,44.8755151312798,-1.17514038532668));
#9347=CARTESIAN_POINT('',(18.170291697125,45.4919559042901,7.07746420982761));
#9348=CARTESIAN_POINT('',(18.170291697125,45.4919559042901,7.0774642098276));
#9349=CARTESIAN_POINT('',(19.3578245303642,42.8675395529717,2.3504530311478));
#9350=CARTESIAN_POINT('Ctrl Pts',(19.3578245303642,42.8675395529717,2.3504530311478));
#9351=CARTESIAN_POINT('Ctrl Pts',(19.1614844232911,43.7423450034112,3.96746783239121));
#9352=CARTESIAN_POINT('Ctrl Pts',(18.7614926538549,44.6171504538506,5.55964744425696));
#9353=CARTESIAN_POINT('Ctrl Pts',(18.170291697125,45.4919559042901,7.07746420982761));
#9354=CARTESIAN_POINT('',(18.170291697125,40.2481156866997,7.07746420982761));
#9355=CARTESIAN_POINT('Ctrl Pts',(18.170291697125,40.2481156866997,7.07746420982761));
#9356=CARTESIAN_POINT('Ctrl Pts',(18.7614926538549,41.1212569754571,5.55964744425696));
#9357=CARTESIAN_POINT('Ctrl Pts',(19.1614844232911,41.9943982642144,3.96746783239121));
#9358=CARTESIAN_POINT('Ctrl Pts',(19.3578245303642,42.8675395529717,2.3504530311478));
#9359=CARTESIAN_POINT('',(18.170291697125,35.7861548941582,7.0774642098276));
#9360=CARTESIAN_POINT('',(18.170291697125,35.7861548941582,7.07746420982761));
#9361=CARTESIAN_POINT('Ctrl Pts',(19.4645586920119,40.8495933096856,-1.17514038532668));
#9362=CARTESIAN_POINT('Ctrl Pts',(19.6336726103773,39.1617805045098,1.6259954030111));
#9363=CARTESIAN_POINT('Ctrl Pts',(19.1888063525312,37.473967699334,4.4625857960549));
#9364=CARTESIAN_POINT('Ctrl Pts',(18.170291697125,35.7861548941582,7.0774642098276));
#9365=CARTESIAN_POINT('Origin',(16.3066711705485,42.8625542204827,-6.35157266632476));
#9366=CARTESIAN_POINT('',(16.3066711705485,44.8755151312798,-6.35157266632476));
#9367=CARTESIAN_POINT('Origin',(17.0938532580477,44.8755151312798,-3.7483570790859));
#9368=CARTESIAN_POINT('',(17.4681936979594,44.8755151312798,-1.05461316631882));
#9369=CARTESIAN_POINT('Ctrl Pts',(16.3066720358814,49.9300843756646,6.35157044471708));
#9370=CARTESIAN_POINT('Ctrl Pts',(16.9278785896293,49.9300843756646,6.59353503308725));
#9371=CARTESIAN_POINT('Ctrl Pts',(17.5490851433771,49.9300843756646,6.83549962145743));
#9372=CARTESIAN_POINT('Ctrl Pts',(18.170291697125,49.9300843756646,7.0774642098276));
#9373=CARTESIAN_POINT('Ctrl Pts',(17.2207236497075,48.2452279608697,4.00488468876721));
#9374=CARTESIAN_POINT('Ctrl Pts',(17.8768188215242,48.2452279608697,4.15746470108464));
#9375=CARTESIAN_POINT('Ctrl Pts',(18.5327111807144,48.2452279608697,4.31000578373746));
#9376=CARTESIAN_POINT('Ctrl Pts',(19.1888063525312,48.2452279608697,4.4625857960549));
#9377=CARTESIAN_POINT('Ctrl Pts',(17.6199625990565,46.5603715460747,1.45922664372791));
#9378=CARTESIAN_POINT('Ctrl Pts',(18.2912676004949,46.5603715460747,1.51482457250074));
#9379=CARTESIAN_POINT('Ctrl Pts',(18.9623676089389,46.5603715460747,1.57039747423827));
#9380=CARTESIAN_POINT('Ctrl Pts',(19.6336726103773,46.5603715460747,1.6259954030111));
#9381=CARTESIAN_POINT('Ctrl Pts',(17.4681936979594,44.8755151312798,-1.05461316631882));
#9382=CARTESIAN_POINT('Ctrl Pts',(18.1336486959769,44.8755151312798,-1.09478890598811));
#9383=CARTESIAN_POINT('Ctrl Pts',(18.7991036939944,44.8755151312798,-1.1349646456574));
#9384=CARTESIAN_POINT('Ctrl Pts',(19.4645586920119,44.8755151312798,-1.17514038532668));
#9385=CARTESIAN_POINT('',(16.3066720358814,49.9300843756646,6.35157044471708));
#9386=CARTESIAN_POINT('Origin',(16.3066720358814,47.7110201399773,6.35157044471708));
#9387=CARTESIAN_POINT('',(16.3066720358814,45.4919559042901,6.35157044471708));
#9388=CARTESIAN_POINT('Ctrl Pts',(17.372406629814,42.8675395529717,2.10938092538905));
#9389=CARTESIAN_POINT('Ctrl Pts',(18.034212596664,42.8675395529717,2.1897382939753));
#9390=CARTESIAN_POINT('Ctrl Pts',(18.6960185635141,42.8675395529717,2.27009566256155));
#9391=CARTESIAN_POINT('Ctrl Pts',(19.3578245303642,42.8675395529717,2.3504530311478));
#9392=CARTESIAN_POINT('Ctrl Pts',(17.1962039696202,43.7423450034112,3.56054805471006));
#9393=CARTESIAN_POINT('Ctrl Pts',(17.8513050830014,43.7423450034112,3.69618973752149));
#9394=CARTESIAN_POINT('Ctrl Pts',(18.5063833099099,43.7423450034112,3.83182614957979));
#9395=CARTESIAN_POINT('Ctrl Pts',(19.1614844232911,43.7423450034112,3.96746783239121));
#9396=CARTESIAN_POINT('Ctrl Pts',(16.8372369970493,44.6171504538506,4.98942719356394));
#9397=CARTESIAN_POINT('Ctrl Pts',(17.4786631027045,44.6171504538506,5.17950266766097));
#9398=CARTESIAN_POINT('Ctrl Pts',(18.1200665481997,44.6171504538506,5.36957197015993));
#9399=CARTESIAN_POINT('Ctrl Pts',(18.7614926538549,44.6171504538506,5.55964744425696));
#9400=CARTESIAN_POINT('Ctrl Pts',(16.3066720358814,45.4919559042901,6.35157044471708));
#9401=CARTESIAN_POINT('Ctrl Pts',(16.9278785896293,45.4919559042901,6.59353503308726));
#9402=CARTESIAN_POINT('Ctrl Pts',(17.5490851433771,45.4919559042901,6.83549962145743));
#9403=CARTESIAN_POINT('Ctrl Pts',(18.170291697125,45.4919559042901,7.07746420982761));
#9404=CARTESIAN_POINT('',(17.372406629814,42.8675395529717,2.10938092538905));
#9405=CARTESIAN_POINT('Ctrl Pts',(16.3066720358814,40.2481156866997,6.35157044471708));
#9406=CARTESIAN_POINT('Ctrl Pts',(16.9278785896293,40.2481156866997,6.59353503308726));
#9407=CARTESIAN_POINT('Ctrl Pts',(17.5490851433771,40.2481156866997,6.83549962145743));
#9408=CARTESIAN_POINT('Ctrl Pts',(18.170291697125,40.2481156866997,7.07746420982761));
#9409=CARTESIAN_POINT('Ctrl Pts',(16.8372369970493,41.1212569754571,4.98942719356394));
#9410=CARTESIAN_POINT('Ctrl Pts',(17.4786631027045,41.1212569754571,5.17950266766097));
#9411=CARTESIAN_POINT('Ctrl Pts',(18.1200665481997,41.1212569754571,5.36957197015993));
#9412=CARTESIAN_POINT('Ctrl Pts',(18.7614926538549,41.1212569754571,5.55964744425696));
#9413=CARTESIAN_POINT('Ctrl Pts',(17.1962039696202,41.9943982642144,3.56054805471006));
#9414=CARTESIAN_POINT('Ctrl Pts',(17.8513050830014,41.9943982642144,3.69618973752149));
#9415=CARTESIAN_POINT('Ctrl Pts',(18.5063833099099,41.9943982642144,3.83182614957979));
#9416=CARTESIAN_POINT('Ctrl Pts',(19.1614844232911,41.9943982642144,3.96746783239121));
#9417=CARTESIAN_POINT('Ctrl Pts',(17.372406629814,42.8675395529717,2.10938092538905));
#9418=CARTESIAN_POINT('Ctrl Pts',(18.034212596664,42.8675395529717,2.1897382939753));
#9419=CARTESIAN_POINT('Ctrl Pts',(18.6960185635141,42.8675395529717,2.27009566256155));
#9420=CARTESIAN_POINT('Ctrl Pts',(19.3578245303642,42.8675395529717,2.3504530311478));
#9421=CARTESIAN_POINT('',(16.3066720358814,40.2481156866997,6.35157044471708));
#9422=CARTESIAN_POINT('Origin',(16.3066720358814,38.017135290429,6.35157044471708));
#9423=CARTESIAN_POINT('',(16.3066720358814,35.7861548941582,6.35157044471708));
#9424=CARTESIAN_POINT('Ctrl Pts',(17.4681936979594,40.8495933096856,-1.05461316631882));
#9425=CARTESIAN_POINT('Ctrl Pts',(18.1336486959769,40.8495933096856,-1.09478890598811));
#9426=CARTESIAN_POINT('Ctrl Pts',(18.7991036939944,40.8495933096856,-1.1349646456574));
#9427=CARTESIAN_POINT('Ctrl Pts',(19.4645586920119,40.8495933096856,-1.17514038532668));
#9428=CARTESIAN_POINT('Ctrl Pts',(17.6199625990565,39.1617805045098,1.45922664372791));
#9429=CARTESIAN_POINT('Ctrl Pts',(18.2912676004949,39.1617805045098,1.51482457250074));
#9430=CARTESIAN_POINT('Ctrl Pts',(18.9623676089389,39.1617805045098,1.57039747423827));
#9431=CARTESIAN_POINT('Ctrl Pts',(19.6336726103773,39.1617805045098,1.6259954030111));
#9432=CARTESIAN_POINT('Ctrl Pts',(17.2207236497075,37.473967699334,4.00488468876721));
#9433=CARTESIAN_POINT('Ctrl Pts',(17.8768188215242,37.473967699334,4.15746470108465));
#9434=CARTESIAN_POINT('Ctrl Pts',(18.5327111807144,37.473967699334,4.31000578373746));
#9435=CARTESIAN_POINT('Ctrl Pts',(19.1888063525312,37.473967699334,4.4625857960549));
#9436=CARTESIAN_POINT('Ctrl Pts',(16.3066720358814,35.7861548941582,6.35157044471708));
#9437=CARTESIAN_POINT('Ctrl Pts',(16.9278785896293,35.7861548941582,6.59353503308726));
#9438=CARTESIAN_POINT('Ctrl Pts',(17.5490851433771,35.7861548941582,6.83549962145743));
#9439=CARTESIAN_POINT('Ctrl Pts',(18.170291697125,35.7861548941582,7.0774642098276));
#9440=CARTESIAN_POINT('Origin',(0.,0.,0.));
#9441=CARTESIAN_POINT('',(18.1702907328969,89.2138511221856,-7.07746668533331));
#9442=CARTESIAN_POINT('',(18.1702907328968,89.2138511221856,-7.07746668533331));
#9443=CARTESIAN_POINT('',(18.170291697125,89.2138511221856,7.0774642098276));
#9444=CARTESIAN_POINT('Origin',(0.,89.2138511221856,0.));
#9445=CARTESIAN_POINT('',(18.170291697125,85.1790648978204,7.0774642098276));
#9446=CARTESIAN_POINT('',(18.170291697125,85.1790648978204,7.0774642098276));
#9447=CARTESIAN_POINT('',(19.3789561867779,85.1790648978204,2.16934485754196));
#9448=CARTESIAN_POINT('Origin',(0.,85.1790648978204,0.));
#9449=CARTESIAN_POINT('',(19.3789561867779,80.789569048211,2.16934485754197));
#9450=CARTESIAN_POINT('',(19.3789561867779,80.789569048211,2.16934485754197));
#9451=CARTESIAN_POINT('',(18.170291697125,80.789569048211,7.0774642098276));
#9452=CARTESIAN_POINT('Origin',(0.,80.789569048211,0.));
#9453=CARTESIAN_POINT('',(18.170291697125,76.7725116293877,7.0774642098276));
#9454=CARTESIAN_POINT('',(18.170291697125,76.7725116293877,7.0774642098276));
#9455=CARTESIAN_POINT('Origin',(0.,76.7725116293877,0.));
#9456=CARTESIAN_POINT('',(19.4509519511946,80.789569048211,-1.38219687176513));
#9457=CARTESIAN_POINT('Origin',(0.,80.789569048211,0.));
#9458=CARTESIAN_POINT('',(19.4509519511946,85.1790648978204,-1.38219687176513));
#9459=CARTESIAN_POINT('Origin',(17.073667825167,80.789569048211,-3.83925344251442));
#9460=CARTESIAN_POINT('',(17.4559825203029,80.789569048211,-1.24043309004563));
#9461=CARTESIAN_POINT('Origin',(17.4559825203029,82.9843169730157,-1.24043309004563));
#9462=CARTESIAN_POINT('Origin',(16.3066711705485,87.196458010003,-6.35157266632476));
#9463=CARTESIAN_POINT('',(16.3066711705485,89.2138511221856,-6.35157266632476));
#9464=CARTESIAN_POINT('Origin',(17.5,89.2138511221856,-1.19209288884647E-6));
#9465=CARTESIAN_POINT('',(16.3066720358814,89.2138511221856,6.35157044471707));
#9466=CARTESIAN_POINT('Origin',(16.3066720358814,87.196458010003,6.35157044471708));
#9467=CARTESIAN_POINT('',(16.3066720358814,85.1790648978204,6.35157044471708));
#9468=CARTESIAN_POINT('Origin',(16.9923488698281,85.1790648978204,4.18450473605336));
#9469=CARTESIAN_POINT('',(17.3913709368519,85.1790648978204,1.94684794907612));
#9470=CARTESIAN_POINT('Origin',(17.3913709368519,82.9843169730157,1.94684794907612));
#9471=CARTESIAN_POINT('',(17.3913709368519,80.789569048211,1.94684794907612));
#9472=CARTESIAN_POINT('Origin',(16.9923488698281,80.789569048211,4.18450473605336));
#9473=CARTESIAN_POINT('',(16.3066720358814,80.789569048211,6.35157044471708));
#9474=CARTESIAN_POINT('Origin',(16.3066720358814,78.7810403387994,6.35157044471708));
#9475=CARTESIAN_POINT('',(16.3066720358814,76.7725116293877,6.35157044471707));
#9476=CARTESIAN_POINT('Origin',(17.5,76.7725116293877,-1.19209288662603E-6));
#9477=CARTESIAN_POINT('Origin',(0.,0.,0.));
#9478=CARTESIAN_POINT('',(-15.5,0.,-1.8982025386784E-15));
#9479=CARTESIAN_POINT('Origin',(0.,0.,0.));
#9480=CARTESIAN_POINT('',(-15.5,123.,-1.8982025386784E-15));
#9481=CARTESIAN_POINT('',(-15.5,0.,1.8982025386784E-15));
#9482=CARTESIAN_POINT('Origin',(0.,123.,0.));
#9483=CARTESIAN_POINT('Origin',(0.,123.,0.));
#9484=CARTESIAN_POINT('Origin',(0.,0.,0.));
#9485=CARTESIAN_POINT('Origin',(0.,125.,0.));
#9486=CARTESIAN_POINT('Origin',(0.,0.,0.));
#9487=CARTESIAN_POINT('Origin',(0.,0.,0.));
#9488=CARTESIAN_POINT('',(-19.5,2.,-2.38806125833734E-15));
#9489=CARTESIAN_POINT('Origin',(0.,2.,0.));
#9490=CARTESIAN_POINT('',(-19.5,0.,-2.38806125833734E-15));
#9491=CARTESIAN_POINT('',(-19.5,0.,2.38806125833734E-15));
#9492=CARTESIAN_POINT('Origin',(0.,0.,0.));
#9493=CARTESIAN_POINT('Origin',(0.,0.,0.));
#9494=CARTESIAN_POINT('',(-22.5,2.,-2.75545529808154E-15));
#9495=CARTESIAN_POINT('Origin',(0.,2.,0.));
#9496=CARTESIAN_POINT('',(-22.5,0.,-2.75545529808154E-15));
#9497=CARTESIAN_POINT('',(-22.5,0.,2.75545529808154E-15));
#9498=CARTESIAN_POINT('Origin',(0.,0.,0.));
#9499=CARTESIAN_POINT('Origin',(0.,0.,0.));
#9500=CARTESIAN_POINT('Origin',(0.,2.,0.));
#9501=UNCERTAINTY_MEASURE_WITH_UNIT(LENGTH_MEASURE(0.01),#9505,
'DISTANCE_ACCURACY_VALUE',
'Maximum model space distance between geometric entities at asserted c
onnectivities');
#9502=UNCERTAINTY_MEASURE_WITH_UNIT(LENGTH_MEASURE(0.01),#9505,
'DISTANCE_ACCURACY_VALUE',
'Maximum model space distance between geometric entities at asserted c
onnectivities');
#9503=(
GEOMETRIC_REPRESENTATION_CONTEXT(3)
GLOBAL_UNCERTAINTY_ASSIGNED_CONTEXT((#9501))
GLOBAL_UNIT_ASSIGNED_CONTEXT((#9505,#9507,#9508))
REPRESENTATION_CONTEXT('','3D')
);
#9504=(
GEOMETRIC_REPRESENTATION_CONTEXT(3)
GLOBAL_UNCERTAINTY_ASSIGNED_CONTEXT((#9502))
GLOBAL_UNIT_ASSIGNED_CONTEXT((#9505,#9507,#9508))
REPRESENTATION_CONTEXT('','3D')
);
#9505=(
LENGTH_UNIT()
NAMED_UNIT(*)
SI_UNIT(.MILLI.,.METRE.)
);
#9506=(
LENGTH_UNIT()
NAMED_UNIT(*)
SI_UNIT($,.METRE.)
);
#9507=(
NAMED_UNIT(*)
PLANE_ANGLE_UNIT()
SI_UNIT($,.RADIAN.)
);
#9508=(
NAMED_UNIT(*)
SI_UNIT($,.STERADIAN.)
SOLID_ANGLE_UNIT()
);
#9509=SHAPE_DEFINITION_REPRESENTATION(#9510,#9511);
#9510=PRODUCT_DEFINITION_SHAPE('',$,#9513);
#9511=SHAPE_REPRESENTATION('',(#5037),#9503);
#9512=PRODUCT_DEFINITION_CONTEXT('part definition',#9517,'design');
#9513=PRODUCT_DEFINITION('2026-09-27-17-40-16-752','Bike Handle',#9514,
#9512);
#9514=PRODUCT_DEFINITION_FORMATION('',$,#9519);
#9515=PRODUCT_RELATED_PRODUCT_CATEGORY('Bike Handle','Bike Handle',(#9519));
#9516=APPLICATION_PROTOCOL_DEFINITION('international standard',
'automotive_design',2009,#9517);
#9517=APPLICATION_CONTEXT(
'Core Data for Automotive Mechanical Design Process');
#9518=PRODUCT_CONTEXT('part definition',#9517,'mechanical');
#9519=PRODUCT('2026-09-27-17-40-16-752','Bike Handle',$,(#9518));
#9520=PRESENTATION_STYLE_ASSIGNMENT((#9521));
#9521=SURFACE_STYLE_USAGE(.BOTH.,#9522);
#9522=SURFACE_SIDE_STYLE('',(#9523));
#9523=SURFACE_STYLE_FILL_AREA(#9524);
#9524=FILL_AREA_STYLE('Steel - Satin',(#9525));
#9525=FILL_AREA_STYLE_COLOUR('Steel - Satin',#9526);
#9526=COLOUR_RGB('Steel - Satin',0.627450980392157,0.627450980392157,0.627450980392157);
ENDSEC;
END-ISO-10303-21;
