ISO-10303-21;
HEADER;
/* Generated by software containing ST-Developer
 * from STEP Tools, Inc. (www.steptools.com) 
 */

FILE_DESCRIPTION(
/* description */ (''),
/* implementation_level */ '2;1');

FILE_NAME(
/* name */ 'Door Stopper.step',
/* time_stamp */ '2026-09-27T20:15:06-04:00',
/* author */ (''),
/* organization */ (''),
/* preprocessor_version */ 'ST-DEVELOPER v20.2',
/* originating_system */ 'Autodesk Translation Framework v15.15.0.0',
/* authorisation */ '');

FILE_SCHEMA (('AUTOMOTIVE_DESIGN { 1 0 10303 214 3 1 1 }'));
ENDSEC;

DATA;
#10=MECHANICAL_DESIGN_GEOMETRIC_PRESENTATION_REPRESENTATION('',(#13),#3003);
#11=SHAPE_REPRESENTATION_RELATIONSHIP('SRR','None',#3010,#12);
#12=ADVANCED_BREP_SHAPE_REPRESENTATION('',(#14),#3002);
#13=STYLED_ITEM('',(#3019),#14);
#14=MANIFOLD_SOLID_BREP('Body1',#1755);
#15=FACE_BOUND('',#171,.T.);
#16=FACE_BOUND('',#172,.T.);
#17=FACE_BOUND('',#173,.T.);
#18=FACE_BOUND('',#174,.T.);
#19=FACE_BOUND('',#175,.T.);
#20=FACE_BOUND('',#178,.T.);
#21=FACE_BOUND('',#179,.T.);
#22=FACE_BOUND('',#180,.T.);
#23=FACE_BOUND('',#181,.T.);
#24=FACE_BOUND('',#182,.T.);
#25=PLANE('',#1772);
#26=PLANE('',#1806);
#27=PLANE('',#1807);
#28=PLANE('',#1808);
#29=PLANE('',#1809);
#30=PLANE('',#1847);
#31=PLANE('',#1882);
#32=PLANE('',#1884);
#33=PLANE('',#1886);
#34=PLANE('',#1888);
#35=PLANE('',#1890);
#36=PLANE('',#1892);
#37=PLANE('',#1894);
#38=PLANE('',#1896);
#39=PLANE('',#1898);
#40=PLANE('',#1900);
#41=PLANE('',#1902);
#42=PLANE('',#1904);
#43=PLANE('',#1906);
#44=PLANE('',#1908);
#45=PLANE('',#1910);
#46=PLANE('',#1912);
#47=PLANE('',#1914);
#48=PLANE('',#1916);
#49=PLANE('',#1918);
#50=PLANE('',#1920);
#51=PLANE('',#1922);
#52=PLANE('',#1924);
#53=PLANE('',#1926);
#54=PLANE('',#1928);
#55=PLANE('',#1930);
#56=PLANE('',#1932);
#57=PLANE('',#1934);
#58=PLANE('',#1936);
#59=PLANE('',#1938);
#60=PLANE('',#1940);
#61=PLANE('',#1941);
#62=PLANE('',#1944);
#63=PLANE('',#1947);
#64=PLANE('',#1949);
#65=PLANE('',#1950);
#66=FACE_OUTER_BOUND('',#154,.T.);
#67=FACE_OUTER_BOUND('',#155,.T.);
#68=FACE_OUTER_BOUND('',#156,.T.);
#69=FACE_OUTER_BOUND('',#157,.T.);
#70=FACE_OUTER_BOUND('',#158,.T.);
#71=FACE_OUTER_BOUND('',#159,.T.);
#72=FACE_OUTER_BOUND('',#160,.T.);
#73=FACE_OUTER_BOUND('',#161,.T.);
#74=FACE_OUTER_BOUND('',#162,.T.);
#75=FACE_OUTER_BOUND('',#163,.T.);
#76=FACE_OUTER_BOUND('',#164,.T.);
#77=FACE_OUTER_BOUND('',#165,.T.);
#78=FACE_OUTER_BOUND('',#166,.T.);
#79=FACE_OUTER_BOUND('',#167,.T.);
#80=FACE_OUTER_BOUND('',#168,.T.);
#81=FACE_OUTER_BOUND('',#169,.T.);
#82=FACE_OUTER_BOUND('',#170,.T.);
#83=FACE_OUTER_BOUND('',#176,.T.);
#84=FACE_OUTER_BOUND('',#177,.T.);
#85=FACE_OUTER_BOUND('',#183,.T.);
#86=FACE_OUTER_BOUND('',#184,.T.);
#87=FACE_OUTER_BOUND('',#185,.T.);
#88=FACE_OUTER_BOUND('',#186,.T.);
#89=FACE_OUTER_BOUND('',#187,.T.);
#90=FACE_OUTER_BOUND('',#188,.T.);
#91=FACE_OUTER_BOUND('',#189,.T.);
#92=FACE_OUTER_BOUND('',#190,.T.);
#93=FACE_OUTER_BOUND('',#191,.T.);
#94=FACE_OUTER_BOUND('',#192,.T.);
#95=FACE_OUTER_BOUND('',#193,.T.);
#96=FACE_OUTER_BOUND('',#194,.T.);
#97=FACE_OUTER_BOUND('',#195,.T.);
#98=FACE_OUTER_BOUND('',#196,.T.);
#99=FACE_OUTER_BOUND('',#197,.T.);
#100=FACE_OUTER_BOUND('',#198,.T.);
#101=FACE_OUTER_BOUND('',#199,.T.);
#102=FACE_OUTER_BOUND('',#200,.T.);
#103=FACE_OUTER_BOUND('',#201,.T.);
#104=FACE_OUTER_BOUND('',#202,.T.);
#105=FACE_OUTER_BOUND('',#203,.T.);
#106=FACE_OUTER_BOUND('',#204,.T.);
#107=FACE_OUTER_BOUND('',#205,.T.);
#108=FACE_OUTER_BOUND('',#206,.T.);
#109=FACE_OUTER_BOUND('',#207,.T.);
#110=FACE_OUTER_BOUND('',#208,.T.);
#111=FACE_OUTER_BOUND('',#209,.T.);
#112=FACE_OUTER_BOUND('',#210,.T.);
#113=FACE_OUTER_BOUND('',#211,.T.);
#114=FACE_OUTER_BOUND('',#212,.T.);
#115=FACE_OUTER_BOUND('',#213,.T.);
#116=FACE_OUTER_BOUND('',#214,.T.);
#117=FACE_OUTER_BOUND('',#215,.T.);
#118=FACE_OUTER_BOUND('',#216,.T.);
#119=FACE_OUTER_BOUND('',#217,.T.);
#120=FACE_OUTER_BOUND('',#218,.T.);
#121=FACE_OUTER_BOUND('',#219,.T.);
#122=FACE_OUTER_BOUND('',#220,.T.);
#123=FACE_OUTER_BOUND('',#221,.T.);
#124=FACE_OUTER_BOUND('',#222,.T.);
#125=FACE_OUTER_BOUND('',#223,.T.);
#126=FACE_OUTER_BOUND('',#224,.T.);
#127=FACE_OUTER_BOUND('',#225,.T.);
#128=FACE_OUTER_BOUND('',#226,.T.);
#129=FACE_OUTER_BOUND('',#227,.T.);
#130=FACE_OUTER_BOUND('',#228,.T.);
#131=FACE_OUTER_BOUND('',#229,.T.);
#132=FACE_OUTER_BOUND('',#230,.T.);
#133=FACE_OUTER_BOUND('',#231,.T.);
#134=FACE_OUTER_BOUND('',#232,.T.);
#135=FACE_OUTER_BOUND('',#233,.T.);
#136=FACE_OUTER_BOUND('',#234,.T.);
#137=FACE_OUTER_BOUND('',#235,.T.);
#138=FACE_OUTER_BOUND('',#236,.T.);
#139=FACE_OUTER_BOUND('',#237,.T.);
#140=FACE_OUTER_BOUND('',#238,.T.);
#141=FACE_OUTER_BOUND('',#239,.T.);
#142=FACE_OUTER_BOUND('',#240,.T.);
#143=FACE_OUTER_BOUND('',#241,.T.);
#144=FACE_OUTER_BOUND('',#242,.T.);
#145=FACE_OUTER_BOUND('',#243,.T.);
#146=FACE_OUTER_BOUND('',#244,.T.);
#147=FACE_OUTER_BOUND('',#245,.T.);
#148=FACE_OUTER_BOUND('',#246,.T.);
#149=FACE_OUTER_BOUND('',#247,.T.);
#150=FACE_OUTER_BOUND('',#248,.T.);
#151=FACE_OUTER_BOUND('',#249,.T.);
#152=FACE_OUTER_BOUND('',#250,.T.);
#153=FACE_OUTER_BOUND('',#251,.T.);
#154=EDGE_LOOP('',(#1104,#1105,#1106,#1107));
#155=EDGE_LOOP('',(#1108,#1109,#1110,#1111));
#156=EDGE_LOOP('',(#1112,#1113,#1114,#1115));
#157=EDGE_LOOP('',(#1116,#1117,#1118,#1119));
#158=EDGE_LOOP('',(#1120,#1121,#1122,#1123));
#159=EDGE_LOOP('',(#1124,#1125,#1126,#1127));
#160=EDGE_LOOP('',(#1128,#1129,#1130,#1131));
#161=EDGE_LOOP('',(#1132,#1133,#1134,#1135));
#162=EDGE_LOOP('',(#1136,#1137,#1138,#1139));
#163=EDGE_LOOP('',(#1140,#1141,#1142,#1143));
#164=EDGE_LOOP('',(#1144,#1145,#1146,#1147));
#165=EDGE_LOOP('',(#1148,#1149,#1150,#1151));
#166=EDGE_LOOP('',(#1152,#1153,#1154,#1155));
#167=EDGE_LOOP('',(#1156,#1157,#1158,#1159));
#168=EDGE_LOOP('',(#1160,#1161,#1162,#1163));
#169=EDGE_LOOP('',(#1164,#1165,#1166,#1167));
#170=EDGE_LOOP('',(#1168,#1169,#1170,#1171,#1172,#1173,#1174,#1175,#1176,
#1177,#1178,#1179,#1180,#1181,#1182,#1183,#1184,#1185,#1186,#1187,#1188,
#1189,#1190,#1191,#1192,#1193,#1194,#1195,#1196,#1197,#1198,#1199,#1200,
#1201,#1202,#1203,#1204,#1205,#1206,#1207,#1208,#1209,#1210,#1211,#1212,
#1213,#1214,#1215,#1216,#1217,#1218,#1219,#1220,#1221,#1222,#1223,#1224,
#1225,#1226,#1227,#1228,#1229,#1230,#1231));
#171=EDGE_LOOP('',(#1232,#1233,#1234,#1235,#1236,#1237));
#172=EDGE_LOOP('',(#1238));
#173=EDGE_LOOP('',(#1239));
#174=EDGE_LOOP('',(#1240,#1241,#1242,#1243,#1244,#1245,#1246,#1247));
#175=EDGE_LOOP('',(#1248,#1249,#1250,#1251,#1252,#1253));
#176=EDGE_LOOP('',(#1254,#1255,#1256,#1257));
#177=EDGE_LOOP('',(#1258,#1259,#1260,#1261,#1262,#1263,#1264,#1265,#1266,
#1267,#1268,#1269,#1270,#1271,#1272,#1273,#1274,#1275,#1276,#1277,#1278,
#1279,#1280,#1281,#1282,#1283,#1284,#1285,#1286,#1287,#1288,#1289,#1290,
#1291,#1292,#1293,#1294,#1295,#1296,#1297,#1298,#1299,#1300,#1301,#1302,
#1303,#1304,#1305,#1306,#1307,#1308,#1309,#1310,#1311,#1312,#1313,#1314,
#1315,#1316,#1317,#1318,#1319,#1320,#1321));
#178=EDGE_LOOP('',(#1322,#1323,#1324,#1325,#1326,#1327));
#179=EDGE_LOOP('',(#1328));
#180=EDGE_LOOP('',(#1329,#1330,#1331,#1332,#1333,#1334));
#181=EDGE_LOOP('',(#1335));
#182=EDGE_LOOP('',(#1336,#1337,#1338,#1339,#1340,#1341,#1342,#1343));
#183=EDGE_LOOP('',(#1344,#1345,#1346,#1347));
#184=EDGE_LOOP('',(#1348,#1349,#1350,#1351));
#185=EDGE_LOOP('',(#1352,#1353,#1354,#1355));
#186=EDGE_LOOP('',(#1356,#1357,#1358,#1359));
#187=EDGE_LOOP('',(#1360,#1361,#1362,#1363));
#188=EDGE_LOOP('',(#1364,#1365,#1366,#1367));
#189=EDGE_LOOP('',(#1368,#1369,#1370,#1371));
#190=EDGE_LOOP('',(#1372,#1373,#1374,#1375));
#191=EDGE_LOOP('',(#1376,#1377,#1378,#1379));
#192=EDGE_LOOP('',(#1380,#1381,#1382,#1383));
#193=EDGE_LOOP('',(#1384,#1385,#1386,#1387));
#194=EDGE_LOOP('',(#1388,#1389,#1390,#1391));
#195=EDGE_LOOP('',(#1392,#1393,#1394,#1395));
#196=EDGE_LOOP('',(#1396,#1397,#1398,#1399));
#197=EDGE_LOOP('',(#1400,#1401,#1402,#1403));
#198=EDGE_LOOP('',(#1404,#1405,#1406,#1407));
#199=EDGE_LOOP('',(#1408,#1409,#1410,#1411));
#200=EDGE_LOOP('',(#1412,#1413,#1414,#1415));
#201=EDGE_LOOP('',(#1416,#1417,#1418,#1419));
#202=EDGE_LOOP('',(#1420,#1421,#1422,#1423));
#203=EDGE_LOOP('',(#1424,#1425,#1426,#1427));
#204=EDGE_LOOP('',(#1428,#1429,#1430,#1431));
#205=EDGE_LOOP('',(#1432,#1433,#1434,#1435));
#206=EDGE_LOOP('',(#1436,#1437,#1438,#1439));
#207=EDGE_LOOP('',(#1440,#1441,#1442,#1443));
#208=EDGE_LOOP('',(#1444,#1445,#1446,#1447));
#209=EDGE_LOOP('',(#1448,#1449,#1450,#1451));
#210=EDGE_LOOP('',(#1452,#1453,#1454,#1455));
#211=EDGE_LOOP('',(#1456,#1457,#1458,#1459));
#212=EDGE_LOOP('',(#1460,#1461,#1462,#1463));
#213=EDGE_LOOP('',(#1464,#1465,#1466,#1467));
#214=EDGE_LOOP('',(#1468,#1469,#1470,#1471));
#215=EDGE_LOOP('',(#1472,#1473,#1474,#1475));
#216=EDGE_LOOP('',(#1476,#1477,#1478,#1479));
#217=EDGE_LOOP('',(#1480,#1481,#1482,#1483));
#218=EDGE_LOOP('',(#1484,#1485,#1486,#1487));
#219=EDGE_LOOP('',(#1488,#1489,#1490,#1491));
#220=EDGE_LOOP('',(#1492,#1493,#1494,#1495));
#221=EDGE_LOOP('',(#1496,#1497,#1498,#1499));
#222=EDGE_LOOP('',(#1500,#1501,#1502,#1503));
#223=EDGE_LOOP('',(#1504,#1505,#1506,#1507));
#224=EDGE_LOOP('',(#1508,#1509,#1510,#1511));
#225=EDGE_LOOP('',(#1512,#1513,#1514,#1515));
#226=EDGE_LOOP('',(#1516,#1517,#1518,#1519));
#227=EDGE_LOOP('',(#1520,#1521,#1522,#1523));
#228=EDGE_LOOP('',(#1524,#1525,#1526,#1527));
#229=EDGE_LOOP('',(#1528,#1529,#1530,#1531));
#230=EDGE_LOOP('',(#1532,#1533,#1534,#1535));
#231=EDGE_LOOP('',(#1536,#1537,#1538,#1539));
#232=EDGE_LOOP('',(#1540,#1541,#1542,#1543));
#233=EDGE_LOOP('',(#1544,#1545,#1546,#1547));
#234=EDGE_LOOP('',(#1548,#1549,#1550,#1551));
#235=EDGE_LOOP('',(#1552,#1553,#1554,#1555));
#236=EDGE_LOOP('',(#1556,#1557,#1558,#1559));
#237=EDGE_LOOP('',(#1560,#1561,#1562,#1563));
#238=EDGE_LOOP('',(#1564,#1565,#1566,#1567));
#239=EDGE_LOOP('',(#1568,#1569,#1570,#1571));
#240=EDGE_LOOP('',(#1572,#1573,#1574,#1575));
#241=EDGE_LOOP('',(#1576,#1577,#1578,#1579));
#242=EDGE_LOOP('',(#1580,#1581,#1582,#1583));
#243=EDGE_LOOP('',(#1584,#1585,#1586,#1587));
#244=EDGE_LOOP('',(#1588,#1589,#1590,#1591));
#245=EDGE_LOOP('',(#1592,#1593,#1594,#1595));
#246=EDGE_LOOP('',(#1596,#1597,#1598,#1599));
#247=EDGE_LOOP('',(#1600,#1601,#1602,#1603));
#248=EDGE_LOOP('',(#1604,#1605,#1606,#1607));
#249=EDGE_LOOP('',(#1608,#1609,#1610,#1611));
#250=EDGE_LOOP('',(#1612,#1613,#1614,#1615));
#251=EDGE_LOOP('',(#1616,#1617,#1618,#1619));
#252=LINE('',#2487,#416);
#253=LINE('',#2490,#417);
#254=LINE('',#2493,#418);
#255=LINE('',#2495,#419);
#256=LINE('',#2496,#420);
#257=LINE('',#2501,#421);
#258=LINE('',#2507,#422);
#259=LINE('',#2514,#423);
#260=LINE('',#2520,#424);
#261=LINE('',#2523,#425);
#262=LINE('',#2528,#426);
#263=LINE('',#2535,#427);
#264=LINE('',#2541,#428);
#265=LINE('',#2544,#429);
#266=LINE('',#2549,#430);
#267=LINE('',#2556,#431);
#268=LINE('',#2560,#432);
#269=LINE('',#2564,#433);
#270=LINE('',#2570,#434);
#271=LINE('',#2573,#435);
#272=LINE('',#2574,#436);
#273=LINE('',#2576,#437);
#274=LINE('',#2577,#438);
#275=LINE('',#2579,#439);
#276=LINE('',#2580,#440);
#277=LINE('',#2586,#441);
#278=LINE('',#2590,#442);
#279=LINE('',#2594,#443);
#280=LINE('',#2598,#444);
#281=LINE('',#2602,#445);
#282=LINE('',#2606,#446);
#283=LINE('',#2610,#447);
#284=LINE('',#2614,#448);
#285=LINE('',#2618,#449);
#286=LINE('',#2622,#450);
#287=LINE('',#2626,#451);
#288=LINE('',#2630,#452);
#289=LINE('',#2634,#453);
#290=LINE('',#2638,#454);
#291=LINE('',#2642,#455);
#292=LINE('',#2646,#456);
#293=LINE('',#2650,#457);
#294=LINE('',#2654,#458);
#295=LINE('',#2658,#459);
#296=LINE('',#2662,#460);
#297=LINE('',#2666,#461);
#298=LINE('',#2670,#462);
#299=LINE('',#2674,#463);
#300=LINE('',#2678,#464);
#301=LINE('',#2682,#465);
#302=LINE('',#2686,#466);
#303=LINE('',#2690,#467);
#304=LINE('',#2694,#468);
#305=LINE('',#2698,#469);
#306=LINE('',#2702,#470);
#307=LINE('',#2706,#471);
#308=LINE('',#2709,#472);
#309=LINE('',#2713,#473);
#310=LINE('',#2717,#474);
#311=LINE('',#2720,#475);
#312=LINE('',#2724,#476);
#313=LINE('',#2730,#477);
#314=LINE('',#2734,#478);
#315=LINE('',#2738,#479);
#316=LINE('',#2742,#480);
#317=LINE('',#2746,#481);
#318=LINE('',#2750,#482);
#319=LINE('',#2754,#483);
#320=LINE('',#2758,#484);
#321=LINE('',#2762,#485);
#322=LINE('',#2766,#486);
#323=LINE('',#2770,#487);
#324=LINE('',#2774,#488);
#325=LINE('',#2778,#489);
#326=LINE('',#2782,#490);
#327=LINE('',#2786,#491);
#328=LINE('',#2790,#492);
#329=LINE('',#2794,#493);
#330=LINE('',#2798,#494);
#331=LINE('',#2802,#495);
#332=LINE('',#2806,#496);
#333=LINE('',#2810,#497);
#334=LINE('',#2814,#498);
#335=LINE('',#2818,#499);
#336=LINE('',#2822,#500);
#337=LINE('',#2826,#501);
#338=LINE('',#2830,#502);
#339=LINE('',#2834,#503);
#340=LINE('',#2838,#504);
#341=LINE('',#2842,#505);
#342=LINE('',#2846,#506);
#343=LINE('',#2850,#507);
#344=LINE('',#2853,#508);
#345=LINE('',#2855,#509);
#346=LINE('',#2859,#510);
#347=LINE('',#2862,#511);
#348=LINE('',#2864,#512);
#349=LINE('',#2866,#513);
#350=LINE('',#2867,#514);
#351=LINE('',#2869,#515);
#352=LINE('',#2871,#516);
#353=LINE('',#2873,#517);
#354=LINE('',#2875,#518);
#355=LINE('',#2877,#519);
#356=LINE('',#2879,#520);
#357=LINE('',#2881,#521);
#358=LINE('',#2883,#522);
#359=LINE('',#2885,#523);
#360=LINE('',#2887,#524);
#361=LINE('',#2889,#525);
#362=LINE('',#2891,#526);
#363=LINE('',#2893,#527);
#364=LINE('',#2895,#528);
#365=LINE('',#2897,#529);
#366=LINE('',#2899,#530);
#367=LINE('',#2901,#531);
#368=LINE('',#2903,#532);
#369=LINE('',#2905,#533);
#370=LINE('',#2907,#534);
#371=LINE('',#2909,#535);
#372=LINE('',#2911,#536);
#373=LINE('',#2913,#537);
#374=LINE('',#2915,#538);
#375=LINE('',#2917,#539);
#376=LINE('',#2919,#540);
#377=LINE('',#2921,#541);
#378=LINE('',#2923,#542);
#379=LINE('',#2924,#543);
#380=LINE('',#2926,#544);
#381=LINE('',#2928,#545);
#382=LINE('',#2930,#546);
#383=LINE('',#2932,#547);
#384=LINE('',#2934,#548);
#385=LINE('',#2936,#549);
#386=LINE('',#2938,#550);
#387=LINE('',#2940,#551);
#388=LINE('',#2942,#552);
#389=LINE('',#2944,#553);
#390=LINE('',#2946,#554);
#391=LINE('',#2948,#555);
#392=LINE('',#2950,#556);
#393=LINE('',#2952,#557);
#394=LINE('',#2954,#558);
#395=LINE('',#2956,#559);
#396=LINE('',#2958,#560);
#397=LINE('',#2960,#561);
#398=LINE('',#2962,#562);
#399=LINE('',#2964,#563);
#400=LINE('',#2966,#564);
#401=LINE('',#2968,#565);
#402=LINE('',#2970,#566);
#403=LINE('',#2972,#567);
#404=LINE('',#2974,#568);
#405=LINE('',#2976,#569);
#406=LINE('',#2978,#570);
#407=LINE('',#2980,#571);
#408=LINE('',#2982,#572);
#409=LINE('',#2984,#573);
#410=LINE('',#2987,#574);
#411=LINE('',#2989,#575);
#412=LINE('',#2991,#576);
#413=LINE('',#2993,#577);
#414=LINE('',#2995,#578);
#415=LINE('',#2997,#579);
#416=VECTOR('',#1957,10.);
#417=VECTOR('',#1960,10.);
#418=VECTOR('',#1963,10.);
#419=VECTOR('',#1964,10.);
#420=VECTOR('',#1965,10.);
#421=VECTOR('',#1970,10.);
#422=VECTOR('',#1977,10.);
#423=VECTOR('',#1986,10.);
#424=VECTOR('',#1991,10.);
#425=VECTOR('',#1994,10.);
#426=VECTOR('',#1999,10.);
#427=VECTOR('',#2008,10.);
#428=VECTOR('',#2013,10.);
#429=VECTOR('',#2016,10.);
#430=VECTOR('',#2021,10.);
#431=VECTOR('',#2030,10.);
#432=VECTOR('',#2033,10.);
#433=VECTOR('',#2036,10.);
#434=VECTOR('',#2043,7.5);
#435=VECTOR('',#2048,10.);
#436=VECTOR('',#2049,10.);
#437=VECTOR('',#2052,10.);
#438=VECTOR('',#2053,10.);
#439=VECTOR('',#2056,10.);
#440=VECTOR('',#2057,10.);
#441=VECTOR('',#2062,10.);
#442=VECTOR('',#2065,10.);
#443=VECTOR('',#2068,10.);
#444=VECTOR('',#2071,10.);
#445=VECTOR('',#2074,10.);
#446=VECTOR('',#2077,10.);
#447=VECTOR('',#2080,10.);
#448=VECTOR('',#2083,10.);
#449=VECTOR('',#2086,10.);
#450=VECTOR('',#2089,10.);
#451=VECTOR('',#2092,10.);
#452=VECTOR('',#2095,10.);
#453=VECTOR('',#2098,10.);
#454=VECTOR('',#2101,10.);
#455=VECTOR('',#2104,10.);
#456=VECTOR('',#2107,10.);
#457=VECTOR('',#2110,10.);
#458=VECTOR('',#2113,10.);
#459=VECTOR('',#2116,10.);
#460=VECTOR('',#2119,10.);
#461=VECTOR('',#2122,10.);
#462=VECTOR('',#2125,10.);
#463=VECTOR('',#2128,10.);
#464=VECTOR('',#2131,10.);
#465=VECTOR('',#2134,10.);
#466=VECTOR('',#2137,10.);
#467=VECTOR('',#2140,10.);
#468=VECTOR('',#2143,10.);
#469=VECTOR('',#2146,10.);
#470=VECTOR('',#2149,10.);
#471=VECTOR('',#2152,10.);
#472=VECTOR('',#2155,10.);
#473=VECTOR('',#2158,10.);
#474=VECTOR('',#2161,10.);
#475=VECTOR('',#2164,10.);
#476=VECTOR('',#2169,15.);
#477=VECTOR('',#2174,10.);
#478=VECTOR('',#2177,10.);
#479=VECTOR('',#2180,10.);
#480=VECTOR('',#2183,10.);
#481=VECTOR('',#2186,10.);
#482=VECTOR('',#2189,10.);
#483=VECTOR('',#2192,10.);
#484=VECTOR('',#2195,10.);
#485=VECTOR('',#2198,10.);
#486=VECTOR('',#2201,10.);
#487=VECTOR('',#2204,10.);
#488=VECTOR('',#2207,10.);
#489=VECTOR('',#2210,10.);
#490=VECTOR('',#2213,10.);
#491=VECTOR('',#2216,10.);
#492=VECTOR('',#2219,10.);
#493=VECTOR('',#2222,10.);
#494=VECTOR('',#2225,10.);
#495=VECTOR('',#2228,10.);
#496=VECTOR('',#2231,10.);
#497=VECTOR('',#2234,10.);
#498=VECTOR('',#2237,10.);
#499=VECTOR('',#2240,10.);
#500=VECTOR('',#2243,10.);
#501=VECTOR('',#2246,10.);
#502=VECTOR('',#2249,10.);
#503=VECTOR('',#2252,10.);
#504=VECTOR('',#2255,10.);
#505=VECTOR('',#2258,10.);
#506=VECTOR('',#2261,10.);
#507=VECTOR('',#2264,10.);
#508=VECTOR('',#2267,10.);
#509=VECTOR('',#2268,10.);
#510=VECTOR('',#2271,10.);
#511=VECTOR('',#2274,10.);
#512=VECTOR('',#2277,10.);
#513=VECTOR('',#2280,10.);
#514=VECTOR('',#2281,10.);
#515=VECTOR('',#2284,10.);
#516=VECTOR('',#2287,10.);
#517=VECTOR('',#2290,10.);
#518=VECTOR('',#2293,10.);
#519=VECTOR('',#2296,10.);
#520=VECTOR('',#2299,10.);
#521=VECTOR('',#2302,10.);
#522=VECTOR('',#2305,10.);
#523=VECTOR('',#2308,10.);
#524=VECTOR('',#2311,10.);
#525=VECTOR('',#2314,10.);
#526=VECTOR('',#2317,10.);
#527=VECTOR('',#2320,10.);
#528=VECTOR('',#2323,10.);
#529=VECTOR('',#2326,10.);
#530=VECTOR('',#2329,10.);
#531=VECTOR('',#2332,10.);
#532=VECTOR('',#2335,10.);
#533=VECTOR('',#2338,10.);
#534=VECTOR('',#2341,10.);
#535=VECTOR('',#2344,10.);
#536=VECTOR('',#2347,10.);
#537=VECTOR('',#2350,10.);
#538=VECTOR('',#2353,10.);
#539=VECTOR('',#2356,10.);
#540=VECTOR('',#2359,10.);
#541=VECTOR('',#2362,10.);
#542=VECTOR('',#2365,10.);
#543=VECTOR('',#2366,10.);
#544=VECTOR('',#2369,10.);
#545=VECTOR('',#2372,10.);
#546=VECTOR('',#2375,10.);
#547=VECTOR('',#2378,10.);
#548=VECTOR('',#2381,10.);
#549=VECTOR('',#2384,10.);
#550=VECTOR('',#2387,10.);
#551=VECTOR('',#2390,10.);
#552=VECTOR('',#2393,10.);
#553=VECTOR('',#2396,10.);
#554=VECTOR('',#2399,10.);
#555=VECTOR('',#2402,10.);
#556=VECTOR('',#2405,10.);
#557=VECTOR('',#2408,10.);
#558=VECTOR('',#2411,10.);
#559=VECTOR('',#2414,10.);
#560=VECTOR('',#2417,10.);
#561=VECTOR('',#2420,10.);
#562=VECTOR('',#2423,10.);
#563=VECTOR('',#2426,10.);
#564=VECTOR('',#2429,10.);
#565=VECTOR('',#2432,10.);
#566=VECTOR('',#2435,10.);
#567=VECTOR('',#2438,10.);
#568=VECTOR('',#2441,10.);
#569=VECTOR('',#2444,10.);
#570=VECTOR('',#2447,10.);
#571=VECTOR('',#2450,10.);
#572=VECTOR('',#2453,10.);
#573=VECTOR('',#2456,10.);
#574=VECTOR('',#2461,10.);
#575=VECTOR('',#2464,10.);
#576=VECTOR('',#2467,10.);
#577=VECTOR('',#2470,10.);
#578=VECTOR('',#2473,10.);
#579=VECTOR('',#2476,10.);
#580=CIRCLE('',#1770,2.);
#581=CIRCLE('',#1771,2.);
#582=CIRCLE('',#1774,2.);
#583=CIRCLE('',#1775,2.);
#584=CIRCLE('',#1777,9.5);
#585=CIRCLE('',#1778,9.5);
#586=CIRCLE('',#1780,2.);
#587=CIRCLE('',#1781,2.);
#588=CIRCLE('',#1783,3.);
#589=CIRCLE('',#1784,3.);
#590=CIRCLE('',#1786,17.);
#591=CIRCLE('',#1787,17.);
#592=CIRCLE('',#1789,3.);
#593=CIRCLE('',#1790,3.);
#594=CIRCLE('',#1792,3.);
#595=CIRCLE('',#1793,3.);
#596=CIRCLE('',#1795,17.);
#597=CIRCLE('',#1796,17.);
#598=CIRCLE('',#1798,3.);
#599=CIRCLE('',#1799,3.);
#600=CIRCLE('',#1801,9.5);
#601=CIRCLE('',#1802,9.5);
#602=CIRCLE('',#1804,5.5);
#603=CIRCLE('',#1805,5.5);
#604=CIRCLE('',#1810,2.);
#605=CIRCLE('',#1811,2.);
#606=CIRCLE('',#1812,2.);
#607=CIRCLE('',#1813,2.);
#608=CIRCLE('',#1814,2.);
#609=CIRCLE('',#1815,2.);
#610=CIRCLE('',#1816,2.);
#611=CIRCLE('',#1817,2.);
#612=CIRCLE('',#1818,2.);
#613=CIRCLE('',#1819,2.);
#614=CIRCLE('',#1820,2.);
#615=CIRCLE('',#1821,2.);
#616=CIRCLE('',#1822,2.);
#617=CIRCLE('',#1823,2.);
#618=CIRCLE('',#1824,2.);
#619=CIRCLE('',#1825,2.);
#620=CIRCLE('',#1826,2.);
#621=CIRCLE('',#1827,2.);
#622=CIRCLE('',#1828,2.);
#623=CIRCLE('',#1829,2.);
#624=CIRCLE('',#1830,2.);
#625=CIRCLE('',#1831,2.);
#626=CIRCLE('',#1832,2.);
#627=CIRCLE('',#1833,2.);
#628=CIRCLE('',#1834,2.);
#629=CIRCLE('',#1835,2.);
#630=CIRCLE('',#1836,2.);
#631=CIRCLE('',#1837,2.);
#632=CIRCLE('',#1838,2.);
#633=CIRCLE('',#1839,6.);
#634=CIRCLE('',#1840,6.);
#635=CIRCLE('',#1841,2.);
#636=CIRCLE('',#1842,13.);
#637=CIRCLE('',#1843,3.);
#638=CIRCLE('',#1844,3.);
#639=CIRCLE('',#1846,13.);
#640=CIRCLE('',#1848,2.);
#641=CIRCLE('',#1849,2.);
#642=CIRCLE('',#1850,6.);
#643=CIRCLE('',#1851,6.);
#644=CIRCLE('',#1852,2.);
#645=CIRCLE('',#1853,2.);
#646=CIRCLE('',#1854,2.);
#647=CIRCLE('',#1855,2.);
#648=CIRCLE('',#1856,2.);
#649=CIRCLE('',#1857,2.);
#650=CIRCLE('',#1858,2.);
#651=CIRCLE('',#1859,2.);
#652=CIRCLE('',#1860,2.);
#653=CIRCLE('',#1861,2.);
#654=CIRCLE('',#1862,2.);
#655=CIRCLE('',#1863,2.);
#656=CIRCLE('',#1864,2.);
#657=CIRCLE('',#1865,2.);
#658=CIRCLE('',#1866,2.);
#659=CIRCLE('',#1867,2.);
#660=CIRCLE('',#1868,2.);
#661=CIRCLE('',#1869,2.);
#662=CIRCLE('',#1870,2.);
#663=CIRCLE('',#1871,2.);
#664=CIRCLE('',#1872,2.);
#665=CIRCLE('',#1873,2.);
#666=CIRCLE('',#1874,2.);
#667=CIRCLE('',#1875,2.);
#668=CIRCLE('',#1876,2.);
#669=CIRCLE('',#1877,2.);
#670=CIRCLE('',#1878,2.);
#671=CIRCLE('',#1879,2.);
#672=CIRCLE('',#1880,3.);
#673=CIRCLE('',#1881,3.);
#674=VERTEX_POINT('',#2483);
#675=VERTEX_POINT('',#2484);
#676=VERTEX_POINT('',#2486);
#677=VERTEX_POINT('',#2488);
#678=VERTEX_POINT('',#2492);
#679=VERTEX_POINT('',#2494);
#680=VERTEX_POINT('',#2498);
#681=VERTEX_POINT('',#2500);
#682=VERTEX_POINT('',#2504);
#683=VERTEX_POINT('',#2506);
#684=VERTEX_POINT('',#2510);
#685=VERTEX_POINT('',#2512);
#686=VERTEX_POINT('',#2516);
#687=VERTEX_POINT('',#2517);
#688=VERTEX_POINT('',#2519);
#689=VERTEX_POINT('',#2521);
#690=VERTEX_POINT('',#2525);
#691=VERTEX_POINT('',#2527);
#692=VERTEX_POINT('',#2531);
#693=VERTEX_POINT('',#2533);
#694=VERTEX_POINT('',#2537);
#695=VERTEX_POINT('',#2538);
#696=VERTEX_POINT('',#2540);
#697=VERTEX_POINT('',#2542);
#698=VERTEX_POINT('',#2546);
#699=VERTEX_POINT('',#2548);
#700=VERTEX_POINT('',#2552);
#701=VERTEX_POINT('',#2554);
#702=VERTEX_POINT('',#2558);
#703=VERTEX_POINT('',#2559);
#704=VERTEX_POINT('',#2561);
#705=VERTEX_POINT('',#2563);
#706=VERTEX_POINT('',#2567);
#707=VERTEX_POINT('',#2569);
#708=VERTEX_POINT('',#2582);
#709=VERTEX_POINT('',#2583);
#710=VERTEX_POINT('',#2585);
#711=VERTEX_POINT('',#2587);
#712=VERTEX_POINT('',#2589);
#713=VERTEX_POINT('',#2591);
#714=VERTEX_POINT('',#2593);
#715=VERTEX_POINT('',#2595);
#716=VERTEX_POINT('',#2597);
#717=VERTEX_POINT('',#2599);
#718=VERTEX_POINT('',#2601);
#719=VERTEX_POINT('',#2603);
#720=VERTEX_POINT('',#2605);
#721=VERTEX_POINT('',#2607);
#722=VERTEX_POINT('',#2609);
#723=VERTEX_POINT('',#2611);
#724=VERTEX_POINT('',#2613);
#725=VERTEX_POINT('',#2615);
#726=VERTEX_POINT('',#2617);
#727=VERTEX_POINT('',#2619);
#728=VERTEX_POINT('',#2621);
#729=VERTEX_POINT('',#2623);
#730=VERTEX_POINT('',#2625);
#731=VERTEX_POINT('',#2627);
#732=VERTEX_POINT('',#2629);
#733=VERTEX_POINT('',#2631);
#734=VERTEX_POINT('',#2633);
#735=VERTEX_POINT('',#2635);
#736=VERTEX_POINT('',#2637);
#737=VERTEX_POINT('',#2639);
#738=VERTEX_POINT('',#2641);
#739=VERTEX_POINT('',#2643);
#740=VERTEX_POINT('',#2645);
#741=VERTEX_POINT('',#2647);
#742=VERTEX_POINT('',#2649);
#743=VERTEX_POINT('',#2651);
#744=VERTEX_POINT('',#2653);
#745=VERTEX_POINT('',#2655);
#746=VERTEX_POINT('',#2657);
#747=VERTEX_POINT('',#2659);
#748=VERTEX_POINT('',#2661);
#749=VERTEX_POINT('',#2663);
#750=VERTEX_POINT('',#2665);
#751=VERTEX_POINT('',#2667);
#752=VERTEX_POINT('',#2669);
#753=VERTEX_POINT('',#2671);
#754=VERTEX_POINT('',#2673);
#755=VERTEX_POINT('',#2675);
#756=VERTEX_POINT('',#2677);
#757=VERTEX_POINT('',#2679);
#758=VERTEX_POINT('',#2681);
#759=VERTEX_POINT('',#2683);
#760=VERTEX_POINT('',#2685);
#761=VERTEX_POINT('',#2687);
#762=VERTEX_POINT('',#2689);
#763=VERTEX_POINT('',#2691);
#764=VERTEX_POINT('',#2693);
#765=VERTEX_POINT('',#2695);
#766=VERTEX_POINT('',#2697);
#767=VERTEX_POINT('',#2699);
#768=VERTEX_POINT('',#2701);
#769=VERTEX_POINT('',#2703);
#770=VERTEX_POINT('',#2705);
#771=VERTEX_POINT('',#2707);
#772=VERTEX_POINT('',#2710);
#773=VERTEX_POINT('',#2712);
#774=VERTEX_POINT('',#2714);
#775=VERTEX_POINT('',#2716);
#776=VERTEX_POINT('',#2718);
#777=VERTEX_POINT('',#2722);
#778=VERTEX_POINT('',#2726);
#779=VERTEX_POINT('',#2727);
#780=VERTEX_POINT('',#2729);
#781=VERTEX_POINT('',#2731);
#782=VERTEX_POINT('',#2733);
#783=VERTEX_POINT('',#2735);
#784=VERTEX_POINT('',#2737);
#785=VERTEX_POINT('',#2739);
#786=VERTEX_POINT('',#2741);
#787=VERTEX_POINT('',#2743);
#788=VERTEX_POINT('',#2745);
#789=VERTEX_POINT('',#2747);
#790=VERTEX_POINT('',#2749);
#791=VERTEX_POINT('',#2751);
#792=VERTEX_POINT('',#2753);
#793=VERTEX_POINT('',#2755);
#794=VERTEX_POINT('',#2757);
#795=VERTEX_POINT('',#2759);
#796=VERTEX_POINT('',#2761);
#797=VERTEX_POINT('',#2763);
#798=VERTEX_POINT('',#2765);
#799=VERTEX_POINT('',#2767);
#800=VERTEX_POINT('',#2769);
#801=VERTEX_POINT('',#2771);
#802=VERTEX_POINT('',#2773);
#803=VERTEX_POINT('',#2775);
#804=VERTEX_POINT('',#2777);
#805=VERTEX_POINT('',#2779);
#806=VERTEX_POINT('',#2781);
#807=VERTEX_POINT('',#2783);
#808=VERTEX_POINT('',#2785);
#809=VERTEX_POINT('',#2787);
#810=VERTEX_POINT('',#2789);
#811=VERTEX_POINT('',#2791);
#812=VERTEX_POINT('',#2793);
#813=VERTEX_POINT('',#2795);
#814=VERTEX_POINT('',#2797);
#815=VERTEX_POINT('',#2799);
#816=VERTEX_POINT('',#2801);
#817=VERTEX_POINT('',#2803);
#818=VERTEX_POINT('',#2805);
#819=VERTEX_POINT('',#2807);
#820=VERTEX_POINT('',#2809);
#821=VERTEX_POINT('',#2811);
#822=VERTEX_POINT('',#2813);
#823=VERTEX_POINT('',#2815);
#824=VERTEX_POINT('',#2817);
#825=VERTEX_POINT('',#2819);
#826=VERTEX_POINT('',#2821);
#827=VERTEX_POINT('',#2823);
#828=VERTEX_POINT('',#2825);
#829=VERTEX_POINT('',#2827);
#830=VERTEX_POINT('',#2829);
#831=VERTEX_POINT('',#2831);
#832=VERTEX_POINT('',#2833);
#833=VERTEX_POINT('',#2835);
#834=VERTEX_POINT('',#2837);
#835=VERTEX_POINT('',#2839);
#836=VERTEX_POINT('',#2841);
#837=VERTEX_POINT('',#2843);
#838=VERTEX_POINT('',#2845);
#839=VERTEX_POINT('',#2847);
#840=VERTEX_POINT('',#2849);
#841=VERTEX_POINT('',#2851);
#842=VERTEX_POINT('',#2854);
#843=VERTEX_POINT('',#2856);
#844=VERTEX_POINT('',#2858);
#845=VERTEX_POINT('',#2860);
#846=EDGE_CURVE('',#674,#675,#580,.T.);
#847=EDGE_CURVE('',#675,#676,#252,.T.);
#848=EDGE_CURVE('',#676,#677,#581,.T.);
#849=EDGE_CURVE('',#677,#674,#253,.T.);
#850=EDGE_CURVE('',#678,#675,#254,.T.);
#851=EDGE_CURVE('',#679,#678,#255,.T.);
#852=EDGE_CURVE('',#676,#679,#256,.T.);
#853=EDGE_CURVE('',#678,#680,#582,.T.);
#854=EDGE_CURVE('',#680,#681,#257,.T.);
#855=EDGE_CURVE('',#681,#679,#583,.T.);
#856=EDGE_CURVE('',#680,#682,#584,.T.);
#857=EDGE_CURVE('',#683,#682,#258,.T.);
#858=EDGE_CURVE('',#681,#683,#585,.F.);
#859=EDGE_CURVE('',#684,#683,#586,.T.);
#860=EDGE_CURVE('',#682,#685,#587,.T.);
#861=EDGE_CURVE('',#685,#684,#259,.T.);
#862=EDGE_CURVE('',#686,#687,#588,.T.);
#863=EDGE_CURVE('',#687,#688,#260,.T.);
#864=EDGE_CURVE('',#688,#689,#589,.T.);
#865=EDGE_CURVE('',#689,#686,#261,.T.);
#866=EDGE_CURVE('',#687,#690,#590,.T.);
#867=EDGE_CURVE('',#691,#690,#262,.T.);
#868=EDGE_CURVE('',#688,#691,#591,.F.);
#869=EDGE_CURVE('',#692,#691,#592,.T.);
#870=EDGE_CURVE('',#690,#693,#593,.T.);
#871=EDGE_CURVE('',#693,#692,#263,.T.);
#872=EDGE_CURVE('',#694,#695,#594,.T.);
#873=EDGE_CURVE('',#695,#696,#264,.T.);
#874=EDGE_CURVE('',#696,#697,#595,.T.);
#875=EDGE_CURVE('',#697,#694,#265,.T.);
#876=EDGE_CURVE('',#695,#698,#596,.T.);
#877=EDGE_CURVE('',#699,#698,#266,.T.);
#878=EDGE_CURVE('',#696,#699,#597,.F.);
#879=EDGE_CURVE('',#700,#699,#598,.T.);
#880=EDGE_CURVE('',#698,#701,#599,.T.);
#881=EDGE_CURVE('',#701,#700,#267,.T.);
#882=EDGE_CURVE('',#702,#703,#268,.T.);
#883=EDGE_CURVE('',#702,#704,#600,.T.);
#884=EDGE_CURVE('',#705,#704,#269,.T.);
#885=EDGE_CURVE('',#703,#705,#601,.F.);
#886=EDGE_CURVE('',#706,#706,#602,.T.);
#887=EDGE_CURVE('',#706,#707,#270,.T.);
#888=EDGE_CURVE('',#707,#707,#603,.T.);
#889=EDGE_CURVE('',#702,#693,#271,.T.);
#890=EDGE_CURVE('',#692,#703,#272,.T.);
#891=EDGE_CURVE('',#684,#677,#273,.T.);
#892=EDGE_CURVE('',#674,#685,#274,.T.);
#893=EDGE_CURVE('',#705,#689,#275,.T.);
#894=EDGE_CURVE('',#686,#704,#276,.T.);
#895=EDGE_CURVE('',#708,#709,#604,.T.);
#896=EDGE_CURVE('',#710,#708,#277,.T.);
#897=EDGE_CURVE('',#711,#710,#605,.T.);
#898=EDGE_CURVE('',#712,#711,#278,.T.);
#899=EDGE_CURVE('',#713,#712,#606,.T.);
#900=EDGE_CURVE('',#714,#713,#279,.T.);
#901=EDGE_CURVE('',#715,#714,#607,.T.);
#902=EDGE_CURVE('',#716,#715,#280,.T.);
#903=EDGE_CURVE('',#717,#716,#608,.T.);
#904=EDGE_CURVE('',#718,#717,#281,.T.);
#905=EDGE_CURVE('',#719,#718,#609,.T.);
#906=EDGE_CURVE('',#720,#719,#282,.T.);
#907=EDGE_CURVE('',#721,#720,#610,.T.);
#908=EDGE_CURVE('',#722,#721,#283,.T.);
#909=EDGE_CURVE('',#723,#722,#611,.T.);
#910=EDGE_CURVE('',#724,#723,#284,.T.);
#911=EDGE_CURVE('',#725,#724,#612,.T.);
#912=EDGE_CURVE('',#726,#725,#285,.T.);
#913=EDGE_CURVE('',#727,#726,#613,.T.);
#914=EDGE_CURVE('',#728,#727,#286,.T.);
#915=EDGE_CURVE('',#729,#728,#614,.T.);
#916=EDGE_CURVE('',#730,#729,#287,.T.);
#917=EDGE_CURVE('',#731,#730,#615,.T.);
#918=EDGE_CURVE('',#732,#731,#288,.T.);
#919=EDGE_CURVE('',#733,#732,#616,.T.);
#920=EDGE_CURVE('',#734,#733,#289,.T.);
#921=EDGE_CURVE('',#735,#734,#617,.T.);
#922=EDGE_CURVE('',#736,#735,#290,.T.);
#923=EDGE_CURVE('',#737,#736,#618,.T.);
#924=EDGE_CURVE('',#738,#737,#291,.T.);
#925=EDGE_CURVE('',#739,#738,#619,.T.);
#926=EDGE_CURVE('',#740,#739,#292,.T.);
#927=EDGE_CURVE('',#741,#740,#620,.T.);
#928=EDGE_CURVE('',#742,#741,#293,.T.);
#929=EDGE_CURVE('',#743,#742,#621,.T.);
#930=EDGE_CURVE('',#744,#743,#294,.T.);
#931=EDGE_CURVE('',#745,#744,#622,.T.);
#932=EDGE_CURVE('',#746,#745,#295,.T.);
#933=EDGE_CURVE('',#747,#746,#623,.T.);
#934=EDGE_CURVE('',#748,#747,#296,.T.);
#935=EDGE_CURVE('',#749,#748,#624,.T.);
#936=EDGE_CURVE('',#750,#749,#297,.T.);
#937=EDGE_CURVE('',#751,#750,#625,.T.);
#938=EDGE_CURVE('',#752,#751,#298,.T.);
#939=EDGE_CURVE('',#753,#752,#626,.T.);
#940=EDGE_CURVE('',#754,#753,#299,.T.);
#941=EDGE_CURVE('',#755,#754,#627,.T.);
#942=EDGE_CURVE('',#756,#755,#300,.T.);
#943=EDGE_CURVE('',#757,#756,#628,.T.);
#944=EDGE_CURVE('',#758,#757,#301,.T.);
#945=EDGE_CURVE('',#759,#758,#629,.T.);
#946=EDGE_CURVE('',#760,#759,#302,.T.);
#947=EDGE_CURVE('',#761,#760,#630,.T.);
#948=EDGE_CURVE('',#762,#761,#303,.T.);
#949=EDGE_CURVE('',#763,#762,#631,.T.);
#950=EDGE_CURVE('',#764,#763,#304,.T.);
#951=EDGE_CURVE('',#765,#764,#632,.T.);
#952=EDGE_CURVE('',#766,#765,#305,.T.);
#953=EDGE_CURVE('',#767,#766,#633,.T.);
#954=EDGE_CURVE('',#768,#767,#306,.T.);
#955=EDGE_CURVE('',#769,#768,#634,.T.);
#956=EDGE_CURVE('',#770,#769,#307,.T.);
#957=EDGE_CURVE('',#771,#770,#635,.T.);
#958=EDGE_CURVE('',#709,#771,#308,.T.);
#959=EDGE_CURVE('',#772,#772,#636,.T.);
#960=EDGE_CURVE('',#694,#773,#309,.T.);
#961=EDGE_CURVE('',#774,#773,#637,.T.);
#962=EDGE_CURVE('',#774,#775,#310,.T.);
#963=EDGE_CURVE('',#776,#775,#638,.T.);
#964=EDGE_CURVE('',#776,#701,#311,.T.);
#965=EDGE_CURVE('',#777,#777,#639,.T.);
#966=EDGE_CURVE('',#777,#772,#312,.T.);
#967=EDGE_CURVE('',#778,#779,#640,.T.);
#968=EDGE_CURVE('',#779,#780,#313,.T.);
#969=EDGE_CURVE('',#780,#781,#641,.T.);
#970=EDGE_CURVE('',#781,#782,#314,.T.);
#971=EDGE_CURVE('',#783,#782,#642,.T.);
#972=EDGE_CURVE('',#783,#784,#315,.T.);
#973=EDGE_CURVE('',#785,#784,#643,.T.);
#974=EDGE_CURVE('',#785,#786,#316,.T.);
#975=EDGE_CURVE('',#786,#787,#644,.T.);
#976=EDGE_CURVE('',#787,#788,#317,.T.);
#977=EDGE_CURVE('',#788,#789,#645,.T.);
#978=EDGE_CURVE('',#789,#790,#318,.T.);
#979=EDGE_CURVE('',#790,#791,#646,.T.);
#980=EDGE_CURVE('',#791,#792,#319,.T.);
#981=EDGE_CURVE('',#792,#793,#647,.T.);
#982=EDGE_CURVE('',#793,#794,#320,.T.);
#983=EDGE_CURVE('',#794,#795,#648,.T.);
#984=EDGE_CURVE('',#795,#796,#321,.T.);
#985=EDGE_CURVE('',#796,#797,#649,.T.);
#986=EDGE_CURVE('',#797,#798,#322,.T.);
#987=EDGE_CURVE('',#798,#799,#650,.T.);
#988=EDGE_CURVE('',#799,#800,#323,.T.);
#989=EDGE_CURVE('',#800,#801,#651,.T.);
#990=EDGE_CURVE('',#801,#802,#324,.T.);
#991=EDGE_CURVE('',#802,#803,#652,.T.);
#992=EDGE_CURVE('',#803,#804,#325,.T.);
#993=EDGE_CURVE('',#804,#805,#653,.T.);
#994=EDGE_CURVE('',#805,#806,#326,.T.);
#995=EDGE_CURVE('',#806,#807,#654,.T.);
#996=EDGE_CURVE('',#807,#808,#327,.T.);
#997=EDGE_CURVE('',#808,#809,#655,.T.);
#998=EDGE_CURVE('',#809,#810,#328,.T.);
#999=EDGE_CURVE('',#810,#811,#656,.T.);
#1000=EDGE_CURVE('',#811,#812,#329,.T.);
#1001=EDGE_CURVE('',#812,#813,#657,.T.);
#1002=EDGE_CURVE('',#813,#814,#330,.T.);
#1003=EDGE_CURVE('',#815,#814,#658,.T.);
#1004=EDGE_CURVE('',#815,#816,#331,.T.);
#1005=EDGE_CURVE('',#816,#817,#659,.T.);
#1006=EDGE_CURVE('',#817,#818,#332,.T.);
#1007=EDGE_CURVE('',#818,#819,#660,.T.);
#1008=EDGE_CURVE('',#819,#820,#333,.T.);
#1009=EDGE_CURVE('',#820,#821,#661,.T.);
#1010=EDGE_CURVE('',#821,#822,#334,.T.);
#1011=EDGE_CURVE('',#822,#823,#662,.T.);
#1012=EDGE_CURVE('',#823,#824,#335,.T.);
#1013=EDGE_CURVE('',#824,#825,#663,.T.);
#1014=EDGE_CURVE('',#825,#826,#336,.T.);
#1015=EDGE_CURVE('',#826,#827,#664,.T.);
#1016=EDGE_CURVE('',#827,#828,#337,.T.);
#1017=EDGE_CURVE('',#828,#829,#665,.T.);
#1018=EDGE_CURVE('',#829,#830,#338,.T.);
#1019=EDGE_CURVE('',#830,#831,#666,.T.);
#1020=EDGE_CURVE('',#831,#832,#339,.T.);
#1021=EDGE_CURVE('',#832,#833,#667,.T.);
#1022=EDGE_CURVE('',#833,#834,#340,.T.);
#1023=EDGE_CURVE('',#834,#835,#668,.T.);
#1024=EDGE_CURVE('',#835,#836,#341,.T.);
#1025=EDGE_CURVE('',#836,#837,#669,.T.);
#1026=EDGE_CURVE('',#837,#838,#342,.T.);
#1027=EDGE_CURVE('',#838,#839,#670,.T.);
#1028=EDGE_CURVE('',#839,#840,#343,.T.);
#1029=EDGE_CURVE('',#840,#841,#671,.T.);
#1030=EDGE_CURVE('',#841,#778,#344,.T.);
#1031=EDGE_CURVE('',#700,#842,#345,.T.);
#1032=EDGE_CURVE('',#843,#842,#672,.T.);
#1033=EDGE_CURVE('',#843,#844,#346,.T.);
#1034=EDGE_CURVE('',#845,#844,#673,.T.);
#1035=EDGE_CURVE('',#845,#697,#347,.T.);
#1036=EDGE_CURVE('',#842,#776,#348,.T.);
#1037=EDGE_CURVE('',#779,#709,#349,.T.);
#1038=EDGE_CURVE('',#708,#778,#350,.T.);
#1039=EDGE_CURVE('',#841,#710,#351,.T.);
#1040=EDGE_CURVE('',#711,#840,#352,.T.);
#1041=EDGE_CURVE('',#839,#712,#353,.T.);
#1042=EDGE_CURVE('',#713,#838,#354,.T.);
#1043=EDGE_CURVE('',#837,#714,#355,.T.);
#1044=EDGE_CURVE('',#715,#836,#356,.T.);
#1045=EDGE_CURVE('',#835,#716,#357,.T.);
#1046=EDGE_CURVE('',#717,#834,#358,.T.);
#1047=EDGE_CURVE('',#833,#718,#359,.T.);
#1048=EDGE_CURVE('',#719,#832,#360,.T.);
#1049=EDGE_CURVE('',#831,#720,#361,.T.);
#1050=EDGE_CURVE('',#721,#830,#362,.T.);
#1051=EDGE_CURVE('',#829,#722,#363,.T.);
#1052=EDGE_CURVE('',#723,#828,#364,.T.);
#1053=EDGE_CURVE('',#827,#724,#365,.T.);
#1054=EDGE_CURVE('',#725,#826,#366,.T.);
#1055=EDGE_CURVE('',#825,#726,#367,.T.);
#1056=EDGE_CURVE('',#727,#824,#368,.T.);
#1057=EDGE_CURVE('',#823,#728,#369,.T.);
#1058=EDGE_CURVE('',#729,#822,#370,.T.);
#1059=EDGE_CURVE('',#821,#730,#371,.T.);
#1060=EDGE_CURVE('',#731,#820,#372,.T.);
#1061=EDGE_CURVE('',#819,#732,#373,.T.);
#1062=EDGE_CURVE('',#733,#818,#374,.T.);
#1063=EDGE_CURVE('',#817,#734,#375,.T.);
#1064=EDGE_CURVE('',#735,#816,#376,.T.);
#1065=EDGE_CURVE('',#771,#780,#377,.T.);
#1066=EDGE_CURVE('',#813,#738,#378,.T.);
#1067=EDGE_CURVE('',#739,#812,#379,.T.);
#1068=EDGE_CURVE('',#811,#740,#380,.T.);
#1069=EDGE_CURVE('',#741,#810,#381,.T.);
#1070=EDGE_CURVE('',#809,#742,#382,.T.);
#1071=EDGE_CURVE('',#743,#808,#383,.T.);
#1072=EDGE_CURVE('',#807,#744,#384,.T.);
#1073=EDGE_CURVE('',#745,#806,#385,.T.);
#1074=EDGE_CURVE('',#805,#746,#386,.T.);
#1075=EDGE_CURVE('',#747,#804,#387,.T.);
#1076=EDGE_CURVE('',#803,#748,#388,.T.);
#1077=EDGE_CURVE('',#749,#802,#389,.T.);
#1078=EDGE_CURVE('',#801,#750,#390,.T.);
#1079=EDGE_CURVE('',#751,#800,#391,.T.);
#1080=EDGE_CURVE('',#799,#752,#392,.T.);
#1081=EDGE_CURVE('',#753,#798,#393,.T.);
#1082=EDGE_CURVE('',#797,#754,#394,.T.);
#1083=EDGE_CURVE('',#755,#796,#395,.T.);
#1084=EDGE_CURVE('',#795,#756,#396,.T.);
#1085=EDGE_CURVE('',#757,#794,#397,.T.);
#1086=EDGE_CURVE('',#793,#758,#398,.T.);
#1087=EDGE_CURVE('',#759,#792,#399,.T.);
#1088=EDGE_CURVE('',#791,#760,#400,.T.);
#1089=EDGE_CURVE('',#761,#790,#401,.T.);
#1090=EDGE_CURVE('',#789,#762,#402,.T.);
#1091=EDGE_CURVE('',#763,#788,#403,.T.);
#1092=EDGE_CURVE('',#787,#764,#404,.T.);
#1093=EDGE_CURVE('',#765,#786,#405,.T.);
#1094=EDGE_CURVE('',#814,#737,#406,.T.);
#1095=EDGE_CURVE('',#781,#770,#407,.T.);
#1096=EDGE_CURVE('',#736,#815,#408,.T.);
#1097=EDGE_CURVE('',#782,#769,#409,.T.);
#1098=EDGE_CURVE('',#768,#783,#410,.T.);
#1099=EDGE_CURVE('',#784,#767,#411,.T.);
#1100=EDGE_CURVE('',#766,#785,#412,.T.);
#1101=EDGE_CURVE('',#775,#843,#413,.T.);
#1102=EDGE_CURVE('',#844,#774,#414,.T.);
#1103=EDGE_CURVE('',#773,#845,#415,.T.);
#1104=ORIENTED_EDGE('',*,*,#846,.T.);
#1105=ORIENTED_EDGE('',*,*,#847,.T.);
#1106=ORIENTED_EDGE('',*,*,#848,.T.);
#1107=ORIENTED_EDGE('',*,*,#849,.T.);
#1108=ORIENTED_EDGE('',*,*,#847,.F.);
#1109=ORIENTED_EDGE('',*,*,#850,.F.);
#1110=ORIENTED_EDGE('',*,*,#851,.F.);
#1111=ORIENTED_EDGE('',*,*,#852,.F.);
#1112=ORIENTED_EDGE('',*,*,#853,.T.);
#1113=ORIENTED_EDGE('',*,*,#854,.T.);
#1114=ORIENTED_EDGE('',*,*,#855,.T.);
#1115=ORIENTED_EDGE('',*,*,#851,.T.);
#1116=ORIENTED_EDGE('',*,*,#854,.F.);
#1117=ORIENTED_EDGE('',*,*,#856,.T.);
#1118=ORIENTED_EDGE('',*,*,#857,.F.);
#1119=ORIENTED_EDGE('',*,*,#858,.F.);
#1120=ORIENTED_EDGE('',*,*,#859,.T.);
#1121=ORIENTED_EDGE('',*,*,#857,.T.);
#1122=ORIENTED_EDGE('',*,*,#860,.T.);
#1123=ORIENTED_EDGE('',*,*,#861,.T.);
#1124=ORIENTED_EDGE('',*,*,#862,.T.);
#1125=ORIENTED_EDGE('',*,*,#863,.T.);
#1126=ORIENTED_EDGE('',*,*,#864,.T.);
#1127=ORIENTED_EDGE('',*,*,#865,.T.);
#1128=ORIENTED_EDGE('',*,*,#863,.F.);
#1129=ORIENTED_EDGE('',*,*,#866,.T.);
#1130=ORIENTED_EDGE('',*,*,#867,.F.);
#1131=ORIENTED_EDGE('',*,*,#868,.F.);
#1132=ORIENTED_EDGE('',*,*,#869,.T.);
#1133=ORIENTED_EDGE('',*,*,#867,.T.);
#1134=ORIENTED_EDGE('',*,*,#870,.T.);
#1135=ORIENTED_EDGE('',*,*,#871,.T.);
#1136=ORIENTED_EDGE('',*,*,#872,.T.);
#1137=ORIENTED_EDGE('',*,*,#873,.T.);
#1138=ORIENTED_EDGE('',*,*,#874,.T.);
#1139=ORIENTED_EDGE('',*,*,#875,.T.);
#1140=ORIENTED_EDGE('',*,*,#873,.F.);
#1141=ORIENTED_EDGE('',*,*,#876,.T.);
#1142=ORIENTED_EDGE('',*,*,#877,.F.);
#1143=ORIENTED_EDGE('',*,*,#878,.F.);
#1144=ORIENTED_EDGE('',*,*,#879,.T.);
#1145=ORIENTED_EDGE('',*,*,#877,.T.);
#1146=ORIENTED_EDGE('',*,*,#880,.T.);
#1147=ORIENTED_EDGE('',*,*,#881,.T.);
#1148=ORIENTED_EDGE('',*,*,#882,.F.);
#1149=ORIENTED_EDGE('',*,*,#883,.T.);
#1150=ORIENTED_EDGE('',*,*,#884,.F.);
#1151=ORIENTED_EDGE('',*,*,#885,.F.);
#1152=ORIENTED_EDGE('',*,*,#886,.F.);
#1153=ORIENTED_EDGE('',*,*,#887,.T.);
#1154=ORIENTED_EDGE('',*,*,#888,.T.);
#1155=ORIENTED_EDGE('',*,*,#887,.F.);
#1156=ORIENTED_EDGE('',*,*,#871,.F.);
#1157=ORIENTED_EDGE('',*,*,#889,.F.);
#1158=ORIENTED_EDGE('',*,*,#882,.T.);
#1159=ORIENTED_EDGE('',*,*,#890,.F.);
#1160=ORIENTED_EDGE('',*,*,#849,.F.);
#1161=ORIENTED_EDGE('',*,*,#891,.F.);
#1162=ORIENTED_EDGE('',*,*,#861,.F.);
#1163=ORIENTED_EDGE('',*,*,#892,.F.);
#1164=ORIENTED_EDGE('',*,*,#865,.F.);
#1165=ORIENTED_EDGE('',*,*,#893,.F.);
#1166=ORIENTED_EDGE('',*,*,#884,.T.);
#1167=ORIENTED_EDGE('',*,*,#894,.F.);
#1168=ORIENTED_EDGE('',*,*,#895,.F.);
#1169=ORIENTED_EDGE('',*,*,#896,.F.);
#1170=ORIENTED_EDGE('',*,*,#897,.F.);
#1171=ORIENTED_EDGE('',*,*,#898,.F.);
#1172=ORIENTED_EDGE('',*,*,#899,.F.);
#1173=ORIENTED_EDGE('',*,*,#900,.F.);
#1174=ORIENTED_EDGE('',*,*,#901,.F.);
#1175=ORIENTED_EDGE('',*,*,#902,.F.);
#1176=ORIENTED_EDGE('',*,*,#903,.F.);
#1177=ORIENTED_EDGE('',*,*,#904,.F.);
#1178=ORIENTED_EDGE('',*,*,#905,.F.);
#1179=ORIENTED_EDGE('',*,*,#906,.F.);
#1180=ORIENTED_EDGE('',*,*,#907,.F.);
#1181=ORIENTED_EDGE('',*,*,#908,.F.);
#1182=ORIENTED_EDGE('',*,*,#909,.F.);
#1183=ORIENTED_EDGE('',*,*,#910,.F.);
#1184=ORIENTED_EDGE('',*,*,#911,.F.);
#1185=ORIENTED_EDGE('',*,*,#912,.F.);
#1186=ORIENTED_EDGE('',*,*,#913,.F.);
#1187=ORIENTED_EDGE('',*,*,#914,.F.);
#1188=ORIENTED_EDGE('',*,*,#915,.F.);
#1189=ORIENTED_EDGE('',*,*,#916,.F.);
#1190=ORIENTED_EDGE('',*,*,#917,.F.);
#1191=ORIENTED_EDGE('',*,*,#918,.F.);
#1192=ORIENTED_EDGE('',*,*,#919,.F.);
#1193=ORIENTED_EDGE('',*,*,#920,.F.);
#1194=ORIENTED_EDGE('',*,*,#921,.F.);
#1195=ORIENTED_EDGE('',*,*,#922,.F.);
#1196=ORIENTED_EDGE('',*,*,#923,.F.);
#1197=ORIENTED_EDGE('',*,*,#924,.F.);
#1198=ORIENTED_EDGE('',*,*,#925,.F.);
#1199=ORIENTED_EDGE('',*,*,#926,.F.);
#1200=ORIENTED_EDGE('',*,*,#927,.F.);
#1201=ORIENTED_EDGE('',*,*,#928,.F.);
#1202=ORIENTED_EDGE('',*,*,#929,.F.);
#1203=ORIENTED_EDGE('',*,*,#930,.F.);
#1204=ORIENTED_EDGE('',*,*,#931,.F.);
#1205=ORIENTED_EDGE('',*,*,#932,.F.);
#1206=ORIENTED_EDGE('',*,*,#933,.F.);
#1207=ORIENTED_EDGE('',*,*,#934,.F.);
#1208=ORIENTED_EDGE('',*,*,#935,.F.);
#1209=ORIENTED_EDGE('',*,*,#936,.F.);
#1210=ORIENTED_EDGE('',*,*,#937,.F.);
#1211=ORIENTED_EDGE('',*,*,#938,.F.);
#1212=ORIENTED_EDGE('',*,*,#939,.F.);
#1213=ORIENTED_EDGE('',*,*,#940,.F.);
#1214=ORIENTED_EDGE('',*,*,#941,.F.);
#1215=ORIENTED_EDGE('',*,*,#942,.F.);
#1216=ORIENTED_EDGE('',*,*,#943,.F.);
#1217=ORIENTED_EDGE('',*,*,#944,.F.);
#1218=ORIENTED_EDGE('',*,*,#945,.F.);
#1219=ORIENTED_EDGE('',*,*,#946,.F.);
#1220=ORIENTED_EDGE('',*,*,#947,.F.);
#1221=ORIENTED_EDGE('',*,*,#948,.F.);
#1222=ORIENTED_EDGE('',*,*,#949,.F.);
#1223=ORIENTED_EDGE('',*,*,#950,.F.);
#1224=ORIENTED_EDGE('',*,*,#951,.F.);
#1225=ORIENTED_EDGE('',*,*,#952,.F.);
#1226=ORIENTED_EDGE('',*,*,#953,.F.);
#1227=ORIENTED_EDGE('',*,*,#954,.F.);
#1228=ORIENTED_EDGE('',*,*,#955,.F.);
#1229=ORIENTED_EDGE('',*,*,#956,.F.);
#1230=ORIENTED_EDGE('',*,*,#957,.F.);
#1231=ORIENTED_EDGE('',*,*,#958,.F.);
#1232=ORIENTED_EDGE('',*,*,#889,.T.);
#1233=ORIENTED_EDGE('',*,*,#870,.F.);
#1234=ORIENTED_EDGE('',*,*,#866,.F.);
#1235=ORIENTED_EDGE('',*,*,#862,.F.);
#1236=ORIENTED_EDGE('',*,*,#894,.T.);
#1237=ORIENTED_EDGE('',*,*,#883,.F.);
#1238=ORIENTED_EDGE('',*,*,#888,.F.);
#1239=ORIENTED_EDGE('',*,*,#959,.F.);
#1240=ORIENTED_EDGE('',*,*,#960,.T.);
#1241=ORIENTED_EDGE('',*,*,#961,.F.);
#1242=ORIENTED_EDGE('',*,*,#962,.T.);
#1243=ORIENTED_EDGE('',*,*,#963,.F.);
#1244=ORIENTED_EDGE('',*,*,#964,.T.);
#1245=ORIENTED_EDGE('',*,*,#880,.F.);
#1246=ORIENTED_EDGE('',*,*,#876,.F.);
#1247=ORIENTED_EDGE('',*,*,#872,.F.);
#1248=ORIENTED_EDGE('',*,*,#850,.T.);
#1249=ORIENTED_EDGE('',*,*,#846,.F.);
#1250=ORIENTED_EDGE('',*,*,#892,.T.);
#1251=ORIENTED_EDGE('',*,*,#860,.F.);
#1252=ORIENTED_EDGE('',*,*,#856,.F.);
#1253=ORIENTED_EDGE('',*,*,#853,.F.);
#1254=ORIENTED_EDGE('',*,*,#965,.F.);
#1255=ORIENTED_EDGE('',*,*,#966,.T.);
#1256=ORIENTED_EDGE('',*,*,#959,.T.);
#1257=ORIENTED_EDGE('',*,*,#966,.F.);
#1258=ORIENTED_EDGE('',*,*,#967,.T.);
#1259=ORIENTED_EDGE('',*,*,#968,.T.);
#1260=ORIENTED_EDGE('',*,*,#969,.T.);
#1261=ORIENTED_EDGE('',*,*,#970,.T.);
#1262=ORIENTED_EDGE('',*,*,#971,.F.);
#1263=ORIENTED_EDGE('',*,*,#972,.T.);
#1264=ORIENTED_EDGE('',*,*,#973,.F.);
#1265=ORIENTED_EDGE('',*,*,#974,.T.);
#1266=ORIENTED_EDGE('',*,*,#975,.T.);
#1267=ORIENTED_EDGE('',*,*,#976,.T.);
#1268=ORIENTED_EDGE('',*,*,#977,.T.);
#1269=ORIENTED_EDGE('',*,*,#978,.T.);
#1270=ORIENTED_EDGE('',*,*,#979,.T.);
#1271=ORIENTED_EDGE('',*,*,#980,.T.);
#1272=ORIENTED_EDGE('',*,*,#981,.T.);
#1273=ORIENTED_EDGE('',*,*,#982,.T.);
#1274=ORIENTED_EDGE('',*,*,#983,.T.);
#1275=ORIENTED_EDGE('',*,*,#984,.T.);
#1276=ORIENTED_EDGE('',*,*,#985,.T.);
#1277=ORIENTED_EDGE('',*,*,#986,.T.);
#1278=ORIENTED_EDGE('',*,*,#987,.T.);
#1279=ORIENTED_EDGE('',*,*,#988,.T.);
#1280=ORIENTED_EDGE('',*,*,#989,.T.);
#1281=ORIENTED_EDGE('',*,*,#990,.T.);
#1282=ORIENTED_EDGE('',*,*,#991,.T.);
#1283=ORIENTED_EDGE('',*,*,#992,.T.);
#1284=ORIENTED_EDGE('',*,*,#993,.T.);
#1285=ORIENTED_EDGE('',*,*,#994,.T.);
#1286=ORIENTED_EDGE('',*,*,#995,.T.);
#1287=ORIENTED_EDGE('',*,*,#996,.T.);
#1288=ORIENTED_EDGE('',*,*,#997,.T.);
#1289=ORIENTED_EDGE('',*,*,#998,.T.);
#1290=ORIENTED_EDGE('',*,*,#999,.T.);
#1291=ORIENTED_EDGE('',*,*,#1000,.T.);
#1292=ORIENTED_EDGE('',*,*,#1001,.T.);
#1293=ORIENTED_EDGE('',*,*,#1002,.T.);
#1294=ORIENTED_EDGE('',*,*,#1003,.F.);
#1295=ORIENTED_EDGE('',*,*,#1004,.T.);
#1296=ORIENTED_EDGE('',*,*,#1005,.T.);
#1297=ORIENTED_EDGE('',*,*,#1006,.T.);
#1298=ORIENTED_EDGE('',*,*,#1007,.T.);
#1299=ORIENTED_EDGE('',*,*,#1008,.T.);
#1300=ORIENTED_EDGE('',*,*,#1009,.T.);
#1301=ORIENTED_EDGE('',*,*,#1010,.T.);
#1302=ORIENTED_EDGE('',*,*,#1011,.T.);
#1303=ORIENTED_EDGE('',*,*,#1012,.T.);
#1304=ORIENTED_EDGE('',*,*,#1013,.T.);
#1305=ORIENTED_EDGE('',*,*,#1014,.T.);
#1306=ORIENTED_EDGE('',*,*,#1015,.T.);
#1307=ORIENTED_EDGE('',*,*,#1016,.T.);
#1308=ORIENTED_EDGE('',*,*,#1017,.T.);
#1309=ORIENTED_EDGE('',*,*,#1018,.T.);
#1310=ORIENTED_EDGE('',*,*,#1019,.T.);
#1311=ORIENTED_EDGE('',*,*,#1020,.T.);
#1312=ORIENTED_EDGE('',*,*,#1021,.T.);
#1313=ORIENTED_EDGE('',*,*,#1022,.T.);
#1314=ORIENTED_EDGE('',*,*,#1023,.T.);
#1315=ORIENTED_EDGE('',*,*,#1024,.T.);
#1316=ORIENTED_EDGE('',*,*,#1025,.T.);
#1317=ORIENTED_EDGE('',*,*,#1026,.T.);
#1318=ORIENTED_EDGE('',*,*,#1027,.T.);
#1319=ORIENTED_EDGE('',*,*,#1028,.T.);
#1320=ORIENTED_EDGE('',*,*,#1029,.T.);
#1321=ORIENTED_EDGE('',*,*,#1030,.T.);
#1322=ORIENTED_EDGE('',*,*,#891,.T.);
#1323=ORIENTED_EDGE('',*,*,#848,.F.);
#1324=ORIENTED_EDGE('',*,*,#852,.T.);
#1325=ORIENTED_EDGE('',*,*,#855,.F.);
#1326=ORIENTED_EDGE('',*,*,#858,.T.);
#1327=ORIENTED_EDGE('',*,*,#859,.F.);
#1328=ORIENTED_EDGE('',*,*,#886,.T.);
#1329=ORIENTED_EDGE('',*,*,#885,.T.);
#1330=ORIENTED_EDGE('',*,*,#893,.T.);
#1331=ORIENTED_EDGE('',*,*,#864,.F.);
#1332=ORIENTED_EDGE('',*,*,#868,.T.);
#1333=ORIENTED_EDGE('',*,*,#869,.F.);
#1334=ORIENTED_EDGE('',*,*,#890,.T.);
#1335=ORIENTED_EDGE('',*,*,#965,.T.);
#1336=ORIENTED_EDGE('',*,*,#878,.T.);
#1337=ORIENTED_EDGE('',*,*,#879,.F.);
#1338=ORIENTED_EDGE('',*,*,#1031,.T.);
#1339=ORIENTED_EDGE('',*,*,#1032,.F.);
#1340=ORIENTED_EDGE('',*,*,#1033,.T.);
#1341=ORIENTED_EDGE('',*,*,#1034,.F.);
#1342=ORIENTED_EDGE('',*,*,#1035,.T.);
#1343=ORIENTED_EDGE('',*,*,#874,.F.);
#1344=ORIENTED_EDGE('',*,*,#881,.F.);
#1345=ORIENTED_EDGE('',*,*,#964,.F.);
#1346=ORIENTED_EDGE('',*,*,#1036,.F.);
#1347=ORIENTED_EDGE('',*,*,#1031,.F.);
#1348=ORIENTED_EDGE('',*,*,#895,.T.);
#1349=ORIENTED_EDGE('',*,*,#1037,.F.);
#1350=ORIENTED_EDGE('',*,*,#967,.F.);
#1351=ORIENTED_EDGE('',*,*,#1038,.F.);
#1352=ORIENTED_EDGE('',*,*,#1038,.T.);
#1353=ORIENTED_EDGE('',*,*,#1030,.F.);
#1354=ORIENTED_EDGE('',*,*,#1039,.T.);
#1355=ORIENTED_EDGE('',*,*,#896,.T.);
#1356=ORIENTED_EDGE('',*,*,#897,.T.);
#1357=ORIENTED_EDGE('',*,*,#1039,.F.);
#1358=ORIENTED_EDGE('',*,*,#1029,.F.);
#1359=ORIENTED_EDGE('',*,*,#1040,.F.);
#1360=ORIENTED_EDGE('',*,*,#1040,.T.);
#1361=ORIENTED_EDGE('',*,*,#1028,.F.);
#1362=ORIENTED_EDGE('',*,*,#1041,.T.);
#1363=ORIENTED_EDGE('',*,*,#898,.T.);
#1364=ORIENTED_EDGE('',*,*,#899,.T.);
#1365=ORIENTED_EDGE('',*,*,#1041,.F.);
#1366=ORIENTED_EDGE('',*,*,#1027,.F.);
#1367=ORIENTED_EDGE('',*,*,#1042,.F.);
#1368=ORIENTED_EDGE('',*,*,#1042,.T.);
#1369=ORIENTED_EDGE('',*,*,#1026,.F.);
#1370=ORIENTED_EDGE('',*,*,#1043,.T.);
#1371=ORIENTED_EDGE('',*,*,#900,.T.);
#1372=ORIENTED_EDGE('',*,*,#901,.T.);
#1373=ORIENTED_EDGE('',*,*,#1043,.F.);
#1374=ORIENTED_EDGE('',*,*,#1025,.F.);
#1375=ORIENTED_EDGE('',*,*,#1044,.F.);
#1376=ORIENTED_EDGE('',*,*,#1044,.T.);
#1377=ORIENTED_EDGE('',*,*,#1024,.F.);
#1378=ORIENTED_EDGE('',*,*,#1045,.T.);
#1379=ORIENTED_EDGE('',*,*,#902,.T.);
#1380=ORIENTED_EDGE('',*,*,#903,.T.);
#1381=ORIENTED_EDGE('',*,*,#1045,.F.);
#1382=ORIENTED_EDGE('',*,*,#1023,.F.);
#1383=ORIENTED_EDGE('',*,*,#1046,.F.);
#1384=ORIENTED_EDGE('',*,*,#1046,.T.);
#1385=ORIENTED_EDGE('',*,*,#1022,.F.);
#1386=ORIENTED_EDGE('',*,*,#1047,.T.);
#1387=ORIENTED_EDGE('',*,*,#904,.T.);
#1388=ORIENTED_EDGE('',*,*,#905,.T.);
#1389=ORIENTED_EDGE('',*,*,#1047,.F.);
#1390=ORIENTED_EDGE('',*,*,#1021,.F.);
#1391=ORIENTED_EDGE('',*,*,#1048,.F.);
#1392=ORIENTED_EDGE('',*,*,#1048,.T.);
#1393=ORIENTED_EDGE('',*,*,#1020,.F.);
#1394=ORIENTED_EDGE('',*,*,#1049,.T.);
#1395=ORIENTED_EDGE('',*,*,#906,.T.);
#1396=ORIENTED_EDGE('',*,*,#907,.T.);
#1397=ORIENTED_EDGE('',*,*,#1049,.F.);
#1398=ORIENTED_EDGE('',*,*,#1019,.F.);
#1399=ORIENTED_EDGE('',*,*,#1050,.F.);
#1400=ORIENTED_EDGE('',*,*,#1050,.T.);
#1401=ORIENTED_EDGE('',*,*,#1018,.F.);
#1402=ORIENTED_EDGE('',*,*,#1051,.T.);
#1403=ORIENTED_EDGE('',*,*,#908,.T.);
#1404=ORIENTED_EDGE('',*,*,#909,.T.);
#1405=ORIENTED_EDGE('',*,*,#1051,.F.);
#1406=ORIENTED_EDGE('',*,*,#1017,.F.);
#1407=ORIENTED_EDGE('',*,*,#1052,.F.);
#1408=ORIENTED_EDGE('',*,*,#1052,.T.);
#1409=ORIENTED_EDGE('',*,*,#1016,.F.);
#1410=ORIENTED_EDGE('',*,*,#1053,.T.);
#1411=ORIENTED_EDGE('',*,*,#910,.T.);
#1412=ORIENTED_EDGE('',*,*,#911,.T.);
#1413=ORIENTED_EDGE('',*,*,#1053,.F.);
#1414=ORIENTED_EDGE('',*,*,#1015,.F.);
#1415=ORIENTED_EDGE('',*,*,#1054,.F.);
#1416=ORIENTED_EDGE('',*,*,#1054,.T.);
#1417=ORIENTED_EDGE('',*,*,#1014,.F.);
#1418=ORIENTED_EDGE('',*,*,#1055,.T.);
#1419=ORIENTED_EDGE('',*,*,#912,.T.);
#1420=ORIENTED_EDGE('',*,*,#913,.T.);
#1421=ORIENTED_EDGE('',*,*,#1055,.F.);
#1422=ORIENTED_EDGE('',*,*,#1013,.F.);
#1423=ORIENTED_EDGE('',*,*,#1056,.F.);
#1424=ORIENTED_EDGE('',*,*,#1056,.T.);
#1425=ORIENTED_EDGE('',*,*,#1012,.F.);
#1426=ORIENTED_EDGE('',*,*,#1057,.T.);
#1427=ORIENTED_EDGE('',*,*,#914,.T.);
#1428=ORIENTED_EDGE('',*,*,#915,.T.);
#1429=ORIENTED_EDGE('',*,*,#1057,.F.);
#1430=ORIENTED_EDGE('',*,*,#1011,.F.);
#1431=ORIENTED_EDGE('',*,*,#1058,.F.);
#1432=ORIENTED_EDGE('',*,*,#1058,.T.);
#1433=ORIENTED_EDGE('',*,*,#1010,.F.);
#1434=ORIENTED_EDGE('',*,*,#1059,.T.);
#1435=ORIENTED_EDGE('',*,*,#916,.T.);
#1436=ORIENTED_EDGE('',*,*,#917,.T.);
#1437=ORIENTED_EDGE('',*,*,#1059,.F.);
#1438=ORIENTED_EDGE('',*,*,#1009,.F.);
#1439=ORIENTED_EDGE('',*,*,#1060,.F.);
#1440=ORIENTED_EDGE('',*,*,#1060,.T.);
#1441=ORIENTED_EDGE('',*,*,#1008,.F.);
#1442=ORIENTED_EDGE('',*,*,#1061,.T.);
#1443=ORIENTED_EDGE('',*,*,#918,.T.);
#1444=ORIENTED_EDGE('',*,*,#919,.T.);
#1445=ORIENTED_EDGE('',*,*,#1061,.F.);
#1446=ORIENTED_EDGE('',*,*,#1007,.F.);
#1447=ORIENTED_EDGE('',*,*,#1062,.F.);
#1448=ORIENTED_EDGE('',*,*,#1062,.T.);
#1449=ORIENTED_EDGE('',*,*,#1006,.F.);
#1450=ORIENTED_EDGE('',*,*,#1063,.T.);
#1451=ORIENTED_EDGE('',*,*,#920,.T.);
#1452=ORIENTED_EDGE('',*,*,#921,.T.);
#1453=ORIENTED_EDGE('',*,*,#1063,.F.);
#1454=ORIENTED_EDGE('',*,*,#1005,.F.);
#1455=ORIENTED_EDGE('',*,*,#1064,.F.);
#1456=ORIENTED_EDGE('',*,*,#1037,.T.);
#1457=ORIENTED_EDGE('',*,*,#958,.T.);
#1458=ORIENTED_EDGE('',*,*,#1065,.T.);
#1459=ORIENTED_EDGE('',*,*,#968,.F.);
#1460=ORIENTED_EDGE('',*,*,#925,.T.);
#1461=ORIENTED_EDGE('',*,*,#1066,.F.);
#1462=ORIENTED_EDGE('',*,*,#1001,.F.);
#1463=ORIENTED_EDGE('',*,*,#1067,.F.);
#1464=ORIENTED_EDGE('',*,*,#1067,.T.);
#1465=ORIENTED_EDGE('',*,*,#1000,.F.);
#1466=ORIENTED_EDGE('',*,*,#1068,.T.);
#1467=ORIENTED_EDGE('',*,*,#926,.T.);
#1468=ORIENTED_EDGE('',*,*,#927,.T.);
#1469=ORIENTED_EDGE('',*,*,#1068,.F.);
#1470=ORIENTED_EDGE('',*,*,#999,.F.);
#1471=ORIENTED_EDGE('',*,*,#1069,.F.);
#1472=ORIENTED_EDGE('',*,*,#1069,.T.);
#1473=ORIENTED_EDGE('',*,*,#998,.F.);
#1474=ORIENTED_EDGE('',*,*,#1070,.T.);
#1475=ORIENTED_EDGE('',*,*,#928,.T.);
#1476=ORIENTED_EDGE('',*,*,#929,.T.);
#1477=ORIENTED_EDGE('',*,*,#1070,.F.);
#1478=ORIENTED_EDGE('',*,*,#997,.F.);
#1479=ORIENTED_EDGE('',*,*,#1071,.F.);
#1480=ORIENTED_EDGE('',*,*,#1071,.T.);
#1481=ORIENTED_EDGE('',*,*,#996,.F.);
#1482=ORIENTED_EDGE('',*,*,#1072,.T.);
#1483=ORIENTED_EDGE('',*,*,#930,.T.);
#1484=ORIENTED_EDGE('',*,*,#931,.T.);
#1485=ORIENTED_EDGE('',*,*,#1072,.F.);
#1486=ORIENTED_EDGE('',*,*,#995,.F.);
#1487=ORIENTED_EDGE('',*,*,#1073,.F.);
#1488=ORIENTED_EDGE('',*,*,#1073,.T.);
#1489=ORIENTED_EDGE('',*,*,#994,.F.);
#1490=ORIENTED_EDGE('',*,*,#1074,.T.);
#1491=ORIENTED_EDGE('',*,*,#932,.T.);
#1492=ORIENTED_EDGE('',*,*,#933,.T.);
#1493=ORIENTED_EDGE('',*,*,#1074,.F.);
#1494=ORIENTED_EDGE('',*,*,#993,.F.);
#1495=ORIENTED_EDGE('',*,*,#1075,.F.);
#1496=ORIENTED_EDGE('',*,*,#1075,.T.);
#1497=ORIENTED_EDGE('',*,*,#992,.F.);
#1498=ORIENTED_EDGE('',*,*,#1076,.T.);
#1499=ORIENTED_EDGE('',*,*,#934,.T.);
#1500=ORIENTED_EDGE('',*,*,#935,.T.);
#1501=ORIENTED_EDGE('',*,*,#1076,.F.);
#1502=ORIENTED_EDGE('',*,*,#991,.F.);
#1503=ORIENTED_EDGE('',*,*,#1077,.F.);
#1504=ORIENTED_EDGE('',*,*,#1077,.T.);
#1505=ORIENTED_EDGE('',*,*,#990,.F.);
#1506=ORIENTED_EDGE('',*,*,#1078,.T.);
#1507=ORIENTED_EDGE('',*,*,#936,.T.);
#1508=ORIENTED_EDGE('',*,*,#937,.T.);
#1509=ORIENTED_EDGE('',*,*,#1078,.F.);
#1510=ORIENTED_EDGE('',*,*,#989,.F.);
#1511=ORIENTED_EDGE('',*,*,#1079,.F.);
#1512=ORIENTED_EDGE('',*,*,#1079,.T.);
#1513=ORIENTED_EDGE('',*,*,#988,.F.);
#1514=ORIENTED_EDGE('',*,*,#1080,.T.);
#1515=ORIENTED_EDGE('',*,*,#938,.T.);
#1516=ORIENTED_EDGE('',*,*,#939,.T.);
#1517=ORIENTED_EDGE('',*,*,#1080,.F.);
#1518=ORIENTED_EDGE('',*,*,#987,.F.);
#1519=ORIENTED_EDGE('',*,*,#1081,.F.);
#1520=ORIENTED_EDGE('',*,*,#1081,.T.);
#1521=ORIENTED_EDGE('',*,*,#986,.F.);
#1522=ORIENTED_EDGE('',*,*,#1082,.T.);
#1523=ORIENTED_EDGE('',*,*,#940,.T.);
#1524=ORIENTED_EDGE('',*,*,#941,.T.);
#1525=ORIENTED_EDGE('',*,*,#1082,.F.);
#1526=ORIENTED_EDGE('',*,*,#985,.F.);
#1527=ORIENTED_EDGE('',*,*,#1083,.F.);
#1528=ORIENTED_EDGE('',*,*,#1083,.T.);
#1529=ORIENTED_EDGE('',*,*,#984,.F.);
#1530=ORIENTED_EDGE('',*,*,#1084,.T.);
#1531=ORIENTED_EDGE('',*,*,#942,.T.);
#1532=ORIENTED_EDGE('',*,*,#943,.T.);
#1533=ORIENTED_EDGE('',*,*,#1084,.F.);
#1534=ORIENTED_EDGE('',*,*,#983,.F.);
#1535=ORIENTED_EDGE('',*,*,#1085,.F.);
#1536=ORIENTED_EDGE('',*,*,#1085,.T.);
#1537=ORIENTED_EDGE('',*,*,#982,.F.);
#1538=ORIENTED_EDGE('',*,*,#1086,.T.);
#1539=ORIENTED_EDGE('',*,*,#944,.T.);
#1540=ORIENTED_EDGE('',*,*,#945,.T.);
#1541=ORIENTED_EDGE('',*,*,#1086,.F.);
#1542=ORIENTED_EDGE('',*,*,#981,.F.);
#1543=ORIENTED_EDGE('',*,*,#1087,.F.);
#1544=ORIENTED_EDGE('',*,*,#1087,.T.);
#1545=ORIENTED_EDGE('',*,*,#980,.F.);
#1546=ORIENTED_EDGE('',*,*,#1088,.T.);
#1547=ORIENTED_EDGE('',*,*,#946,.T.);
#1548=ORIENTED_EDGE('',*,*,#947,.T.);
#1549=ORIENTED_EDGE('',*,*,#1088,.F.);
#1550=ORIENTED_EDGE('',*,*,#979,.F.);
#1551=ORIENTED_EDGE('',*,*,#1089,.F.);
#1552=ORIENTED_EDGE('',*,*,#1089,.T.);
#1553=ORIENTED_EDGE('',*,*,#978,.F.);
#1554=ORIENTED_EDGE('',*,*,#1090,.T.);
#1555=ORIENTED_EDGE('',*,*,#948,.T.);
#1556=ORIENTED_EDGE('',*,*,#949,.T.);
#1557=ORIENTED_EDGE('',*,*,#1090,.F.);
#1558=ORIENTED_EDGE('',*,*,#977,.F.);
#1559=ORIENTED_EDGE('',*,*,#1091,.F.);
#1560=ORIENTED_EDGE('',*,*,#1091,.T.);
#1561=ORIENTED_EDGE('',*,*,#976,.F.);
#1562=ORIENTED_EDGE('',*,*,#1092,.T.);
#1563=ORIENTED_EDGE('',*,*,#950,.T.);
#1564=ORIENTED_EDGE('',*,*,#951,.T.);
#1565=ORIENTED_EDGE('',*,*,#1092,.F.);
#1566=ORIENTED_EDGE('',*,*,#975,.F.);
#1567=ORIENTED_EDGE('',*,*,#1093,.F.);
#1568=ORIENTED_EDGE('',*,*,#1066,.T.);
#1569=ORIENTED_EDGE('',*,*,#924,.T.);
#1570=ORIENTED_EDGE('',*,*,#1094,.F.);
#1571=ORIENTED_EDGE('',*,*,#1002,.F.);
#1572=ORIENTED_EDGE('',*,*,#957,.T.);
#1573=ORIENTED_EDGE('',*,*,#1095,.F.);
#1574=ORIENTED_EDGE('',*,*,#969,.F.);
#1575=ORIENTED_EDGE('',*,*,#1065,.F.);
#1576=ORIENTED_EDGE('',*,*,#1064,.T.);
#1577=ORIENTED_EDGE('',*,*,#1004,.F.);
#1578=ORIENTED_EDGE('',*,*,#1096,.F.);
#1579=ORIENTED_EDGE('',*,*,#922,.T.);
#1580=ORIENTED_EDGE('',*,*,#1095,.T.);
#1581=ORIENTED_EDGE('',*,*,#956,.T.);
#1582=ORIENTED_EDGE('',*,*,#1097,.F.);
#1583=ORIENTED_EDGE('',*,*,#970,.F.);
#1584=ORIENTED_EDGE('',*,*,#1003,.T.);
#1585=ORIENTED_EDGE('',*,*,#1094,.T.);
#1586=ORIENTED_EDGE('',*,*,#923,.T.);
#1587=ORIENTED_EDGE('',*,*,#1096,.T.);
#1588=ORIENTED_EDGE('',*,*,#971,.T.);
#1589=ORIENTED_EDGE('',*,*,#1097,.T.);
#1590=ORIENTED_EDGE('',*,*,#955,.T.);
#1591=ORIENTED_EDGE('',*,*,#1098,.T.);
#1592=ORIENTED_EDGE('',*,*,#1098,.F.);
#1593=ORIENTED_EDGE('',*,*,#954,.T.);
#1594=ORIENTED_EDGE('',*,*,#1099,.F.);
#1595=ORIENTED_EDGE('',*,*,#972,.F.);
#1596=ORIENTED_EDGE('',*,*,#973,.T.);
#1597=ORIENTED_EDGE('',*,*,#1099,.T.);
#1598=ORIENTED_EDGE('',*,*,#953,.T.);
#1599=ORIENTED_EDGE('',*,*,#1100,.T.);
#1600=ORIENTED_EDGE('',*,*,#963,.T.);
#1601=ORIENTED_EDGE('',*,*,#1101,.T.);
#1602=ORIENTED_EDGE('',*,*,#1032,.T.);
#1603=ORIENTED_EDGE('',*,*,#1036,.T.);
#1604=ORIENTED_EDGE('',*,*,#1101,.F.);
#1605=ORIENTED_EDGE('',*,*,#962,.F.);
#1606=ORIENTED_EDGE('',*,*,#1102,.F.);
#1607=ORIENTED_EDGE('',*,*,#1033,.F.);
#1608=ORIENTED_EDGE('',*,*,#961,.T.);
#1609=ORIENTED_EDGE('',*,*,#1103,.T.);
#1610=ORIENTED_EDGE('',*,*,#1034,.T.);
#1611=ORIENTED_EDGE('',*,*,#1102,.T.);
#1612=ORIENTED_EDGE('',*,*,#875,.F.);
#1613=ORIENTED_EDGE('',*,*,#1035,.F.);
#1614=ORIENTED_EDGE('',*,*,#1103,.F.);
#1615=ORIENTED_EDGE('',*,*,#960,.F.);
#1616=ORIENTED_EDGE('',*,*,#1093,.T.);
#1617=ORIENTED_EDGE('',*,*,#974,.F.);
#1618=ORIENTED_EDGE('',*,*,#1100,.F.);
#1619=ORIENTED_EDGE('',*,*,#952,.T.);
#1620=CYLINDRICAL_SURFACE('',#1769,2.);
#1621=CYLINDRICAL_SURFACE('',#1773,2.);
#1622=CYLINDRICAL_SURFACE('',#1776,9.5);
#1623=CYLINDRICAL_SURFACE('',#1779,2.);
#1624=CYLINDRICAL_SURFACE('',#1782,3.);
#1625=CYLINDRICAL_SURFACE('',#1785,17.);
#1626=CYLINDRICAL_SURFACE('',#1788,3.);
#1627=CYLINDRICAL_SURFACE('',#1791,3.);
#1628=CYLINDRICAL_SURFACE('',#1794,17.);
#1629=CYLINDRICAL_SURFACE('',#1797,3.);
#1630=CYLINDRICAL_SURFACE('',#1800,9.5);
#1631=CYLINDRICAL_SURFACE('',#1803,5.5);
#1632=CYLINDRICAL_SURFACE('',#1845,13.);
#1633=CYLINDRICAL_SURFACE('',#1883,2.);
#1634=CYLINDRICAL_SURFACE('',#1885,2.);
#1635=CYLINDRICAL_SURFACE('',#1887,2.);
#1636=CYLINDRICAL_SURFACE('',#1889,2.);
#1637=CYLINDRICAL_SURFACE('',#1891,2.);
#1638=CYLINDRICAL_SURFACE('',#1893,2.);
#1639=CYLINDRICAL_SURFACE('',#1895,2.);
#1640=CYLINDRICAL_SURFACE('',#1897,2.);
#1641=CYLINDRICAL_SURFACE('',#1899,2.);
#1642=CYLINDRICAL_SURFACE('',#1901,2.);
#1643=CYLINDRICAL_SURFACE('',#1903,2.);
#1644=CYLINDRICAL_SURFACE('',#1905,2.);
#1645=CYLINDRICAL_SURFACE('',#1907,2.);
#1646=CYLINDRICAL_SURFACE('',#1909,2.);
#1647=CYLINDRICAL_SURFACE('',#1911,2.);
#1648=CYLINDRICAL_SURFACE('',#1913,2.);
#1649=CYLINDRICAL_SURFACE('',#1915,2.);
#1650=CYLINDRICAL_SURFACE('',#1917,2.);
#1651=CYLINDRICAL_SURFACE('',#1919,2.);
#1652=CYLINDRICAL_SURFACE('',#1921,2.);
#1653=CYLINDRICAL_SURFACE('',#1923,2.);
#1654=CYLINDRICAL_SURFACE('',#1925,2.);
#1655=CYLINDRICAL_SURFACE('',#1927,2.);
#1656=CYLINDRICAL_SURFACE('',#1929,2.);
#1657=CYLINDRICAL_SURFACE('',#1931,2.);
#1658=CYLINDRICAL_SURFACE('',#1933,2.);
#1659=CYLINDRICAL_SURFACE('',#1935,2.);
#1660=CYLINDRICAL_SURFACE('',#1937,2.);
#1661=CYLINDRICAL_SURFACE('',#1939,2.);
#1662=CYLINDRICAL_SURFACE('',#1942,2.);
#1663=CYLINDRICAL_SURFACE('',#1943,6.);
#1664=CYLINDRICAL_SURFACE('',#1945,6.);
#1665=CYLINDRICAL_SURFACE('',#1946,3.);
#1666=CYLINDRICAL_SURFACE('',#1948,3.);
#1667=ADVANCED_FACE('',(#66),#1620,.F.);
#1668=ADVANCED_FACE('',(#67),#25,.F.);
#1669=ADVANCED_FACE('',(#68),#1621,.F.);
#1670=ADVANCED_FACE('',(#69),#1622,.T.);
#1671=ADVANCED_FACE('',(#70),#1623,.F.);
#1672=ADVANCED_FACE('',(#71),#1624,.F.);
#1673=ADVANCED_FACE('',(#72),#1625,.T.);
#1674=ADVANCED_FACE('',(#73),#1626,.F.);
#1675=ADVANCED_FACE('',(#74),#1627,.F.);
#1676=ADVANCED_FACE('',(#75),#1628,.T.);
#1677=ADVANCED_FACE('',(#76),#1629,.F.);
#1678=ADVANCED_FACE('',(#77),#1630,.T.);
#1679=ADVANCED_FACE('',(#78),#1631,.F.);
#1680=ADVANCED_FACE('',(#79),#26,.F.);
#1681=ADVANCED_FACE('',(#80),#27,.F.);
#1682=ADVANCED_FACE('',(#81),#28,.F.);
#1683=ADVANCED_FACE('',(#82,#15,#16,#17,#18,#19),#29,.F.);
#1684=ADVANCED_FACE('',(#83),#1632,.F.);
#1685=ADVANCED_FACE('',(#84,#20,#21,#22,#23,#24),#30,.T.);
#1686=ADVANCED_FACE('',(#85),#31,.F.);
#1687=ADVANCED_FACE('',(#86),#1633,.T.);
#1688=ADVANCED_FACE('',(#87),#32,.T.);
#1689=ADVANCED_FACE('',(#88),#1634,.T.);
#1690=ADVANCED_FACE('',(#89),#33,.T.);
#1691=ADVANCED_FACE('',(#90),#1635,.T.);
#1692=ADVANCED_FACE('',(#91),#34,.T.);
#1693=ADVANCED_FACE('',(#92),#1636,.T.);
#1694=ADVANCED_FACE('',(#93),#35,.T.);
#1695=ADVANCED_FACE('',(#94),#1637,.T.);
#1696=ADVANCED_FACE('',(#95),#36,.T.);
#1697=ADVANCED_FACE('',(#96),#1638,.T.);
#1698=ADVANCED_FACE('',(#97),#37,.T.);
#1699=ADVANCED_FACE('',(#98),#1639,.T.);
#1700=ADVANCED_FACE('',(#99),#38,.T.);
#1701=ADVANCED_FACE('',(#100),#1640,.T.);
#1702=ADVANCED_FACE('',(#101),#39,.T.);
#1703=ADVANCED_FACE('',(#102),#1641,.T.);
#1704=ADVANCED_FACE('',(#103),#40,.T.);
#1705=ADVANCED_FACE('',(#104),#1642,.T.);
#1706=ADVANCED_FACE('',(#105),#41,.T.);
#1707=ADVANCED_FACE('',(#106),#1643,.T.);
#1708=ADVANCED_FACE('',(#107),#42,.T.);
#1709=ADVANCED_FACE('',(#108),#1644,.T.);
#1710=ADVANCED_FACE('',(#109),#43,.T.);
#1711=ADVANCED_FACE('',(#110),#1645,.T.);
#1712=ADVANCED_FACE('',(#111),#44,.T.);
#1713=ADVANCED_FACE('',(#112),#1646,.T.);
#1714=ADVANCED_FACE('',(#113),#45,.T.);
#1715=ADVANCED_FACE('',(#114),#1647,.T.);
#1716=ADVANCED_FACE('',(#115),#46,.T.);
#1717=ADVANCED_FACE('',(#116),#1648,.T.);
#1718=ADVANCED_FACE('',(#117),#47,.T.);
#1719=ADVANCED_FACE('',(#118),#1649,.T.);
#1720=ADVANCED_FACE('',(#119),#48,.T.);
#1721=ADVANCED_FACE('',(#120),#1650,.T.);
#1722=ADVANCED_FACE('',(#121),#49,.T.);
#1723=ADVANCED_FACE('',(#122),#1651,.T.);
#1724=ADVANCED_FACE('',(#123),#50,.T.);
#1725=ADVANCED_FACE('',(#124),#1652,.T.);
#1726=ADVANCED_FACE('',(#125),#51,.T.);
#1727=ADVANCED_FACE('',(#126),#1653,.T.);
#1728=ADVANCED_FACE('',(#127),#52,.T.);
#1729=ADVANCED_FACE('',(#128),#1654,.T.);
#1730=ADVANCED_FACE('',(#129),#53,.T.);
#1731=ADVANCED_FACE('',(#130),#1655,.T.);
#1732=ADVANCED_FACE('',(#131),#54,.T.);
#1733=ADVANCED_FACE('',(#132),#1656,.T.);
#1734=ADVANCED_FACE('',(#133),#55,.T.);
#1735=ADVANCED_FACE('',(#134),#1657,.T.);
#1736=ADVANCED_FACE('',(#135),#56,.T.);
#1737=ADVANCED_FACE('',(#136),#1658,.T.);
#1738=ADVANCED_FACE('',(#137),#57,.T.);
#1739=ADVANCED_FACE('',(#138),#1659,.T.);
#1740=ADVANCED_FACE('',(#139),#58,.T.);
#1741=ADVANCED_FACE('',(#140),#1660,.T.);
#1742=ADVANCED_FACE('',(#141),#59,.T.);
#1743=ADVANCED_FACE('',(#142),#1661,.T.);
#1744=ADVANCED_FACE('',(#143),#60,.T.);
#1745=ADVANCED_FACE('',(#144),#61,.T.);
#1746=ADVANCED_FACE('',(#145),#1662,.T.);
#1747=ADVANCED_FACE('',(#146),#1663,.T.);
#1748=ADVANCED_FACE('',(#147),#62,.T.);
#1749=ADVANCED_FACE('',(#148),#1664,.T.);
#1750=ADVANCED_FACE('',(#149),#1665,.F.);
#1751=ADVANCED_FACE('',(#150),#63,.F.);
#1752=ADVANCED_FACE('',(#151),#1666,.F.);
#1753=ADVANCED_FACE('',(#152),#64,.F.);
#1754=ADVANCED_FACE('',(#153),#65,.T.);
#1755=CLOSED_SHELL('',(#1667,#1668,#1669,#1670,#1671,#1672,#1673,#1674,
#1675,#1676,#1677,#1678,#1679,#1680,#1681,#1682,#1683,#1684,#1685,#1686,
#1687,#1688,#1689,#1690,#1691,#1692,#1693,#1694,#1695,#1696,#1697,#1698,
#1699,#1700,#1701,#1702,#1703,#1704,#1705,#1706,#1707,#1708,#1709,#1710,
#1711,#1712,#1713,#1714,#1715,#1716,#1717,#1718,#1719,#1720,#1721,#1722,
#1723,#1724,#1725,#1726,#1727,#1728,#1729,#1730,#1731,#1732,#1733,#1734,
#1735,#1736,#1737,#1738,#1739,#1740,#1741,#1742,#1743,#1744,#1745,#1746,
#1747,#1748,#1749,#1750,#1751,#1752,#1753,#1754));
#1756=DERIVED_UNIT_ELEMENT(#1758,1.);
#1757=DERIVED_UNIT_ELEMENT(#3005,-3.);
#1758=(
MASS_UNIT()
NAMED_UNIT(*)
SI_UNIT(.KILO.,.GRAM.)
);
#1759=DERIVED_UNIT((#1756,#1757));
#1760=MEASURE_REPRESENTATION_ITEM('density measure',
POSITIVE_RATIO_MEASURE(7850.),#1759);
#1761=PROPERTY_DEFINITION_REPRESENTATION(#1766,#1763);
#1762=PROPERTY_DEFINITION_REPRESENTATION(#1767,#1764);
#1763=REPRESENTATION('material name',(#1765),#3002);
#1764=REPRESENTATION('density',(#1760),#3002);
#1765=DESCRIPTIVE_REPRESENTATION_ITEM('Steel','Steel');
#1766=PROPERTY_DEFINITION('material property','material name',#3012);
#1767=PROPERTY_DEFINITION('material property','density of part',#3012);
#1768=AXIS2_PLACEMENT_3D('',#2481,#1951,#1952);
#1769=AXIS2_PLACEMENT_3D('',#2482,#1953,#1954);
#1770=AXIS2_PLACEMENT_3D('',#2485,#1955,#1956);
#1771=AXIS2_PLACEMENT_3D('',#2489,#1958,#1959);
#1772=AXIS2_PLACEMENT_3D('',#2491,#1961,#1962);
#1773=AXIS2_PLACEMENT_3D('',#2497,#1966,#1967);
#1774=AXIS2_PLACEMENT_3D('',#2499,#1968,#1969);
#1775=AXIS2_PLACEMENT_3D('',#2502,#1971,#1972);
#1776=AXIS2_PLACEMENT_3D('',#2503,#1973,#1974);
#1777=AXIS2_PLACEMENT_3D('',#2505,#1975,#1976);
#1778=AXIS2_PLACEMENT_3D('',#2508,#1978,#1979);
#1779=AXIS2_PLACEMENT_3D('',#2509,#1980,#1981);
#1780=AXIS2_PLACEMENT_3D('',#2511,#1982,#1983);
#1781=AXIS2_PLACEMENT_3D('',#2513,#1984,#1985);
#1782=AXIS2_PLACEMENT_3D('',#2515,#1987,#1988);
#1783=AXIS2_PLACEMENT_3D('',#2518,#1989,#1990);
#1784=AXIS2_PLACEMENT_3D('',#2522,#1992,#1993);
#1785=AXIS2_PLACEMENT_3D('',#2524,#1995,#1996);
#1786=AXIS2_PLACEMENT_3D('',#2526,#1997,#1998);
#1787=AXIS2_PLACEMENT_3D('',#2529,#2000,#2001);
#1788=AXIS2_PLACEMENT_3D('',#2530,#2002,#2003);
#1789=AXIS2_PLACEMENT_3D('',#2532,#2004,#2005);
#1790=AXIS2_PLACEMENT_3D('',#2534,#2006,#2007);
#1791=AXIS2_PLACEMENT_3D('',#2536,#2009,#2010);
#1792=AXIS2_PLACEMENT_3D('',#2539,#2011,#2012);
#1793=AXIS2_PLACEMENT_3D('',#2543,#2014,#2015);
#1794=AXIS2_PLACEMENT_3D('',#2545,#2017,#2018);
#1795=AXIS2_PLACEMENT_3D('',#2547,#2019,#2020);
#1796=AXIS2_PLACEMENT_3D('',#2550,#2022,#2023);
#1797=AXIS2_PLACEMENT_3D('',#2551,#2024,#2025);
#1798=AXIS2_PLACEMENT_3D('',#2553,#2026,#2027);
#1799=AXIS2_PLACEMENT_3D('',#2555,#2028,#2029);
#1800=AXIS2_PLACEMENT_3D('',#2557,#2031,#2032);
#1801=AXIS2_PLACEMENT_3D('',#2562,#2034,#2035);
#1802=AXIS2_PLACEMENT_3D('',#2565,#2037,#2038);
#1803=AXIS2_PLACEMENT_3D('',#2566,#2039,#2040);
#1804=AXIS2_PLACEMENT_3D('',#2568,#2041,#2042);
#1805=AXIS2_PLACEMENT_3D('',#2571,#2044,#2045);
#1806=AXIS2_PLACEMENT_3D('',#2572,#2046,#2047);
#1807=AXIS2_PLACEMENT_3D('',#2575,#2050,#2051);
#1808=AXIS2_PLACEMENT_3D('',#2578,#2054,#2055);
#1809=AXIS2_PLACEMENT_3D('',#2581,#2058,#2059);
#1810=AXIS2_PLACEMENT_3D('',#2584,#2060,#2061);
#1811=AXIS2_PLACEMENT_3D('',#2588,#2063,#2064);
#1812=AXIS2_PLACEMENT_3D('',#2592,#2066,#2067);
#1813=AXIS2_PLACEMENT_3D('',#2596,#2069,#2070);
#1814=AXIS2_PLACEMENT_3D('',#2600,#2072,#2073);
#1815=AXIS2_PLACEMENT_3D('',#2604,#2075,#2076);
#1816=AXIS2_PLACEMENT_3D('',#2608,#2078,#2079);
#1817=AXIS2_PLACEMENT_3D('',#2612,#2081,#2082);
#1818=AXIS2_PLACEMENT_3D('',#2616,#2084,#2085);
#1819=AXIS2_PLACEMENT_3D('',#2620,#2087,#2088);
#1820=AXIS2_PLACEMENT_3D('',#2624,#2090,#2091);
#1821=AXIS2_PLACEMENT_3D('',#2628,#2093,#2094);
#1822=AXIS2_PLACEMENT_3D('',#2632,#2096,#2097);
#1823=AXIS2_PLACEMENT_3D('',#2636,#2099,#2100);
#1824=AXIS2_PLACEMENT_3D('',#2640,#2102,#2103);
#1825=AXIS2_PLACEMENT_3D('',#2644,#2105,#2106);
#1826=AXIS2_PLACEMENT_3D('',#2648,#2108,#2109);
#1827=AXIS2_PLACEMENT_3D('',#2652,#2111,#2112);
#1828=AXIS2_PLACEMENT_3D('',#2656,#2114,#2115);
#1829=AXIS2_PLACEMENT_3D('',#2660,#2117,#2118);
#1830=AXIS2_PLACEMENT_3D('',#2664,#2120,#2121);
#1831=AXIS2_PLACEMENT_3D('',#2668,#2123,#2124);
#1832=AXIS2_PLACEMENT_3D('',#2672,#2126,#2127);
#1833=AXIS2_PLACEMENT_3D('',#2676,#2129,#2130);
#1834=AXIS2_PLACEMENT_3D('',#2680,#2132,#2133);
#1835=AXIS2_PLACEMENT_3D('',#2684,#2135,#2136);
#1836=AXIS2_PLACEMENT_3D('',#2688,#2138,#2139);
#1837=AXIS2_PLACEMENT_3D('',#2692,#2141,#2142);
#1838=AXIS2_PLACEMENT_3D('',#2696,#2144,#2145);
#1839=AXIS2_PLACEMENT_3D('',#2700,#2147,#2148);
#1840=AXIS2_PLACEMENT_3D('',#2704,#2150,#2151);
#1841=AXIS2_PLACEMENT_3D('',#2708,#2153,#2154);
#1842=AXIS2_PLACEMENT_3D('',#2711,#2156,#2157);
#1843=AXIS2_PLACEMENT_3D('',#2715,#2159,#2160);
#1844=AXIS2_PLACEMENT_3D('',#2719,#2162,#2163);
#1845=AXIS2_PLACEMENT_3D('',#2721,#2165,#2166);
#1846=AXIS2_PLACEMENT_3D('',#2723,#2167,#2168);
#1847=AXIS2_PLACEMENT_3D('',#2725,#2170,#2171);
#1848=AXIS2_PLACEMENT_3D('',#2728,#2172,#2173);
#1849=AXIS2_PLACEMENT_3D('',#2732,#2175,#2176);
#1850=AXIS2_PLACEMENT_3D('',#2736,#2178,#2179);
#1851=AXIS2_PLACEMENT_3D('',#2740,#2181,#2182);
#1852=AXIS2_PLACEMENT_3D('',#2744,#2184,#2185);
#1853=AXIS2_PLACEMENT_3D('',#2748,#2187,#2188);
#1854=AXIS2_PLACEMENT_3D('',#2752,#2190,#2191);
#1855=AXIS2_PLACEMENT_3D('',#2756,#2193,#2194);
#1856=AXIS2_PLACEMENT_3D('',#2760,#2196,#2197);
#1857=AXIS2_PLACEMENT_3D('',#2764,#2199,#2200);
#1858=AXIS2_PLACEMENT_3D('',#2768,#2202,#2203);
#1859=AXIS2_PLACEMENT_3D('',#2772,#2205,#2206);
#1860=AXIS2_PLACEMENT_3D('',#2776,#2208,#2209);
#1861=AXIS2_PLACEMENT_3D('',#2780,#2211,#2212);
#1862=AXIS2_PLACEMENT_3D('',#2784,#2214,#2215);
#1863=AXIS2_PLACEMENT_3D('',#2788,#2217,#2218);
#1864=AXIS2_PLACEMENT_3D('',#2792,#2220,#2221);
#1865=AXIS2_PLACEMENT_3D('',#2796,#2223,#2224);
#1866=AXIS2_PLACEMENT_3D('',#2800,#2226,#2227);
#1867=AXIS2_PLACEMENT_3D('',#2804,#2229,#2230);
#1868=AXIS2_PLACEMENT_3D('',#2808,#2232,#2233);
#1869=AXIS2_PLACEMENT_3D('',#2812,#2235,#2236);
#1870=AXIS2_PLACEMENT_3D('',#2816,#2238,#2239);
#1871=AXIS2_PLACEMENT_3D('',#2820,#2241,#2242);
#1872=AXIS2_PLACEMENT_3D('',#2824,#2244,#2245);
#1873=AXIS2_PLACEMENT_3D('',#2828,#2247,#2248);
#1874=AXIS2_PLACEMENT_3D('',#2832,#2250,#2251);
#1875=AXIS2_PLACEMENT_3D('',#2836,#2253,#2254);
#1876=AXIS2_PLACEMENT_3D('',#2840,#2256,#2257);
#1877=AXIS2_PLACEMENT_3D('',#2844,#2259,#2260);
#1878=AXIS2_PLACEMENT_3D('',#2848,#2262,#2263);
#1879=AXIS2_PLACEMENT_3D('',#2852,#2265,#2266);
#1880=AXIS2_PLACEMENT_3D('',#2857,#2269,#2270);
#1881=AXIS2_PLACEMENT_3D('',#2861,#2272,#2273);
#1882=AXIS2_PLACEMENT_3D('',#2863,#2275,#2276);
#1883=AXIS2_PLACEMENT_3D('',#2865,#2278,#2279);
#1884=AXIS2_PLACEMENT_3D('',#2868,#2282,#2283);
#1885=AXIS2_PLACEMENT_3D('',#2870,#2285,#2286);
#1886=AXIS2_PLACEMENT_3D('',#2872,#2288,#2289);
#1887=AXIS2_PLACEMENT_3D('',#2874,#2291,#2292);
#1888=AXIS2_PLACEMENT_3D('',#2876,#2294,#2295);
#1889=AXIS2_PLACEMENT_3D('',#2878,#2297,#2298);
#1890=AXIS2_PLACEMENT_3D('',#2880,#2300,#2301);
#1891=AXIS2_PLACEMENT_3D('',#2882,#2303,#2304);
#1892=AXIS2_PLACEMENT_3D('',#2884,#2306,#2307);
#1893=AXIS2_PLACEMENT_3D('',#2886,#2309,#2310);
#1894=AXIS2_PLACEMENT_3D('',#2888,#2312,#2313);
#1895=AXIS2_PLACEMENT_3D('',#2890,#2315,#2316);
#1896=AXIS2_PLACEMENT_3D('',#2892,#2318,#2319);
#1897=AXIS2_PLACEMENT_3D('',#2894,#2321,#2322);
#1898=AXIS2_PLACEMENT_3D('',#2896,#2324,#2325);
#1899=AXIS2_PLACEMENT_3D('',#2898,#2327,#2328);
#1900=AXIS2_PLACEMENT_3D('',#2900,#2330,#2331);
#1901=AXIS2_PLACEMENT_3D('',#2902,#2333,#2334);
#1902=AXIS2_PLACEMENT_3D('',#2904,#2336,#2337);
#1903=AXIS2_PLACEMENT_3D('',#2906,#2339,#2340);
#1904=AXIS2_PLACEMENT_3D('',#2908,#2342,#2343);
#1905=AXIS2_PLACEMENT_3D('',#2910,#2345,#2346);
#1906=AXIS2_PLACEMENT_3D('',#2912,#2348,#2349);
#1907=AXIS2_PLACEMENT_3D('',#2914,#2351,#2352);
#1908=AXIS2_PLACEMENT_3D('',#2916,#2354,#2355);
#1909=AXIS2_PLACEMENT_3D('',#2918,#2357,#2358);
#1910=AXIS2_PLACEMENT_3D('',#2920,#2360,#2361);
#1911=AXIS2_PLACEMENT_3D('',#2922,#2363,#2364);
#1912=AXIS2_PLACEMENT_3D('',#2925,#2367,#2368);
#1913=AXIS2_PLACEMENT_3D('',#2927,#2370,#2371);
#1914=AXIS2_PLACEMENT_3D('',#2929,#2373,#2374);
#1915=AXIS2_PLACEMENT_3D('',#2931,#2376,#2377);
#1916=AXIS2_PLACEMENT_3D('',#2933,#2379,#2380);
#1917=AXIS2_PLACEMENT_3D('',#2935,#2382,#2383);
#1918=AXIS2_PLACEMENT_3D('',#2937,#2385,#2386);
#1919=AXIS2_PLACEMENT_3D('',#2939,#2388,#2389);
#1920=AXIS2_PLACEMENT_3D('',#2941,#2391,#2392);
#1921=AXIS2_PLACEMENT_3D('',#2943,#2394,#2395);
#1922=AXIS2_PLACEMENT_3D('',#2945,#2397,#2398);
#1923=AXIS2_PLACEMENT_3D('',#2947,#2400,#2401);
#1924=AXIS2_PLACEMENT_3D('',#2949,#2403,#2404);
#1925=AXIS2_PLACEMENT_3D('',#2951,#2406,#2407);
#1926=AXIS2_PLACEMENT_3D('',#2953,#2409,#2410);
#1927=AXIS2_PLACEMENT_3D('',#2955,#2412,#2413);
#1928=AXIS2_PLACEMENT_3D('',#2957,#2415,#2416);
#1929=AXIS2_PLACEMENT_3D('',#2959,#2418,#2419);
#1930=AXIS2_PLACEMENT_3D('',#2961,#2421,#2422);
#1931=AXIS2_PLACEMENT_3D('',#2963,#2424,#2425);
#1932=AXIS2_PLACEMENT_3D('',#2965,#2427,#2428);
#1933=AXIS2_PLACEMENT_3D('',#2967,#2430,#2431);
#1934=AXIS2_PLACEMENT_3D('',#2969,#2433,#2434);
#1935=AXIS2_PLACEMENT_3D('',#2971,#2436,#2437);
#1936=AXIS2_PLACEMENT_3D('',#2973,#2439,#2440);
#1937=AXIS2_PLACEMENT_3D('',#2975,#2442,#2443);
#1938=AXIS2_PLACEMENT_3D('',#2977,#2445,#2446);
#1939=AXIS2_PLACEMENT_3D('',#2979,#2448,#2449);
#1940=AXIS2_PLACEMENT_3D('',#2981,#2451,#2452);
#1941=AXIS2_PLACEMENT_3D('',#2983,#2454,#2455);
#1942=AXIS2_PLACEMENT_3D('',#2985,#2457,#2458);
#1943=AXIS2_PLACEMENT_3D('',#2986,#2459,#2460);
#1944=AXIS2_PLACEMENT_3D('',#2988,#2462,#2463);
#1945=AXIS2_PLACEMENT_3D('',#2990,#2465,#2466);
#1946=AXIS2_PLACEMENT_3D('',#2992,#2468,#2469);
#1947=AXIS2_PLACEMENT_3D('',#2994,#2471,#2472);
#1948=AXIS2_PLACEMENT_3D('',#2996,#2474,#2475);
#1949=AXIS2_PLACEMENT_3D('',#2998,#2477,#2478);
#1950=AXIS2_PLACEMENT_3D('',#2999,#2479,#2480);
#1951=DIRECTION('axis',(0.,0.,1.));
#1952=DIRECTION('refdir',(1.,0.,0.));
#1953=DIRECTION('center_axis',(0.,0.,1.));
#1954=DIRECTION('ref_axis',(0.984314167510481,-0.176424543752137,0.));
#1955=DIRECTION('center_axis',(0.,0.,-1.));
#1956=DIRECTION('ref_axis',(0.984314167510481,-0.176424543752137,0.));
#1957=DIRECTION('',(0.,0.,1.));
#1958=DIRECTION('center_axis',(0.,0.,1.));
#1959=DIRECTION('ref_axis',(0.984314167510481,-0.176424543752137,0.));
#1960=DIRECTION('',(0.,0.,-1.));
#1961=DIRECTION('center_axis',(-4.56516727558456E-34,-1.,0.));
#1962=DIRECTION('ref_axis',(1.,-4.56516727558456E-34,0.));
#1963=DIRECTION('',(1.,-4.56516727558456E-34,0.));
#1964=DIRECTION('',(0.,0.,-1.));
#1965=DIRECTION('',(-1.,4.56516727558456E-34,0.));
#1966=DIRECTION('center_axis',(0.,0.,1.));
#1967=DIRECTION('ref_axis',(-0.859726953621095,-0.51075391845525,0.));
#1968=DIRECTION('center_axis',(0.,0.,-1.));
#1969=DIRECTION('ref_axis',(-0.859726953621095,-0.51075391845525,0.));
#1970=DIRECTION('',(0.,0.,1.));
#1971=DIRECTION('center_axis',(0.,0.,1.));
#1972=DIRECTION('ref_axis',(-0.859726953621095,-0.51075391845525,0.));
#1973=DIRECTION('center_axis',(0.,0.,-1.));
#1974=DIRECTION('ref_axis',(0.984314167510481,-0.176424543752132,0.));
#1975=DIRECTION('center_axis',(0.,0.,1.));
#1976=DIRECTION('ref_axis',(-1.,0.,0.));
#1977=DIRECTION('',(0.,0.,-1.));
#1978=DIRECTION('center_axis',(0.,0.,-1.));
#1979=DIRECTION('ref_axis',(-1.,0.,0.));
#1980=DIRECTION('center_axis',(0.,0.,-1.));
#1981=DIRECTION('ref_axis',(-0.628815717146279,0.777554367147282,0.));
#1982=DIRECTION('center_axis',(0.,0.,1.));
#1983=DIRECTION('ref_axis',(-0.628815717146279,0.777554367147282,0.));
#1984=DIRECTION('center_axis',(0.,0.,-1.));
#1985=DIRECTION('ref_axis',(-0.628815717146279,0.777554367147282,0.));
#1986=DIRECTION('',(0.,0.,1.));
#1987=DIRECTION('center_axis',(0.,0.,1.));
#1988=DIRECTION('ref_axis',(-0.894427190999915,-0.447213595499959,0.));
#1989=DIRECTION('center_axis',(0.,0.,-1.));
#1990=DIRECTION('ref_axis',(-0.894427190999915,-0.447213595499959,0.));
#1991=DIRECTION('',(0.,0.,1.));
#1992=DIRECTION('center_axis',(0.,0.,1.));
#1993=DIRECTION('ref_axis',(-0.894427190999915,-0.447213595499959,0.));
#1994=DIRECTION('',(0.,0.,-1.));
#1995=DIRECTION('center_axis',(0.,0.,-1.));
#1996=DIRECTION('ref_axis',(0.984314167510482,-0.176424543752132,0.));
#1997=DIRECTION('center_axis',(0.,0.,1.));
#1998=DIRECTION('ref_axis',(-1.,0.,0.));
#1999=DIRECTION('',(0.,0.,-1.));
#2000=DIRECTION('center_axis',(0.,0.,-1.));
#2001=DIRECTION('ref_axis',(-1.,0.,0.));
#2002=DIRECTION('center_axis',(0.,0.,-1.));
#2003=DIRECTION('ref_axis',(-0.683424288081138,0.730021398632115,0.));
#2004=DIRECTION('center_axis',(0.,0.,1.));
#2005=DIRECTION('ref_axis',(-0.683424288081138,0.730021398632115,0.));
#2006=DIRECTION('center_axis',(0.,0.,-1.));
#2007=DIRECTION('ref_axis',(-0.683424288081138,0.730021398632115,0.));
#2008=DIRECTION('',(0.,0.,1.));
#2009=DIRECTION('center_axis',(0.,0.,1.));
#2010=DIRECTION('ref_axis',(0.994071691754376,0.108726591285632,0.));
#2011=DIRECTION('center_axis',(0.,0.,-1.));
#2012=DIRECTION('ref_axis',(0.994071691754376,0.108726591285632,0.));
#2013=DIRECTION('',(0.,0.,1.));
#2014=DIRECTION('center_axis',(0.,0.,1.));
#2015=DIRECTION('ref_axis',(0.994071691754376,0.108726591285632,0.));
#2016=DIRECTION('',(0.,0.,-1.));
#2017=DIRECTION('center_axis',(0.,0.,-1.));
#2018=DIRECTION('ref_axis',(-1.,0.,0.));
#2019=DIRECTION('center_axis',(0.,0.,1.));
#2020=DIRECTION('ref_axis',(-1.,0.,0.));
#2021=DIRECTION('',(0.,0.,-1.));
#2022=DIRECTION('center_axis',(0.,0.,-1.));
#2023=DIRECTION('ref_axis',(-1.,0.,0.));
#2024=DIRECTION('center_axis',(0.,0.,-1.));
#2025=DIRECTION('ref_axis',(0.894427190999916,-0.447213595499959,0.));
#2026=DIRECTION('center_axis',(0.,0.,1.));
#2027=DIRECTION('ref_axis',(0.894427190999916,-0.447213595499959,0.));
#2028=DIRECTION('center_axis',(0.,0.,-1.));
#2029=DIRECTION('ref_axis',(0.894427190999916,-0.447213595499959,0.));
#2030=DIRECTION('',(0.,0.,1.));
#2031=DIRECTION('center_axis',(0.,0.,-1.));
#2032=DIRECTION('ref_axis',(-1.,0.,0.));
#2033=DIRECTION('',(0.,0.,1.));
#2034=DIRECTION('center_axis',(0.,0.,1.));
#2035=DIRECTION('ref_axis',(-1.,0.,0.));
#2036=DIRECTION('',(0.,0.,-1.));
#2037=DIRECTION('center_axis',(0.,0.,-1.));
#2038=DIRECTION('ref_axis',(-1.,0.,0.));
#2039=DIRECTION('center_axis',(0.,0.,-1.));
#2040=DIRECTION('ref_axis',(-1.,0.,0.));
#2041=DIRECTION('center_axis',(0.,0.,-1.));
#2042=DIRECTION('ref_axis',(-1.,0.,0.));
#2043=DIRECTION('',(0.,0.,-1.));
#2044=DIRECTION('center_axis',(0.,0.,-1.));
#2045=DIRECTION('ref_axis',(-1.,0.,0.));
#2046=DIRECTION('center_axis',(0.347314355823594,0.937748760723704,0.));
#2047=DIRECTION('ref_axis',(-0.937748760723704,0.347314355823594,0.));
#2048=DIRECTION('',(-0.937748760723704,0.347314355823594,0.));
#2049=DIRECTION('',(0.937748760723704,-0.347314355823594,0.));
#2050=DIRECTION('center_axis',(0.347314355823594,0.937748760723704,0.));
#2051=DIRECTION('ref_axis',(-0.937748760723704,0.347314355823594,0.));
#2052=DIRECTION('',(0.937748760723704,-0.347314355823594,0.));
#2053=DIRECTION('',(-0.937748760723704,0.347314355823594,0.));
#2054=DIRECTION('center_axis',(-4.56516727558456E-34,-1.,0.));
#2055=DIRECTION('ref_axis',(1.,-4.56516727558456E-34,0.));
#2056=DIRECTION('',(-1.,4.56516727558456E-34,0.));
#2057=DIRECTION('',(1.,-4.56516727558456E-34,0.));
#2058=DIRECTION('center_axis',(0.,0.,1.));
#2059=DIRECTION('ref_axis',(1.,0.,0.));
#2060=DIRECTION('center_axis',(0.,0.,1.));
#2061=DIRECTION('ref_axis',(-1.,-1.27675647831893E-15,0.));
#2062=DIRECTION('',(-0.937748760723704,0.347314355823594,0.));
#2063=DIRECTION('center_axis',(0.,0.,1.));
#2064=DIRECTION('ref_axis',(-1.,-1.27675647831893E-15,0.));
#2065=DIRECTION('',(-0.937748760723704,0.347314355823594,0.));
#2066=DIRECTION('center_axis',(0.,0.,1.));
#2067=DIRECTION('ref_axis',(-1.,-1.27675647831893E-15,0.));
#2068=DIRECTION('',(-0.937748760723704,0.347314355823594,0.));
#2069=DIRECTION('center_axis',(0.,0.,1.));
#2070=DIRECTION('ref_axis',(-1.,-1.27675647831893E-15,0.));
#2071=DIRECTION('',(-0.937748760723704,0.347314355823594,0.));
#2072=DIRECTION('center_axis',(0.,0.,1.));
#2073=DIRECTION('ref_axis',(-1.,-1.27675647831893E-15,0.));
#2074=DIRECTION('',(-0.937748760723704,0.347314355823594,0.));
#2075=DIRECTION('center_axis',(0.,0.,1.));
#2076=DIRECTION('ref_axis',(-1.,-1.27675647831893E-15,0.));
#2077=DIRECTION('',(-0.937748760723704,0.347314355823594,0.));
#2078=DIRECTION('center_axis',(0.,0.,1.));
#2079=DIRECTION('ref_axis',(-1.,-1.27675647831893E-15,0.));
#2080=DIRECTION('',(-0.937748760723704,0.347314355823594,0.));
#2081=DIRECTION('center_axis',(0.,0.,1.));
#2082=DIRECTION('ref_axis',(-1.,-1.27675647831893E-15,0.));
#2083=DIRECTION('',(-0.937748760723704,0.347314355823594,0.));
#2084=DIRECTION('center_axis',(0.,0.,1.));
#2085=DIRECTION('ref_axis',(-1.,-1.27675647831893E-15,0.));
#2086=DIRECTION('',(-0.937748760723704,0.347314355823594,0.));
#2087=DIRECTION('center_axis',(0.,0.,1.));
#2088=DIRECTION('ref_axis',(-1.,-1.27675647831893E-15,0.));
#2089=DIRECTION('',(-0.937748760723704,0.347314355823594,0.));
#2090=DIRECTION('center_axis',(0.,0.,1.));
#2091=DIRECTION('ref_axis',(-1.,-1.27675647831893E-15,0.));
#2092=DIRECTION('',(-0.937748760723704,0.347314355823594,0.));
#2093=DIRECTION('center_axis',(0.,0.,1.));
#2094=DIRECTION('ref_axis',(-1.,-1.27675647831893E-15,0.));
#2095=DIRECTION('',(-0.937748760723704,0.347314355823594,0.));
#2096=DIRECTION('center_axis',(0.,0.,1.));
#2097=DIRECTION('ref_axis',(-1.,-1.27675647831893E-15,0.));
#2098=DIRECTION('',(-0.937748760723704,0.347314355823594,0.));
#2099=DIRECTION('center_axis',(0.,0.,1.));
#2100=DIRECTION('ref_axis',(-1.,-1.27675647831893E-15,0.));
#2101=DIRECTION('',(-0.937748760723704,0.347314355823594,0.));
#2102=DIRECTION('center_axis',(0.,0.,1.));
#2103=DIRECTION('ref_axis',(0.984314167510483,-0.176424543752126,0.));
#2104=DIRECTION('',(1.,-4.56516727558456E-34,0.));
#2105=DIRECTION('center_axis',(0.,0.,1.));
#2106=DIRECTION('ref_axis',(0.937748760723703,0.347314355823595,0.));
#2107=DIRECTION('',(1.,-4.56516727558456E-34,0.));
#2108=DIRECTION('center_axis',(0.,0.,1.));
#2109=DIRECTION('ref_axis',(0.937748760723703,0.347314355823595,0.));
#2110=DIRECTION('',(1.,-4.56516727558456E-34,0.));
#2111=DIRECTION('center_axis',(0.,0.,1.));
#2112=DIRECTION('ref_axis',(0.937748760723703,0.347314355823595,0.));
#2113=DIRECTION('',(1.,-4.56516727558456E-34,0.));
#2114=DIRECTION('center_axis',(0.,0.,1.));
#2115=DIRECTION('ref_axis',(0.937748760723703,0.347314355823595,0.));
#2116=DIRECTION('',(1.,-4.56516727558456E-34,0.));
#2117=DIRECTION('center_axis',(0.,0.,1.));
#2118=DIRECTION('ref_axis',(0.937748760723703,0.347314355823595,0.));
#2119=DIRECTION('',(1.,-4.56516727558456E-34,0.));
#2120=DIRECTION('center_axis',(0.,0.,1.));
#2121=DIRECTION('ref_axis',(0.937748760723703,0.347314355823595,0.));
#2122=DIRECTION('',(1.,-4.56516727558456E-34,0.));
#2123=DIRECTION('center_axis',(0.,0.,1.));
#2124=DIRECTION('ref_axis',(0.937748760723703,0.347314355823595,0.));
#2125=DIRECTION('',(1.,-4.56516727558456E-34,0.));
#2126=DIRECTION('center_axis',(0.,0.,1.));
#2127=DIRECTION('ref_axis',(0.937748760723703,0.347314355823595,0.));
#2128=DIRECTION('',(1.,-4.56516727558456E-34,0.));
#2129=DIRECTION('center_axis',(0.,0.,1.));
#2130=DIRECTION('ref_axis',(0.937748760723703,0.347314355823595,0.));
#2131=DIRECTION('',(1.,-4.56516727558456E-34,0.));
#2132=DIRECTION('center_axis',(0.,0.,1.));
#2133=DIRECTION('ref_axis',(0.937748760723703,0.347314355823595,0.));
#2134=DIRECTION('',(1.,-4.56516727558456E-34,0.));
#2135=DIRECTION('center_axis',(0.,0.,1.));
#2136=DIRECTION('ref_axis',(0.937748760723703,0.347314355823595,0.));
#2137=DIRECTION('',(1.,-4.56516727558456E-34,0.));
#2138=DIRECTION('center_axis',(0.,0.,1.));
#2139=DIRECTION('ref_axis',(0.937748760723703,0.347314355823595,0.));
#2140=DIRECTION('',(1.,-4.56516727558456E-34,0.));
#2141=DIRECTION('center_axis',(0.,0.,1.));
#2142=DIRECTION('ref_axis',(0.937748760723703,0.347314355823595,0.));
#2143=DIRECTION('',(1.,-4.56516727558456E-34,0.));
#2144=DIRECTION('center_axis',(0.,0.,1.));
#2145=DIRECTION('ref_axis',(0.937748760723703,0.347314355823595,0.));
#2146=DIRECTION('',(1.,-4.56516727558456E-34,0.));
#2147=DIRECTION('center_axis',(0.,0.,1.));
#2148=DIRECTION('ref_axis',(-0.707106781186547,-0.707106781186548,0.));
#2149=DIRECTION('',(1.22464679914735E-16,-1.,0.));
#2150=DIRECTION('center_axis',(0.,0.,1.));
#2151=DIRECTION('ref_axis',(-0.571264231409775,0.82076621391953,0.));
#2152=DIRECTION('',(-0.937748760723704,0.347314355823594,0.));
#2153=DIRECTION('center_axis',(0.,0.,1.));
#2154=DIRECTION('ref_axis',(-1.,0.,0.));
#2155=DIRECTION('',(-0.937748760723704,0.347314355823594,0.));
#2156=DIRECTION('center_axis',(0.,0.,-1.));
#2157=DIRECTION('ref_axis',(-1.,0.,0.));
#2158=DIRECTION('',(-0.937748760723704,0.347314355823594,0.));
#2159=DIRECTION('center_axis',(0.,0.,-1.));
#2160=DIRECTION('ref_axis',(-0.571264231409778,0.820766213919528,0.));
#2161=DIRECTION('',(1.22464679914735E-16,-1.,0.));
#2162=DIRECTION('center_axis',(0.,0.,-1.));
#2163=DIRECTION('ref_axis',(-0.707106781186547,-0.707106781186548,0.));
#2164=DIRECTION('',(1.,-4.56516727558456E-34,0.));
#2165=DIRECTION('center_axis',(0.,0.,-1.));
#2166=DIRECTION('ref_axis',(-1.,0.,0.));
#2167=DIRECTION('center_axis',(0.,0.,-1.));
#2168=DIRECTION('ref_axis',(-1.,0.,0.));
#2169=DIRECTION('',(0.,0.,-1.));
#2170=DIRECTION('center_axis',(0.,0.,1.));
#2171=DIRECTION('ref_axis',(1.,1.27675647831893E-15,0.));
#2172=DIRECTION('center_axis',(0.,0.,1.));
#2173=DIRECTION('ref_axis',(-1.,-1.27675647831893E-15,0.));
#2174=DIRECTION('',(-0.937748760723704,0.347314355823594,0.));
#2175=DIRECTION('center_axis',(0.,0.,1.));
#2176=DIRECTION('ref_axis',(-1.,0.,0.));
#2177=DIRECTION('',(-0.937748760723704,0.347314355823594,0.));
#2178=DIRECTION('center_axis',(0.,0.,-1.));
#2179=DIRECTION('ref_axis',(-0.571264231409775,0.82076621391953,0.));
#2180=DIRECTION('',(1.22464679914735E-16,-1.,0.));
#2181=DIRECTION('center_axis',(0.,0.,-1.));
#2182=DIRECTION('ref_axis',(-0.707106781186547,-0.707106781186548,0.));
#2183=DIRECTION('',(1.,-4.56516727558456E-34,0.));
#2184=DIRECTION('center_axis',(0.,0.,1.));
#2185=DIRECTION('ref_axis',(0.937748760723703,0.347314355823595,0.));
#2186=DIRECTION('',(1.,-4.56516727558456E-34,0.));
#2187=DIRECTION('center_axis',(0.,0.,1.));
#2188=DIRECTION('ref_axis',(0.937748760723703,0.347314355823595,0.));
#2189=DIRECTION('',(1.,-4.56516727558456E-34,0.));
#2190=DIRECTION('center_axis',(0.,0.,1.));
#2191=DIRECTION('ref_axis',(0.937748760723703,0.347314355823595,0.));
#2192=DIRECTION('',(1.,-4.56516727558456E-34,0.));
#2193=DIRECTION('center_axis',(0.,0.,1.));
#2194=DIRECTION('ref_axis',(0.937748760723703,0.347314355823595,0.));
#2195=DIRECTION('',(1.,-4.56516727558456E-34,0.));
#2196=DIRECTION('center_axis',(0.,0.,1.));
#2197=DIRECTION('ref_axis',(0.937748760723703,0.347314355823595,0.));
#2198=DIRECTION('',(1.,-4.56516727558456E-34,0.));
#2199=DIRECTION('center_axis',(0.,0.,1.));
#2200=DIRECTION('ref_axis',(0.937748760723703,0.347314355823595,0.));
#2201=DIRECTION('',(1.,-4.56516727558456E-34,0.));
#2202=DIRECTION('center_axis',(0.,0.,1.));
#2203=DIRECTION('ref_axis',(0.937748760723703,0.347314355823595,0.));
#2204=DIRECTION('',(1.,-4.56516727558456E-34,0.));
#2205=DIRECTION('center_axis',(0.,0.,1.));
#2206=DIRECTION('ref_axis',(0.937748760723703,0.347314355823595,0.));
#2207=DIRECTION('',(1.,-4.56516727558456E-34,0.));
#2208=DIRECTION('center_axis',(0.,0.,1.));
#2209=DIRECTION('ref_axis',(0.937748760723703,0.347314355823595,0.));
#2210=DIRECTION('',(1.,-4.56516727558456E-34,0.));
#2211=DIRECTION('center_axis',(0.,0.,1.));
#2212=DIRECTION('ref_axis',(0.937748760723703,0.347314355823595,0.));
#2213=DIRECTION('',(1.,-4.56516727558456E-34,0.));
#2214=DIRECTION('center_axis',(0.,0.,1.));
#2215=DIRECTION('ref_axis',(0.937748760723703,0.347314355823595,0.));
#2216=DIRECTION('',(1.,-4.56516727558456E-34,0.));
#2217=DIRECTION('center_axis',(0.,0.,1.));
#2218=DIRECTION('ref_axis',(0.937748760723703,0.347314355823595,0.));
#2219=DIRECTION('',(1.,-4.56516727558456E-34,0.));
#2220=DIRECTION('center_axis',(0.,0.,1.));
#2221=DIRECTION('ref_axis',(0.937748760723703,0.347314355823595,0.));
#2222=DIRECTION('',(1.,-4.56516727558456E-34,0.));
#2223=DIRECTION('center_axis',(0.,0.,1.));
#2224=DIRECTION('ref_axis',(0.937748760723703,0.347314355823595,0.));
#2225=DIRECTION('',(1.,-4.56516727558456E-34,0.));
#2226=DIRECTION('center_axis',(0.,0.,-1.));
#2227=DIRECTION('ref_axis',(0.984314167510483,-0.176424543752126,0.));
#2228=DIRECTION('',(-0.937748760723704,0.347314355823594,0.));
#2229=DIRECTION('center_axis',(0.,0.,1.));
#2230=DIRECTION('ref_axis',(-1.,-1.27675647831893E-15,0.));
#2231=DIRECTION('',(-0.937748760723704,0.347314355823594,0.));
#2232=DIRECTION('center_axis',(0.,0.,1.));
#2233=DIRECTION('ref_axis',(-1.,-1.27675647831893E-15,0.));
#2234=DIRECTION('',(-0.937748760723704,0.347314355823594,0.));
#2235=DIRECTION('center_axis',(0.,0.,1.));
#2236=DIRECTION('ref_axis',(-1.,-1.27675647831893E-15,0.));
#2237=DIRECTION('',(-0.937748760723704,0.347314355823594,0.));
#2238=DIRECTION('center_axis',(0.,0.,1.));
#2239=DIRECTION('ref_axis',(-1.,-1.27675647831893E-15,0.));
#2240=DIRECTION('',(-0.937748760723704,0.347314355823594,0.));
#2241=DIRECTION('center_axis',(0.,0.,1.));
#2242=DIRECTION('ref_axis',(-1.,-1.27675647831893E-15,0.));
#2243=DIRECTION('',(-0.937748760723704,0.347314355823594,0.));
#2244=DIRECTION('center_axis',(0.,0.,1.));
#2245=DIRECTION('ref_axis',(-1.,-1.27675647831893E-15,0.));
#2246=DIRECTION('',(-0.937748760723704,0.347314355823594,0.));
#2247=DIRECTION('center_axis',(0.,0.,1.));
#2248=DIRECTION('ref_axis',(-1.,-1.27675647831893E-15,0.));
#2249=DIRECTION('',(-0.937748760723704,0.347314355823594,0.));
#2250=DIRECTION('center_axis',(0.,0.,1.));
#2251=DIRECTION('ref_axis',(-1.,-1.27675647831893E-15,0.));
#2252=DIRECTION('',(-0.937748760723704,0.347314355823594,0.));
#2253=DIRECTION('center_axis',(0.,0.,1.));
#2254=DIRECTION('ref_axis',(-1.,-1.27675647831893E-15,0.));
#2255=DIRECTION('',(-0.937748760723704,0.347314355823594,0.));
#2256=DIRECTION('center_axis',(0.,0.,1.));
#2257=DIRECTION('ref_axis',(-1.,-1.27675647831893E-15,0.));
#2258=DIRECTION('',(-0.937748760723704,0.347314355823594,0.));
#2259=DIRECTION('center_axis',(0.,0.,1.));
#2260=DIRECTION('ref_axis',(-1.,-1.27675647831893E-15,0.));
#2261=DIRECTION('',(-0.937748760723704,0.347314355823594,0.));
#2262=DIRECTION('center_axis',(0.,0.,1.));
#2263=DIRECTION('ref_axis',(-1.,-1.27675647831893E-15,0.));
#2264=DIRECTION('',(-0.937748760723704,0.347314355823594,0.));
#2265=DIRECTION('center_axis',(0.,0.,1.));
#2266=DIRECTION('ref_axis',(-1.,-1.27675647831893E-15,0.));
#2267=DIRECTION('',(-0.937748760723704,0.347314355823594,0.));
#2268=DIRECTION('',(-1.,4.56516727558456E-34,0.));
#2269=DIRECTION('center_axis',(0.,0.,1.));
#2270=DIRECTION('ref_axis',(-0.707106781186547,-0.707106781186548,0.));
#2271=DIRECTION('',(-1.22464679914735E-16,1.,0.));
#2272=DIRECTION('center_axis',(0.,0.,1.));
#2273=DIRECTION('ref_axis',(-0.571264231409778,0.820766213919528,0.));
#2274=DIRECTION('',(0.937748760723704,-0.347314355823594,0.));
#2275=DIRECTION('center_axis',(-4.56516727558456E-34,-1.,0.));
#2276=DIRECTION('ref_axis',(1.,-4.56516727558456E-34,0.));
#2277=DIRECTION('',(0.,0.,-1.));
#2278=DIRECTION('center_axis',(0.,0.,-1.));
#2279=DIRECTION('ref_axis',(0.347314355823593,0.937748760723704,0.));
#2280=DIRECTION('',(0.,0.,-1.));
#2281=DIRECTION('',(0.,0.,1.));
#2282=DIRECTION('center_axis',(0.347314355823594,0.937748760723704,0.));
#2283=DIRECTION('ref_axis',(-0.937748760723704,0.347314355823594,0.));
#2284=DIRECTION('',(0.,0.,-1.));
#2285=DIRECTION('center_axis',(0.,0.,-1.));
#2286=DIRECTION('ref_axis',(0.34731435582359,0.937748760723705,0.));
#2287=DIRECTION('',(0.,0.,1.));
#2288=DIRECTION('center_axis',(0.347314355823594,0.937748760723704,0.));
#2289=DIRECTION('ref_axis',(-0.937748760723704,0.347314355823594,0.));
#2290=DIRECTION('',(0.,0.,-1.));
#2291=DIRECTION('center_axis',(0.,0.,-1.));
#2292=DIRECTION('ref_axis',(0.347314355823591,0.937748760723705,0.));
#2293=DIRECTION('',(0.,0.,1.));
#2294=DIRECTION('center_axis',(0.347314355823594,0.937748760723704,0.));
#2295=DIRECTION('ref_axis',(-0.937748760723704,0.347314355823594,0.));
#2296=DIRECTION('',(0.,0.,-1.));
#2297=DIRECTION('center_axis',(0.,0.,-1.));
#2298=DIRECTION('ref_axis',(0.347314355823592,0.937748760723704,0.));
#2299=DIRECTION('',(0.,0.,1.));
#2300=DIRECTION('center_axis',(0.347314355823594,0.937748760723704,0.));
#2301=DIRECTION('ref_axis',(-0.937748760723704,0.347314355823594,0.));
#2302=DIRECTION('',(0.,0.,-1.));
#2303=DIRECTION('center_axis',(0.,0.,-1.));
#2304=DIRECTION('ref_axis',(0.347314355823592,0.937748760723704,0.));
#2305=DIRECTION('',(0.,0.,1.));
#2306=DIRECTION('center_axis',(0.347314355823594,0.937748760723704,0.));
#2307=DIRECTION('ref_axis',(-0.937748760723704,0.347314355823594,0.));
#2308=DIRECTION('',(0.,0.,-1.));
#2309=DIRECTION('center_axis',(0.,0.,-1.));
#2310=DIRECTION('ref_axis',(0.347314355823592,0.937748760723704,0.));
#2311=DIRECTION('',(0.,0.,1.));
#2312=DIRECTION('center_axis',(0.347314355823594,0.937748760723704,0.));
#2313=DIRECTION('ref_axis',(-0.937748760723704,0.347314355823594,0.));
#2314=DIRECTION('',(0.,0.,-1.));
#2315=DIRECTION('center_axis',(0.,0.,-1.));
#2316=DIRECTION('ref_axis',(0.347314355823592,0.937748760723704,0.));
#2317=DIRECTION('',(0.,0.,1.));
#2318=DIRECTION('center_axis',(0.347314355823594,0.937748760723704,0.));
#2319=DIRECTION('ref_axis',(-0.937748760723704,0.347314355823594,0.));
#2320=DIRECTION('',(0.,0.,-1.));
#2321=DIRECTION('center_axis',(0.,0.,-1.));
#2322=DIRECTION('ref_axis',(0.347314355823591,0.937748760723705,0.));
#2323=DIRECTION('',(0.,0.,1.));
#2324=DIRECTION('center_axis',(0.347314355823594,0.937748760723704,0.));
#2325=DIRECTION('ref_axis',(-0.937748760723704,0.347314355823594,0.));
#2326=DIRECTION('',(0.,0.,-1.));
#2327=DIRECTION('center_axis',(0.,0.,-1.));
#2328=DIRECTION('ref_axis',(0.347314355823593,0.937748760723704,0.));
#2329=DIRECTION('',(0.,0.,1.));
#2330=DIRECTION('center_axis',(0.347314355823594,0.937748760723704,0.));
#2331=DIRECTION('ref_axis',(-0.937748760723704,0.347314355823594,0.));
#2332=DIRECTION('',(0.,0.,-1.));
#2333=DIRECTION('center_axis',(0.,0.,-1.));
#2334=DIRECTION('ref_axis',(0.347314355823594,0.937748760723704,0.));
#2335=DIRECTION('',(0.,0.,1.));
#2336=DIRECTION('center_axis',(0.347314355823594,0.937748760723704,0.));
#2337=DIRECTION('ref_axis',(-0.937748760723704,0.347314355823594,0.));
#2338=DIRECTION('',(0.,0.,-1.));
#2339=DIRECTION('center_axis',(0.,0.,-1.));
#2340=DIRECTION('ref_axis',(0.347314355823594,0.937748760723704,0.));
#2341=DIRECTION('',(0.,0.,1.));
#2342=DIRECTION('center_axis',(0.347314355823594,0.937748760723704,0.));
#2343=DIRECTION('ref_axis',(-0.937748760723704,0.347314355823594,0.));
#2344=DIRECTION('',(0.,0.,-1.));
#2345=DIRECTION('center_axis',(0.,0.,-1.));
#2346=DIRECTION('ref_axis',(0.347314355823594,0.937748760723704,0.));
#2347=DIRECTION('',(0.,0.,1.));
#2348=DIRECTION('center_axis',(0.347314355823594,0.937748760723704,0.));
#2349=DIRECTION('ref_axis',(-0.937748760723704,0.347314355823594,0.));
#2350=DIRECTION('',(0.,0.,-1.));
#2351=DIRECTION('center_axis',(0.,0.,-1.));
#2352=DIRECTION('ref_axis',(0.347314355823594,0.937748760723704,0.));
#2353=DIRECTION('',(0.,0.,1.));
#2354=DIRECTION('center_axis',(0.347314355823594,0.937748760723704,0.));
#2355=DIRECTION('ref_axis',(-0.937748760723704,0.347314355823594,0.));
#2356=DIRECTION('',(0.,0.,-1.));
#2357=DIRECTION('center_axis',(0.,0.,-1.));
#2358=DIRECTION('ref_axis',(0.347314355823594,0.937748760723704,0.));
#2359=DIRECTION('',(0.,0.,1.));
#2360=DIRECTION('center_axis',(0.347314355823594,0.937748760723704,0.));
#2361=DIRECTION('ref_axis',(-0.937748760723704,0.347314355823594,0.));
#2362=DIRECTION('',(0.,0.,1.));
#2363=DIRECTION('center_axis',(0.,0.,-1.));
#2364=DIRECTION('ref_axis',(0.,-1.,0.));
#2365=DIRECTION('',(0.,0.,-1.));
#2366=DIRECTION('',(0.,0.,1.));
#2367=DIRECTION('center_axis',(-4.56516727558456E-34,-1.,0.));
#2368=DIRECTION('ref_axis',(1.,-4.56516727558456E-34,0.));
#2369=DIRECTION('',(0.,0.,-1.));
#2370=DIRECTION('center_axis',(0.,0.,-1.));
#2371=DIRECTION('ref_axis',(0.,-1.,0.));
#2372=DIRECTION('',(0.,0.,1.));
#2373=DIRECTION('center_axis',(-4.56516727558456E-34,-1.,0.));
#2374=DIRECTION('ref_axis',(1.,-4.56516727558456E-34,0.));
#2375=DIRECTION('',(0.,0.,-1.));
#2376=DIRECTION('center_axis',(0.,0.,-1.));
#2377=DIRECTION('ref_axis',(0.,-1.,0.));
#2378=DIRECTION('',(0.,0.,1.));
#2379=DIRECTION('center_axis',(-4.56516727558456E-34,-1.,0.));
#2380=DIRECTION('ref_axis',(1.,-4.56516727558456E-34,0.));
#2381=DIRECTION('',(0.,0.,-1.));
#2382=DIRECTION('center_axis',(0.,0.,-1.));
#2383=DIRECTION('ref_axis',(0.,-1.,0.));
#2384=DIRECTION('',(0.,0.,1.));
#2385=DIRECTION('center_axis',(-4.56516727558456E-34,-1.,0.));
#2386=DIRECTION('ref_axis',(1.,-4.56516727558456E-34,0.));
#2387=DIRECTION('',(0.,0.,-1.));
#2388=DIRECTION('center_axis',(0.,0.,-1.));
#2389=DIRECTION('ref_axis',(0.,-1.,0.));
#2390=DIRECTION('',(0.,0.,1.));
#2391=DIRECTION('center_axis',(-4.56516727558456E-34,-1.,0.));
#2392=DIRECTION('ref_axis',(1.,-4.56516727558456E-34,0.));
#2393=DIRECTION('',(0.,0.,-1.));
#2394=DIRECTION('center_axis',(0.,0.,-1.));
#2395=DIRECTION('ref_axis',(2.08166817117217E-16,-1.,0.));
#2396=DIRECTION('',(0.,0.,1.));
#2397=DIRECTION('center_axis',(-4.56516727558456E-34,-1.,0.));
#2398=DIRECTION('ref_axis',(1.,-4.56516727558456E-34,0.));
#2399=DIRECTION('',(0.,0.,-1.));
#2400=DIRECTION('center_axis',(0.,0.,-1.));
#2401=DIRECTION('ref_axis',(2.08166817117217E-16,-1.,0.));
#2402=DIRECTION('',(0.,0.,1.));
#2403=DIRECTION('center_axis',(-4.56516727558456E-34,-1.,0.));
#2404=DIRECTION('ref_axis',(1.,-4.56516727558456E-34,0.));
#2405=DIRECTION('',(0.,0.,-1.));
#2406=DIRECTION('center_axis',(0.,0.,-1.));
#2407=DIRECTION('ref_axis',(2.08166817117217E-16,-1.,0.));
#2408=DIRECTION('',(0.,0.,1.));
#2409=DIRECTION('center_axis',(-4.56516727558456E-34,-1.,0.));
#2410=DIRECTION('ref_axis',(1.,-4.56516727558456E-34,0.));
#2411=DIRECTION('',(0.,0.,-1.));
#2412=DIRECTION('center_axis',(0.,0.,-1.));
#2413=DIRECTION('ref_axis',(2.08166817117217E-16,-1.,0.));
#2414=DIRECTION('',(0.,0.,1.));
#2415=DIRECTION('center_axis',(-4.56516727558456E-34,-1.,0.));
#2416=DIRECTION('ref_axis',(1.,-4.56516727558456E-34,0.));
#2417=DIRECTION('',(0.,0.,-1.));
#2418=DIRECTION('center_axis',(0.,0.,-1.));
#2419=DIRECTION('ref_axis',(2.08166817117217E-16,-1.,0.));
#2420=DIRECTION('',(0.,0.,1.));
#2421=DIRECTION('center_axis',(-4.56516727558456E-34,-1.,0.));
#2422=DIRECTION('ref_axis',(1.,-4.56516727558456E-34,0.));
#2423=DIRECTION('',(0.,0.,-1.));
#2424=DIRECTION('center_axis',(0.,0.,-1.));
#2425=DIRECTION('ref_axis',(2.08166817117217E-16,-1.,0.));
#2426=DIRECTION('',(0.,0.,1.));
#2427=DIRECTION('center_axis',(-4.56516727558456E-34,-1.,0.));
#2428=DIRECTION('ref_axis',(1.,-4.56516727558456E-34,0.));
#2429=DIRECTION('',(0.,0.,-1.));
#2430=DIRECTION('center_axis',(0.,0.,-1.));
#2431=DIRECTION('ref_axis',(2.08166817117217E-16,-1.,0.));
#2432=DIRECTION('',(0.,0.,1.));
#2433=DIRECTION('center_axis',(-4.56516727558456E-34,-1.,0.));
#2434=DIRECTION('ref_axis',(1.,-4.56516727558456E-34,0.));
#2435=DIRECTION('',(0.,0.,-1.));
#2436=DIRECTION('center_axis',(0.,0.,-1.));
#2437=DIRECTION('ref_axis',(0.,-1.,0.));
#2438=DIRECTION('',(0.,0.,1.));
#2439=DIRECTION('center_axis',(-4.56516727558456E-34,-1.,0.));
#2440=DIRECTION('ref_axis',(1.,-4.56516727558456E-34,0.));
#2441=DIRECTION('',(0.,0.,-1.));
#2442=DIRECTION('center_axis',(0.,0.,-1.));
#2443=DIRECTION('ref_axis',(0.,-1.,0.));
#2444=DIRECTION('',(0.,0.,1.));
#2445=DIRECTION('center_axis',(-4.56516727558456E-34,-1.,0.));
#2446=DIRECTION('ref_axis',(1.,-4.56516727558456E-34,0.));
#2447=DIRECTION('',(0.,0.,-1.));
#2448=DIRECTION('center_axis',(0.,0.,-1.));
#2449=DIRECTION('ref_axis',(0.347314355823594,0.937748760723704,0.));
#2450=DIRECTION('',(0.,0.,-1.));
#2451=DIRECTION('center_axis',(0.347314355823594,0.937748760723704,0.));
#2452=DIRECTION('ref_axis',(-0.937748760723704,0.347314355823594,0.));
#2453=DIRECTION('',(0.,0.,1.));
#2454=DIRECTION('center_axis',(0.347314355823594,0.937748760723704,0.));
#2455=DIRECTION('ref_axis',(-0.937748760723704,0.347314355823594,0.));
#2456=DIRECTION('',(0.,0.,-1.));
#2457=DIRECTION('center_axis',(0.,0.,1.));
#2458=DIRECTION('ref_axis',(0.984314167510483,-0.176424543752126,0.));
#2459=DIRECTION('center_axis',(0.,0.,1.));
#2460=DIRECTION('ref_axis',(-0.571264231409775,0.82076621391953,0.));
#2461=DIRECTION('',(0.,0.,1.));
#2462=DIRECTION('center_axis',(-1.,-1.22464679914735E-16,0.));
#2463=DIRECTION('ref_axis',(1.22464679914735E-16,-1.,0.));
#2464=DIRECTION('',(0.,0.,-1.));
#2465=DIRECTION('center_axis',(0.,0.,1.));
#2466=DIRECTION('ref_axis',(-0.707106781186547,-0.707106781186548,0.));
#2467=DIRECTION('',(0.,0.,1.));
#2468=DIRECTION('center_axis',(0.,0.,1.));
#2469=DIRECTION('ref_axis',(-0.707106781186547,-0.707106781186548,0.));
#2470=DIRECTION('',(0.,0.,1.));
#2471=DIRECTION('center_axis',(-1.,-1.22464679914735E-16,0.));
#2472=DIRECTION('ref_axis',(1.22464679914735E-16,-1.,0.));
#2473=DIRECTION('',(0.,0.,-1.));
#2474=DIRECTION('center_axis',(0.,0.,1.));
#2475=DIRECTION('ref_axis',(-0.571264231409778,0.820766213919528,0.));
#2476=DIRECTION('',(0.,0.,1.));
#2477=DIRECTION('center_axis',(0.347314355823594,0.937748760723704,0.));
#2478=DIRECTION('ref_axis',(-0.937748760723704,0.347314355823594,0.));
#2479=DIRECTION('center_axis',(-4.56516727558456E-34,-1.,0.));
#2480=DIRECTION('ref_axis',(1.,-4.56516727558456E-34,0.));
#2481=CARTESIAN_POINT('',(0.,0.,0.));
#2482=CARTESIAN_POINT('Origin',(101.524583941334,6.,0.));
#2483=CARTESIAN_POINT('',(102.219212652982,7.87549752144741,0.));
#2484=CARTESIAN_POINT('',(101.524583941334,4.,0.));
#2485=CARTESIAN_POINT('Origin',(101.524583941334,6.,0.));
#2486=CARTESIAN_POINT('',(101.524583941334,4.,40.));
#2487=CARTESIAN_POINT('',(101.524583941334,4.,0.));
#2488=CARTESIAN_POINT('',(102.219212652982,7.87549752144741,40.));
#2489=CARTESIAN_POINT('Origin',(101.524583941334,6.,40.));
#2490=CARTESIAN_POINT('',(102.219212652982,7.87549752144741,0.));
#2491=CARTESIAN_POINT('Origin',(1.82606691023382E-33,4.,0.));
#2492=CARTESIAN_POINT('',(80.9382908259197,4.,0.));
#2493=CARTESIAN_POINT('',(33.75,4.,0.));
#2494=CARTESIAN_POINT('',(80.9382908259197,4.,40.));
#2495=CARTESIAN_POINT('',(80.9382908259197,4.,40.));
#2496=CARTESIAN_POINT('',(33.75,4.,40.));
#2497=CARTESIAN_POINT('Origin',(80.9382908259197,6.,40.));
#2498=CARTESIAN_POINT('',(79.1818551844655,6.95652173913043,0.));
#2499=CARTESIAN_POINT('Origin',(80.9382908259197,6.,0.));
#2500=CARTESIAN_POINT('',(79.1818551844655,6.95652173913043,40.));
#2501=CARTESIAN_POINT('',(79.1818551844655,6.95652173913043,40.));
#2502=CARTESIAN_POINT('Origin',(80.9382908259197,6.,40.));
#2503=CARTESIAN_POINT('Origin',(70.8387858875577,11.5,40.));
#2504=CARTESIAN_POINT('',(80.2405040067374,12.8629733700584,0.));
#2505=CARTESIAN_POINT('Origin',(70.8387858875577,11.5,0.));
#2506=CARTESIAN_POINT('',(80.2405040067374,12.8629733700584,40.));
#2507=CARTESIAN_POINT('',(80.2405040067374,12.8629733700584,40.));
#2508=CARTESIAN_POINT('Origin',(70.8387858875577,11.5,40.));
#2509=CARTESIAN_POINT('Origin',(82.2198130844594,13.1499151321759,40.));
#2510=CARTESIAN_POINT('',(82.9144417961066,15.0254126536234,40.));
#2511=CARTESIAN_POINT('Origin',(82.2198130844594,13.1499151321759,40.));
#2512=CARTESIAN_POINT('',(82.9144417961066,15.0254126536234,0.));
#2513=CARTESIAN_POINT('Origin',(82.2198130844594,13.1499151321759,0.));
#2514=CARTESIAN_POINT('',(82.9144417961066,15.0254126536234,40.));
#2515=CARTESIAN_POINT('Origin',(44.9945158142257,7.00000000000001,40.));
#2516=CARTESIAN_POINT('',(44.9945158142257,4.,0.));
#2517=CARTESIAN_POINT('',(42.5945158142257,8.8,0.));
#2518=CARTESIAN_POINT('Origin',(44.9945158142257,7.00000000000001,0.));
#2519=CARTESIAN_POINT('',(42.5945158142257,8.8,40.));
#2520=CARTESIAN_POINT('',(42.5945158142257,8.80000000000001,40.));
#2521=CARTESIAN_POINT('',(44.9945158142257,4.,40.));
#2522=CARTESIAN_POINT('Origin',(44.9945158142257,7.00000000000001,40.));
#2523=CARTESIAN_POINT('',(44.9945158142257,4.,40.));
#2524=CARTESIAN_POINT('Origin',(28.9945158142257,19.,40.));
#2525=CARTESIAN_POINT('',(45.2905053894687,23.8415621201809,0.));
#2526=CARTESIAN_POINT('Origin',(28.9945158142257,19.,0.));
#2527=CARTESIAN_POINT('',(45.2905053894687,23.8415621201809,40.));
#2528=CARTESIAN_POINT('',(45.2905053894687,23.8415621201809,40.));
#2529=CARTESIAN_POINT('Origin',(28.9945158142257,19.,40.));
#2530=CARTESIAN_POINT('Origin',(48.1662682556881,24.6959554355069,40.));
#2531=CARTESIAN_POINT('',(49.2082113231589,27.5092017176781,40.));
#2532=CARTESIAN_POINT('Origin',(48.1662682556881,24.6959554355069,40.));
#2533=CARTESIAN_POINT('',(49.2082113231589,27.5092017176781,0.));
#2534=CARTESIAN_POINT('Origin',(48.1662682556881,24.6959554355069,0.));
#2535=CARTESIAN_POINT('',(49.2082113231589,27.5092017176781,40.));
#2536=CARTESIAN_POINT('Origin',(18.1583079125296,35.8100148218619,40.));
#2537=CARTESIAN_POINT('',(19.2002509800004,38.6232611040331,0.));
#2538=CARTESIAN_POINT('',(19.783739097784,33.2885125985827,0.));
#2539=CARTESIAN_POINT('Origin',(18.1583079125296,35.8100148218619,0.));
#2540=CARTESIAN_POINT('',(19.783739097784,33.2885125985827,40.));
#2541=CARTESIAN_POINT('',(19.783739097784,33.2885125985827,40.));
#2542=CARTESIAN_POINT('',(19.2002509800004,38.6232611040331,40.));
#2543=CARTESIAN_POINT('Origin',(18.1583079125296,35.8100148218619,40.));
#2544=CARTESIAN_POINT('',(19.2002509800004,38.6232611040331,40.));
#2545=CARTESIAN_POINT('Origin',(28.9945158142257,19.,40.));
#2546=CARTESIAN_POINT('',(15.3945158142257,8.8,0.));
#2547=CARTESIAN_POINT('Origin',(28.9945158142257,19.,0.));
#2548=CARTESIAN_POINT('',(15.3945158142257,8.8,40.));
#2549=CARTESIAN_POINT('',(15.3945158142257,8.8,40.));
#2550=CARTESIAN_POINT('Origin',(28.9945158142257,19.,40.));
#2551=CARTESIAN_POINT('Origin',(12.9945158142257,7.,40.));
#2552=CARTESIAN_POINT('',(12.9945158142257,4.,40.));
#2553=CARTESIAN_POINT('Origin',(12.9945158142257,7.,40.));
#2554=CARTESIAN_POINT('',(12.9945158142257,4.,0.));
#2555=CARTESIAN_POINT('Origin',(12.9945158142257,7.,0.));
#2556=CARTESIAN_POINT('',(12.9945158142257,4.,40.));
#2557=CARTESIAN_POINT('Origin',(70.8387858875577,11.5,40.));
#2558=CARTESIAN_POINT('',(67.9756756430039,20.5582890066243,0.));
#2559=CARTESIAN_POINT('',(67.9756756430039,20.5582890066243,40.));
#2560=CARTESIAN_POINT('',(67.9756756430039,20.5582890066243,40.));
#2561=CARTESIAN_POINT('',(65.0078339927124,4.,4.44089209850063E-15));
#2562=CARTESIAN_POINT('Origin',(70.8387858875577,11.5,0.));
#2563=CARTESIAN_POINT('',(65.0078339927124,4.,40.));
#2564=CARTESIAN_POINT('',(65.0078339927124,4.,40.));
#2565=CARTESIAN_POINT('Origin',(70.8387858875577,11.5,40.));
#2566=CARTESIAN_POINT('Origin',(70.8387858875577,11.5,40.));
#2567=CARTESIAN_POINT('',(76.3387858875577,11.5,40.));
#2568=CARTESIAN_POINT('Origin',(70.8387858875577,11.5,40.));
#2569=CARTESIAN_POINT('',(76.3387858875577,11.5,0.));
#2570=CARTESIAN_POINT('',(76.3387858875577,11.5,40.));
#2571=CARTESIAN_POINT('Origin',(70.8387858875577,11.5,0.));
#2572=CARTESIAN_POINT('Origin',(133.610742576706,-3.75099504289482,0.));
#2573=CARTESIAN_POINT('',(99.8607425767056,8.74900495710519,0.));
#2574=CARTESIAN_POINT('',(99.8607425767056,8.74900495710519,40.));
#2575=CARTESIAN_POINT('Origin',(133.610742576706,-3.75099504289482,0.));
#2576=CARTESIAN_POINT('',(99.8607425767056,8.74900495710519,40.));
#2577=CARTESIAN_POINT('',(99.8607425767056,8.74900495710519,0.));
#2578=CARTESIAN_POINT('Origin',(1.82606691023382E-33,4.,0.));
#2579=CARTESIAN_POINT('',(33.75,4.,40.));
#2580=CARTESIAN_POINT('',(33.75,4.,0.));
#2581=CARTESIAN_POINT('Origin',(67.5,25.,0.));
#2582=CARTESIAN_POINT('',(23.0460158492165,41.4644385743643,0.));
#2583=CARTESIAN_POINT('',(19.2950208063217,42.8536959976586,0.));
#2584=CARTESIAN_POINT('Origin',(21.1705183277691,42.1590672860114,0.));
#2585=CARTESIAN_POINT('',(26.4363382918329,40.2087635956174,0.));
#2586=CARTESIAN_POINT('',(135.,-6.16297582203915E-32,0.));
#2587=CARTESIAN_POINT('',(30.1873333347278,38.8195061723231,0.));
#2588=CARTESIAN_POINT('Origin',(28.3118358132803,39.5141348839702,0.));
#2589=CARTESIAN_POINT('',(33.5776557773442,37.5638311935762,0.));
#2590=CARTESIAN_POINT('',(135.,-6.16297582203915E-32,0.));
#2591=CARTESIAN_POINT('',(37.3286508202391,36.1745737702818,0.));
#2592=CARTESIAN_POINT('Origin',(35.4531532987916,36.869202481929,0.));
#2593=CARTESIAN_POINT('',(40.7189732628555,34.918898791535,0.));
#2594=CARTESIAN_POINT('',(135.,-6.16297582203915E-32,0.));
#2595=CARTESIAN_POINT('',(44.4699683057503,33.5296413682406,0.));
#2596=CARTESIAN_POINT('Origin',(42.5944707843029,34.2242700798878,0.));
#2597=CARTESIAN_POINT('',(47.8602907483668,32.2739663894938,0.));
#2598=CARTESIAN_POINT('',(135.,-6.16297582203915E-32,0.));
#2599=CARTESIAN_POINT('',(51.6112857912616,30.8847089661994,0.));
#2600=CARTESIAN_POINT('Origin',(49.7357882698142,31.5793376778466,0.));
#2601=CARTESIAN_POINT('',(55.0016082338781,29.6290339874526,0.));
#2602=CARTESIAN_POINT('',(135.,-6.16297582203915E-32,0.));
#2603=CARTESIAN_POINT('',(58.7526032767729,28.2397765641582,0.));
#2604=CARTESIAN_POINT('Origin',(56.8771057553255,28.9344052758054,0.));
#2605=CARTESIAN_POINT('',(62.1429257193894,26.9841015854113,0.));
#2606=CARTESIAN_POINT('',(135.,-6.16297582203915E-32,0.));
#2607=CARTESIAN_POINT('',(65.8939207622842,25.594844162117,0.));
#2608=CARTESIAN_POINT('Origin',(64.0184232408368,26.2894728737642,0.));
#2609=CARTESIAN_POINT('',(69.2842432049006,24.3391691833701,0.));
#2610=CARTESIAN_POINT('',(135.,-6.16297582203915E-32,0.));
#2611=CARTESIAN_POINT('',(73.0352382477955,22.9499117600758,0.));
#2612=CARTESIAN_POINT('Origin',(71.159740726348,23.6445404717229,0.));
#2613=CARTESIAN_POINT('',(76.4255606904119,21.6942367813289,0.));
#2614=CARTESIAN_POINT('',(135.,-6.16297582203915E-32,0.));
#2615=CARTESIAN_POINT('',(80.1765557333067,20.3049793580345,0.));
#2616=CARTESIAN_POINT('Origin',(78.3010582118593,20.9996080696817,0.));
#2617=CARTESIAN_POINT('',(83.5668781759232,19.0493043792877,0.));
#2618=CARTESIAN_POINT('',(135.,-6.16297582203915E-32,0.));
#2619=CARTESIAN_POINT('',(87.317873218818,17.6600469559933,0.));
#2620=CARTESIAN_POINT('Origin',(85.4423756973706,18.3546756676405,0.));
#2621=CARTESIAN_POINT('',(90.7081956614345,16.4043719772465,0.));
#2622=CARTESIAN_POINT('',(135.,-6.16297582203915E-32,0.));
#2623=CARTESIAN_POINT('',(94.4591907043293,15.0151145539521,0.));
#2624=CARTESIAN_POINT('Origin',(92.5836931828819,15.7097432655993,0.));
#2625=CARTESIAN_POINT('',(97.8495131469458,13.7594395752053,0.));
#2626=CARTESIAN_POINT('',(135.,-6.16297582203915E-32,0.));
#2627=CARTESIAN_POINT('',(101.600508189841,12.3701821519109,0.));
#2628=CARTESIAN_POINT('Origin',(99.7250106683932,13.0648108635581,0.));
#2629=CARTESIAN_POINT('',(104.990830632457,11.1145071731641,0.));
#2630=CARTESIAN_POINT('',(135.,-6.16297582203915E-32,0.));
#2631=CARTESIAN_POINT('',(108.741825675352,9.72524974986968,0.));
#2632=CARTESIAN_POINT('Origin',(106.866328153904,10.4198784615169,0.));
#2633=CARTESIAN_POINT('',(112.132148117968,8.46957477112283,0.));
#2634=CARTESIAN_POINT('',(135.,-6.16297582203915E-32,0.));
#2635=CARTESIAN_POINT('',(115.883143160863,7.08031734782845,0.));
#2636=CARTESIAN_POINT('Origin',(114.007645639416,7.77494605947564,0.));
#2637=CARTESIAN_POINT('',(124.536156692092,3.87549752144741,0.));
#2638=CARTESIAN_POINT('',(135.,-6.16297582203915E-32,0.));
#2639=CARTESIAN_POINT('',(123.841527980445,-5.65357290894716E-32,0.));
#2640=CARTESIAN_POINT('Origin',(123.841527980445,2.,0.));
#2641=CARTESIAN_POINT('',(112.18119617103,-8.88178419700125E-15,0.));
#2642=CARTESIAN_POINT('',(0.,0.,0.));
#2643=CARTESIAN_POINT('',(108.18119617103,-1.77635683940025E-14,0.));
#2644=CARTESIAN_POINT('Origin',(110.18119617103,-1.77635683940025E-14,0.));
#2645=CARTESIAN_POINT('',(104.565811555645,-8.88178419700125E-15,0.));
#2646=CARTESIAN_POINT('',(0.,0.,0.));
#2647=CARTESIAN_POINT('',(100.565811555645,-1.77635683940025E-14,0.));
#2648=CARTESIAN_POINT('Origin',(102.565811555645,-1.77635683940025E-14,
0.));
#2649=CARTESIAN_POINT('',(96.9504269402603,-8.88178419700125E-15,0.));
#2650=CARTESIAN_POINT('',(0.,0.,0.));
#2651=CARTESIAN_POINT('',(92.9504269402603,-1.77635683940025E-14,0.));
#2652=CARTESIAN_POINT('Origin',(94.9504269402603,-1.77635683940025E-14,
0.));
#2653=CARTESIAN_POINT('',(89.3350423248757,-8.88178419700125E-15,0.));
#2654=CARTESIAN_POINT('',(0.,0.,0.));
#2655=CARTESIAN_POINT('',(85.3350423248757,-1.77635683940025E-14,0.));
#2656=CARTESIAN_POINT('Origin',(87.3350423248757,-1.77635683940025E-14,
0.));
#2657=CARTESIAN_POINT('',(81.7196577094911,-8.88178419700125E-15,0.));
#2658=CARTESIAN_POINT('',(0.,0.,0.));
#2659=CARTESIAN_POINT('',(77.7196577094911,-1.77635683940025E-14,0.));
#2660=CARTESIAN_POINT('Origin',(79.7196577094911,-1.77635683940025E-14,
0.));
#2661=CARTESIAN_POINT('',(74.1042730941065,-8.88178419700125E-15,0.));
#2662=CARTESIAN_POINT('',(0.,0.,0.));
#2663=CARTESIAN_POINT('',(70.1042730941065,-1.77635683940025E-14,0.));
#2664=CARTESIAN_POINT('Origin',(72.1042730941065,-1.77635683940025E-14,
0.));
#2665=CARTESIAN_POINT('',(66.4888884787218,-8.88178419700125E-15,0.));
#2666=CARTESIAN_POINT('',(0.,0.,0.));
#2667=CARTESIAN_POINT('',(62.4888884787218,-1.77635683940025E-14,0.));
#2668=CARTESIAN_POINT('Origin',(64.4888884787218,-1.77635683940025E-14,
0.));
#2669=CARTESIAN_POINT('',(58.8735038633372,-8.88178419700125E-15,0.));
#2670=CARTESIAN_POINT('',(0.,0.,0.));
#2671=CARTESIAN_POINT('',(54.8735038633372,-1.77635683940025E-14,0.));
#2672=CARTESIAN_POINT('Origin',(56.8735038633372,-1.77635683940025E-14,
0.));
#2673=CARTESIAN_POINT('',(51.2581192479526,-8.88178419700125E-15,0.));
#2674=CARTESIAN_POINT('',(0.,0.,0.));
#2675=CARTESIAN_POINT('',(47.2581192479526,-1.77635683940025E-14,0.));
#2676=CARTESIAN_POINT('Origin',(49.2581192479526,-1.77635683940025E-14,
0.));
#2677=CARTESIAN_POINT('',(43.642734632568,-8.88178419700125E-15,0.));
#2678=CARTESIAN_POINT('',(0.,0.,0.));
#2679=CARTESIAN_POINT('',(39.642734632568,-1.77635683940025E-14,0.));
#2680=CARTESIAN_POINT('Origin',(41.642734632568,-1.77635683940025E-14,0.));
#2681=CARTESIAN_POINT('',(36.0273500171834,-8.88178419700125E-15,0.));
#2682=CARTESIAN_POINT('',(0.,0.,0.));
#2683=CARTESIAN_POINT('',(32.0273500171834,-1.77635683940025E-14,0.));
#2684=CARTESIAN_POINT('Origin',(34.0273500171834,-1.77635683940025E-14,
0.));
#2685=CARTESIAN_POINT('',(28.4119654017988,-8.88178419700125E-15,0.));
#2686=CARTESIAN_POINT('',(0.,0.,0.));
#2687=CARTESIAN_POINT('',(24.4119654017988,-1.77635683940025E-14,0.));
#2688=CARTESIAN_POINT('Origin',(26.4119654017988,-1.77635683940025E-14,
0.));
#2689=CARTESIAN_POINT('',(20.7965807864142,-8.88178419700125E-15,0.));
#2690=CARTESIAN_POINT('',(0.,0.,0.));
#2691=CARTESIAN_POINT('',(16.7965807864141,-1.77635683940025E-14,0.));
#2692=CARTESIAN_POINT('Origin',(18.7965807864142,-1.77635683940025E-14,
0.));
#2693=CARTESIAN_POINT('',(13.1811961710295,-8.88178419700125E-15,0.));
#2694=CARTESIAN_POINT('',(0.,0.,0.));
#2695=CARTESIAN_POINT('',(9.18119617102954,-1.77635683940025E-14,0.));
#2696=CARTESIAN_POINT('Origin',(11.1811961710295,-1.77635683940025E-14,
0.));
#2697=CARTESIAN_POINT('',(6.,-2.73910036535073E-33,0.));
#2698=CARTESIAN_POINT('',(0.,0.,0.));
#2699=CARTESIAN_POINT('',(-7.34788079488412E-16,6.,0.));
#2700=CARTESIAN_POINT('Origin',(6.,6.,0.));
#2701=CARTESIAN_POINT('',(-5.06752422628982E-15,41.3794755338276,0.));
#2702=CARTESIAN_POINT('',(-6.12323399573677E-15,50.,0.));
#2703=CARTESIAN_POINT('',(8.08388613494158,47.0059680981698,0.));
#2704=CARTESIAN_POINT('Origin',(5.99999999999999,41.3794755338276,0.));
#2705=CARTESIAN_POINT('',(12.7726299385601,45.2693963190518,0.));
#2706=CARTESIAN_POINT('',(135.,-6.16297582203915E-32,0.));
#2707=CARTESIAN_POINT('',(16.5236249814549,43.8801388957574,0.));
#2708=CARTESIAN_POINT('Origin',(14.6481274600075,44.5747676074046,0.));
#2709=CARTESIAN_POINT('',(135.,-6.16297582203915E-32,0.));
#2710=CARTESIAN_POINT('',(41.9945158142257,19.,0.));
#2711=CARTESIAN_POINT('Origin',(28.9945158142257,19.,0.));
#2712=CARTESIAN_POINT('',(8.04194306747076,42.7559677383033,0.));
#2713=CARTESIAN_POINT('',(99.8607425767056,8.74900495710519,0.));
#2714=CARTESIAN_POINT('',(3.99999999999999,39.9427214561322,0.));
#2715=CARTESIAN_POINT('Origin',(6.99999999999999,39.9427214561322,0.));
#2716=CARTESIAN_POINT('',(4.,7.,0.));
#2717=CARTESIAN_POINT('',(3.99999999999999,37.5,0.));
#2718=CARTESIAN_POINT('',(7.,4.,0.));
#2719=CARTESIAN_POINT('Origin',(7.,7.,0.));
#2720=CARTESIAN_POINT('',(33.75,4.,0.));
#2721=CARTESIAN_POINT('Origin',(28.9945158142257,19.,40.));
#2722=CARTESIAN_POINT('',(41.9945158142257,19.,40.));
#2723=CARTESIAN_POINT('Origin',(28.9945158142257,19.,40.));
#2724=CARTESIAN_POINT('',(41.9945158142257,19.,40.));
#2725=CARTESIAN_POINT('Origin',(74.0223908677616,22.5842996786069,40.));
#2726=CARTESIAN_POINT('',(23.0460158492165,41.4644385743643,40.));
#2727=CARTESIAN_POINT('',(19.2950208063217,42.8536959976586,40.));
#2728=CARTESIAN_POINT('Origin',(21.1705183277691,42.1590672860114,40.));
#2729=CARTESIAN_POINT('',(16.5236249814549,43.8801388957574,40.));
#2730=CARTESIAN_POINT('',(135.,-6.16297582203915E-32,40.));
#2731=CARTESIAN_POINT('',(12.7726299385601,45.2693963190518,40.));
#2732=CARTESIAN_POINT('Origin',(14.6481274600075,44.5747676074046,40.));
#2733=CARTESIAN_POINT('',(8.08388613494158,47.0059680981698,40.));
#2734=CARTESIAN_POINT('',(135.,-6.16297582203915E-32,40.));
#2735=CARTESIAN_POINT('',(-5.06752422628982E-15,41.3794755338276,40.));
#2736=CARTESIAN_POINT('Origin',(5.99999999999999,41.3794755338276,40.));
#2737=CARTESIAN_POINT('',(-7.34788079488412E-16,6.,40.));
#2738=CARTESIAN_POINT('',(-6.12323399573677E-15,50.,40.));
#2739=CARTESIAN_POINT('',(6.,-2.73910036535073E-33,40.));
#2740=CARTESIAN_POINT('Origin',(6.,6.,40.));
#2741=CARTESIAN_POINT('',(9.18119617102954,-1.77635683940025E-14,40.));
#2742=CARTESIAN_POINT('',(0.,0.,40.));
#2743=CARTESIAN_POINT('',(13.1811961710295,-8.88178419700125E-15,40.));
#2744=CARTESIAN_POINT('Origin',(11.1811961710295,-1.77635683940025E-14,
40.));
#2745=CARTESIAN_POINT('',(16.7965807864141,-1.77635683940025E-14,40.));
#2746=CARTESIAN_POINT('',(0.,0.,40.));
#2747=CARTESIAN_POINT('',(20.7965807864142,-8.88178419700125E-15,40.));
#2748=CARTESIAN_POINT('Origin',(18.7965807864142,-1.77635683940025E-14,
40.));
#2749=CARTESIAN_POINT('',(24.4119654017988,-1.77635683940025E-14,40.));
#2750=CARTESIAN_POINT('',(0.,0.,40.));
#2751=CARTESIAN_POINT('',(28.4119654017988,-8.88178419700125E-15,40.));
#2752=CARTESIAN_POINT('Origin',(26.4119654017988,-1.77635683940025E-14,
40.));
#2753=CARTESIAN_POINT('',(32.0273500171834,-1.77635683940025E-14,40.));
#2754=CARTESIAN_POINT('',(0.,0.,40.));
#2755=CARTESIAN_POINT('',(36.0273500171834,-8.88178419700125E-15,40.));
#2756=CARTESIAN_POINT('Origin',(34.0273500171834,-1.77635683940025E-14,
40.));
#2757=CARTESIAN_POINT('',(39.642734632568,-1.77635683940025E-14,40.));
#2758=CARTESIAN_POINT('',(0.,0.,40.));
#2759=CARTESIAN_POINT('',(43.642734632568,-8.88178419700125E-15,40.));
#2760=CARTESIAN_POINT('Origin',(41.642734632568,-1.77635683940025E-14,40.));
#2761=CARTESIAN_POINT('',(47.2581192479526,-1.77635683940025E-14,40.));
#2762=CARTESIAN_POINT('',(0.,0.,40.));
#2763=CARTESIAN_POINT('',(51.2581192479526,-8.88178419700125E-15,40.));
#2764=CARTESIAN_POINT('Origin',(49.2581192479526,-1.77635683940025E-14,
40.));
#2765=CARTESIAN_POINT('',(54.8735038633372,-1.77635683940025E-14,40.));
#2766=CARTESIAN_POINT('',(0.,0.,40.));
#2767=CARTESIAN_POINT('',(58.8735038633372,-8.88178419700125E-15,40.));
#2768=CARTESIAN_POINT('Origin',(56.8735038633372,-1.77635683940025E-14,
40.));
#2769=CARTESIAN_POINT('',(62.4888884787218,-1.77635683940025E-14,40.));
#2770=CARTESIAN_POINT('',(0.,0.,40.));
#2771=CARTESIAN_POINT('',(66.4888884787218,-8.88178419700125E-15,40.));
#2772=CARTESIAN_POINT('Origin',(64.4888884787218,-1.77635683940025E-14,
40.));
#2773=CARTESIAN_POINT('',(70.1042730941065,-1.77635683940025E-14,40.));
#2774=CARTESIAN_POINT('',(0.,0.,40.));
#2775=CARTESIAN_POINT('',(74.1042730941065,-8.88178419700125E-15,40.));
#2776=CARTESIAN_POINT('Origin',(72.1042730941065,-1.77635683940025E-14,
40.));
#2777=CARTESIAN_POINT('',(77.7196577094911,-1.77635683940025E-14,40.));
#2778=CARTESIAN_POINT('',(0.,0.,40.));
#2779=CARTESIAN_POINT('',(81.7196577094911,-8.88178419700125E-15,40.));
#2780=CARTESIAN_POINT('Origin',(79.7196577094911,-1.77635683940025E-14,
40.));
#2781=CARTESIAN_POINT('',(85.3350423248757,-1.77635683940025E-14,40.));
#2782=CARTESIAN_POINT('',(0.,0.,40.));
#2783=CARTESIAN_POINT('',(89.3350423248757,-8.88178419700125E-15,40.));
#2784=CARTESIAN_POINT('Origin',(87.3350423248757,-1.77635683940025E-14,
40.));
#2785=CARTESIAN_POINT('',(92.9504269402603,-1.77635683940025E-14,40.));
#2786=CARTESIAN_POINT('',(0.,0.,40.));
#2787=CARTESIAN_POINT('',(96.9504269402603,-8.88178419700125E-15,40.));
#2788=CARTESIAN_POINT('Origin',(94.9504269402603,-1.77635683940025E-14,
40.));
#2789=CARTESIAN_POINT('',(100.565811555645,-1.77635683940025E-14,40.));
#2790=CARTESIAN_POINT('',(0.,0.,40.));
#2791=CARTESIAN_POINT('',(104.565811555645,-8.88178419700125E-15,40.));
#2792=CARTESIAN_POINT('Origin',(102.565811555645,-1.77635683940025E-14,
40.));
#2793=CARTESIAN_POINT('',(108.18119617103,-1.77635683940025E-14,40.));
#2794=CARTESIAN_POINT('',(0.,0.,40.));
#2795=CARTESIAN_POINT('',(112.18119617103,-8.88178419700125E-15,40.));
#2796=CARTESIAN_POINT('Origin',(110.18119617103,-1.77635683940025E-14,40.));
#2797=CARTESIAN_POINT('',(123.841527980445,-5.65357290894716E-32,40.));
#2798=CARTESIAN_POINT('',(0.,0.,40.));
#2799=CARTESIAN_POINT('',(124.536156692092,3.87549752144741,40.));
#2800=CARTESIAN_POINT('Origin',(123.841527980445,2.,40.));
#2801=CARTESIAN_POINT('',(115.883143160863,7.08031734782845,40.));
#2802=CARTESIAN_POINT('',(135.,-6.16297582203915E-32,40.));
#2803=CARTESIAN_POINT('',(112.132148117968,8.46957477112283,40.));
#2804=CARTESIAN_POINT('Origin',(114.007645639416,7.77494605947564,40.));
#2805=CARTESIAN_POINT('',(108.741825675352,9.72524974986968,40.));
#2806=CARTESIAN_POINT('',(135.,-6.16297582203915E-32,40.));
#2807=CARTESIAN_POINT('',(104.990830632457,11.1145071731641,40.));
#2808=CARTESIAN_POINT('Origin',(106.866328153904,10.4198784615169,40.));
#2809=CARTESIAN_POINT('',(101.600508189841,12.3701821519109,40.));
#2810=CARTESIAN_POINT('',(135.,-6.16297582203915E-32,40.));
#2811=CARTESIAN_POINT('',(97.8495131469458,13.7594395752053,40.));
#2812=CARTESIAN_POINT('Origin',(99.7250106683932,13.0648108635581,40.));
#2813=CARTESIAN_POINT('',(94.4591907043293,15.0151145539521,40.));
#2814=CARTESIAN_POINT('',(135.,-6.16297582203915E-32,40.));
#2815=CARTESIAN_POINT('',(90.7081956614345,16.4043719772465,40.));
#2816=CARTESIAN_POINT('Origin',(92.5836931828819,15.7097432655993,40.));
#2817=CARTESIAN_POINT('',(87.317873218818,17.6600469559933,40.));
#2818=CARTESIAN_POINT('',(135.,-6.16297582203915E-32,40.));
#2819=CARTESIAN_POINT('',(83.5668781759232,19.0493043792877,40.));
#2820=CARTESIAN_POINT('Origin',(85.4423756973706,18.3546756676405,40.));
#2821=CARTESIAN_POINT('',(80.1765557333067,20.3049793580345,40.));
#2822=CARTESIAN_POINT('',(135.,-6.16297582203915E-32,40.));
#2823=CARTESIAN_POINT('',(76.4255606904119,21.6942367813289,40.));
#2824=CARTESIAN_POINT('Origin',(78.3010582118593,20.9996080696817,40.));
#2825=CARTESIAN_POINT('',(73.0352382477955,22.9499117600758,40.));
#2826=CARTESIAN_POINT('',(135.,-6.16297582203915E-32,40.));
#2827=CARTESIAN_POINT('',(69.2842432049006,24.3391691833701,40.));
#2828=CARTESIAN_POINT('Origin',(71.159740726348,23.6445404717229,40.));
#2829=CARTESIAN_POINT('',(65.8939207622842,25.594844162117,40.));
#2830=CARTESIAN_POINT('',(135.,-6.16297582203915E-32,40.));
#2831=CARTESIAN_POINT('',(62.1429257193894,26.9841015854113,40.));
#2832=CARTESIAN_POINT('Origin',(64.0184232408368,26.2894728737642,40.));
#2833=CARTESIAN_POINT('',(58.7526032767729,28.2397765641582,40.));
#2834=CARTESIAN_POINT('',(135.,-6.16297582203915E-32,40.));
#2835=CARTESIAN_POINT('',(55.0016082338781,29.6290339874526,40.));
#2836=CARTESIAN_POINT('Origin',(56.8771057553255,28.9344052758054,40.));
#2837=CARTESIAN_POINT('',(51.6112857912616,30.8847089661994,40.));
#2838=CARTESIAN_POINT('',(135.,-6.16297582203915E-32,40.));
#2839=CARTESIAN_POINT('',(47.8602907483668,32.2739663894938,40.));
#2840=CARTESIAN_POINT('Origin',(49.7357882698142,31.5793376778466,40.));
#2841=CARTESIAN_POINT('',(44.4699683057503,33.5296413682406,40.));
#2842=CARTESIAN_POINT('',(135.,-6.16297582203915E-32,40.));
#2843=CARTESIAN_POINT('',(40.7189732628555,34.918898791535,40.));
#2844=CARTESIAN_POINT('Origin',(42.5944707843029,34.2242700798878,40.));
#2845=CARTESIAN_POINT('',(37.3286508202391,36.1745737702818,40.));
#2846=CARTESIAN_POINT('',(135.,-6.16297582203915E-32,40.));
#2847=CARTESIAN_POINT('',(33.5776557773442,37.5638311935762,40.));
#2848=CARTESIAN_POINT('Origin',(35.4531532987916,36.869202481929,40.));
#2849=CARTESIAN_POINT('',(30.1873333347278,38.8195061723231,40.));
#2850=CARTESIAN_POINT('',(135.,-6.16297582203915E-32,40.));
#2851=CARTESIAN_POINT('',(26.4363382918329,40.2087635956174,40.));
#2852=CARTESIAN_POINT('Origin',(28.3118358132803,39.5141348839702,40.));
#2853=CARTESIAN_POINT('',(135.,-6.16297582203915E-32,40.));
#2854=CARTESIAN_POINT('',(7.,4.,40.));
#2855=CARTESIAN_POINT('',(33.75,4.,40.));
#2856=CARTESIAN_POINT('',(4.,7.,40.));
#2857=CARTESIAN_POINT('Origin',(7.,7.,40.));
#2858=CARTESIAN_POINT('',(3.99999999999999,39.9427214561322,40.));
#2859=CARTESIAN_POINT('',(3.99999999999999,37.5,40.));
#2860=CARTESIAN_POINT('',(8.04194306747076,42.7559677383033,40.));
#2861=CARTESIAN_POINT('Origin',(6.99999999999999,39.9427214561322,40.));
#2862=CARTESIAN_POINT('',(99.8607425767056,8.74900495710519,40.));
#2863=CARTESIAN_POINT('Origin',(1.82606691023382E-33,4.,0.));
#2864=CARTESIAN_POINT('',(7.,4.,0.));
#2865=CARTESIAN_POINT('Origin',(21.1705183277691,42.1590672860114,40.));
#2866=CARTESIAN_POINT('',(19.2950208063217,42.8536959976586,40.));
#2867=CARTESIAN_POINT('',(23.0460158492165,41.4644385743643,40.));
#2868=CARTESIAN_POINT('Origin',(135.,-6.16297582203915E-32,0.));
#2869=CARTESIAN_POINT('',(26.4363382918329,40.2087635956174,40.));
#2870=CARTESIAN_POINT('Origin',(28.3118358132803,39.5141348839702,40.));
#2871=CARTESIAN_POINT('',(30.1873333347277,38.8195061723231,40.));
#2872=CARTESIAN_POINT('Origin',(135.,-6.16297582203915E-32,0.));
#2873=CARTESIAN_POINT('',(33.5776557773442,37.5638311935762,40.));
#2874=CARTESIAN_POINT('Origin',(35.4531532987916,36.869202481929,40.));
#2875=CARTESIAN_POINT('',(37.328650820239,36.1745737702818,40.));
#2876=CARTESIAN_POINT('Origin',(135.,-6.16297582203915E-32,0.));
#2877=CARTESIAN_POINT('',(40.7189732628555,34.918898791535,40.));
#2878=CARTESIAN_POINT('Origin',(42.5944707843029,34.2242700798878,40.));
#2879=CARTESIAN_POINT('',(44.4699683057503,33.5296413682406,40.));
#2880=CARTESIAN_POINT('Origin',(135.,-6.16297582203915E-32,0.));
#2881=CARTESIAN_POINT('',(47.8602907483668,32.2739663894938,40.));
#2882=CARTESIAN_POINT('Origin',(49.7357882698142,31.5793376778466,40.));
#2883=CARTESIAN_POINT('',(51.6112857912616,30.8847089661994,40.));
#2884=CARTESIAN_POINT('Origin',(135.,-6.16297582203915E-32,0.));
#2885=CARTESIAN_POINT('',(55.0016082338781,29.6290339874526,40.));
#2886=CARTESIAN_POINT('Origin',(56.8771057553255,28.9344052758054,40.));
#2887=CARTESIAN_POINT('',(58.7526032767729,28.2397765641582,40.));
#2888=CARTESIAN_POINT('Origin',(135.,-6.16297582203915E-32,0.));
#2889=CARTESIAN_POINT('',(62.1429257193894,26.9841015854113,40.));
#2890=CARTESIAN_POINT('Origin',(64.0184232408368,26.2894728737642,40.));
#2891=CARTESIAN_POINT('',(65.8939207622842,25.594844162117,40.));
#2892=CARTESIAN_POINT('Origin',(135.,-6.16297582203915E-32,0.));
#2893=CARTESIAN_POINT('',(69.2842432049006,24.3391691833701,40.));
#2894=CARTESIAN_POINT('Origin',(71.159740726348,23.6445404717229,40.));
#2895=CARTESIAN_POINT('',(73.0352382477954,22.9499117600758,40.));
#2896=CARTESIAN_POINT('Origin',(135.,-6.16297582203915E-32,0.));
#2897=CARTESIAN_POINT('',(76.4255606904119,21.6942367813289,40.));
#2898=CARTESIAN_POINT('Origin',(78.3010582118593,20.9996080696817,40.));
#2899=CARTESIAN_POINT('',(80.1765557333067,20.3049793580345,40.));
#2900=CARTESIAN_POINT('Origin',(135.,-6.16297582203915E-32,0.));
#2901=CARTESIAN_POINT('',(83.5668781759232,19.0493043792877,40.));
#2902=CARTESIAN_POINT('Origin',(85.4423756973706,18.3546756676405,40.));
#2903=CARTESIAN_POINT('',(87.317873218818,17.6600469559933,40.));
#2904=CARTESIAN_POINT('Origin',(135.,-6.16297582203915E-32,0.));
#2905=CARTESIAN_POINT('',(90.7081956614345,16.4043719772465,40.));
#2906=CARTESIAN_POINT('Origin',(92.5836931828819,15.7097432655993,40.));
#2907=CARTESIAN_POINT('',(94.4591907043293,15.0151145539521,40.));
#2908=CARTESIAN_POINT('Origin',(135.,-6.16297582203915E-32,0.));
#2909=CARTESIAN_POINT('',(97.8495131469458,13.7594395752053,40.));
#2910=CARTESIAN_POINT('Origin',(99.7250106683932,13.0648108635581,40.));
#2911=CARTESIAN_POINT('',(101.600508189841,12.3701821519109,40.));
#2912=CARTESIAN_POINT('Origin',(135.,-6.16297582203915E-32,0.));
#2913=CARTESIAN_POINT('',(104.990830632457,11.1145071731641,40.));
#2914=CARTESIAN_POINT('Origin',(106.866328153904,10.4198784615169,40.));
#2915=CARTESIAN_POINT('',(108.741825675352,9.72524974986969,40.));
#2916=CARTESIAN_POINT('Origin',(135.,-6.16297582203915E-32,0.));
#2917=CARTESIAN_POINT('',(112.132148117968,8.46957477112284,40.));
#2918=CARTESIAN_POINT('Origin',(114.007645639416,7.77494605947564,40.));
#2919=CARTESIAN_POINT('',(115.883143160863,7.08031734782846,40.));
#2920=CARTESIAN_POINT('Origin',(135.,-6.16297582203915E-32,0.));
#2921=CARTESIAN_POINT('',(16.5236249814549,43.8801388957574,40.));
#2922=CARTESIAN_POINT('Origin',(110.18119617103,-1.77635683940025E-14,40.));
#2923=CARTESIAN_POINT('',(112.18119617103,-9.13033455116912E-34,40.));
#2924=CARTESIAN_POINT('',(108.18119617103,9.13033455116912E-34,40.));
#2925=CARTESIAN_POINT('Origin',(0.,0.,0.));
#2926=CARTESIAN_POINT('',(104.565811555645,-9.13033455116912E-34,40.));
#2927=CARTESIAN_POINT('Origin',(102.565811555645,-1.77635683940025E-14,
40.));
#2928=CARTESIAN_POINT('',(100.565811555645,9.13033455116912E-34,40.));
#2929=CARTESIAN_POINT('Origin',(0.,0.,0.));
#2930=CARTESIAN_POINT('',(96.9504269402603,-9.13033455116912E-34,40.));
#2931=CARTESIAN_POINT('Origin',(94.9504269402603,-1.77635683940025E-14,
40.));
#2932=CARTESIAN_POINT('',(92.9504269402603,9.13033455116912E-34,40.));
#2933=CARTESIAN_POINT('Origin',(0.,0.,0.));
#2934=CARTESIAN_POINT('',(89.3350423248757,-9.13033455116912E-34,40.));
#2935=CARTESIAN_POINT('Origin',(87.3350423248757,-1.77635683940025E-14,
40.));
#2936=CARTESIAN_POINT('',(85.3350423248757,9.13033455116912E-34,40.));
#2937=CARTESIAN_POINT('Origin',(0.,0.,0.));
#2938=CARTESIAN_POINT('',(81.7196577094911,-9.13033455116912E-34,40.));
#2939=CARTESIAN_POINT('Origin',(79.7196577094911,-1.77635683940025E-14,
40.));
#2940=CARTESIAN_POINT('',(77.7196577094911,9.13033455116912E-34,40.));
#2941=CARTESIAN_POINT('Origin',(0.,0.,0.));
#2942=CARTESIAN_POINT('',(74.1042730941065,-9.13033455116912E-34,40.));
#2943=CARTESIAN_POINT('Origin',(72.1042730941065,-1.77635683940025E-14,
40.));
#2944=CARTESIAN_POINT('',(70.1042730941065,9.13033455116912E-34,40.));
#2945=CARTESIAN_POINT('Origin',(0.,0.,0.));
#2946=CARTESIAN_POINT('',(66.4888884787218,-9.13033455116912E-34,40.));
#2947=CARTESIAN_POINT('Origin',(64.4888884787218,-1.77635683940025E-14,
40.));
#2948=CARTESIAN_POINT('',(62.4888884787218,9.13033455116912E-34,40.));
#2949=CARTESIAN_POINT('Origin',(0.,0.,0.));
#2950=CARTESIAN_POINT('',(58.8735038633372,-9.13033455116912E-34,40.));
#2951=CARTESIAN_POINT('Origin',(56.8735038633372,-1.77635683940025E-14,
40.));
#2952=CARTESIAN_POINT('',(54.8735038633372,9.13033455116912E-34,40.));
#2953=CARTESIAN_POINT('Origin',(0.,0.,0.));
#2954=CARTESIAN_POINT('',(51.2581192479526,-9.13033455116912E-34,40.));
#2955=CARTESIAN_POINT('Origin',(49.2581192479526,-1.77635683940025E-14,
40.));
#2956=CARTESIAN_POINT('',(47.2581192479526,9.13033455116912E-34,40.));
#2957=CARTESIAN_POINT('Origin',(0.,0.,0.));
#2958=CARTESIAN_POINT('',(43.642734632568,-9.13033455116912E-34,40.));
#2959=CARTESIAN_POINT('Origin',(41.642734632568,-1.77635683940025E-14,40.));
#2960=CARTESIAN_POINT('',(39.642734632568,9.13033455116912E-34,40.));
#2961=CARTESIAN_POINT('Origin',(0.,0.,0.));
#2962=CARTESIAN_POINT('',(36.0273500171834,-9.13033455116912E-34,40.));
#2963=CARTESIAN_POINT('Origin',(34.0273500171834,-1.77635683940025E-14,
40.));
#2964=CARTESIAN_POINT('',(32.0273500171834,9.13033455116912E-34,40.));
#2965=CARTESIAN_POINT('Origin',(0.,0.,0.));
#2966=CARTESIAN_POINT('',(28.4119654017988,-9.13033455116912E-34,40.));
#2967=CARTESIAN_POINT('Origin',(26.4119654017988,-1.77635683940025E-14,
40.));
#2968=CARTESIAN_POINT('',(24.4119654017988,9.13033455116912E-34,40.));
#2969=CARTESIAN_POINT('Origin',(0.,0.,0.));
#2970=CARTESIAN_POINT('',(20.7965807864142,-9.13033455116912E-34,40.));
#2971=CARTESIAN_POINT('Origin',(18.7965807864142,-1.77635683940025E-14,
40.));
#2972=CARTESIAN_POINT('',(16.7965807864142,9.13033455116912E-34,40.));
#2973=CARTESIAN_POINT('Origin',(0.,0.,0.));
#2974=CARTESIAN_POINT('',(13.1811961710295,-9.13033455116912E-34,40.));
#2975=CARTESIAN_POINT('Origin',(11.1811961710295,-1.77635683940025E-14,
40.));
#2976=CARTESIAN_POINT('',(9.18119617102955,9.13033455116912E-34,40.));
#2977=CARTESIAN_POINT('Origin',(0.,0.,0.));
#2978=CARTESIAN_POINT('',(123.841527980445,0.,0.));
#2979=CARTESIAN_POINT('Origin',(14.6481274600075,44.5747676074046,40.));
#2980=CARTESIAN_POINT('',(12.7726299385601,45.2693963190518,40.));
#2981=CARTESIAN_POINT('Origin',(135.,-6.16297582203915E-32,0.));
#2982=CARTESIAN_POINT('',(124.536156692092,3.87549752144741,0.));
#2983=CARTESIAN_POINT('Origin',(135.,-6.16297582203915E-32,0.));
#2984=CARTESIAN_POINT('',(8.08388613494155,47.0059680981698,0.));
#2985=CARTESIAN_POINT('Origin',(123.841527980445,2.,0.));
#2986=CARTESIAN_POINT('Origin',(5.99999999999999,41.3794755338276,0.));
#2987=CARTESIAN_POINT('',(-5.55111512312578E-15,41.3794755338276,0.));
#2988=CARTESIAN_POINT('Origin',(-6.12323399573677E-15,50.,0.));
#2989=CARTESIAN_POINT('',(-1.11022302462516E-15,6.,0.));
#2990=CARTESIAN_POINT('Origin',(6.,6.,0.));
#2991=CARTESIAN_POINT('',(6.,0.,0.));
#2992=CARTESIAN_POINT('Origin',(7.,7.,0.));
#2993=CARTESIAN_POINT('',(4.,7.,0.));
#2994=CARTESIAN_POINT('Origin',(3.99999999999999,50.,0.));
#2995=CARTESIAN_POINT('',(4.,39.9427214561322,0.));
#2996=CARTESIAN_POINT('Origin',(6.99999999999999,39.9427214561322,0.));
#2997=CARTESIAN_POINT('',(8.04194306747077,42.7559677383033,0.));
#2998=CARTESIAN_POINT('Origin',(133.610742576706,-3.75099504289482,0.));
#2999=CARTESIAN_POINT('Origin',(0.,0.,0.));
#3000=UNCERTAINTY_MEASURE_WITH_UNIT(LENGTH_MEASURE(0.01),#3004,
'DISTANCE_ACCURACY_VALUE',
'Maximum model space distance between geometric entities at asserted c
onnectivities');
#3001=UNCERTAINTY_MEASURE_WITH_UNIT(LENGTH_MEASURE(0.01),#3004,
'DISTANCE_ACCURACY_VALUE',
'Maximum model space distance between geometric entities at asserted c
onnectivities');
#3002=(
GEOMETRIC_REPRESENTATION_CONTEXT(3)
GLOBAL_UNCERTAINTY_ASSIGNED_CONTEXT((#3000))
GLOBAL_UNIT_ASSIGNED_CONTEXT((#3004,#3006,#3007))
REPRESENTATION_CONTEXT('','3D')
);
#3003=(
GEOMETRIC_REPRESENTATION_CONTEXT(3)
GLOBAL_UNCERTAINTY_ASSIGNED_CONTEXT((#3001))
GLOBAL_UNIT_ASSIGNED_CONTEXT((#3004,#3006,#3007))
REPRESENTATION_CONTEXT('','3D')
);
#3004=(
LENGTH_UNIT()
NAMED_UNIT(*)
SI_UNIT(.MILLI.,.METRE.)
);
#3005=(
LENGTH_UNIT()
NAMED_UNIT(*)
SI_UNIT($,.METRE.)
);
#3006=(
NAMED_UNIT(*)
PLANE_ANGLE_UNIT()
SI_UNIT($,.RADIAN.)
);
#3007=(
NAMED_UNIT(*)
SI_UNIT($,.STERADIAN.)
SOLID_ANGLE_UNIT()
);
#3008=SHAPE_DEFINITION_REPRESENTATION(#3009,#3010);
#3009=PRODUCT_DEFINITION_SHAPE('',$,#3012);
#3010=SHAPE_REPRESENTATION('',(#1768),#3002);
#3011=PRODUCT_DEFINITION_CONTEXT('part definition',#3016,'design');
#3012=PRODUCT_DEFINITION('2026-09-27-19-16-33-818','Door Stopper',#3013,
#3011);
#3013=PRODUCT_DEFINITION_FORMATION('',$,#3018);
#3014=PRODUCT_RELATED_PRODUCT_CATEGORY('Door Stopper','Door Stopper',(#3018));
#3015=APPLICATION_PROTOCOL_DEFINITION('international standard',
'automotive_design',2009,#3016);
#3016=APPLICATION_CONTEXT(
'Core Data for Automotive Mechanical Design Process');
#3017=PRODUCT_CONTEXT('part definition',#3016,'mechanical');
#3018=PRODUCT('2026-09-27-19-16-33-818','Door Stopper',$,(#3017));
#3019=PRESENTATION_STYLE_ASSIGNMENT((#3020));
#3020=SURFACE_STYLE_USAGE(.BOTH.,#3021);
#3021=SURFACE_SIDE_STYLE('',(#3022));
#3022=SURFACE_STYLE_FILL_AREA(#3023);
#3023=FILL_AREA_STYLE('Steel - Satin',(#3024));
#3024=FILL_AREA_STYLE_COLOUR('Steel - Satin',#3025);
#3025=COLOUR_RGB('Steel - Satin',0.627450980392157,0.627450980392157,0.627450980392157);
ENDSEC;
END-ISO-10303-21;
