ISO-10303-21;
HEADER;
/* Generated by software containing ST-Developer
 * from STEP Tools, Inc. (www.steptools.com) 
 */

FILE_DESCRIPTION(
/* description */ (''),
/* implementation_level */ '2;1');

FILE_NAME(
/* name */ 'Hex Nut.step',
/* time_stamp */ '2026-09-27T20:16:03-04:00',
/* author */ (''),
/* organization */ (''),
/* preprocessor_version */ 'ST-DEVELOPER v20.2',
/* originating_system */ 'Autodesk Translation Framework v15.15.0.0',
/* authorisation */ '');

FILE_SCHEMA (('AUTOMOTIVE_DESIGN { 1 0 10303 214 3 1 1 }'));
ENDSEC;

DATA;
#10=MECHANICAL_DESIGN_GEOMETRIC_PRESENTATION_REPRESENTATION('',(#13),#2949);
#11=SHAPE_REPRESENTATION_RELATIONSHIP('SRR','None',#2956,#12);
#12=ADVANCED_BREP_SHAPE_REPRESENTATION('',(#14),#2948);
#13=STYLED_ITEM('',(#2965),#14);
#14=MANIFOLD_SOLID_BREP('Body1',#693);
#15=(
BOUNDED_CURVE()
B_SPLINE_CURVE(2,(#2217,#2218,#2219),.UNSPECIFIED.,.F.,.F.)
B_SPLINE_CURVE_WITH_KNOTS((3,3),(1.22957821124803,1.94010501111853),
 .UNSPECIFIED.)
CURVE()
GEOMETRIC_REPRESENTATION_ITEM()
RATIONAL_B_SPLINE_CURVE((1.08949204452948,1.07060305821077,1.))
REPRESENTATION_ITEM('')
);
#16=(
BOUNDED_CURVE()
B_SPLINE_CURVE(2,(#2220,#2221,#2222),.UNSPECIFIED.,.F.,.F.)
B_SPLINE_CURVE_WITH_KNOTS((3,3),(0.,0.710526799870497),.UNSPECIFIED.)
CURVE()
GEOMETRIC_REPRESENTATION_ITEM()
RATIONAL_B_SPLINE_CURVE((1.,1.07060305821077,1.08949204452947))
REPRESENTATION_ITEM('')
);
#17=(
BOUNDED_CURVE()
B_SPLINE_CURVE(2,(#2227,#2228,#2229),.UNSPECIFIED.,.F.,.F.)
B_SPLINE_CURVE_WITH_KNOTS((3,3),(0.,0.505317628176998),.UNSPECIFIED.)
CURVE()
GEOMETRIC_REPRESENTATION_ITEM()
RATIONAL_B_SPLINE_CURVE((1.,1.02569077127111,1.))
REPRESENTATION_ITEM('')
);
#18=(
BOUNDED_CURVE()
B_SPLINE_CURVE(2,(#2233,#2234,#2235),.UNSPECIFIED.,.F.,.F.)
B_SPLINE_CURVE_WITH_KNOTS((3,3),(0.,0.505317628176998),.UNSPECIFIED.)
CURVE()
GEOMETRIC_REPRESENTATION_ITEM()
RATIONAL_B_SPLINE_CURVE((1.,1.02569077127109,1.))
REPRESENTATION_ITEM('')
);
#19=(
BOUNDED_CURVE()
B_SPLINE_CURVE(2,(#2238,#2239,#2240),.UNSPECIFIED.,.F.,.F.)
B_SPLINE_CURVE_WITH_KNOTS((3,3),(0.,0.710526799870492),.UNSPECIFIED.)
CURVE()
GEOMETRIC_REPRESENTATION_ITEM()
RATIONAL_B_SPLINE_CURVE((1.,1.07060305821077,1.08949204452947))
REPRESENTATION_ITEM('')
);
#20=(
BOUNDED_CURVE()
B_SPLINE_CURVE(2,(#2243,#2244,#2245),.UNSPECIFIED.,.F.,.F.)
B_SPLINE_CURVE_WITH_KNOTS((3,3),(1.22957821124803,1.94010501111853),
 .UNSPECIFIED.)
CURVE()
GEOMETRIC_REPRESENTATION_ITEM()
RATIONAL_B_SPLINE_CURVE((1.08949204452948,1.07060305821077,1.))
REPRESENTATION_ITEM('')
);
#21=(
BOUNDED_CURVE()
B_SPLINE_CURVE(2,(#2249,#2250,#2251),.UNSPECIFIED.,.F.,.F.)
B_SPLINE_CURVE_WITH_KNOTS((3,3),(0.,0.505317628176998),.UNSPECIFIED.)
CURVE()
GEOMETRIC_REPRESENTATION_ITEM()
RATIONAL_B_SPLINE_CURVE((1.,1.02569077127109,1.))
REPRESENTATION_ITEM('')
);
#22=(
BOUNDED_CURVE()
B_SPLINE_CURVE(2,(#2254,#2255,#2256),.UNSPECIFIED.,.F.,.F.)
B_SPLINE_CURVE_WITH_KNOTS((3,3),(0.,0.505317628176998),.UNSPECIFIED.)
CURVE()
GEOMETRIC_REPRESENTATION_ITEM()
RATIONAL_B_SPLINE_CURVE((1.,1.02569077127111,1.))
REPRESENTATION_ITEM('')
);
#23=(
BOUNDED_CURVE()
B_SPLINE_CURVE(2,(#2258,#2259,#2260),.UNSPECIFIED.,.F.,.F.)
B_SPLINE_CURVE_WITH_KNOTS((3,3),(1.22957821124803,1.94010501111853),
 .UNSPECIFIED.)
CURVE()
GEOMETRIC_REPRESENTATION_ITEM()
RATIONAL_B_SPLINE_CURVE((1.08949204452947,1.07060305821077,1.))
REPRESENTATION_ITEM('')
);
#24=(
BOUNDED_CURVE()
B_SPLINE_CURVE(2,(#2263,#2264,#2265),.UNSPECIFIED.,.F.,.F.)
B_SPLINE_CURVE_WITH_KNOTS((3,3),(0.,0.505317628177001),.UNSPECIFIED.)
CURVE()
GEOMETRIC_REPRESENTATION_ITEM()
RATIONAL_B_SPLINE_CURVE((1.,1.0256907712711,1.))
REPRESENTATION_ITEM('')
);
#25=(
BOUNDED_CURVE()
B_SPLINE_CURVE(2,(#2269,#2270,#2271),.UNSPECIFIED.,.F.,.F.)
B_SPLINE_CURVE_WITH_KNOTS((3,3),(0.,0.505317628177001),.UNSPECIFIED.)
CURVE()
GEOMETRIC_REPRESENTATION_ITEM()
RATIONAL_B_SPLINE_CURVE((1.,1.02569077127111,1.))
REPRESENTATION_ITEM('')
);
#26=(
BOUNDED_CURVE()
B_SPLINE_CURVE(2,(#2274,#2275,#2276),.UNSPECIFIED.,.F.,.F.)
B_SPLINE_CURVE_WITH_KNOTS((3,3),(0.,0.710526799870494),.UNSPECIFIED.)
CURVE()
GEOMETRIC_REPRESENTATION_ITEM()
RATIONAL_B_SPLINE_CURVE((1.,1.07060305821077,1.08949204452947))
REPRESENTATION_ITEM('')
);
#27=(
BOUNDED_CURVE()
B_SPLINE_CURVE(2,(#2278,#2279,#2280),.UNSPECIFIED.,.F.,.F.)
B_SPLINE_CURVE_WITH_KNOTS((3,3),(1.22957821124803,1.94010501111853),
 .UNSPECIFIED.)
CURVE()
GEOMETRIC_REPRESENTATION_ITEM()
RATIONAL_B_SPLINE_CURVE((1.08949204452947,1.07060305821077,1.))
REPRESENTATION_ITEM('')
);
#28=(
BOUNDED_CURVE()
B_SPLINE_CURVE(2,(#2283,#2284,#2285),.UNSPECIFIED.,.F.,.F.)
B_SPLINE_CURVE_WITH_KNOTS((3,3),(0.,0.505317628176998),.UNSPECIFIED.)
CURVE()
GEOMETRIC_REPRESENTATION_ITEM()
RATIONAL_B_SPLINE_CURVE((1.,1.02569077127109,1.))
REPRESENTATION_ITEM('')
);
#29=(
BOUNDED_CURVE()
B_SPLINE_CURVE(2,(#2289,#2290,#2291),.UNSPECIFIED.,.F.,.F.)
B_SPLINE_CURVE_WITH_KNOTS((3,3),(0.,0.505317628176999),.UNSPECIFIED.)
CURVE()
GEOMETRIC_REPRESENTATION_ITEM()
RATIONAL_B_SPLINE_CURVE((1.,1.0256907712711,1.))
REPRESENTATION_ITEM('')
);
#30=(
BOUNDED_CURVE()
B_SPLINE_CURVE(2,(#2294,#2295,#2296),.UNSPECIFIED.,.F.,.F.)
B_SPLINE_CURVE_WITH_KNOTS((3,3),(0.,0.710526799870491),.UNSPECIFIED.)
CURVE()
GEOMETRIC_REPRESENTATION_ITEM()
RATIONAL_B_SPLINE_CURVE((1.,1.07060305821077,1.08949204452947))
REPRESENTATION_ITEM('')
);
#31=(
BOUNDED_CURVE()
B_SPLINE_CURVE(2,(#2298,#2299,#2300),.UNSPECIFIED.,.F.,.F.)
B_SPLINE_CURVE_WITH_KNOTS((3,3),(1.22957821124803,1.94010501111853),
 .UNSPECIFIED.)
CURVE()
GEOMETRIC_REPRESENTATION_ITEM()
RATIONAL_B_SPLINE_CURVE((1.08949204452947,1.07060305821077,1.))
REPRESENTATION_ITEM('')
);
#32=(
BOUNDED_CURVE()
B_SPLINE_CURVE(2,(#2303,#2304,#2305),.UNSPECIFIED.,.F.,.F.)
B_SPLINE_CURVE_WITH_KNOTS((3,3),(0.,0.505317628176999),.UNSPECIFIED.)
CURVE()
GEOMETRIC_REPRESENTATION_ITEM()
RATIONAL_B_SPLINE_CURVE((1.,1.02569077127112,1.))
REPRESENTATION_ITEM('')
);
#33=(
BOUNDED_CURVE()
B_SPLINE_CURVE(2,(#2309,#2310,#2311),.UNSPECIFIED.,.F.,.F.)
B_SPLINE_CURVE_WITH_KNOTS((3,3),(0.,0.505317628176999),.UNSPECIFIED.)
CURVE()
GEOMETRIC_REPRESENTATION_ITEM()
RATIONAL_B_SPLINE_CURVE((1.,1.02569077127111,1.))
REPRESENTATION_ITEM('')
);
#34=(
BOUNDED_CURVE()
B_SPLINE_CURVE(2,(#2314,#2315,#2316),.UNSPECIFIED.,.F.,.F.)
B_SPLINE_CURVE_WITH_KNOTS((3,3),(0.,0.710526799870493),.UNSPECIFIED.)
CURVE()
GEOMETRIC_REPRESENTATION_ITEM()
RATIONAL_B_SPLINE_CURVE((1.,1.07060305821077,1.08949204452947))
REPRESENTATION_ITEM('')
);
#35=(
BOUNDED_CURVE()
B_SPLINE_CURVE(2,(#2318,#2319,#2320),.UNSPECIFIED.,.F.,.F.)
B_SPLINE_CURVE_WITH_KNOTS((3,3),(1.22957821124803,1.94010501111853),
 .UNSPECIFIED.)
CURVE()
GEOMETRIC_REPRESENTATION_ITEM()
RATIONAL_B_SPLINE_CURVE((1.08949204452947,1.07060305821077,1.))
REPRESENTATION_ITEM('')
);
#36=(
BOUNDED_CURVE()
B_SPLINE_CURVE(2,(#2323,#2324,#2325),.UNSPECIFIED.,.F.,.F.)
B_SPLINE_CURVE_WITH_KNOTS((3,3),(0.,0.505317628177002),.UNSPECIFIED.)
CURVE()
GEOMETRIC_REPRESENTATION_ITEM()
RATIONAL_B_SPLINE_CURVE((1.,1.02569077127112,1.))
REPRESENTATION_ITEM('')
);
#37=(
BOUNDED_CURVE()
B_SPLINE_CURVE(2,(#2328,#2329,#2330),.UNSPECIFIED.,.F.,.F.)
B_SPLINE_CURVE_WITH_KNOTS((3,3),(0.,0.505317628177002),.UNSPECIFIED.)
CURVE()
GEOMETRIC_REPRESENTATION_ITEM()
RATIONAL_B_SPLINE_CURVE((1.,1.0256907712711,1.))
REPRESENTATION_ITEM('')
);
#38=(
BOUNDED_CURVE()
B_SPLINE_CURVE(2,(#2331,#2332,#2333),.UNSPECIFIED.,.F.,.F.)
B_SPLINE_CURVE_WITH_KNOTS((3,3),(0.,0.710526799870497),.UNSPECIFIED.)
CURVE()
GEOMETRIC_REPRESENTATION_ITEM()
RATIONAL_B_SPLINE_CURVE((1.,1.07060305821077,1.08949204452948))
REPRESENTATION_ITEM('')
);
#39=FACE_BOUND('',#115,.T.);
#40=FACE_BOUND('',#133,.T.);
#41=PLANE('',#723);
#42=PLANE('',#731);
#43=PLANE('',#732);
#44=PLANE('',#734);
#45=PLANE('',#736);
#46=PLANE('',#738);
#47=PLANE('',#740);
#48=PLANE('',#742);
#49=PLANE('',#747);
#50=B_SPLINE_SURFACE_WITH_KNOTS('',3,3,((#1759,#1760,#1761,#1762,#1763,
#1764,#1765,#1766,#1767,#1768,#1769,#1770,#1771,#1772,#1773,#1774,#1775,
#1776,#1777,#1778,#1779,#1780,#1781,#1782,#1783,#1784,#1785,#1786,#1787,
#1788,#1789,#1790,#1791,#1792,#1793,#1794,#1795,#1796,#1797,#1798,#1799,
#1800,#1801,#1802,#1803,#1804,#1805,#1806,#1807,#1808,#1809,#1810,#1811,
#1812,#1813,#1814,#1815,#1816,#1817,#1818,#1819,#1820,#1821,#1822,#1823,
#1824,#1825,#1826,#1827),(#1828,#1829,#1830,#1831,#1832,#1833,#1834,#1835,
#1836,#1837,#1838,#1839,#1840,#1841,#1842,#1843,#1844,#1845,#1846,#1847,
#1848,#1849,#1850,#1851,#1852,#1853,#1854,#1855,#1856,#1857,#1858,#1859,
#1860,#1861,#1862,#1863,#1864,#1865,#1866,#1867,#1868,#1869,#1870,#1871,
#1872,#1873,#1874,#1875,#1876,#1877,#1878,#1879,#1880,#1881,#1882,#1883,
#1884,#1885,#1886,#1887,#1888,#1889,#1890,#1891,#1892,#1893,#1894,#1895,
#1896),(#1897,#1898,#1899,#1900,#1901,#1902,#1903,#1904,#1905,#1906,#1907,
#1908,#1909,#1910,#1911,#1912,#1913,#1914,#1915,#1916,#1917,#1918,#1919,
#1920,#1921,#1922,#1923,#1924,#1925,#1926,#1927,#1928,#1929,#1930,#1931,
#1932,#1933,#1934,#1935,#1936,#1937,#1938,#1939,#1940,#1941,#1942,#1943,
#1944,#1945,#1946,#1947,#1948,#1949,#1950,#1951,#1952,#1953,#1954,#1955,
#1956,#1957,#1958,#1959,#1960,#1961,#1962,#1963,#1964,#1965),(#1966,#1967,
#1968,#1969,#1970,#1971,#1972,#1973,#1974,#1975,#1976,#1977,#1978,#1979,
#1980,#1981,#1982,#1983,#1984,#1985,#1986,#1987,#1988,#1989,#1990,#1991,
#1992,#1993,#1994,#1995,#1996,#1997,#1998,#1999,#2000,#2001,#2002,#2003,
#2004,#2005,#2006,#2007,#2008,#2009,#2010,#2011,#2012,#2013,#2014,#2015,
#2016,#2017,#2018,#2019,#2020,#2021,#2022,#2023,#2024,#2025,#2026,#2027,
#2028,#2029,#2030,#2031,#2032,#2033,#2034)),.UNSPECIFIED.,.F.,.F.,.F.,(4,
4),(4,1,1,1,1,1,1,1,1,1,1,1,1,1,1,1,1,1,1,1,1,1,1,1,1,1,1,1,1,1,1,1,1,1,
1,1,1,1,1,1,1,1,1,1,1,1,1,1,1,1,1,1,1,1,1,1,1,1,1,1,1,1,1,1,1,1,4),(-4.66428506229958E-15,
0.112756507572735),(16.824956049679,17.3242726215984,17.8235891935179,18.3229057654373,
18.8222223373568,19.3215389092762,19.8208554811957,20.3201720531151,20.8194886250346,
21.318805196954,21.8181217688735,22.3174383407929,22.8167549127124,23.3160714846318,
23.8153880565513,24.3147046284707,24.8140212003902,25.3133377723096,25.812654344229,
26.3119709161485,26.8112874880679,27.3106040599874,27.8099206319068,28.3092372038263,
28.8085537757457,29.3078703476652,29.8071869195846,30.3065034915041,30.8058200634235,
31.305136635343,31.8044532072624,32.3037697791819,32.8030863511013,33.3024029230208,
33.8017194949402,34.3010360668597,34.8003526387791,35.2996692106985,35.798985782618,
36.2983023545374,36.7976189264569,37.2969354983763,37.7962520702958,38.2955686422152,
38.7948852141347,39.2942017860541,39.7935183579736,40.292834929893,40.7921515018125,
41.2914680737319,41.7907846456514,42.2901012175708,42.7894177894902,43.2887343614097,
43.7880509333291,44.2873675052486,44.786684077168,45.2860006490875,45.7853172210069,
46.2846337929264,46.7839503648458,47.2832669367653,47.7825835086847,48.2819000806042,
48.7812166525236,49.2805332244431,49.7798497963625),.UNSPECIFIED.);
#51=B_SPLINE_SURFACE_WITH_KNOTS('',3,3,((#2348,#2349,#2350,#2351,#2352,
#2353,#2354,#2355,#2356,#2357,#2358,#2359,#2360,#2361,#2362,#2363,#2364,
#2365,#2366,#2367,#2368,#2369,#2370,#2371,#2372,#2373,#2374,#2375,#2376,
#2377,#2378,#2379,#2380,#2381,#2382,#2383,#2384,#2385,#2386,#2387,#2388,
#2389,#2390,#2391,#2392,#2393,#2394,#2395,#2396,#2397,#2398,#2399,#2400,
#2401,#2402,#2403,#2404,#2405,#2406,#2407,#2408,#2409,#2410,#2411,#2412,
#2413,#2414,#2415,#2416),(#2417,#2418,#2419,#2420,#2421,#2422,#2423,#2424,
#2425,#2426,#2427,#2428,#2429,#2430,#2431,#2432,#2433,#2434,#2435,#2436,
#2437,#2438,#2439,#2440,#2441,#2442,#2443,#2444,#2445,#2446,#2447,#2448,
#2449,#2450,#2451,#2452,#2453,#2454,#2455,#2456,#2457,#2458,#2459,#2460,
#2461,#2462,#2463,#2464,#2465,#2466,#2467,#2468,#2469,#2470,#2471,#2472,
#2473,#2474,#2475,#2476,#2477,#2478,#2479,#2480,#2481,#2482,#2483,#2484,
#2485),(#2486,#2487,#2488,#2489,#2490,#2491,#2492,#2493,#2494,#2495,#2496,
#2497,#2498,#2499,#2500,#2501,#2502,#2503,#2504,#2505,#2506,#2507,#2508,
#2509,#2510,#2511,#2512,#2513,#2514,#2515,#2516,#2517,#2518,#2519,#2520,
#2521,#2522,#2523,#2524,#2525,#2526,#2527,#2528,#2529,#2530,#2531,#2532,
#2533,#2534,#2535,#2536,#2537,#2538,#2539,#2540,#2541,#2542,#2543,#2544,
#2545,#2546,#2547,#2548,#2549,#2550,#2551,#2552,#2553,#2554),(#2555,#2556,
#2557,#2558,#2559,#2560,#2561,#2562,#2563,#2564,#2565,#2566,#2567,#2568,
#2569,#2570,#2571,#2572,#2573,#2574,#2575,#2576,#2577,#2578,#2579,#2580,
#2581,#2582,#2583,#2584,#2585,#2586,#2587,#2588,#2589,#2590,#2591,#2592,
#2593,#2594,#2595,#2596,#2597,#2598,#2599,#2600,#2601,#2602,#2603,#2604,
#2605,#2606,#2607,#2608,#2609,#2610,#2611,#2612,#2613,#2614,#2615,#2616,
#2617,#2618,#2619,#2620,#2621,#2622,#2623)),.UNSPECIFIED.,.F.,.F.,.F.,(4,
4),(4,1,1,1,1,1,1,1,1,1,1,1,1,1,1,1,1,1,1,1,1,1,1,1,1,1,1,1,1,1,1,1,1,1,
1,1,1,1,1,1,1,1,1,1,1,1,1,1,1,1,1,1,1,1,1,1,1,1,1,1,1,1,1,1,1,1,4),(-1.10316762176848E-15,
0.112756507572738),(17.5821798819099,18.0779395226082,18.5736991633065,
19.0694588040048,19.5652184447031,20.0609780854014,20.5567377260997,21.052497366798,
21.5482570074963,22.0440166481946,22.5397762888929,23.0355359295912,23.5312955702895,
24.0270552109879,24.5228148516862,25.0185744923845,25.5143341330828,26.0100937737811,
26.5058534144794,27.0016130551777,27.497372695876,27.9931323365743,28.4888919772726,
28.9846516179709,29.4804112586692,29.9761708993675,30.4719305400658,30.9676901807641,
31.4634498214624,31.9592094621607,32.4549691028591,32.9507287435574,33.4464883842557,
33.942248024954,34.4380076656523,34.9337673063506,35.4295269470489,35.9252865877472,
36.4210462284455,36.9168058691438,37.4125655098421,37.9083251505404,38.4040847912387,
38.899844431937,39.3956040726353,39.8913637133336,40.387123354032,40.8828829947303,
41.3786426354286,41.8744022761269,42.3701619168252,42.8659215575235,43.3616811982218,
43.8574408389201,44.3532004796184,44.8489601203167,45.344719761015,45.8404794017133,
46.3362390424116,46.8319986831099,47.3277583238082,47.8235179645065,48.3192776052048,
48.8150372459032,49.3107968866015,49.8065565272998,50.3023161679981),
 .UNSPECIFIED.);
#52=CONICAL_SURFACE('',#720,6.25,0.785398163397448);
#53=CONICAL_SURFACE('',#730,10.7970053837925,0.785398163397447);
#54=CONICAL_SURFACE('',#733,10.7970053837925,0.785398163397447);
#55=CONICAL_SURFACE('',#735,10.7970053837925,0.785398163397447);
#56=CONICAL_SURFACE('',#737,10.7970053837925,0.785398163397447);
#57=CONICAL_SURFACE('',#739,10.7970053837925,0.785398163397447);
#58=CONICAL_SURFACE('',#741,10.7970053837925,0.785398163397447);
#59=CONICAL_SURFACE('',#744,6.25,0.785398163397448);
#60=CONICAL_SURFACE('',#754,10.7970053837925,0.785398163397447);
#61=CONICAL_SURFACE('',#755,10.7970053837925,0.785398163397447);
#62=CONICAL_SURFACE('',#756,10.7970053837925,0.785398163397447);
#63=CONICAL_SURFACE('',#757,10.7970053837925,0.785398163397447);
#64=CONICAL_SURFACE('',#758,10.7970053837925,0.785398163397447);
#65=CONICAL_SURFACE('',#759,10.7970053837925,0.785398163397447);
#66=FACE_OUTER_BOUND('',#102,.T.);
#67=FACE_OUTER_BOUND('',#103,.T.);
#68=FACE_OUTER_BOUND('',#104,.T.);
#69=FACE_OUTER_BOUND('',#105,.T.);
#70=FACE_OUTER_BOUND('',#106,.T.);
#71=FACE_OUTER_BOUND('',#107,.T.);
#72=FACE_OUTER_BOUND('',#108,.T.);
#73=FACE_OUTER_BOUND('',#109,.T.);
#74=FACE_OUTER_BOUND('',#110,.T.);
#75=FACE_OUTER_BOUND('',#111,.T.);
#76=FACE_OUTER_BOUND('',#112,.T.);
#77=FACE_OUTER_BOUND('',#113,.T.);
#78=FACE_OUTER_BOUND('',#114,.T.);
#79=FACE_OUTER_BOUND('',#116,.T.);
#80=FACE_OUTER_BOUND('',#117,.T.);
#81=FACE_OUTER_BOUND('',#118,.T.);
#82=FACE_OUTER_BOUND('',#119,.T.);
#83=FACE_OUTER_BOUND('',#120,.T.);
#84=FACE_OUTER_BOUND('',#121,.T.);
#85=FACE_OUTER_BOUND('',#122,.T.);
#86=FACE_OUTER_BOUND('',#123,.T.);
#87=FACE_OUTER_BOUND('',#124,.T.);
#88=FACE_OUTER_BOUND('',#125,.T.);
#89=FACE_OUTER_BOUND('',#126,.T.);
#90=FACE_OUTER_BOUND('',#127,.T.);
#91=FACE_OUTER_BOUND('',#128,.T.);
#92=FACE_OUTER_BOUND('',#129,.T.);
#93=FACE_OUTER_BOUND('',#130,.T.);
#94=FACE_OUTER_BOUND('',#131,.T.);
#95=FACE_OUTER_BOUND('',#132,.T.);
#96=FACE_OUTER_BOUND('',#134,.T.);
#97=FACE_OUTER_BOUND('',#135,.T.);
#98=FACE_OUTER_BOUND('',#136,.T.);
#99=FACE_OUTER_BOUND('',#137,.T.);
#100=FACE_OUTER_BOUND('',#138,.T.);
#101=FACE_OUTER_BOUND('',#139,.T.);
#102=EDGE_LOOP('',(#432,#433,#434,#435));
#103=EDGE_LOOP('',(#436,#437,#438,#439));
#104=EDGE_LOOP('',(#440,#441,#442,#443));
#105=EDGE_LOOP('',(#444,#445,#446,#447));
#106=EDGE_LOOP('',(#448,#449,#450,#451));
#107=EDGE_LOOP('',(#452,#453,#454,#455));
#108=EDGE_LOOP('',(#456,#457,#458,#459));
#109=EDGE_LOOP('',(#460,#461,#462,#463));
#110=EDGE_LOOP('',(#464,#465,#466,#467));
#111=EDGE_LOOP('',(#468,#469,#470,#471,#472,#473,#474,#475,#476,#477,#478,
#479,#480));
#112=EDGE_LOOP('',(#481,#482,#483,#484,#485,#486,#487,#488,#489,#490,#491,
#492,#493,#494,#495,#496,#497,#498));
#113=EDGE_LOOP('',(#499,#500,#501,#502));
#114=EDGE_LOOP('',(#503,#504,#505,#506,#507,#508,#509,#510,#511,#512,#513,
#514));
#115=EDGE_LOOP('',(#515));
#116=EDGE_LOOP('',(#516,#517,#518));
#117=EDGE_LOOP('',(#519,#520,#521,#522,#523,#524,#525,#526));
#118=EDGE_LOOP('',(#527,#528,#529,#530,#531,#532,#533,#534));
#119=EDGE_LOOP('',(#535,#536,#537));
#120=EDGE_LOOP('',(#538,#539,#540,#541,#542,#543,#544,#545));
#121=EDGE_LOOP('',(#546,#547,#548));
#122=EDGE_LOOP('',(#549,#550,#551,#552,#553,#554,#555,#556));
#123=EDGE_LOOP('',(#557,#558,#559));
#124=EDGE_LOOP('',(#560,#561,#562,#563,#564,#565,#566,#567));
#125=EDGE_LOOP('',(#568,#569,#570));
#126=EDGE_LOOP('',(#571,#572,#573,#574,#575,#576,#577,#578));
#127=EDGE_LOOP('',(#579,#580,#581));
#128=EDGE_LOOP('',(#582,#583,#584,#585));
#129=EDGE_LOOP('',(#586,#587,#588,#589,#590,#591,#592,#593,#594,#595,#596,
#597,#598,#599,#600,#601,#602));
#130=EDGE_LOOP('',(#603,#604,#605,#606,#607,#608,#609,#610));
#131=EDGE_LOOP('',(#611,#612,#613,#614));
#132=EDGE_LOOP('',(#615,#616,#617,#618,#619,#620,#621,#622,#623,#624,#625,
#626));
#133=EDGE_LOOP('',(#627));
#134=EDGE_LOOP('',(#628,#629,#630));
#135=EDGE_LOOP('',(#631,#632,#633));
#136=EDGE_LOOP('',(#634,#635,#636));
#137=EDGE_LOOP('',(#637,#638,#639));
#138=EDGE_LOOP('',(#640,#641,#642));
#139=EDGE_LOOP('',(#643,#644,#645));
#140=CIRCLE('',#708,5.13675);
#141=CIRCLE('',#712,5.13675);
#142=CIRCLE('',#714,6.11325);
#143=CIRCLE('',#719,6.11325);
#144=CIRCLE('',#721,6.5);
#145=CIRCLE('',#724,10.0470053837925);
#146=CIRCLE('',#725,10.0470053837925);
#147=CIRCLE('',#726,10.0470053837925);
#148=CIRCLE('',#727,10.0470053837925);
#149=CIRCLE('',#728,10.0470053837925);
#150=CIRCLE('',#729,10.0470053837925);
#151=CIRCLE('',#743,6.);
#152=CIRCLE('',#745,6.5);
#153=CIRCLE('',#748,10.0470053837925);
#154=CIRCLE('',#749,10.0470053837925);
#155=CIRCLE('',#750,10.0470053837925);
#156=CIRCLE('',#751,10.0470053837925);
#157=CIRCLE('',#752,10.0470053837925);
#158=CIRCLE('',#753,10.0470053837925);
#159=B_SPLINE_CURVE_WITH_KNOTS('',3,(#903,#904,#905,#906,#907,#908,#909,
#910,#911,#912,#913,#914,#915,#916,#917,#918),.UNSPECIFIED.,.F.,.F.,(4,
3,3,3,3,4),(29.541709921937,29.7455784418984,30.2413380825967,30.737097723295,
31.2328573639933,31.2383189751674),.UNSPECIFIED.);
#160=B_SPLINE_CURVE_WITH_KNOTS('',3,(#921,#922,#923,#924,#925,#926,#927,
#928,#929,#930,#931,#932,#933,#934,#935,#936,#937,#938,#939,#940,#941,#942),
 .UNSPECIFIED.,.F.,.F.,(4,3,3,3,3,3,3,4),(-29.214118884682,-28.7525375135403,
-28.2532209416208,-27.7539043697014,-27.2545877977819,-26.7552712258625,
-26.255954653943,-25.8051910768784),.UNSPECIFIED.);
#161=B_SPLINE_CURVE_WITH_KNOTS('',3,(#947,#948,#949,#950,#951,#952,#953,
#954,#955,#956,#957,#958,#959,#960,#961,#962,#963,#964,#965,#966,#967,#968,
#969,#970,#971,#972,#973,#974,#975,#976,#977,#978,#979,#980,#981,#982,#983,
#984,#985,#986,#987,#988,#989),.UNSPECIFIED.,.F.,.F.,(4,3,3,3,3,3,3,3,3,
3,3,3,3,3,4),(23.2585246147574,23.3007031128204,23.7964627535187,24.292222394217,
24.7879820349153,25.2837416756136,25.7795013163119,26.2752609570102,26.7710205977085,
27.2667802384068,27.7625398791051,28.2582995198035,28.7540591605018,29.2498188012001,
29.541709921937),.UNSPECIFIED.);
#162=B_SPLINE_CURVE_WITH_KNOTS('',3,(#990,#991,#992,#993,#994,#995,#996,
#997,#998,#999,#1000,#1001,#1002,#1003,#1004,#1005,#1006,#1007,#1008,#1009,
#1010,#1011,#1012,#1013,#1014,#1015,#1016,#1017,#1018,#1019,#1020,#1021,
#1022,#1023,#1024,#1025,#1026,#1027,#1028,#1029,#1030,#1031,#1032),
 .UNSPECIFIED.,.F.,.F.,(4,3,3,3,3,3,3,3,3,3,3,3,3,3,4),(-25.8051910768784,
-25.7566380820236,-25.2573215101041,-24.7580049381847,-24.2586883662652,
-23.7593717943458,-23.2600552224263,-22.7607386505069,-22.2614220785874,
-21.762105506668,-21.2627889347485,-20.7634723628291,-20.2641557909096,
-19.7648392189902,-19.5220057696988),.UNSPECIFIED.);
#163=B_SPLINE_CURVE_WITH_KNOTS('',3,(#1037,#1038,#1039,#1040,#1041,#1042,
#1043,#1044,#1045,#1046,#1047,#1048,#1049,#1050,#1051,#1052,#1053,#1054,
#1055,#1056,#1057,#1058,#1059,#1060,#1061,#1062,#1063,#1064,#1065,#1066,
#1067,#1068,#1069,#1070,#1071,#1072,#1073,#1074,#1075,#1076),
 .UNSPECIFIED.,.F.,.F.,(4,3,3,3,3,3,3,3,3,3,3,3,3,4),(16.9753393075779,
17.3515874244407,17.847347065139,18.3431067058373,18.8388663465356,19.3346259872339,
19.8303856279322,20.3261452686306,20.8219049093289,21.3176645500272,21.8134241907255,
22.3091838314238,22.8049434721221,23.2585246147574),.UNSPECIFIED.);
#164=B_SPLINE_CURVE_WITH_KNOTS('',3,(#1077,#1078,#1079,#1080,#1081,#1082,
#1083,#1084,#1085,#1086,#1087,#1088,#1089,#1090,#1091,#1092,#1093,#1094,
#1095,#1096,#1097,#1098,#1099,#1100,#1101,#1102,#1103,#1104,#1105,#1106,
#1107,#1108,#1109,#1110,#1111,#1112,#1113,#1114,#1115,#1116,#1117,#1118,
#1119),.UNSPECIFIED.,.F.,.F.,(4,3,3,3,3,3,3,3,3,3,3,3,3,3,4),(-19.5220057696988,
-19.2655226470708,-18.7662060751513,-18.2668895032319,-17.7675729313124,
-17.268256359393,-16.7689397874735,-16.2696232155541,-15.7703066436346,
-15.2709900717152,-14.7716734997957,-14.2723569278763,-13.7730403559568,
-13.2737237840374,-13.2388204625192),.UNSPECIFIED.);
#165=B_SPLINE_CURVE_WITH_KNOTS('',3,(#1125,#1126,#1127,#1128,#1129,#1130,
#1131,#1132,#1133,#1134,#1135,#1136,#1137,#1138,#1139,#1140,#1141,#1142,
#1143,#1144,#1145,#1146,#1147,#1148,#1149,#1150,#1151,#1152),
 .UNSPECIFIED.,.F.,.F.,(4,3,3,3,3,3,3,3,3,4),(-6.95563515533966,-6.78260834908458,
-6.28329177716514,-5.78397520524569,-5.28465863332625,-4.7853420614068,
-4.28602548948735,-3.7867089175679,-3.28739234564846,-3.09940555224158),
 .UNSPECIFIED.);
#166=B_SPLINE_CURVE_WITH_KNOTS('',3,(#1155,#1156,#1157,#1158,#1159,#1160,
#1161,#1162,#1163,#1164,#1165,#1166,#1167,#1168,#1169,#1170,#1171,#1172,
#1173,#1174,#1175,#1176,#1177,#1178,#1179,#1180,#1181,#1182,#1183,#1184,
#1185,#1186,#1187,#1188,#1189,#1190,#1191),.UNSPECIFIED.,.F.,.F.,(4,3,3,
3,3,3,3,3,3,3,3,3,4),(5.12360564272696,5.45335604768136,5.94911568837967,
6.44487532907798,6.94063496977628,7.43639461047459,7.9321542511729,8.42791389187121,
8.92367353256951,9.41943317326782,9.91519281396613,10.4109524546644,10.6921540003983),
 .UNSPECIFIED.);
#167=B_SPLINE_CURVE_WITH_KNOTS('',3,(#1197,#1198,#1199,#1200,#1201,#1202,
#1203,#1204,#1205),.UNSPECIFIED.,.F.,.F.,(4,1,1,1,1,1,4),(47.1238898038469,
47.2832669367653,47.7825835086847,48.2819000806042,48.7812166525236,49.2805332244431,
49.7798497963625),.UNSPECIFIED.);
#168=B_SPLINE_CURVE_WITH_KNOTS('',3,(#1208,#1209,#1210,#1211,#1212,#1213,
#1214,#1215,#1216,#1217),.UNSPECIFIED.,.F.,.F.,(4,1,1,1,1,1,1,4),(47.1238898038469,
47.3277583238082,47.8235179645065,48.3192776052048,48.8150372459032,49.3107968866015,
49.8065565272998,50.3023161679981),.UNSPECIFIED.);
#169=B_SPLINE_CURVE_WITH_KNOTS('',3,(#1222,#1223,#1224,#1225,#1226,#1227,
#1228,#1229,#1230,#1231,#1232,#1233,#1234,#1235,#1236,#1237),
 .UNSPECIFIED.,.F.,.F.,(4,1,1,1,1,1,1,1,1,1,1,1,1,4),(40.8407044966673,
41.2914680737319,41.7907846456514,42.2901012175708,42.7894177894902,43.2887343614097,
43.7880509333291,44.2873675052486,44.786684077168,45.2860006490875,45.7853172210069,
46.2846337929264,46.7839503648458,47.1238898038469),.UNSPECIFIED.);
#170=B_SPLINE_CURVE_WITH_KNOTS('',3,(#1238,#1239,#1240,#1241,#1242,#1243,
#1244,#1245,#1246,#1247,#1248,#1249,#1250,#1251,#1252,#1253,#1254),
 .UNSPECIFIED.,.F.,.F.,(4,1,1,1,1,1,1,1,1,1,1,1,1,1,4),(40.8407044966673,
40.8828829947303,41.3786426354286,41.8744022761269,42.3701619168252,42.8659215575235,
43.3616811982218,43.8574408389201,44.3532004796184,44.8489601203167,45.344719761015,
45.8404794017133,46.3362390424116,46.8319986831099,47.1238898038469),
 .UNSPECIFIED.);
#171=B_SPLINE_CURVE_WITH_KNOTS('',3,(#1259,#1260,#1261,#1262,#1263,#1264,
#1265,#1266,#1267,#1268,#1269,#1270,#1271,#1272,#1273,#1274,#1275),
 .UNSPECIFIED.,.F.,.F.,(4,1,1,1,1,1,1,1,1,1,1,1,1,1,4),(34.5575191894877,
34.8003526387791,35.2996692106985,35.798985782618,36.2983023545374,36.7976189264569,
37.2969354983763,37.7962520702958,38.2955686422152,38.7948852141347,39.2942017860541,
39.7935183579736,40.292834929893,40.7921515018125,40.8407044966673),
 .UNSPECIFIED.);
#172=B_SPLINE_CURVE_WITH_KNOTS('',3,(#1276,#1277,#1278,#1279,#1280,#1281,
#1282,#1283,#1284,#1285,#1286,#1287,#1288,#1289,#1290,#1291),
 .UNSPECIFIED.,.F.,.F.,(4,1,1,1,1,1,1,1,1,1,1,1,1,4),(34.5575191894877,
34.9337673063506,35.4295269470489,35.9252865877472,36.4210462284455,36.9168058691438,
37.4125655098421,37.9083251505404,38.4040847912387,38.899844431937,39.3956040726353,
39.8913637133336,40.387123354032,40.8407044966673),.UNSPECIFIED.);
#173=B_SPLINE_CURVE_WITH_KNOTS('',3,(#1296,#1297,#1298,#1299,#1300,#1301,
#1302,#1303,#1304,#1305,#1306,#1307,#1308,#1309,#1310,#1311,#1312),
 .UNSPECIFIED.,.F.,.F.,(4,1,1,1,1,1,1,1,1,1,1,1,1,1,4),(28.2743338823081,
28.3092372038263,28.8085537757457,29.3078703476652,29.8071869195846,30.3065034915041,
30.8058200634235,31.305136635343,31.8044532072624,32.3037697791819,32.8030863511013,
33.3024029230208,33.8017194949402,34.3010360668597,34.5575191894877),
 .UNSPECIFIED.);
#174=B_SPLINE_CURVE_WITH_KNOTS('',3,(#1313,#1314,#1315,#1316,#1317,#1318,
#1319,#1320,#1321,#1322,#1323,#1324,#1325,#1326,#1327,#1328,#1329),
 .UNSPECIFIED.,.F.,.F.,(4,1,1,1,1,1,1,1,1,1,1,1,1,1,4),(28.2743338823081,
28.4888919772726,28.9846516179709,29.4804112586692,29.9761708993675,30.4719305400658,
30.9676901807641,31.4634498214624,31.9592094621607,32.4549691028591,32.9507287435574,
33.4464883842557,33.942248024954,34.4380076656523,34.5575191894877),
 .UNSPECIFIED.);
#175=B_SPLINE_CURVE_WITH_KNOTS('',3,(#1335,#1336,#1337,#1338,#1339,#1340,
#1341,#1342,#1343,#1344,#1345,#1346),.UNSPECIFIED.,.F.,.F.,(4,1,1,1,1,1,
1,1,1,4),(17.5821798819099,18.0779395226082,18.5736991633065,19.0694588040048,
19.5652184447031,20.0609780854014,20.5567377260997,21.052497366798,21.5482570074963,
21.9911485751285),.UNSPECIFIED.);
#176=B_SPLINE_CURVE_WITH_KNOTS('',3,(#1349,#1350,#1351,#1352,#1353,#1354,
#1355,#1356,#1357,#1358,#1359,#1360,#1361,#1362),.UNSPECIFIED.,.F.,.F.,
(4,1,1,1,1,1,1,1,1,1,1,4),(17.0597135102743,17.3242726215984,17.8235891935179,
18.3229057654373,18.8222223373568,19.3215389092762,19.8208554811957,20.3201720531151,
20.8194886250346,21.318805196954,21.8181217688735,21.9911485751285),
 .UNSPECIFIED.);
#177=B_SPLINE_CURVE_WITH_KNOTS('',3,(#1369,#1370,#1371,#1372,#1373,#1374,
#1375,#1376,#1377,#1378,#1379,#1380,#1381,#1382,#1383,#1384,#1385,#1386,
#1387,#1388,#1389,#1390,#1391,#1392,#1393,#1394,#1395,#1396,#1397,#1398,
#1399,#1400,#1401,#1402,#1403,#1404,#1405,#1406,#1407,#1408,#1409,#1410,
#1411,#1412,#1413,#1414,#1415,#1416,#1417,#1418,#1419,#1420,#1421,#1422,
#1423,#1424,#1425,#1426,#1427,#1428,#1429),.UNSPECIFIED.,.F.,.F.,(4,3,3,
3,3,3,3,3,3,3,3,3,3,3,3,3,3,3,3,3,4),(-1.55433201729919,-1.50652019245542,
-1.48744715809429,-1.47586568424439,-1.4701591825375,-1.46358583850009,
-1.4133352782121,-1.36308471792411,-1.31468927441372,-1.2664809483673,-1.25717741184351,
-1.25099232087041,-1.2031181592052,-1.15518037130319,-1.10777683527272,
-1.08567071853017,-1.0526774065604,-1.03712087259281,-1.03076612436788,
-0.98348753035006,-0.953697470651093),.UNSPECIFIED.);
#178=B_SPLINE_CURVE_WITH_KNOTS('',3,(#1430,#1431,#1432,#1433,#1434,#1435,
#1436,#1437,#1438,#1439,#1440,#1441,#1442,#1443,#1444,#1445,#1446,#1447,
#1448,#1449,#1450,#1451,#1452,#1453,#1454,#1455,#1456,#1457,#1458,#1459,
#1460,#1461,#1462,#1463,#1464,#1465,#1466,#1467,#1468,#1469,#1470,#1471,
#1472,#1473,#1474,#1475,#1476,#1477,#1478,#1479,#1480,#1481,#1482,#1483,
#1484,#1485,#1486,#1487,#1488,#1489,#1490,#1491,#1492,#1493,#1494,#1495,
#1496,#1497,#1498,#1499,#1500,#1501,#1502,#1503,#1504,#1505,#1506,#1507,
#1508,#1509,#1510,#1511,#1512,#1513,#1514,#1515,#1516,#1517,#1518,#1519,
#1520),.UNSPECIFIED.,.F.,.F.,(4,3,3,3,3,3,3,3,3,3,3,3,3,3,3,3,3,3,3,3,3,
3,3,3,3,3,3,3,3,3,4),(-0.953697470651093,-0.906293939821134,-0.859513673676667,
-0.836123540604433,-0.827349491894389,-0.819868587311951,-0.812733407532199,
-0.766180557587998,-0.719145878633369,-0.672284022454238,-0.640220040582745,
-0.625819844428882,-0.617461285120233,-0.610038777437753,-0.563461641958905,
-0.544028094968264,-0.497459776072099,-0.450844425971483,-0.408017060901781,
-0.402766781029895,-0.356626081375715,-0.310646556779779,-0.279534965692676,
-0.23336875363096,-0.206627079521028,-0.197969792650319,-0.152286965755364,
-0.106545561276693,-0.0614291989272613,-0.0194353607515029,0.),
 .UNSPECIFIED.);
#179=B_SPLINE_CURVE_WITH_KNOTS('',3,(#1522,#1523,#1524,#1525,#1526,#1527,
#1528,#1529,#1530,#1531,#1532,#1533,#1534,#1535,#1536,#1537,#1538,#1539,
#1540),.UNSPECIFIED.,.F.,.F.,(4,3,3,3,3,3,4),(-0.848881187827642,-0.804420623805669,
-0.758832169928335,-0.712809976781945,-0.666665118107866,-0.659013633969457,
-0.652809712560668),.UNSPECIFIED.);
#180=B_SPLINE_CURVE_WITH_KNOTS('',3,(#1542,#1543,#1544,#1545,#1546,#1547,
#1548,#1549,#1550,#1551,#1552,#1553,#1554,#1555,#1556,#1557,#1558,#1559,
#1560,#1561,#1562,#1563,#1564,#1565,#1566,#1567,#1568,#1569,#1570,#1571,
#1572,#1573,#1574,#1575,#1576,#1577,#1578,#1579,#1580,#1581,#1582,#1583,
#1584),.UNSPECIFIED.,.F.,.F.,(4,3,3,3,3,3,3,3,3,3,3,3,3,3,4),(-0.652809712560668,
-0.605414691352181,-0.583674912303222,-0.536614497765131,-0.48908446266969,
-0.46467553679858,-0.456788210594163,-0.408294813215467,-0.359270024742711,
-0.310019936288167,-0.299649041717126,-0.259903421967588,-0.238323216715114,
-0.231827633508899,-0.220157802218049),.UNSPECIFIED.);
#181=B_SPLINE_CURVE_WITH_KNOTS('',3,(#1585,#1586,#1587,#1588,#1589,#1590,
#1591,#1592,#1593,#1594,#1595,#1596,#1597,#1598,#1599,#1600),
 .UNSPECIFIED.,.F.,.F.,(4,3,3,3,3,4),(-0.220157802218049,-0.170501228247822,
-0.119845199758008,-0.0689837407058332,-0.0184642700587691,0.),
 .UNSPECIFIED.);
#182=B_SPLINE_CURVE_WITH_KNOTS('',3,(#1602,#1603,#1604,#1605,#1606,#1607,
#1608,#1609,#1610,#1611,#1612,#1613,#1614,#1615,#1616,#1617,#1618,#1619,
#1620,#1621,#1622,#1623,#1624,#1625,#1626,#1627,#1628,#1629,#1630,#1631,
#1632,#1633,#1634,#1635,#1636,#1637,#1638,#1639,#1640,#1641),
 .UNSPECIFIED.,.F.,.F.,(4,3,3,3,3,3,3,3,3,3,3,3,3,4),(-3.11706600827269,
-3.06583334895169,-3.01430797739739,-2.98932889585792,-2.97654441805338,
-2.96849923723838,-2.9172581261009,-2.86586672559127,-2.84017102533645,
-2.83250898988303,-2.82551006413512,-2.81447532508164,-2.76396392752808,
-2.72898734581505),.UNSPECIFIED.);
#183=B_SPLINE_CURVE_WITH_KNOTS('',3,(#1643,#1644,#1645,#1646,#1647,#1648,
#1649,#1650,#1651,#1652,#1653,#1654,#1655,#1656,#1657,#1658,#1659,#1660,
#1661,#1662,#1663,#1664,#1665,#1666,#1667,#1668,#1669,#1670,#1671,#1672,
#1673,#1674,#1675,#1676,#1677,#1678,#1679,#1680,#1681,#1682,#1683,#1684,
#1685,#1686,#1687,#1688),.UNSPECIFIED.,.F.,.F.,(4,3,3,3,3,3,3,3,3,3,3,3,
3,3,3,4),(-2.72898734581505,-2.67563959698892,-2.63562878536932,-2.60562067665462,
-2.59873031501695,-2.5921706141996,-2.54167925257281,-2.51559635051052,
-2.46377188167439,-2.41330785972504,-2.38705551358528,-2.37650917994323,
-2.3684228247048,-2.3629141852394,-2.31290797846159,-2.308298475166),
 .UNSPECIFIED.);
#184=B_SPLINE_CURVE_WITH_KNOTS('',3,(#1689,#1690,#1691,#1692,#1693,#1694,
#1695,#1696,#1697,#1698,#1699,#1700,#1701,#1702,#1703,#1704,#1705,#1706,
#1707,#1708,#1709,#1710,#1711,#1712,#1713,#1714,#1715,#1716,#1717,#1718,
#1719,#1720,#1721,#1722,#1723,#1724,#1725,#1726,#1727,#1728,#1729,#1730,
#1731,#1732,#1733,#1734,#1735,#1736,#1737,#1738,#1739,#1740,#1741,#1742,
#1743,#1744,#1745,#1746,#1747,#1748,#1749,#1750,#1751,#1752,#1753,#1754,
#1755,#1756,#1757,#1758),.UNSPECIFIED.,.F.,.F.,(4,3,3,3,3,3,3,3,3,3,3,3,
3,3,3,3,3,3,3,3,3,3,3,4),(-2.308298475166,-2.25841362429996,-2.22092495155611,
-2.17084376932837,-2.15378807260226,-2.14304742719332,-2.13472963000661,
-2.08371175145312,-2.03402217513751,-1.98234014546508,-1.93380551437236,
-1.93065811579264,-1.91959813605845,-1.91369614854224,-1.90749979086797,
-1.85877808520581,-1.80956458221715,-1.76049516371035,-1.7119550272441,
-1.69362134326548,-1.6858462848045,-1.64480597792062,-1.59612528672509,
-1.55433201729919),.UNSPECIFIED.);
#185=B_SPLINE_CURVE_WITH_KNOTS('',3,(#2035,#2036,#2037,#2038,#2039,#2040,
#2041,#2042,#2043,#2044,#2045,#2046,#2047,#2048,#2049,#2050),
 .UNSPECIFIED.,.F.,.F.,(4,1,1,1,1,1,1,1,1,1,1,1,1,4),(21.9911485751285,
22.3174383407929,22.8167549127124,23.3160714846318,23.8153880565513,24.3147046284707,
24.8140212003902,25.3133377723096,25.812654344229,26.3119709161485,26.8112874880679,
27.3106040599874,27.8099206319068,28.2743338823081),.UNSPECIFIED.);
#186=B_SPLINE_CURVE_WITH_KNOTS('',3,(#2052,#2053,#2054,#2055,#2056,#2057,
#2058,#2059,#2060,#2061),.UNSPECIFIED.,.F.,.F.,(4,3,3,4),(-0.143151211497834,
-0.0914961746365268,-0.0393472113009474,0.),.UNSPECIFIED.);
#187=B_SPLINE_CURVE_WITH_KNOTS('',3,(#2062,#2063,#2064,#2065,#2066,#2067,
#2068,#2069,#2070,#2071,#2072,#2073,#2074,#2075,#2076,#2077,#2078,#2079,
#2080,#2081,#2082,#2083,#2084,#2085,#2086,#2087,#2088,#2089,#2090,#2091,
#2092,#2093,#2094,#2095,#2096,#2097,#2098,#2099,#2100,#2101,#2102,#2103,
#2104,#2105,#2106,#2107,#2108,#2109,#2110,#2111,#2112,#2113,#2114,#2115,
#2116,#2117,#2118,#2119,#2120,#2121,#2122,#2123,#2124,#2125,#2126,#2127,
#2128,#2129,#2130,#2131),.UNSPECIFIED.,.F.,.F.,(4,3,3,3,3,3,3,3,3,3,3,3,
3,3,3,3,3,3,3,3,3,3,3,4),(0.,0.0452609310466169,0.0910639124829803,0.137154115114979,
0.16620570296824,0.201109109486166,0.206740566554139,0.212675137016958,
0.258979971746495,0.306407798097519,0.354115037871286,0.399773996491467,
0.414763897526019,0.422509299461491,0.428027418316897,0.445432955111649,
0.493424491670546,0.542149075724804,0.591756485250241,0.630484661539463,
0.637058336148693,0.685603932022541,0.734541435064788,0.740578713826552),
 .UNSPECIFIED.);
#188=B_SPLINE_CURVE_WITH_KNOTS('',3,(#2132,#2133,#2134,#2135,#2136,#2137,
#2138,#2139,#2140,#2141,#2142,#2143,#2144,#2145,#2146,#2147,#2148,#2149,
#2150,#2151,#2152,#2153,#2154,#2155,#2156,#2157,#2158,#2159,#2160,#2161,
#2162,#2163,#2164,#2165,#2166,#2167,#2168,#2169,#2170,#2171),
 .UNSPECIFIED.,.F.,.F.,(4,3,3,3,3,3,3,3,3,3,3,3,3,4),(-13.2388204625192,
-12.7744072121179,-12.2750906401985,-11.7757740682791,-11.2764574963596,
-10.7771409244402,-10.2778243525207,-9.77850778060126,-9.27919120868182,
-8.77987463676237,-8.28055806484292,-7.78124149292348,-7.28192492100403,
-6.95563515533966),.UNSPECIFIED.);
#189=B_SPLINE_CURVE_WITH_KNOTS('',3,(#2173,#2174,#2175,#2176,#2177,#2178,
#2179,#2180,#2181,#2182,#2183,#2184,#2185,#2186,#2187,#2188,#2189),
 .UNSPECIFIED.,.F.,.F.,(4,1,1,1,1,1,1,1,1,1,1,1,1,1,4),(21.9911485751285,
22.0440166481946,22.5397762888929,23.0355359295912,23.5312955702895,24.0270552109879,
24.5228148516862,25.0185744923845,25.5143341330828,26.0100937737811,26.5058534144794,
27.0016130551777,27.497372695876,27.9931323365743,28.2743338823081),
 .UNSPECIFIED.);
#190=B_SPLINE_CURVE_WITH_KNOTS('',3,(#2338,#2339,#2340,#2341,#2342,#2343,
#2344,#2345,#2346,#2347),.UNSPECIFIED.,.F.,.F.,(4,3,3,4),(-1.14369947197755,
-1.09269821025069,-1.04171023727944,-1.0013391949898),.UNSPECIFIED.);
#191=B_SPLINE_CURVE_WITH_KNOTS('',3,(#2624,#2625,#2626,#2627,#2628,#2629,
#2630,#2631,#2632,#2633,#2634,#2635,#2636,#2637,#2638,#2639,#2640,#2641,
#2642,#2643,#2644,#2645,#2646,#2647,#2648,#2649,#2650,#2651,#2652,#2653,
#2654,#2655,#2656,#2657,#2658,#2659,#2660,#2661,#2662,#2663,#2664,#2665,
#2666),.UNSPECIFIED.,.F.,.F.,(4,3,3,3,3,3,3,3,3,3,3,3,3,3,4),(10.6921540003983,
10.9067120953627,11.402471736061,11.8982313767593,12.3939910174577,12.889750658156,
13.3855102988543,13.8812699395526,14.3770295802509,14.8727892209492,15.3685488616475,
15.8643085023458,16.3600681430441,16.8558277837424,16.9753393075779),
 .UNSPECIFIED.);
#192=B_SPLINE_CURVE_WITH_KNOTS('',3,(#2668,#2669,#2670,#2671,#2672,#2673,
#2674,#2675,#2676,#2677,#2678,#2679,#2680,#2681,#2682,#2683,#2684,#2685,
#2686,#2687,#2688,#2689,#2690,#2691,#2692,#2693,#2694,#2695,#2696,#2697,
#2698,#2699,#2700,#2701,#2702,#2703,#2704),.UNSPECIFIED.,.F.,.F.,(4,3,3,
3,3,3,3,3,3,3,3,3,4),(2.5058807492338,2.53392198832134,2.58035094758807,
2.62662381753455,2.64176851151237,2.64865721177661,2.69466356891058,2.74041296166923,
2.75735355767648,2.76773323556043,2.79382077095074,2.83956549471853,2.87981939189984),
 .UNSPECIFIED.);
#193=B_SPLINE_CURVE_WITH_KNOTS('',3,(#2705,#2706,#2707,#2708,#2709,#2710,
#2711,#2712,#2713,#2714,#2715,#2716,#2717,#2718,#2719,#2720,#2721,#2722,
#2723,#2724,#2725,#2726,#2727,#2728,#2729,#2730,#2731,#2732,#2733,#2734,
#2735,#2736,#2737,#2738,#2739,#2740,#2741,#2742,#2743,#2744,#2745,#2746,
#2747,#2748,#2749,#2750,#2751,#2752,#2753,#2754,#2755,#2756,#2757,#2758,
#2759,#2760,#2761,#2762,#2763,#2764,#2765,#2766,#2767,#2768,#2769,#2770,
#2771,#2772,#2773,#2774,#2775,#2776,#2777,#2778,#2779,#2780,#2781,#2782,
#2783,#2784,#2785,#2786,#2787,#2788,#2789,#2790,#2791,#2792,#2793,#2794,
#2795,#2796,#2797,#2798,#2799,#2800,#2801,#2802,#2803,#2804,#2805,#2806,
#2807,#2808,#2809,#2810,#2811,#2812,#2813,#2814,#2815,#2816,#2817,#2818,
#2819,#2820,#2821,#2822,#2823,#2824,#2825,#2826,#2827,#2828,#2829,#2830,
#2831,#2832,#2833,#2834,#2835,#2836,#2837,#2838,#2839,#2840,#2841,#2842,
#2843,#2844,#2845,#2846,#2847,#2848,#2849,#2850,#2851,#2852,#2853,#2854,
#2855,#2856,#2857,#2858,#2859,#2860,#2861,#2862,#2863,#2864,#2865,#2866,
#2867,#2868,#2869,#2870,#2871,#2872,#2873,#2874,#2875,#2876,#2877,#2878,
#2879,#2880,#2881,#2882,#2883,#2884,#2885,#2886,#2887,#2888,#2889,#2890,
#2891,#2892,#2893,#2894,#2895,#2896,#2897,#2898,#2899,#2900,#2901,#2902,
#2903,#2904,#2905,#2906,#2907,#2908,#2909,#2910,#2911,#2912,#2913,#2914,
#2915,#2916,#2917,#2918,#2919,#2920,#2921,#2922,#2923,#2924,#2925,#2926,
#2927),.UNSPECIFIED.,.F.,.F.,(4,3,3,3,3,3,3,3,3,3,3,3,3,3,3,3,3,3,3,3,3,
3,3,3,3,3,3,3,3,3,3,3,3,3,3,3,3,3,3,3,3,3,3,3,3,3,3,3,3,3,3,3,3,3,3,3,3,
3,3,3,3,3,3,3,3,3,3,3,3,3,3,3,3,3,4),(0.141957564754159,0.19183326538926,
0.218506605263529,0.232390771791802,0.238922315824113,0.289648082784344,
0.298526624886336,0.3491552399973,0.399965963985366,0.448210803603585,0.466320056695788,
0.473188110837944,0.523491244211273,0.57365344216567,0.592945322458244,
0.643310759554125,0.673280667746955,0.687594443402955,0.695523717668381,
0.701365528459525,0.751221782088329,0.801141044552517,0.850476086233021,
0.883070025096764,0.918782136428601,0.927772883374554,0.976800395009447,
1.02631754439082,1.07560938136647,1.12218814855896,1.13622245632466,1.14598927168789,
1.15204725457267,1.16876691575145,1.21736639762564,1.26641102509474,1.31520258029987,
1.34898367466805,1.36232588017777,1.36893532027641,1.37526178721986,1.42383310773268,
1.45032695777261,1.49890676819271,1.54749323774792,1.5700196129108,1.58604089521594,
1.59243796804515,1.6405675372969,1.68854509788329,1.72770423905095,1.77585209194511,
1.79316241661425,1.80217716887139,1.8084505707933,1.8565195568231,1.90426938743495,
1.95249795117372,2.00072651491249,2.01571095927997,2.02286386384291,2.0696607482956,
2.1169328862116,2.16405321578157,2.21064964248191,2.22760623934127,2.23368220024617,
2.26937925922064,2.31594838567834,2.36343147656721,2.40993150875735,2.43403347195481,
2.44253513326637,2.48892390575721,2.5058807492338),.UNSPECIFIED.);
#194=LINE('',#901,#223);
#195=LINE('',#946,#224);
#196=LINE('',#1036,#225);
#197=LINE('',#1123,#226);
#198=LINE('',#1195,#227);
#199=LINE('',#1221,#228);
#200=LINE('',#1258,#229);
#201=LINE('',#1295,#230);
#202=LINE('',#1333,#231);
#203=LINE('',#1367,#232);
#204=LINE('',#2195,#233);
#205=LINE('',#2199,#234);
#206=LINE('',#2203,#235);
#207=LINE('',#2207,#236);
#208=LINE('',#2211,#237);
#209=LINE('',#2214,#238);
#210=LINE('',#2225,#239);
#211=LINE('',#2231,#240);
#212=LINE('',#2237,#241);
#213=LINE('',#2247,#242);
#214=LINE('',#2253,#243);
#215=LINE('',#2267,#244);
#216=LINE('',#2273,#245);
#217=LINE('',#2287,#246);
#218=LINE('',#2293,#247);
#219=LINE('',#2307,#248);
#220=LINE('',#2313,#249);
#221=LINE('',#2327,#250);
#222=LINE('',#2931,#251);
#223=VECTOR('',#764,6.);
#224=VECTOR('',#769,6.);
#225=VECTOR('',#772,6.);
#226=VECTOR('',#775,6.);
#227=VECTOR('',#780,6.11325);
#228=VECTOR('',#785,6.11325);
#229=VECTOR('',#788,6.11325);
#230=VECTOR('',#791,6.11325);
#231=VECTOR('',#794,6.11325);
#232=VECTOR('',#801,6.25);
#233=VECTOR('',#808,10.);
#234=VECTOR('',#811,10.);
#235=VECTOR('',#814,10.);
#236=VECTOR('',#817,10.);
#237=VECTOR('',#820,10.);
#238=VECTOR('',#823,10.);
#239=VECTOR('',#828,10.);
#240=VECTOR('',#829,10.);
#241=VECTOR('',#830,10.);
#242=VECTOR('',#833,10.);
#243=VECTOR('',#834,10.);
#244=VECTOR('',#839,10.);
#245=VECTOR('',#840,10.);
#246=VECTOR('',#845,10.);
#247=VECTOR('',#846,10.);
#248=VECTOR('',#851,10.);
#249=VECTOR('',#852,10.);
#250=VECTOR('',#857,10.);
#251=VECTOR('',#868,6.25);
#252=VERTEX_POINT('',#899);
#253=VERTEX_POINT('',#900);
#254=VERTEX_POINT('',#902);
#255=VERTEX_POINT('',#919);
#256=VERTEX_POINT('',#944);
#257=VERTEX_POINT('',#945);
#258=VERTEX_POINT('',#1034);
#259=VERTEX_POINT('',#1035);
#260=VERTEX_POINT('',#1121);
#261=VERTEX_POINT('',#1122);
#262=VERTEX_POINT('',#1124);
#263=VERTEX_POINT('',#1153);
#264=VERTEX_POINT('',#1193);
#265=VERTEX_POINT('',#1194);
#266=VERTEX_POINT('',#1196);
#267=VERTEX_POINT('',#1206);
#268=VERTEX_POINT('',#1219);
#269=VERTEX_POINT('',#1220);
#270=VERTEX_POINT('',#1256);
#271=VERTEX_POINT('',#1257);
#272=VERTEX_POINT('',#1293);
#273=VERTEX_POINT('',#1294);
#274=VERTEX_POINT('',#1331);
#275=VERTEX_POINT('',#1332);
#276=VERTEX_POINT('',#1334);
#277=VERTEX_POINT('',#1347);
#278=VERTEX_POINT('',#1364);
#279=VERTEX_POINT('',#1366);
#280=VERTEX_POINT('',#1368);
#281=VERTEX_POINT('',#1521);
#282=VERTEX_POINT('',#1541);
#283=VERTEX_POINT('',#1601);
#284=VERTEX_POINT('',#1642);
#285=VERTEX_POINT('',#2051);
#286=VERTEX_POINT('',#2191);
#287=VERTEX_POINT('',#2192);
#288=VERTEX_POINT('',#2194);
#289=VERTEX_POINT('',#2196);
#290=VERTEX_POINT('',#2198);
#291=VERTEX_POINT('',#2200);
#292=VERTEX_POINT('',#2202);
#293=VERTEX_POINT('',#2204);
#294=VERTEX_POINT('',#2206);
#295=VERTEX_POINT('',#2208);
#296=VERTEX_POINT('',#2210);
#297=VERTEX_POINT('',#2212);
#298=VERTEX_POINT('',#2216);
#299=VERTEX_POINT('',#2224);
#300=VERTEX_POINT('',#2226);
#301=VERTEX_POINT('',#2230);
#302=VERTEX_POINT('',#2232);
#303=VERTEX_POINT('',#2236);
#304=VERTEX_POINT('',#2242);
#305=VERTEX_POINT('',#2246);
#306=VERTEX_POINT('',#2248);
#307=VERTEX_POINT('',#2252);
#308=VERTEX_POINT('',#2262);
#309=VERTEX_POINT('',#2266);
#310=VERTEX_POINT('',#2268);
#311=VERTEX_POINT('',#2272);
#312=VERTEX_POINT('',#2282);
#313=VERTEX_POINT('',#2286);
#314=VERTEX_POINT('',#2288);
#315=VERTEX_POINT('',#2292);
#316=VERTEX_POINT('',#2302);
#317=VERTEX_POINT('',#2306);
#318=VERTEX_POINT('',#2308);
#319=VERTEX_POINT('',#2312);
#320=VERTEX_POINT('',#2322);
#321=VERTEX_POINT('',#2326);
#322=VERTEX_POINT('',#2336);
#323=VERTEX_POINT('',#2667);
#324=VERTEX_POINT('',#2929);
#325=EDGE_CURVE('',#252,#253,#194,.T.);
#326=EDGE_CURVE('',#253,#254,#159,.T.);
#327=EDGE_CURVE('',#255,#254,#140,.T.);
#328=EDGE_CURVE('',#255,#252,#160,.T.);
#329=EDGE_CURVE('',#256,#257,#195,.T.);
#330=EDGE_CURVE('',#257,#253,#161,.T.);
#331=EDGE_CURVE('',#252,#256,#162,.T.);
#332=EDGE_CURVE('',#258,#259,#196,.T.);
#333=EDGE_CURVE('',#259,#257,#163,.T.);
#334=EDGE_CURVE('',#256,#258,#164,.T.);
#335=EDGE_CURVE('',#260,#261,#197,.T.);
#336=EDGE_CURVE('',#260,#262,#165,.T.);
#337=EDGE_CURVE('',#263,#262,#141,.T.);
#338=EDGE_CURVE('',#263,#261,#166,.T.);
#339=EDGE_CURVE('',#264,#265,#198,.T.);
#340=EDGE_CURVE('',#265,#266,#167,.T.);
#341=EDGE_CURVE('',#267,#266,#142,.T.);
#342=EDGE_CURVE('',#264,#267,#168,.T.);
#343=EDGE_CURVE('',#268,#269,#199,.T.);
#344=EDGE_CURVE('',#269,#265,#169,.T.);
#345=EDGE_CURVE('',#268,#264,#170,.T.);
#346=EDGE_CURVE('',#270,#271,#200,.T.);
#347=EDGE_CURVE('',#271,#269,#171,.T.);
#348=EDGE_CURVE('',#270,#268,#172,.T.);
#349=EDGE_CURVE('',#272,#273,#201,.T.);
#350=EDGE_CURVE('',#273,#271,#173,.T.);
#351=EDGE_CURVE('',#272,#270,#174,.T.);
#352=EDGE_CURVE('',#274,#275,#202,.T.);
#353=EDGE_CURVE('',#276,#274,#175,.T.);
#354=EDGE_CURVE('',#277,#276,#143,.T.);
#355=EDGE_CURVE('',#277,#275,#176,.T.);
#356=EDGE_CURVE('',#278,#278,#144,.T.);
#357=EDGE_CURVE('',#278,#279,#203,.T.);
#358=EDGE_CURVE('',#279,#280,#177,.T.);
#359=EDGE_CURVE('',#280,#255,#178,.T.);
#360=EDGE_CURVE('',#254,#281,#179,.T.);
#361=EDGE_CURVE('',#281,#282,#180,.T.);
#362=EDGE_CURVE('',#282,#267,#181,.T.);
#363=EDGE_CURVE('',#266,#283,#182,.T.);
#364=EDGE_CURVE('',#283,#284,#183,.T.);
#365=EDGE_CURVE('',#284,#279,#184,.T.);
#366=EDGE_CURVE('',#275,#273,#185,.T.);
#367=EDGE_CURVE('',#285,#277,#186,.T.);
#368=EDGE_CURVE('',#262,#285,#187,.T.);
#369=EDGE_CURVE('',#258,#260,#188,.T.);
#370=EDGE_CURVE('',#274,#272,#189,.T.);
#371=EDGE_CURVE('',#286,#287,#145,.T.);
#372=EDGE_CURVE('',#288,#286,#204,.T.);
#373=EDGE_CURVE('',#289,#288,#146,.T.);
#374=EDGE_CURVE('',#290,#289,#205,.T.);
#375=EDGE_CURVE('',#291,#290,#147,.T.);
#376=EDGE_CURVE('',#292,#291,#206,.T.);
#377=EDGE_CURVE('',#293,#292,#148,.T.);
#378=EDGE_CURVE('',#294,#293,#207,.T.);
#379=EDGE_CURVE('',#295,#294,#149,.T.);
#380=EDGE_CURVE('',#296,#295,#208,.T.);
#381=EDGE_CURVE('',#297,#296,#150,.T.);
#382=EDGE_CURVE('',#287,#297,#209,.T.);
#383=EDGE_CURVE('',#298,#286,#15,.T.);
#384=EDGE_CURVE('',#287,#298,#16,.T.);
#385=EDGE_CURVE('',#298,#299,#210,.T.);
#386=EDGE_CURVE('',#299,#300,#17,.T.);
#387=EDGE_CURVE('',#301,#300,#211,.T.);
#388=EDGE_CURVE('',#301,#302,#18,.T.);
#389=EDGE_CURVE('',#303,#302,#212,.T.);
#390=EDGE_CURVE('',#288,#303,#19,.T.);
#391=EDGE_CURVE('',#304,#297,#20,.T.);
#392=EDGE_CURVE('',#304,#305,#213,.T.);
#393=EDGE_CURVE('',#305,#306,#21,.T.);
#394=EDGE_CURVE('',#307,#306,#214,.T.);
#395=EDGE_CURVE('',#307,#299,#22,.T.);
#396=EDGE_CURVE('',#303,#289,#23,.T.);
#397=EDGE_CURVE('',#302,#308,#24,.T.);
#398=EDGE_CURVE('',#309,#308,#215,.T.);
#399=EDGE_CURVE('',#309,#310,#25,.T.);
#400=EDGE_CURVE('',#311,#310,#216,.T.);
#401=EDGE_CURVE('',#290,#311,#26,.T.);
#402=EDGE_CURVE('',#311,#291,#27,.T.);
#403=EDGE_CURVE('',#310,#312,#28,.T.);
#404=EDGE_CURVE('',#313,#312,#217,.T.);
#405=EDGE_CURVE('',#313,#314,#29,.T.);
#406=EDGE_CURVE('',#315,#314,#218,.T.);
#407=EDGE_CURVE('',#292,#315,#30,.T.);
#408=EDGE_CURVE('',#315,#293,#31,.T.);
#409=EDGE_CURVE('',#314,#316,#32,.T.);
#410=EDGE_CURVE('',#317,#316,#219,.T.);
#411=EDGE_CURVE('',#317,#318,#33,.T.);
#412=EDGE_CURVE('',#319,#318,#220,.T.);
#413=EDGE_CURVE('',#294,#319,#34,.T.);
#414=EDGE_CURVE('',#319,#295,#35,.T.);
#415=EDGE_CURVE('',#318,#320,#36,.T.);
#416=EDGE_CURVE('',#321,#320,#221,.T.);
#417=EDGE_CURVE('',#321,#305,#37,.T.);
#418=EDGE_CURVE('',#296,#304,#38,.T.);
#419=EDGE_CURVE('',#285,#322,#151,.T.);
#420=EDGE_CURVE('',#276,#322,#190,.T.);
#421=EDGE_CURVE('',#261,#259,#191,.T.);
#422=EDGE_CURVE('',#323,#263,#192,.T.);
#423=EDGE_CURVE('',#322,#323,#193,.T.);
#424=EDGE_CURVE('',#324,#324,#152,.T.);
#425=EDGE_CURVE('',#324,#323,#222,.T.);
#426=EDGE_CURVE('',#300,#307,#153,.T.);
#427=EDGE_CURVE('',#306,#321,#154,.T.);
#428=EDGE_CURVE('',#320,#317,#155,.T.);
#429=EDGE_CURVE('',#316,#313,#156,.T.);
#430=EDGE_CURVE('',#312,#309,#157,.T.);
#431=EDGE_CURVE('',#308,#301,#158,.T.);
#432=ORIENTED_EDGE('',*,*,#325,.T.);
#433=ORIENTED_EDGE('',*,*,#326,.T.);
#434=ORIENTED_EDGE('',*,*,#327,.F.);
#435=ORIENTED_EDGE('',*,*,#328,.T.);
#436=ORIENTED_EDGE('',*,*,#329,.T.);
#437=ORIENTED_EDGE('',*,*,#330,.T.);
#438=ORIENTED_EDGE('',*,*,#325,.F.);
#439=ORIENTED_EDGE('',*,*,#331,.T.);
#440=ORIENTED_EDGE('',*,*,#332,.T.);
#441=ORIENTED_EDGE('',*,*,#333,.T.);
#442=ORIENTED_EDGE('',*,*,#329,.F.);
#443=ORIENTED_EDGE('',*,*,#334,.T.);
#444=ORIENTED_EDGE('',*,*,#335,.F.);
#445=ORIENTED_EDGE('',*,*,#336,.T.);
#446=ORIENTED_EDGE('',*,*,#337,.F.);
#447=ORIENTED_EDGE('',*,*,#338,.T.);
#448=ORIENTED_EDGE('',*,*,#339,.T.);
#449=ORIENTED_EDGE('',*,*,#340,.T.);
#450=ORIENTED_EDGE('',*,*,#341,.F.);
#451=ORIENTED_EDGE('',*,*,#342,.F.);
#452=ORIENTED_EDGE('',*,*,#343,.T.);
#453=ORIENTED_EDGE('',*,*,#344,.T.);
#454=ORIENTED_EDGE('',*,*,#339,.F.);
#455=ORIENTED_EDGE('',*,*,#345,.F.);
#456=ORIENTED_EDGE('',*,*,#346,.T.);
#457=ORIENTED_EDGE('',*,*,#347,.T.);
#458=ORIENTED_EDGE('',*,*,#343,.F.);
#459=ORIENTED_EDGE('',*,*,#348,.F.);
#460=ORIENTED_EDGE('',*,*,#349,.T.);
#461=ORIENTED_EDGE('',*,*,#350,.T.);
#462=ORIENTED_EDGE('',*,*,#346,.F.);
#463=ORIENTED_EDGE('',*,*,#351,.F.);
#464=ORIENTED_EDGE('',*,*,#352,.F.);
#465=ORIENTED_EDGE('',*,*,#353,.F.);
#466=ORIENTED_EDGE('',*,*,#354,.F.);
#467=ORIENTED_EDGE('',*,*,#355,.T.);
#468=ORIENTED_EDGE('',*,*,#356,.T.);
#469=ORIENTED_EDGE('',*,*,#357,.T.);
#470=ORIENTED_EDGE('',*,*,#358,.T.);
#471=ORIENTED_EDGE('',*,*,#359,.T.);
#472=ORIENTED_EDGE('',*,*,#327,.T.);
#473=ORIENTED_EDGE('',*,*,#360,.T.);
#474=ORIENTED_EDGE('',*,*,#361,.T.);
#475=ORIENTED_EDGE('',*,*,#362,.T.);
#476=ORIENTED_EDGE('',*,*,#341,.T.);
#477=ORIENTED_EDGE('',*,*,#363,.T.);
#478=ORIENTED_EDGE('',*,*,#364,.T.);
#479=ORIENTED_EDGE('',*,*,#365,.T.);
#480=ORIENTED_EDGE('',*,*,#357,.F.);
#481=ORIENTED_EDGE('',*,*,#359,.F.);
#482=ORIENTED_EDGE('',*,*,#358,.F.);
#483=ORIENTED_EDGE('',*,*,#365,.F.);
#484=ORIENTED_EDGE('',*,*,#364,.F.);
#485=ORIENTED_EDGE('',*,*,#363,.F.);
#486=ORIENTED_EDGE('',*,*,#340,.F.);
#487=ORIENTED_EDGE('',*,*,#344,.F.);
#488=ORIENTED_EDGE('',*,*,#347,.F.);
#489=ORIENTED_EDGE('',*,*,#350,.F.);
#490=ORIENTED_EDGE('',*,*,#366,.F.);
#491=ORIENTED_EDGE('',*,*,#355,.F.);
#492=ORIENTED_EDGE('',*,*,#367,.F.);
#493=ORIENTED_EDGE('',*,*,#368,.F.);
#494=ORIENTED_EDGE('',*,*,#336,.F.);
#495=ORIENTED_EDGE('',*,*,#369,.F.);
#496=ORIENTED_EDGE('',*,*,#334,.F.);
#497=ORIENTED_EDGE('',*,*,#331,.F.);
#498=ORIENTED_EDGE('',*,*,#328,.F.);
#499=ORIENTED_EDGE('',*,*,#352,.T.);
#500=ORIENTED_EDGE('',*,*,#366,.T.);
#501=ORIENTED_EDGE('',*,*,#349,.F.);
#502=ORIENTED_EDGE('',*,*,#370,.F.);
#503=ORIENTED_EDGE('',*,*,#371,.F.);
#504=ORIENTED_EDGE('',*,*,#372,.F.);
#505=ORIENTED_EDGE('',*,*,#373,.F.);
#506=ORIENTED_EDGE('',*,*,#374,.F.);
#507=ORIENTED_EDGE('',*,*,#375,.F.);
#508=ORIENTED_EDGE('',*,*,#376,.F.);
#509=ORIENTED_EDGE('',*,*,#377,.F.);
#510=ORIENTED_EDGE('',*,*,#378,.F.);
#511=ORIENTED_EDGE('',*,*,#379,.F.);
#512=ORIENTED_EDGE('',*,*,#380,.F.);
#513=ORIENTED_EDGE('',*,*,#381,.F.);
#514=ORIENTED_EDGE('',*,*,#382,.F.);
#515=ORIENTED_EDGE('',*,*,#356,.F.);
#516=ORIENTED_EDGE('',*,*,#383,.T.);
#517=ORIENTED_EDGE('',*,*,#371,.T.);
#518=ORIENTED_EDGE('',*,*,#384,.T.);
#519=ORIENTED_EDGE('',*,*,#383,.F.);
#520=ORIENTED_EDGE('',*,*,#385,.T.);
#521=ORIENTED_EDGE('',*,*,#386,.T.);
#522=ORIENTED_EDGE('',*,*,#387,.F.);
#523=ORIENTED_EDGE('',*,*,#388,.T.);
#524=ORIENTED_EDGE('',*,*,#389,.F.);
#525=ORIENTED_EDGE('',*,*,#390,.F.);
#526=ORIENTED_EDGE('',*,*,#372,.T.);
#527=ORIENTED_EDGE('',*,*,#384,.F.);
#528=ORIENTED_EDGE('',*,*,#382,.T.);
#529=ORIENTED_EDGE('',*,*,#391,.F.);
#530=ORIENTED_EDGE('',*,*,#392,.T.);
#531=ORIENTED_EDGE('',*,*,#393,.T.);
#532=ORIENTED_EDGE('',*,*,#394,.F.);
#533=ORIENTED_EDGE('',*,*,#395,.T.);
#534=ORIENTED_EDGE('',*,*,#385,.F.);
#535=ORIENTED_EDGE('',*,*,#396,.T.);
#536=ORIENTED_EDGE('',*,*,#373,.T.);
#537=ORIENTED_EDGE('',*,*,#390,.T.);
#538=ORIENTED_EDGE('',*,*,#396,.F.);
#539=ORIENTED_EDGE('',*,*,#389,.T.);
#540=ORIENTED_EDGE('',*,*,#397,.T.);
#541=ORIENTED_EDGE('',*,*,#398,.F.);
#542=ORIENTED_EDGE('',*,*,#399,.T.);
#543=ORIENTED_EDGE('',*,*,#400,.F.);
#544=ORIENTED_EDGE('',*,*,#401,.F.);
#545=ORIENTED_EDGE('',*,*,#374,.T.);
#546=ORIENTED_EDGE('',*,*,#402,.T.);
#547=ORIENTED_EDGE('',*,*,#375,.T.);
#548=ORIENTED_EDGE('',*,*,#401,.T.);
#549=ORIENTED_EDGE('',*,*,#402,.F.);
#550=ORIENTED_EDGE('',*,*,#400,.T.);
#551=ORIENTED_EDGE('',*,*,#403,.T.);
#552=ORIENTED_EDGE('',*,*,#404,.F.);
#553=ORIENTED_EDGE('',*,*,#405,.T.);
#554=ORIENTED_EDGE('',*,*,#406,.F.);
#555=ORIENTED_EDGE('',*,*,#407,.F.);
#556=ORIENTED_EDGE('',*,*,#376,.T.);
#557=ORIENTED_EDGE('',*,*,#408,.T.);
#558=ORIENTED_EDGE('',*,*,#377,.T.);
#559=ORIENTED_EDGE('',*,*,#407,.T.);
#560=ORIENTED_EDGE('',*,*,#408,.F.);
#561=ORIENTED_EDGE('',*,*,#406,.T.);
#562=ORIENTED_EDGE('',*,*,#409,.T.);
#563=ORIENTED_EDGE('',*,*,#410,.F.);
#564=ORIENTED_EDGE('',*,*,#411,.T.);
#565=ORIENTED_EDGE('',*,*,#412,.F.);
#566=ORIENTED_EDGE('',*,*,#413,.F.);
#567=ORIENTED_EDGE('',*,*,#378,.T.);
#568=ORIENTED_EDGE('',*,*,#413,.T.);
#569=ORIENTED_EDGE('',*,*,#414,.T.);
#570=ORIENTED_EDGE('',*,*,#379,.T.);
#571=ORIENTED_EDGE('',*,*,#414,.F.);
#572=ORIENTED_EDGE('',*,*,#412,.T.);
#573=ORIENTED_EDGE('',*,*,#415,.T.);
#574=ORIENTED_EDGE('',*,*,#416,.F.);
#575=ORIENTED_EDGE('',*,*,#417,.T.);
#576=ORIENTED_EDGE('',*,*,#392,.F.);
#577=ORIENTED_EDGE('',*,*,#418,.F.);
#578=ORIENTED_EDGE('',*,*,#380,.T.);
#579=ORIENTED_EDGE('',*,*,#391,.T.);
#580=ORIENTED_EDGE('',*,*,#381,.T.);
#581=ORIENTED_EDGE('',*,*,#418,.T.);
#582=ORIENTED_EDGE('',*,*,#419,.F.);
#583=ORIENTED_EDGE('',*,*,#367,.T.);
#584=ORIENTED_EDGE('',*,*,#354,.T.);
#585=ORIENTED_EDGE('',*,*,#420,.T.);
#586=ORIENTED_EDGE('',*,*,#360,.F.);
#587=ORIENTED_EDGE('',*,*,#326,.F.);
#588=ORIENTED_EDGE('',*,*,#330,.F.);
#589=ORIENTED_EDGE('',*,*,#333,.F.);
#590=ORIENTED_EDGE('',*,*,#421,.F.);
#591=ORIENTED_EDGE('',*,*,#338,.F.);
#592=ORIENTED_EDGE('',*,*,#422,.F.);
#593=ORIENTED_EDGE('',*,*,#423,.F.);
#594=ORIENTED_EDGE('',*,*,#420,.F.);
#595=ORIENTED_EDGE('',*,*,#353,.T.);
#596=ORIENTED_EDGE('',*,*,#370,.T.);
#597=ORIENTED_EDGE('',*,*,#351,.T.);
#598=ORIENTED_EDGE('',*,*,#348,.T.);
#599=ORIENTED_EDGE('',*,*,#345,.T.);
#600=ORIENTED_EDGE('',*,*,#342,.T.);
#601=ORIENTED_EDGE('',*,*,#362,.F.);
#602=ORIENTED_EDGE('',*,*,#361,.F.);
#603=ORIENTED_EDGE('',*,*,#424,.T.);
#604=ORIENTED_EDGE('',*,*,#425,.T.);
#605=ORIENTED_EDGE('',*,*,#422,.T.);
#606=ORIENTED_EDGE('',*,*,#337,.T.);
#607=ORIENTED_EDGE('',*,*,#368,.T.);
#608=ORIENTED_EDGE('',*,*,#419,.T.);
#609=ORIENTED_EDGE('',*,*,#423,.T.);
#610=ORIENTED_EDGE('',*,*,#425,.F.);
#611=ORIENTED_EDGE('',*,*,#335,.T.);
#612=ORIENTED_EDGE('',*,*,#421,.T.);
#613=ORIENTED_EDGE('',*,*,#332,.F.);
#614=ORIENTED_EDGE('',*,*,#369,.T.);
#615=ORIENTED_EDGE('',*,*,#426,.T.);
#616=ORIENTED_EDGE('',*,*,#394,.T.);
#617=ORIENTED_EDGE('',*,*,#427,.T.);
#618=ORIENTED_EDGE('',*,*,#416,.T.);
#619=ORIENTED_EDGE('',*,*,#428,.T.);
#620=ORIENTED_EDGE('',*,*,#410,.T.);
#621=ORIENTED_EDGE('',*,*,#429,.T.);
#622=ORIENTED_EDGE('',*,*,#404,.T.);
#623=ORIENTED_EDGE('',*,*,#430,.T.);
#624=ORIENTED_EDGE('',*,*,#398,.T.);
#625=ORIENTED_EDGE('',*,*,#431,.T.);
#626=ORIENTED_EDGE('',*,*,#387,.T.);
#627=ORIENTED_EDGE('',*,*,#424,.F.);
#628=ORIENTED_EDGE('',*,*,#403,.F.);
#629=ORIENTED_EDGE('',*,*,#399,.F.);
#630=ORIENTED_EDGE('',*,*,#430,.F.);
#631=ORIENTED_EDGE('',*,*,#397,.F.);
#632=ORIENTED_EDGE('',*,*,#388,.F.);
#633=ORIENTED_EDGE('',*,*,#431,.F.);
#634=ORIENTED_EDGE('',*,*,#386,.F.);
#635=ORIENTED_EDGE('',*,*,#395,.F.);
#636=ORIENTED_EDGE('',*,*,#426,.F.);
#637=ORIENTED_EDGE('',*,*,#393,.F.);
#638=ORIENTED_EDGE('',*,*,#417,.F.);
#639=ORIENTED_EDGE('',*,*,#427,.F.);
#640=ORIENTED_EDGE('',*,*,#409,.F.);
#641=ORIENTED_EDGE('',*,*,#405,.F.);
#642=ORIENTED_EDGE('',*,*,#429,.F.);
#643=ORIENTED_EDGE('',*,*,#411,.F.);
#644=ORIENTED_EDGE('',*,*,#428,.F.);
#645=ORIENTED_EDGE('',*,*,#415,.F.);
#646=CYLINDRICAL_SURFACE('',#707,5.13675);
#647=CYLINDRICAL_SURFACE('',#709,5.13675);
#648=CYLINDRICAL_SURFACE('',#710,5.13675);
#649=CYLINDRICAL_SURFACE('',#711,5.13675);
#650=CYLINDRICAL_SURFACE('',#713,6.11325);
#651=CYLINDRICAL_SURFACE('',#715,6.11325);
#652=CYLINDRICAL_SURFACE('',#716,6.11325);
#653=CYLINDRICAL_SURFACE('',#717,6.11325);
#654=CYLINDRICAL_SURFACE('',#718,6.11325);
#655=CYLINDRICAL_SURFACE('',#722,6.11325);
#656=CYLINDRICAL_SURFACE('',#746,5.13675);
#657=ADVANCED_FACE('',(#66),#646,.F.);
#658=ADVANCED_FACE('',(#67),#647,.F.);
#659=ADVANCED_FACE('',(#68),#648,.F.);
#660=ADVANCED_FACE('',(#69),#649,.F.);
#661=ADVANCED_FACE('',(#70),#650,.F.);
#662=ADVANCED_FACE('',(#71),#651,.F.);
#663=ADVANCED_FACE('',(#72),#652,.F.);
#664=ADVANCED_FACE('',(#73),#653,.F.);
#665=ADVANCED_FACE('',(#74),#654,.F.);
#666=ADVANCED_FACE('',(#75),#52,.F.);
#667=ADVANCED_FACE('',(#76),#50,.F.);
#668=ADVANCED_FACE('',(#77),#655,.F.);
#669=ADVANCED_FACE('',(#78,#39),#41,.F.);
#670=ADVANCED_FACE('',(#79),#53,.T.);
#671=ADVANCED_FACE('',(#80),#42,.T.);
#672=ADVANCED_FACE('',(#81),#43,.T.);
#673=ADVANCED_FACE('',(#82),#54,.T.);
#674=ADVANCED_FACE('',(#83),#44,.T.);
#675=ADVANCED_FACE('',(#84),#55,.T.);
#676=ADVANCED_FACE('',(#85),#45,.T.);
#677=ADVANCED_FACE('',(#86),#56,.T.);
#678=ADVANCED_FACE('',(#87),#46,.T.);
#679=ADVANCED_FACE('',(#88),#57,.T.);
#680=ADVANCED_FACE('',(#89),#47,.T.);
#681=ADVANCED_FACE('',(#90),#58,.T.);
#682=ADVANCED_FACE('',(#91),#48,.F.);
#683=ADVANCED_FACE('',(#92),#51,.F.);
#684=ADVANCED_FACE('',(#93),#59,.F.);
#685=ADVANCED_FACE('',(#94),#656,.F.);
#686=ADVANCED_FACE('',(#95,#40),#49,.T.);
#687=ADVANCED_FACE('',(#96),#60,.T.);
#688=ADVANCED_FACE('',(#97),#61,.T.);
#689=ADVANCED_FACE('',(#98),#62,.T.);
#690=ADVANCED_FACE('',(#99),#63,.T.);
#691=ADVANCED_FACE('',(#100),#64,.T.);
#692=ADVANCED_FACE('',(#101),#65,.T.);
#693=CLOSED_SHELL('',(#657,#658,#659,#660,#661,#662,#663,#664,#665,#666,
#667,#668,#669,#670,#671,#672,#673,#674,#675,#676,#677,#678,#679,#680,#681,
#682,#683,#684,#685,#686,#687,#688,#689,#690,#691,#692));
#694=DERIVED_UNIT_ELEMENT(#696,1.);
#695=DERIVED_UNIT_ELEMENT(#2951,-3.);
#696=(
MASS_UNIT()
NAMED_UNIT(*)
SI_UNIT(.KILO.,.GRAM.)
);
#697=DERIVED_UNIT((#694,#695));
#698=MEASURE_REPRESENTATION_ITEM('density measure',
POSITIVE_RATIO_MEASURE(7850.),#697);
#699=PROPERTY_DEFINITION_REPRESENTATION(#704,#701);
#700=PROPERTY_DEFINITION_REPRESENTATION(#705,#702);
#701=REPRESENTATION('material name',(#703),#2948);
#702=REPRESENTATION('density',(#698),#2948);
#703=DESCRIPTIVE_REPRESENTATION_ITEM('Steel','Steel');
#704=PROPERTY_DEFINITION('material property','material name',#2958);
#705=PROPERTY_DEFINITION('material property','density of part',#2958);
#706=AXIS2_PLACEMENT_3D('',#897,#760,#761);
#707=AXIS2_PLACEMENT_3D('',#898,#762,#763);
#708=AXIS2_PLACEMENT_3D('',#920,#765,#766);
#709=AXIS2_PLACEMENT_3D('',#943,#767,#768);
#710=AXIS2_PLACEMENT_3D('',#1033,#770,#771);
#711=AXIS2_PLACEMENT_3D('',#1120,#773,#774);
#712=AXIS2_PLACEMENT_3D('',#1154,#776,#777);
#713=AXIS2_PLACEMENT_3D('',#1192,#778,#779);
#714=AXIS2_PLACEMENT_3D('',#1207,#781,#782);
#715=AXIS2_PLACEMENT_3D('',#1218,#783,#784);
#716=AXIS2_PLACEMENT_3D('',#1255,#786,#787);
#717=AXIS2_PLACEMENT_3D('',#1292,#789,#790);
#718=AXIS2_PLACEMENT_3D('',#1330,#792,#793);
#719=AXIS2_PLACEMENT_3D('',#1348,#795,#796);
#720=AXIS2_PLACEMENT_3D('',#1363,#797,#798);
#721=AXIS2_PLACEMENT_3D('',#1365,#799,#800);
#722=AXIS2_PLACEMENT_3D('',#2172,#802,#803);
#723=AXIS2_PLACEMENT_3D('',#2190,#804,#805);
#724=AXIS2_PLACEMENT_3D('',#2193,#806,#807);
#725=AXIS2_PLACEMENT_3D('',#2197,#809,#810);
#726=AXIS2_PLACEMENT_3D('',#2201,#812,#813);
#727=AXIS2_PLACEMENT_3D('',#2205,#815,#816);
#728=AXIS2_PLACEMENT_3D('',#2209,#818,#819);
#729=AXIS2_PLACEMENT_3D('',#2213,#821,#822);
#730=AXIS2_PLACEMENT_3D('',#2215,#824,#825);
#731=AXIS2_PLACEMENT_3D('',#2223,#826,#827);
#732=AXIS2_PLACEMENT_3D('',#2241,#831,#832);
#733=AXIS2_PLACEMENT_3D('',#2257,#835,#836);
#734=AXIS2_PLACEMENT_3D('',#2261,#837,#838);
#735=AXIS2_PLACEMENT_3D('',#2277,#841,#842);
#736=AXIS2_PLACEMENT_3D('',#2281,#843,#844);
#737=AXIS2_PLACEMENT_3D('',#2297,#847,#848);
#738=AXIS2_PLACEMENT_3D('',#2301,#849,#850);
#739=AXIS2_PLACEMENT_3D('',#2317,#853,#854);
#740=AXIS2_PLACEMENT_3D('',#2321,#855,#856);
#741=AXIS2_PLACEMENT_3D('',#2334,#858,#859);
#742=AXIS2_PLACEMENT_3D('',#2335,#860,#861);
#743=AXIS2_PLACEMENT_3D('',#2337,#862,#863);
#744=AXIS2_PLACEMENT_3D('',#2928,#864,#865);
#745=AXIS2_PLACEMENT_3D('',#2930,#866,#867);
#746=AXIS2_PLACEMENT_3D('',#2932,#869,#870);
#747=AXIS2_PLACEMENT_3D('',#2933,#871,#872);
#748=AXIS2_PLACEMENT_3D('',#2934,#873,#874);
#749=AXIS2_PLACEMENT_3D('',#2935,#875,#876);
#750=AXIS2_PLACEMENT_3D('',#2936,#877,#878);
#751=AXIS2_PLACEMENT_3D('',#2937,#879,#880);
#752=AXIS2_PLACEMENT_3D('',#2938,#881,#882);
#753=AXIS2_PLACEMENT_3D('',#2939,#883,#884);
#754=AXIS2_PLACEMENT_3D('',#2940,#885,#886);
#755=AXIS2_PLACEMENT_3D('',#2941,#887,#888);
#756=AXIS2_PLACEMENT_3D('',#2942,#889,#890);
#757=AXIS2_PLACEMENT_3D('',#2943,#891,#892);
#758=AXIS2_PLACEMENT_3D('',#2944,#893,#894);
#759=AXIS2_PLACEMENT_3D('',#2945,#895,#896);
#760=DIRECTION('axis',(0.,0.,1.));
#761=DIRECTION('refdir',(1.,0.,0.));
#762=DIRECTION('center_axis',(0.,0.,-1.));
#763=DIRECTION('ref_axis',(-0.13326833984608,-0.991079991521709,0.));
#764=DIRECTION('',(0.,0.,-1.));
#765=DIRECTION('center_axis',(0.,0.,1.));
#766=DIRECTION('ref_axis',(-1.,0.,0.));
#767=DIRECTION('center_axis',(0.,0.,-1.));
#768=DIRECTION('ref_axis',(-1.,0.,0.));
#769=DIRECTION('',(0.,0.,-1.));
#770=DIRECTION('center_axis',(0.,0.,-1.));
#771=DIRECTION('ref_axis',(-1.,0.,0.));
#772=DIRECTION('',(0.,0.,-1.));
#773=DIRECTION('center_axis',(0.,0.,-1.));
#774=DIRECTION('ref_axis',(-0.936840057243117,0.349758069449031,0.));
#775=DIRECTION('',(0.,0.,-1.));
#776=DIRECTION('center_axis',(0.,0.,-1.));
#777=DIRECTION('ref_axis',(-1.,0.,0.));
#778=DIRECTION('center_axis',(0.,0.,-1.));
#779=DIRECTION('ref_axis',(-1.,2.14375087914446E-15,0.));
#780=DIRECTION('',(-1.22464679914735E-16,2.77531363057977E-31,-1.));
#781=DIRECTION('center_axis',(0.,0.,1.));
#782=DIRECTION('ref_axis',(-1.,2.14375087914446E-15,0.));
#783=DIRECTION('center_axis',(0.,0.,-1.));
#784=DIRECTION('ref_axis',(-1.,2.14375087914446E-15,0.));
#785=DIRECTION('',(-1.22464679914735E-16,2.77531363057977E-31,-1.));
#786=DIRECTION('center_axis',(0.,0.,-1.));
#787=DIRECTION('ref_axis',(-1.,2.14375087914446E-15,0.));
#788=DIRECTION('',(-1.22464679914735E-16,2.77531363057977E-31,-1.));
#789=DIRECTION('center_axis',(0.,0.,-1.));
#790=DIRECTION('ref_axis',(-1.,2.14375087914446E-15,0.));
#791=DIRECTION('',(-1.22464679914735E-16,2.77531363057977E-31,-1.));
#792=DIRECTION('center_axis',(0.,0.,-1.));
#793=DIRECTION('ref_axis',(-0.780154614145995,0.625586747003735,0.));
#794=DIRECTION('',(-1.22464679914735E-16,2.77531363057977E-31,-1.));
#795=DIRECTION('center_axis',(0.,0.,-1.));
#796=DIRECTION('ref_axis',(-1.,2.14375087914446E-15,0.));
#797=DIRECTION('center_axis',(0.,0.,-1.));
#798=DIRECTION('ref_axis',(-1.,0.,0.));
#799=DIRECTION('center_axis',(0.,0.,-1.));
#800=DIRECTION('ref_axis',(-1.,0.,0.));
#801=DIRECTION('',(-0.707106781186547,-8.65956056235493E-17,0.707106781186547));
#802=DIRECTION('center_axis',(0.,0.,-1.));
#803=DIRECTION('ref_axis',(-1.,2.14375087914446E-15,0.));
#804=DIRECTION('center_axis',(0.,0.,1.));
#805=DIRECTION('ref_axis',(1.,0.,0.));
#806=DIRECTION('center_axis',(0.,0.,1.));
#807=DIRECTION('ref_axis',(1.,0.,0.));
#808=DIRECTION('',(1.,-2.88444402957535E-16,0.));
#809=DIRECTION('center_axis',(0.,0.,1.));
#810=DIRECTION('ref_axis',(1.,0.,0.));
#811=DIRECTION('',(0.5,-0.866025403784439,0.));
#812=DIRECTION('center_axis',(0.,0.,1.));
#813=DIRECTION('ref_axis',(1.,0.,0.));
#814=DIRECTION('',(-0.5,-0.866025403784439,0.));
#815=DIRECTION('center_axis',(0.,0.,1.));
#816=DIRECTION('ref_axis',(1.,0.,0.));
#817=DIRECTION('',(-1.,1.92296268638356E-16,0.));
#818=DIRECTION('center_axis',(0.,0.,1.));
#819=DIRECTION('ref_axis',(1.,0.,0.));
#820=DIRECTION('',(-0.499999999999999,0.866025403784439,0.));
#821=DIRECTION('center_axis',(0.,0.,1.));
#822=DIRECTION('ref_axis',(1.,0.,0.));
#823=DIRECTION('',(0.5,0.866025403784438,0.));
#824=DIRECTION('center_axis',(0.,0.,1.));
#825=DIRECTION('ref_axis',(1.,0.,0.));
#826=DIRECTION('center_axis',(-2.88444402957535E-16,-1.,0.));
#827=DIRECTION('ref_axis',(1.,-2.88444402957535E-16,0.));
#828=DIRECTION('',(0.,0.,1.));
#829=DIRECTION('',(1.,-2.88444402957535E-16,0.));
#830=DIRECTION('',(0.,0.,1.));
#831=DIRECTION('center_axis',(0.866025403784438,-0.5,0.));
#832=DIRECTION('ref_axis',(0.5,0.866025403784438,0.));
#833=DIRECTION('',(0.,0.,1.));
#834=DIRECTION('',(0.5,0.866025403784438,0.));
#835=DIRECTION('center_axis',(0.,0.,1.));
#836=DIRECTION('ref_axis',(1.,0.,0.));
#837=DIRECTION('center_axis',(-0.866025403784439,-0.5,0.));
#838=DIRECTION('ref_axis',(0.5,-0.866025403784439,0.));
#839=DIRECTION('',(0.5,-0.866025403784439,0.));
#840=DIRECTION('',(0.,0.,1.));
#841=DIRECTION('center_axis',(0.,0.,1.));
#842=DIRECTION('ref_axis',(-1.,5.66553889764798E-16,0.));
#843=DIRECTION('center_axis',(-0.866025403784439,0.5,0.));
#844=DIRECTION('ref_axis',(-0.5,-0.866025403784439,0.));
#845=DIRECTION('',(-0.5,-0.866025403784439,0.));
#846=DIRECTION('',(0.,0.,1.));
#847=DIRECTION('center_axis',(0.,0.,1.));
#848=DIRECTION('ref_axis',(1.,0.,0.));
#849=DIRECTION('center_axis',(1.92296268638356E-16,1.,0.));
#850=DIRECTION('ref_axis',(-1.,1.92296268638356E-16,0.));
#851=DIRECTION('',(-1.,1.92296268638356E-16,0.));
#852=DIRECTION('',(0.,0.,1.));
#853=DIRECTION('center_axis',(0.,0.,1.));
#854=DIRECTION('ref_axis',(1.,0.,0.));
#855=DIRECTION('center_axis',(0.866025403784439,0.499999999999999,0.));
#856=DIRECTION('ref_axis',(-0.499999999999999,0.866025403784439,0.));
#857=DIRECTION('',(-0.499999999999999,0.866025403784439,0.));
#858=DIRECTION('center_axis',(0.,0.,1.));
#859=DIRECTION('ref_axis',(1.,0.,0.));
#860=DIRECTION('center_axis',(0.,0.,1.));
#861=DIRECTION('ref_axis',(1.,0.,0.));
#862=DIRECTION('center_axis',(0.,0.,-1.));
#863=DIRECTION('ref_axis',(-1.,0.,0.));
#864=DIRECTION('center_axis',(0.,0.,1.));
#865=DIRECTION('ref_axis',(-1.,0.,0.));
#866=DIRECTION('center_axis',(0.,0.,1.));
#867=DIRECTION('ref_axis',(-1.,0.,0.));
#868=DIRECTION('',(-0.707106781186548,-8.65956056235493E-17,-0.707106781186548));
#869=DIRECTION('center_axis',(0.,0.,-1.));
#870=DIRECTION('ref_axis',(-1.,0.,0.));
#871=DIRECTION('center_axis',(0.,0.,1.));
#872=DIRECTION('ref_axis',(1.,0.,0.));
#873=DIRECTION('center_axis',(0.,0.,1.));
#874=DIRECTION('ref_axis',(1.,0.,0.));
#875=DIRECTION('center_axis',(0.,0.,1.));
#876=DIRECTION('ref_axis',(1.,0.,0.));
#877=DIRECTION('center_axis',(0.,0.,1.));
#878=DIRECTION('ref_axis',(1.,0.,0.));
#879=DIRECTION('center_axis',(0.,0.,1.));
#880=DIRECTION('ref_axis',(1.,0.,0.));
#881=DIRECTION('center_axis',(0.,0.,1.));
#882=DIRECTION('ref_axis',(1.,0.,0.));
#883=DIRECTION('center_axis',(0.,0.,1.));
#884=DIRECTION('ref_axis',(1.,0.,0.));
#885=DIRECTION('center_axis',(0.,0.,-1.));
#886=DIRECTION('ref_axis',(-1.,5.66553889764798E-16,0.));
#887=DIRECTION('center_axis',(0.,0.,-1.));
#888=DIRECTION('ref_axis',(1.,0.,0.));
#889=DIRECTION('center_axis',(0.,0.,-1.));
#890=DIRECTION('ref_axis',(1.,0.,0.));
#891=DIRECTION('center_axis',(0.,0.,-1.));
#892=DIRECTION('ref_axis',(1.,0.,0.));
#893=DIRECTION('center_axis',(0.,0.,-1.));
#894=DIRECTION('ref_axis',(1.,0.,0.));
#895=DIRECTION('center_axis',(0.,0.,-1.));
#896=DIRECTION('ref_axis',(1.,0.,0.));
#897=CARTESIAN_POINT('',(0.,0.,0.));
#898=CARTESIAN_POINT('Origin',(0.,0.,10.));
#899=CARTESIAN_POINT('',(5.13708604600573,8.15577155537101E-5,2.31270849469687));
#900=CARTESIAN_POINT('',(5.13637762577479,-6.69066388379527E-5,1.83579150530312));
#901=CARTESIAN_POINT('',(5.13675,-6.29070444552017E-16,10.));
#902=CARTESIAN_POINT('',(-0.644622548050751,-5.09656584524175,1.36325));
#903=CARTESIAN_POINT('Ctrl Pts',(5.13637762577479,-6.69066388379527E-5,
1.83579150530312));
#904=CARTESIAN_POINT('Ctrl Pts',(5.13653708848863,-0.349207511663312,1.81686427373239));
#905=CARTESIAN_POINT('Ctrl Pts',(5.10145059524784,-0.69831634437062,1.79793704216166));
#906=CARTESIAN_POINT('Ctrl Pts',(5.03079513542184,-1.04007111552673,1.77900981059094));
#907=CARTESIAN_POINT('Ctrl Pts',(4.85897790055229,-1.8711372486767,1.73298329543942));
#908=CARTESIAN_POINT('Ctrl Pts',(4.47682484317525,-2.65871539964321,1.68695678028791));
#909=CARTESIAN_POINT('Ctrl Pts',(3.93035936054142,-3.30799875964881,1.64093026513639));
#910=CARTESIAN_POINT('Ctrl Pts',(3.38389387790758,-3.95728211965443,1.59490374998488));
#911=CARTESIAN_POINT('Ctrl Pts',(2.6731159700169,-4.46827068869915,1.54887723483336));
#912=CARTESIAN_POINT('Ctrl Pts',(1.88356794004054,-4.7794222620774,1.50285071968185));
#913=CARTESIAN_POINT('Ctrl Pts',(1.09401991006416,-5.09057383545566,1.45682420453033));
#914=CARTESIAN_POINT('Ctrl Pts',(0.22570175800212,-5.20188841316745,1.41079768937882));
#915=CARTESIAN_POINT('Ctrl Pts',(-0.616787840692222,-5.10001047908203,1.3647711742273));
#916=CARTESIAN_POINT('Ctrl Pts',(-0.626069254967465,-5.09888812538981,1.36426411615154));
#917=CARTESIAN_POINT('Ctrl Pts',(-0.635347534518755,-5.09773989724524,1.36375705807577));
#918=CARTESIAN_POINT('Ctrl Pts',(-0.644622548050751,-5.09656584524175,1.36325));
#919=CARTESIAN_POINT('',(-4.95462881825183,1.35709752235065,1.36325));
#920=CARTESIAN_POINT('Origin',(0.,0.,1.36325));
#921=CARTESIAN_POINT('Ctrl Pts',(-4.95462881825183,1.35709752235065,1.36325));
#922=CARTESIAN_POINT('Ctrl Pts',(-5.16287601226218,0.594872762793719,1.40610339149953));
#923=CARTESIAN_POINT('Ctrl Pts',(-5.1930971502916,-0.216346815568425,1.44895678299906));
#924=CARTESIAN_POINT('Ctrl Pts',(-5.04058074468132,-0.991617001443172,1.49181017449859));
#925=CARTESIAN_POINT('Ctrl Pts',(-4.87559581770639,-1.83026707643392,1.53816691650866));
#926=CARTESIAN_POINT('Ctrl Pts',(-4.49677372112639,-2.62684962558726,1.58452365851872));
#927=CARTESIAN_POINT('Ctrl Pts',(-3.95036467912087,-3.28410991518652,1.63088040052879));
#928=CARTESIAN_POINT('Ctrl Pts',(-3.40395563711535,-3.94137020478577,1.67723714253885));
#929=CARTESIAN_POINT('Ctrl Pts',(-2.68995964968431,-4.45930823483093,1.72359388454891));
#930=CARTESIAN_POINT('Ctrl Pts',(-1.89554856154321,-4.77468894526184,1.76995062655898));
#931=CARTESIAN_POINT('Ctrl Pts',(-1.10113747340212,-5.09006965569274,1.81630736856904));
#932=CARTESIAN_POINT('Ctrl Pts',(-0.226311284550971,-5.2028930465094,1.8626641105791));
#933=CARTESIAN_POINT('Ctrl Pts',(0.622122525314097,-5.09938451659884,1.90902085258917));
#934=CARTESIAN_POINT('Ctrl Pts',(1.47055633517917,-4.99587598668827,1.95537759459923));
#935=CARTESIAN_POINT('Ctrl Pts',(2.29259776605815,-4.67603553605049,2.00173433660929));
#936=CARTESIAN_POINT('Ctrl Pts',(2.98788376697005,-4.17891247936558,2.04809107861935));
#937=CARTESIAN_POINT('Ctrl Pts',(3.68316976788196,-3.68178942268067,2.09444782062942));
#938=CARTESIAN_POINT('Ctrl Pts',(4.25170033882678,-3.00738375994863,2.14080456263948));
#939=CARTESIAN_POINT('Ctrl Pts',(4.62406359841724,-2.23803367334285,2.18716130464955));
#940=CARTESIAN_POINT('Ctrl Pts',(4.96021866376026,-1.54349434387448,2.22901036799865));
#941=CARTESIAN_POINT('Ctrl Pts',(5.13650176423749,-0.771577435578397,2.27085943134776));
#942=CARTESIAN_POINT('Ctrl Pts',(5.13708604600573,8.15577155537101E-5,2.31270849469687));
#943=CARTESIAN_POINT('Origin',(0.,0.,10.));
#944=CARTESIAN_POINT('',(5.1363105323852,-1.09356486510671E-5,4.06270849469687));
#945=CARTESIAN_POINT('',(5.13709868673534,-7.01519425419521E-5,3.58579150530312));
#946=CARTESIAN_POINT('',(5.13675,-6.29070444552017E-16,10.));
#947=CARTESIAN_POINT('Ctrl Pts',(5.13709868673534,-7.01519425419521E-5,
3.58579150530312));
#948=CARTESIAN_POINT('Ctrl Pts',(5.13714751271093,-0.072274741254471,3.58187563736876));
#949=CARTESIAN_POINT('Ctrl Pts',(5.13565633571986,-0.144477312273269,3.57795976943439));
#950=CARTESIAN_POINT('Ctrl Pts',(5.13261189907609,-0.216614330258468,3.57404390150003));
#951=CARTESIAN_POINT('Ctrl Pts',(5.09682805455919,-1.06450185019843,3.52801738634851));
#952=CARTESIAN_POINT('Ctrl Pts',(4.84645683054756,-1.90333302616275,3.481990871197));
#953=CARTESIAN_POINT('Ctrl Pts',(4.41164101691593,-2.63211896030481,3.43596435604549));
#954=CARTESIAN_POINT('Ctrl Pts',(3.97682520328429,-3.36090489444688,3.38993784089397));
#955=CARTESIAN_POINT('Ctrl Pts',(3.35756480003264,-3.97964558676667,3.34391132574245));
#956=CARTESIAN_POINT('Ctrl Pts',(2.62841405574081,-4.41384936504305,3.29788481059094));
#957=CARTESIAN_POINT('Ctrl Pts',(1.89926331144899,-4.84805314331942,3.25185829543942));
#958=CARTESIAN_POINT('Ctrl Pts',(1.060222226117,-5.09772000755238,3.20583178028791));
#959=CARTESIAN_POINT('Ctrl Pts',(0.212304959546902,-5.1327919592598,3.15980526513639));
#960=CARTESIAN_POINT('Ctrl Pts',(-0.635612307023198,-5.16786391096721,3.11377874998488));
#961=CARTESIAN_POINT('Ctrl Pts',(-1.4924057548314,-4.98834095014908,3.06775223483336));
#962=CARTESIAN_POINT('Ctrl Pts',(-2.25492395078199,-4.61583628864875,3.02172571968185));
#963=CARTESIAN_POINT('Ctrl Pts',(-3.01744214673259,-4.24333162714841,2.97569920453033));
#964=CARTESIAN_POINT('Ctrl Pts',(-3.68568509082557,-3.67784526496586,2.92967268937882));
#965=CARTESIAN_POINT('Ctrl Pts',(-4.17920144442174,-2.98745743671445,2.8836461742273));
#966=CARTESIAN_POINT('Ctrl Pts',(-4.6727177980179,-2.29706960846303,2.83761965907579));
#967=CARTESIAN_POINT('Ctrl Pts',(-4.99150756111725,-1.48178031414274,2.79159314392427));
#968=CARTESIAN_POINT('Ctrl Pts',(-5.09719080744286,-0.639744234569406,2.74556662877275));
#969=CARTESIAN_POINT('Ctrl Pts',(-5.20287405376847,0.202291845003911,2.69954011362124));
#970=CARTESIAN_POINT('Ctrl Pts',(-5.09545078332035,1.07107470983027,2.65351359846972));
#971=CARTESIAN_POINT('Ctrl Pts',(-4.78785406511455,1.86200960348904,2.60748708331821));
#972=CARTESIAN_POINT('Ctrl Pts',(-4.48025734690876,2.65294449714781,2.5614605681667));
#973=CARTESIAN_POINT('Ctrl Pts',(-3.97248718094527,3.36603141963901,2.51543405301518));
#974=CARTESIAN_POINT('Ctrl Pts',(-3.32567498874188,3.91541993721458,2.46940753786367));
#975=CARTESIAN_POINT('Ctrl Pts',(-2.67886279653847,4.46480845479016,2.42338102271215));
#976=CARTESIAN_POINT('Ctrl Pts',(-1.89300857809512,4.85049856745013,2.37735450756063));
#977=CARTESIAN_POINT('Ctrl Pts',(-1.06272369536277,5.02605649429978,2.33132799240912));
#978=CARTESIAN_POINT('Ctrl Pts',(-0.232438812630412,5.20161442114944,2.2853014772576));
#979=CARTESIAN_POINT('Ctrl Pts',(0.642276734390928,5.16704016218881,2.23927496210609));
#980=CARTESIAN_POINT('Ctrl Pts',(1.45611481398971,4.92649544799714,2.19324844695457));
#981=CARTESIAN_POINT('Ctrl Pts',(2.26995289358849,4.68595073380547,2.14722193180306));
#982=CARTESIAN_POINT('Ctrl Pts',(3.02291350576467,4.23943556438277,2.10119541665154));
#983=CARTESIAN_POINT('Ctrl Pts',(3.62434399136521,3.64070845522644,2.05516890150003));
#984=CARTESIAN_POINT('Ctrl Pts',(4.22577447696575,3.0419813460701,2.00914238634851));
#985=CARTESIAN_POINT('Ctrl Pts',(4.67567483599065,2.29104229718012,1.963115871197));
#986=CARTESIAN_POINT('Ctrl Pts',(4.91988430932206,1.47829571506842,1.91708935604548));
#987=CARTESIAN_POINT('Ctrl Pts',(5.06366885936104,0.999770455542319,1.8899900724647));
#988=CARTESIAN_POINT('Ctrl Pts',(5.13614931318259,0.499819208758955,1.86289078888391));
#989=CARTESIAN_POINT('Ctrl Pts',(5.13637762577479,-6.69066388379527E-5,
1.83579150530312));
#990=CARTESIAN_POINT('Ctrl Pts',(5.13708604600573,8.15577155537101E-5,2.31270849469687));
#991=CARTESIAN_POINT('Ctrl Pts',(5.13714898061521,0.083199087696757,2.31721617335783));
#992=CARTESIAN_POINT('Ctrl Pts',(5.1351734502441,0.16631362533741,2.32172385201878));
#993=CARTESIAN_POINT('Ctrl Pts',(5.13113967626215,0.249328150487916,2.32623153067973));
#994=CARTESIAN_POINT('Ctrl Pts',(5.08965654628049,1.10304537723338,2.3725882726898));
#995=CARTESIAN_POINT('Ctrl Pts',(4.83049433808105,1.94618532024481,2.41894501469986));
#996=CARTESIAN_POINT('Ctrl Pts',(4.3852941657809,2.67580903177697,2.46530175670993));
#997=CARTESIAN_POINT('Ctrl Pts',(3.94009399348076,3.40543274330912,2.51165849871999));
#998=CARTESIAN_POINT('Ctrl Pts',(3.30885585707989,4.02154022336201,2.55801524073005));
#999=CARTESIAN_POINT('Ctrl Pts',(2.56864761313133,4.44891091591039,2.60437198274011));
#1000=CARTESIAN_POINT('Ctrl Pts',(1.82843936918276,4.87628160845878,2.65072872475018));
#1001=CARTESIAN_POINT('Ctrl Pts',(0.979261017686491,5.11491551350266,2.69708546676024));
#1002=CARTESIAN_POINT('Ctrl Pts',(0.124788735935935,5.13567781982073,2.74344220877031));
#1003=CARTESIAN_POINT('Ctrl Pts',(-0.72968354581459,5.15644012613879,2.78979895078037));
#1004=CARTESIAN_POINT('Ctrl Pts',(-1.58944975781939,4.95933083373104,2.83615569279043));
#1005=CARTESIAN_POINT('Ctrl Pts',(-2.34954105201425,4.5684150142234,2.88251243480049));
#1006=CARTESIAN_POINT('Ctrl Pts',(-3.10963234620914,4.17749919471574,2.92886917681055));
#1007=CARTESIAN_POINT('Ctrl Pts',(-3.77004872259408,3.59277684810817,2.97522591882062));
#1008=CARTESIAN_POINT('Ctrl Pts',(-4.2501599520719,2.88563671994889,3.02158266083068));
#1009=CARTESIAN_POINT('Ctrl Pts',(-4.73027118154972,2.17849659178961,3.06793940284075));
#1010=CARTESIAN_POINT('Ctrl Pts',(-5.03007726412042,1.34893868207862,3.11429614485081));
#1011=CARTESIAN_POINT('Ctrl Pts',(-5.11297487818525,0.498243707900786,3.16065288686087));
#1012=CARTESIAN_POINT('Ctrl Pts',(-5.19587249225007,-0.352451266277052,
3.20700962887093));
#1013=CARTESIAN_POINT('Ctrl Pts',(-5.06186163780901,-1.22428330492175,3.253366370881));
#1014=CARTESIAN_POINT('Ctrl Pts',(-4.72730369872491,-2.01081044297849,3.29972311289106));
#1015=CARTESIAN_POINT('Ctrl Pts',(-4.3927457596408,-2.79733758103523,3.34607985490113));
#1016=CARTESIAN_POINT('Ctrl Pts',(-3.85764073591367,-3.49855981850399,3.39243659691119));
#1017=CARTESIAN_POINT('Ctrl Pts',(-3.18731959467226,-4.02886493927602,3.43879333892125));
#1018=CARTESIAN_POINT('Ctrl Pts',(-2.51699845343086,-4.55917006004804,3.48515008093131));
#1019=CARTESIAN_POINT('Ctrl Pts',(-1.71146119467518,-4.91855806412332,3.53150682294138));
#1020=CARTESIAN_POINT('Ctrl Pts',(-0.86905585442744,-5.06315127360511,3.57786356495144));
#1021=CARTESIAN_POINT('Ctrl Pts',(-0.0266505141796726,-5.20774448308689,
3.62422030696151));
#1022=CARTESIAN_POINT('Ctrl Pts',(0.852622907560169,-5.13754289797518,3.67057704897157));
#1023=CARTESIAN_POINT('Ctrl Pts',(1.66141392733662,-4.86111742910806,3.71693379098163));
#1024=CARTESIAN_POINT('Ctrl Pts',(2.47020494711306,-4.58469196024094,3.7632905329917));
#1025=CARTESIAN_POINT('Ctrl Pts',(3.2085135649261,-4.1020426076184,3.80964727500176));
#1026=CARTESIAN_POINT('Ctrl Pts',(3.78619968885964,-3.47209602597616,3.85600401701182));
#1027=CARTESIAN_POINT('Ctrl Pts',(4.36388581279317,-2.84214944433393,3.90236075902189));
#1028=CARTESIAN_POINT('Ctrl Pts',(4.78094944284722,-2.06490563367201,3.94871750103195));
#1029=CARTESIAN_POINT('Ctrl Pts',(4.98647128451117,-1.23525828322274,3.99507424304201));
#1030=CARTESIAN_POINT('Ctrl Pts',(5.08642305964277,-0.831774523349573,4.01761899359363));
#1031=CARTESIAN_POINT('Ctrl Pts',(5.13634129507846,-0.41589635853112,4.04016374414525));
#1032=CARTESIAN_POINT('Ctrl Pts',(5.1363105323852,-1.09356486510671E-5,
4.06270849469687));
#1033=CARTESIAN_POINT('Origin',(0.,0.,10.));
#1034=CARTESIAN_POINT('',(5.13713474614089,-6.1003512107916E-5,5.81270849469688));
#1035=CARTESIAN_POINT('',(5.13672331882997,0.000129388834611097,5.33579150530312));
#1036=CARTESIAN_POINT('',(5.13675,-6.29070444552017E-16,10.));
#1037=CARTESIAN_POINT('Ctrl Pts',(5.13672331882997,0.000129388834611097,
5.33579150530312));
#1038=CARTESIAN_POINT('Ctrl Pts',(5.13607958471832,-0.644098745322225,5.30086048585361));
#1039=CARTESIAN_POINT('Ctrl Pts',(5.01448383155231,-1.28856305330123,5.26592946640409));
#1040=CARTESIAN_POINT('Ctrl Pts',(4.77783370947641,-1.88757297124014,5.23099844695457));
#1041=CARTESIAN_POINT('Ctrl Pts',(4.46601399734129,-2.67685251413377,5.18497193180306));
#1042=CARTESIAN_POINT('Ctrl Pts',(3.95443968873338,-3.3872152507696,5.13894541665154));
#1043=CARTESIAN_POINT('Ctrl Pts',(3.30470044111322,-3.93313890826066,5.09291890150003));
#1044=CARTESIAN_POINT('Ctrl Pts',(2.65496119349307,-4.47906256575172,5.04689238634851));
#1045=CARTESIAN_POINT('Ctrl Pts',(1.86705700686068,-4.86054714409801,5.000865871197));
#1046=CARTESIAN_POINT('Ctrl Pts',(1.03584555516658,-5.03166480034246,4.95483935604549));
#1047=CARTESIAN_POINT('Ctrl Pts',(0.204634103472459,-5.20278245658691,4.90881284089397));
#1048=CARTESIAN_POINT('Ctrl Pts',(-0.669884613283374,-5.16353319072952,
4.86278632574245));
#1049=CARTESIAN_POINT('Ctrl Pts',(-1.48242519022243,-4.91864231598136,4.81675981059094));
#1050=CARTESIAN_POINT('Ctrl Pts',(-2.29496576716148,-4.67375144123321,4.77073329543942));
#1051=CARTESIAN_POINT('Ctrl Pts',(-3.04552820428375,-4.22321895759431,4.72470678028791));
#1052=CARTESIAN_POINT('Ctrl Pts',(-3.64375049038217,-3.62128555087936,4.67868026513639));
#1053=CARTESIAN_POINT('Ctrl Pts',(-4.24197277648059,-3.01935214416441,4.63265374998488));
#1054=CARTESIAN_POINT('Ctrl Pts',(-4.68785491155515,-2.26601781437342,4.58662723483336));
#1055=CARTESIAN_POINT('Ctrl Pts',(-4.9277160764152,-1.4519782875065,4.54060071968185));
#1056=CARTESIAN_POINT('Ctrl Pts',(-5.16757724127524,-0.637938760639565,
4.49457420453033));
#1057=CARTESIAN_POINT('Ctrl Pts',(-5.20141743592077,0.236805963303295,4.44854768937882));
#1058=CARTESIAN_POINT('Ctrl Pts',(-5.02516255817329,1.06694326988157,4.4025211742273));
#1059=CARTESIAN_POINT('Ctrl Pts',(-4.84890768042581,1.89708057645984,4.35649465907579));
#1060=CARTESIAN_POINT('Ctrl Pts',(-4.46255773028532,2.68261046567352,4.31046814392427));
#1061=CARTESIAN_POINT('Ctrl Pts',(-3.91262630451732,3.328961110957,4.26444162877275));
#1062=CARTESIAN_POINT('Ctrl Pts',(-3.36269487874933,3.97531175624046,4.21841511362124));
#1063=CARTESIAN_POINT('Ctrl Pts',(-2.64918197735382,4.48248315759372,4.17238859846973));
#1064=CARTESIAN_POINT('Ctrl Pts',(-1.85798912903939,4.78941573406505,4.12636208331821));
#1065=CARTESIAN_POINT('Ctrl Pts',(-1.06679628072494,5.09634831053638,4.0803355681667));
#1066=CARTESIAN_POINT('Ctrl Pts',(-0.197923485491572,5.20304206212578,4.03430905301518));
#1067=CARTESIAN_POINT('Ctrl Pts',(0.644023577677486,5.09665187239225,3.98828253786367));
#1068=CARTESIAN_POINT('Ctrl Pts',(1.48597064084656,4.99026168265872,3.94225602271215));
#1069=CARTESIAN_POINT('Ctrl Pts',(2.30099197195131,4.67078755160226,3.89622950756064));
#1070=CARTESIAN_POINT('Ctrl Pts',(2.99096519926724,4.1766917355685,3.85020299240912));
#1071=CARTESIAN_POINT('Ctrl Pts',(3.68093842658317,3.68259591953475,3.8041764772576));
#1072=CARTESIAN_POINT('Ctrl Pts',(4.24586355011028,3.01387841852371,3.75814996210609));
#1073=CARTESIAN_POINT('Ctrl Pts',(4.61772787936274,2.25104773606039,3.71212344695457));
#1074=CARTESIAN_POINT('Ctrl Pts',(4.957954540674,1.55311756146681,3.67001279973742));
#1075=CARTESIAN_POINT('Ctrl Pts',(5.13657361963203,0.776407001765962,3.62790215252027));
#1076=CARTESIAN_POINT('Ctrl Pts',(5.13709868673534,-7.01519425419521E-5,
3.58579150530312));
#1077=CARTESIAN_POINT('Ctrl Pts',(5.1363105323852,-1.09356486510671E-5,
4.06270849469687));
#1078=CARTESIAN_POINT('Ctrl Pts',(5.13627804052031,0.439251415677615,4.08652048615531));
#1079=CARTESIAN_POINT('Ctrl Pts',(5.08052346485687,0.878521863952098,4.11033247761376));
#1080=CARTESIAN_POINT('Ctrl Pts',(4.96914641957028,1.30320480293552,4.1341444690722));
#1081=CARTESIAN_POINT('Ctrl Pts',(4.75231965969158,2.12996964840791,4.18050121108227));
#1082=CARTESIAN_POINT('Ctrl Pts',(4.32468608666033,2.90144844911607,4.22685795309233));
#1083=CARTESIAN_POINT('Ctrl Pts',(3.73845547921997,3.52345136583628,4.27321469510239));
#1084=CARTESIAN_POINT('Ctrl Pts',(3.15222487177961,4.1454542825565,4.31957143711246));
#1085=CARTESIAN_POINT('Ctrl Pts',(2.40739722993014,4.61798131528878,4.36592817912252));
#1086=CARTESIAN_POINT('Ctrl Pts',(1.59490855317135,4.88334164323406,4.41228492113258));
#1087=CARTESIAN_POINT('Ctrl Pts',(0.78241987641256,5.14870197117935,4.45864166314264));
#1088=CARTESIAN_POINT('Ctrl Pts',(-0.0977298352555596,5.20689559433766,
4.50499840515271));
#1089=CARTESIAN_POINT('Ctrl Pts',(-0.93808311215427,5.05081765382738,4.55135514716277));
#1090=CARTESIAN_POINT('Ctrl Pts',(-1.77843638905298,4.89473971331711,4.59771188917284));
#1091=CARTESIAN_POINT('Ctrl Pts',(-2.57899323118228,4.52439020913825,4.6440686311829));
#1092=CARTESIAN_POINT('Ctrl Pts',(-3.24201366152634,3.98498510862951,4.69042537319296));
#1093=CARTESIAN_POINT('Ctrl Pts',(-3.90503409187041,3.44558000812077,4.73678211520302));
#1094=CARTESIAN_POINT('Ctrl Pts',(-4.43051811042924,2.73711931128214,4.78313885721309));
#1095=CARTESIAN_POINT('Ctrl Pts',(-4.75430937852218,1.94609897765271,4.82949559922315));
#1096=CARTESIAN_POINT('Ctrl Pts',(-5.07810064661511,1.15507864402329,4.87585234123322));
#1097=CARTESIAN_POINT('Ctrl Pts',(-5.20019916424217,0.281498673603047,4.92220908324328));
#1098=CARTESIAN_POINT('Ctrl Pts',(-5.10569792458315,-0.567985563573246,
4.96856582525334));
#1099=CARTESIAN_POINT('Ctrl Pts',(-5.01119668492413,-1.41746980074955,5.01492256726341));
#1100=CARTESIAN_POINT('Ctrl Pts',(-4.70009568797904,-2.2428583046819,5.06127930927346));
#1101=CARTESIAN_POINT('Ctrl Pts',(-4.21037725141594,-2.94337940100922,5.10763605128353));
#1102=CARTESIAN_POINT('Ctrl Pts',(-3.72065881485284,-3.64390049733653,5.15399279329359));
#1103=CARTESIAN_POINT('Ctrl Pts',(-3.05232293867174,-4.2195541860588,5.20034953530366));
#1104=CARTESIAN_POINT('Ctrl Pts',(-2.28696674345585,-4.60005891395432,5.24670627731372));
#1105=CARTESIAN_POINT('Ctrl Pts',(-1.52161054823997,-4.98056364184983,5.29306301932379));
#1106=CARTESIAN_POINT('Ctrl Pts',(-0.659234033989299,-5.16591940891861,
5.33941976133385));
#1107=CARTESIAN_POINT('Ctrl Pts',(0.19487525912596,-5.13349613137965,5.38577650334391));
#1108=CARTESIAN_POINT('Ctrl Pts',(1.04898455224122,-5.10107285384069,5.43213324535397));
#1109=CARTESIAN_POINT('Ctrl Pts',(1.89482662422107,-4.850870531694,5.47848998736404));
#1110=CARTESIAN_POINT('Ctrl Pts',(2.62913262476092,-4.41343636398977,5.5248467293741));
#1111=CARTESIAN_POINT('Ctrl Pts',(3.36343862530077,-3.97600219628555,5.57120347138417));
#1112=CARTESIAN_POINT('Ctrl Pts',(3.98620855440063,-3.35133618302379,5.61756021339423));
#1113=CARTESIAN_POINT('Ctrl Pts',(4.42140843755383,-2.61570379166755,5.66391695540429));
#1114=CARTESIAN_POINT('Ctrl Pts',(4.85660832070703,-1.8800714003113,5.71027369741435));
#1115=CARTESIAN_POINT('Ctrl Pts',(5.10423815791357,-1.03347263086057,5.75663043942442));
#1116=CARTESIAN_POINT('Ctrl Pts',(5.13406482469714,-0.17926871874567,5.80298718143448));
#1117=CARTESIAN_POINT('Ctrl Pts',(5.13614977400407,-0.119557995202094,5.80622761918861));
#1118=CARTESIAN_POINT('Ctrl Pts',(5.13717046818028,-0.0598101105277383,
5.80946805694275));
#1119=CARTESIAN_POINT('Ctrl Pts',(5.13713474614089,-6.1003512107916E-5,
5.81270849469688));
#1120=CARTESIAN_POINT('Origin',(0.,0.,10.));
#1121=CARTESIAN_POINT('',(5.13646923211839,0.000106877456659411,7.56270849469688));
#1122=CARTESIAN_POINT('',(5.1363530646427,-5.05811582675838E-5,7.08579150530312));
#1123=CARTESIAN_POINT('',(5.13675,-6.29070444552017E-16,10.));
#1124=CARTESIAN_POINT('',(-3.87976852384519,-3.36603819619224,8.63675));
#1125=CARTESIAN_POINT('Ctrl Pts',(5.13646923211839,0.000106877456659411,
7.56270849469688));
#1126=CARTESIAN_POINT('Ctrl Pts',(5.13669192230985,0.296412676215871,7.57877236974023));
#1127=CARTESIAN_POINT('Ctrl Pts',(5.1114784742633,0.592680978898983,7.59483624478359));
#1128=CARTESIAN_POINT('Ctrl Pts',(5.06048584649967,0.884443705520472,7.61090011982695));
#1129=CARTESIAN_POINT('Ctrl Pts',(4.91333255482668,1.72640552417502,7.65725686183701));
#1130=CARTESIAN_POINT('Ctrl Pts',(4.55149793605159,2.53084624794276,7.70361360384707));
#1131=CARTESIAN_POINT('Ctrl Pts',(4.01915725406022,3.19955232464448,7.74997034585713));
#1132=CARTESIAN_POINT('Ctrl Pts',(3.48681657206886,3.8682584013462,7.7963270878672));
#1133=CARTESIAN_POINT('Ctrl Pts',(2.78396982686123,4.40122983098191,7.84268382987727));
#1134=CARTESIAN_POINT('Ctrl Pts',(1.99642979487732,4.73339493095314,7.88904057188733));
#1135=CARTESIAN_POINT('Ctrl Pts',(1.20888976289342,5.06556003092436,7.9353973138974));
#1136=CARTESIAN_POINT('Ctrl Pts',(0.336656444133246,5.19691880123109,7.98175405590745));
#1137=CARTESIAN_POINT('Ctrl Pts',(-0.513783616452432,5.11143604332226,8.02811079791751));
#1138=CARTESIAN_POINT('Ctrl Pts',(-1.36422367703811,5.02595328541343,8.07446753992757));
#1139=CARTESIAN_POINT('Ctrl Pts',(-2.1928704794493,4.72362899928905,8.12082428193765));
#1140=CARTESIAN_POINT('Ctrl Pts',(-2.89854579022076,4.24136920783305,8.16718102394771));
#1141=CARTESIAN_POINT('Ctrl Pts',(-3.60422110099223,3.75910941637705,8.21353776595777));
#1142=CARTESIAN_POINT('Ctrl Pts',(-4.18692492012397,3.09691411958943,8.25989450796783));
#1143=CARTESIAN_POINT('Ctrl Pts',(-4.57553231086114,2.33564015200333,8.30625124997789));
#1144=CARTESIAN_POINT('Ctrl Pts',(-4.96413970159831,1.57436618441723,8.35260799198795));
#1145=CARTESIAN_POINT('Ctrl Pts',(-5.15865066394091,0.714013546032645,8.39896473399802));
#1146=CARTESIAN_POINT('Ctrl Pts',(-5.13528288422995,-0.140396019405954,
8.44532147600809));
#1147=CARTESIAN_POINT('Ctrl Pts',(-5.11191510451899,-0.994805584844554,
8.49167821801816));
#1148=CARTESIAN_POINT('Ctrl Pts',(-4.87066858275447,-1.84327207733717,8.53803496002821));
#1149=CARTESIAN_POINT('Ctrl Pts',(-4.44106573344658,-2.58216889098653,8.58439170203827));
#1150=CARTESIAN_POINT('Ctrl Pts',(-4.27932533342462,-2.86035481644568,8.60184446802552));
#1151=CARTESIAN_POINT('Ctrl Pts',(-4.09088667489873,-3.12300996761067,8.61929723401276));
#1152=CARTESIAN_POINT('Ctrl Pts',(-3.87976852384519,-3.36603819619224,8.63675));
#1153=CARTESIAN_POINT('',(3.87983016312955,-3.36608900321816,8.63675));
#1154=CARTESIAN_POINT('Origin',(0.,0.,8.63675));
#1155=CARTESIAN_POINT('Ctrl Pts',(3.87983016312955,-3.36608900321816,8.63675));
#1156=CARTESIAN_POINT('Ctrl Pts',(3.50943711317985,-3.79232391141969,8.60613584595456));
#1157=CARTESIAN_POINT('Ctrl Pts',(3.06913063559784,-4.1580869969699,8.57552169190911));
#1158=CARTESIAN_POINT('Ctrl Pts',(2.58108263516445,-4.44169335343327,8.54490753786367));
#1159=CARTESIAN_POINT('Ctrl Pts',(1.84733220543612,-4.86807822898626,8.49888102271215));
#1160=CARTESIAN_POINT('Ctrl Pts',(1.00567022596144,-5.10876186527533,8.45285450756063));
#1161=CARTESIAN_POINT('Ctrl Pts',(0.157426496848046,-5.13476807756782,8.40682799240912));
#1162=CARTESIAN_POINT('Ctrl Pts',(-0.690817232265352,-5.16077428986032,
8.3608014772576));
#1163=CARTESIAN_POINT('Ctrl Pts',(-1.54564271101747,-4.97210307815625,8.31477496210609));
#1164=CARTESIAN_POINT('Ctrl Pts',(-2.30413549931833,-4.59146887323935,8.26874844695458));
#1165=CARTESIAN_POINT('Ctrl Pts',(-3.06262828761919,-4.21083466832246,8.22272193180306));
#1166=CARTESIAN_POINT('Ctrl Pts',(-3.7247883854688,-3.63823747019274,8.17669541665154));
#1167=CARTESIAN_POINT('Ctrl Pts',(-4.21089672671864,-2.9426137031808,8.13066890150003));
#1168=CARTESIAN_POINT('Ctrl Pts',(-4.69700506796848,-2.24698993616886,8.08464238634851));
#1169=CARTESIAN_POINT('Ctrl Pts',(-5.00706165261855,-1.4283396002747,8.038615871197));
#1170=CARTESIAN_POINT('Ctrl Pts',(-5.10373803745679,-0.585221934340794,
7.99258935604548));
#1171=CARTESIAN_POINT('Ctrl Pts',(-5.20041442229503,0.257895731593112,7.94656284089397));
#1172=CARTESIAN_POINT('Ctrl Pts',(-5.08371060732144,1.12548072756677,7.90053632574245));
#1173=CARTESIAN_POINT('Ctrl Pts',(-4.76767683838923,1.91308239696494,7.85450981059094));
#1174=CARTESIAN_POINT('Ctrl Pts',(-4.45164306945702,2.70068406636312,7.80848329543942));
#1175=CARTESIAN_POINT('Ctrl Pts',(-3.93627934656621,3.40830240918581,7.76245678028791));
#1176=CARTESIAN_POINT('Ctrl Pts',(-3.28363154697953,3.95074556626817,7.71643026513639));
#1177=CARTESIAN_POINT('Ctrl Pts',(-2.63098374739287,4.49318872335051,7.67040374998488));
#1178=CARTESIAN_POINT('Ctrl Pts',(-1.84105187111032,4.87045669469253,7.62437723483337));
#1179=CARTESIAN_POINT('Ctrl Pts',(-1.00893770892233,5.03712927994167,7.57835071968185));
#1180=CARTESIAN_POINT('Ctrl Pts',(-0.176823546734339,5.2038018651908,7.53232420453033));
#1181=CARTESIAN_POINT('Ctrl Pts',(0.697472901359098,5.15987906434706,7.48629768937882));
#1182=CARTESIAN_POINT('Ctrl Pts',(1.50869298914011,4.91064885113263,7.4402711742273));
#1183=CARTESIAN_POINT('Ctrl Pts',(2.31991307692114,4.6614186379182,7.39424465907578));
#1184=CARTESIAN_POINT('Ctrl Pts',(3.06805680438972,4.20688101233307,7.34821814392427));
#1185=CARTESIAN_POINT('Ctrl Pts',(3.66305335499696,3.60175884760654,7.30219162877275));
#1186=CARTESIAN_POINT('Ctrl Pts',(4.25804990560419,2.99663668288002,7.25616511362124));
#1187=CARTESIAN_POINT('Ctrl Pts',(4.69989927935008,2.24092997901211,7.21013859846973));
#1188=CARTESIAN_POINT('Ctrl Pts',(4.93540617063853,1.42562007842802,7.16411208331821));
#1189=CARTESIAN_POINT('Ctrl Pts',(5.06898885148767,0.963165321172227,7.13800522397985));
#1190=CARTESIAN_POINT('Ctrl Pts',(5.1361847344053,0.481534360696701,7.11189836464149));
#1191=CARTESIAN_POINT('Ctrl Pts',(5.1363530646427,-5.05811582675838E-5,
7.08579150530312));
#1192=CARTESIAN_POINT('Origin',(0.,0.,14.2514910325605));
#1193=CARTESIAN_POINT('',(6.11280683715729,-7.96256407026296E-5,1.27200896743945));
#1194=CARTESIAN_POINT('',(6.11297830401226,-0.000140445358116086,1.12649103256054));
#1195=CARTESIAN_POINT('',(6.11325,-1.38539422664186E-14,14.2514910325605));
#1196=CARTESIAN_POINT('',(-5.40643493581745,-2.85346926517049,0.386750000000002));
#1197=CARTESIAN_POINT('Ctrl Pts',(6.11297830401227,-0.000140445358115804,
1.12649103256055));
#1198=CARTESIAN_POINT('Ctrl Pts',(6.11325333099678,-0.324945161880308,1.11169439842401));
#1199=CARTESIAN_POINT('Ctrl Pts',(6.00811880899053,-1.66716230289742,1.05054102227741));
#1200=CARTESIAN_POINT('Ctrl Pts',(5.03987750407231,-3.90090750338012,0.943030904120753));
#1201=CARTESIAN_POINT('Ctrl Pts',(2.55658258376607,-5.8378308233191,0.803960678090562));
#1202=CARTESIAN_POINT('Ctrl Pts',(-0.550610234271785,-6.34932182748761,
0.664890452060375));
#1203=CARTESIAN_POINT('Ctrl Pts',(-3.52411235908503,-5.31034186181292,0.525820226030185));
#1204=CARTESIAN_POINT('Ctrl Pts',(-4.93150677196349,-3.75331011798955,0.433106742010057));
#1205=CARTESIAN_POINT('Ctrl Pts',(-5.40643493581759,-2.85346926517022,0.386749999999993));
#1206=CARTESIAN_POINT('',(-6.10910347774075,0.225122768186411,0.386750000000007));
#1207=CARTESIAN_POINT('Origin',(0.,0.,0.386750000000005));
#1208=CARTESIAN_POINT('Ctrl Pts',(6.1128068371573,-7.96256407026991E-5,
1.27200896743945));
#1209=CARTESIAN_POINT('Ctrl Pts',(6.11299661385179,-0.415592119662384,1.25308173586872));
#1210=CARTESIAN_POINT('Ctrl Pts',(5.96969839143331,-1.84140218321642,1.18812798914648));
#1211=CARTESIAN_POINT('Ctrl Pts',(4.87307194131131,-4.10143652080889,1.07714772727272));
#1212=CARTESIAN_POINT('Ctrl Pts',(2.33537998896058,-5.92582015036799,0.939068181818174));
#1213=CARTESIAN_POINT('Ctrl Pts',(-0.764778249084942,-6.32324683583834,
0.80098863636363));
#1214=CARTESIAN_POINT('Ctrl Pts',(-3.68050500355581,-5.19835011906686,0.662909090909081));
#1215=CARTESIAN_POINT('Ctrl Pts',(-5.71061068017352,-2.82132683025535,0.524829545454537));
#1216=CARTESIAN_POINT('Ctrl Pts',(-6.14630573863049,-0.784426213517874,
0.432776515151508));
#1217=CARTESIAN_POINT('Ctrl Pts',(-6.10910347774075,0.225122768186628,0.386749999999993));
#1218=CARTESIAN_POINT('Origin',(0.,0.,14.2514910325605));
#1219=CARTESIAN_POINT('',(6.11366497234337,-8.34878789701675E-5,3.02200896743946));
#1220=CARTESIAN_POINT('',(6.11364992860166,9.70618980977909E-5,2.87649103256055));
#1221=CARTESIAN_POINT('',(6.11325,-1.38539422664186E-14,14.2514910325605));
#1222=CARTESIAN_POINT('Ctrl Pts',(6.11364992860166,9.70618980976334E-5,
2.87649103256055));
#1223=CARTESIAN_POINT('Ctrl Pts',(6.11295457443422,-0.91825488062478,2.83464196921144));
#1224=CARTESIAN_POINT('Ctrl Pts',(5.67076771272468,-2.85452395154495,2.74643616385227));
#1225=CARTESIAN_POINT('Ctrl Pts',(3.70673442754194,-5.18431101492174,2.61187361648303));
#1226=CARTESIAN_POINT('Ctrl Pts',(0.771798070514054,-6.32623809032629,2.47280339045284));
#1227=CARTESIAN_POINT('Ctrl Pts',(-2.35159582581786,-5.92342448605709,2.33373316442265));
#1228=CARTESIAN_POINT('Ctrl Pts',(-4.90077729474049,-4.07422918036366,2.19466293839246));
#1229=CARTESIAN_POINT('Ctrl Pts',(-6.25328667241181,-1.23018872563353,2.05559271236227));
#1230=CARTESIAN_POINT('Ctrl Pts',(-6.07886940141823,1.91423929204065,1.91652248633208));
#1231=CARTESIAN_POINT('Ctrl Pts',(-4.42011239441835,4.59124819053472,1.77745226030189));
#1232=CARTESIAN_POINT('Ctrl Pts',(-1.68205545407542,6.14716660512273,1.6383820342717));
#1233=CARTESIAN_POINT('Ctrl Pts',(1.46673175424121,6.20206918641486,1.49931180824151));
#1234=CARTESIAN_POINT('Ctrl Pts',(4.25736052840265,4.74255224618438,1.36024158221132));
#1235=CARTESIAN_POINT('Ctrl Pts',(5.82214022480919,2.40349555958637,1.23596799031767));
#1236=CARTESIAN_POINT('Ctrl Pts',(6.11239169213695,0.692643588948747,1.15805114043408));
#1237=CARTESIAN_POINT('Ctrl Pts',(6.11297830401227,-0.000140445358115804,
1.12649103256055));
#1238=CARTESIAN_POINT('Ctrl Pts',(6.11366497234338,-8.34878789704625E-5,
3.02200896743945));
#1239=CARTESIAN_POINT('Ctrl Pts',(6.11372308017329,-0.0860142233851369,
3.01809309950509));
#1240=CARTESIAN_POINT('Ctrl Pts',(6.09108945361766,-1.18193109883045,2.9681507164192));
#1241=CARTESIAN_POINT('Ctrl Pts',(5.4698049027412,-3.26345165886085,2.87218181818182));
#1242=CARTESIAN_POINT('Ctrl Pts',(3.25885810164432,-5.47254293485674,2.73410227272726));
#1243=CARTESIAN_POINT('Ctrl Pts',(0.263227840347292,-6.36392909795918,2.59602272727272));
#1244=CARTESIAN_POINT('Ctrl Pts',(-2.79578372035561,-5.72297786991336,2.45794318181817));
#1245=CARTESIAN_POINT('Ctrl Pts',(-5.18161299644053,-3.70402064777148,2.31986363636363));
#1246=CARTESIAN_POINT('Ctrl Pts',(-6.31978879977945,-0.793191458982749,
2.18178409090908));
#1247=CARTESIAN_POINT('Ctrl Pts',(-5.9362552573254,2.30862594408325,2.04370454545454));
#1248=CARTESIAN_POINT('Ctrl Pts',(-4.1233622994768,4.85456177642041,1.90562499999999));
#1249=CARTESIAN_POINT('Ctrl Pts',(-1.3176252278467,6.23159204724445,1.76754545454545));
#1250=CARTESIAN_POINT('Ctrl Pts',(1.80537364371319,6.10815149324178,1.6294659090909));
#1251=CARTESIAN_POINT('Ctrl Pts',(4.49367059940662,4.51395738638044,1.49138636363636));
#1252=CARTESIAN_POINT('Ctrl Pts',(5.87977024740841,2.20038654684353,1.37223404975254));
#1253=CARTESIAN_POINT('Ctrl Pts',(6.11253512217132,0.594835212526536,1.29910825102023));
#1254=CARTESIAN_POINT('Ctrl Pts',(6.1128068371573,-7.96256407026991E-5,
1.27200896743945));
#1255=CARTESIAN_POINT('Origin',(0.,0.,14.2514910325605));
#1256=CARTESIAN_POINT('',(6.11321824671968,0.000153985748504309,4.77200896743946));
#1257=CARTESIAN_POINT('',(6.11272698926439,-1.30145234728536E-5,4.62649103256055));
#1258=CARTESIAN_POINT('',(6.11325,-1.38539422664186E-14,14.2514910325605));
#1259=CARTESIAN_POINT('Ctrl Pts',(6.1127269892644,-1.30145234724169E-5,
4.62649103256055));
#1260=CARTESIAN_POINT('Ctrl Pts',(6.11276359996856,-0.494958565978474,4.60394628200893));
#1261=CARTESIAN_POINT('Ctrl Pts',(5.93120110276335,-2.00758972127698,4.53504478944724));
#1262=CARTESIAN_POINT('Ctrl Pts',(4.69711601861683,-4.30744260789479,4.4197865548755));
#1263=CARTESIAN_POINT('Ctrl Pts',(2.06113111112929,-6.03064666975474,4.28071632884531));
#1264=CARTESIAN_POINT('Ctrl Pts',(-1.07814075071981,-6.28128754590259,4.14164610281512));
#1265=CARTESIAN_POINT('Ctrl Pts',(-3.95415222514708,-4.99816375211478,4.00257587678493));
#1266=CARTESIAN_POINT('Ctrl Pts',(-5.86463888673269,-2.49458843121769,3.86350565075474));
#1267=CARTESIAN_POINT('Ctrl Pts',(-6.34309813971084,0.618115443943441,3.72443542472455));
#1268=CARTESIAN_POINT('Ctrl Pts',(-5.27269981337101,3.57988790213626,3.58536519869436));
#1269=CARTESIAN_POINT('Ctrl Pts',(-2.91481374945792,5.66752340244213,3.44629497266417));
#1270=CARTESIAN_POINT('Ctrl Pts',(0.154811477896988,6.37126314944852,3.30722474663398));
#1271=CARTESIAN_POINT('Ctrl Pts',(3.18663484322599,5.51926798518542,3.16815452060379));
#1272=CARTESIAN_POINT('Ctrl Pts',(5.4403457717426,3.31957807282839,3.0290842945736));
#1273=CARTESIAN_POINT('Ctrl Pts',(6.08719535606816,1.21516352313636,2.93186313189252));
#1274=CARTESIAN_POINT('Ctrl Pts',(6.11372482712726,0.0990152962208587,2.8809987112215));
#1275=CARTESIAN_POINT('Ctrl Pts',(6.11364992860166,9.70618980976334E-5,
2.87649103256055));
#1276=CARTESIAN_POINT('Ctrl Pts',(6.1132182467197,0.000153985748504414,
4.77200896743945));
#1277=CARTESIAN_POINT('Ctrl Pts',(6.11245213827409,-0.766542396425913,4.73707794798993));
#1278=CARTESIAN_POINT('Ctrl Pts',(5.77706365338868,-2.54412016693166,4.6561204133889));
#1279=CARTESIAN_POINT('Ctrl Pts',(4.09735665256281,-4.87653061400813,4.52913636363636));
#1280=CARTESIAN_POINT('Ctrl Pts',(1.28430057492783,-6.23854585627737,4.39105681818181));
#1281=CARTESIAN_POINT('Ctrl Pts',(-1.83799555309527,-6.09841411470765,4.25297727272727));
#1282=CARTESIAN_POINT('Ctrl Pts',(-4.51773029903643,-4.48987698192591,4.11489772727271));
#1283=CARTESIAN_POINT('Ctrl Pts',(-6.1096642819505,-1.80024574139747,3.97681818181818));
#1284=CARTESIAN_POINT('Ctrl Pts',(-6.2304840044891,1.32285730059036,3.83873863636363));
#1285=CARTESIAN_POINT('Ctrl Pts',(-4.85109791443433,4.12743641884737,3.70065909090908));
#1286=CARTESIAN_POINT('Ctrl Pts',(-2.30364120866349,5.9381916060705,3.56257954545453));
#1287=CARTESIAN_POINT('Ctrl Pts',(0.798497273135572,6.31912054571362,3.4245));
#1288=CARTESIAN_POINT('Ctrl Pts',(3.70836975225727,5.17850134192857,3.28642045454544));
#1289=CARTESIAN_POINT('Ctrl Pts',(5.66812337640381,2.85868674782031,3.15225677702527));
#1290=CARTESIAN_POINT('Ctrl Pts',(6.11304008959273,0.924002550940979,3.0641196146566));
#1291=CARTESIAN_POINT('Ctrl Pts',(6.11366497234338,-8.34878789704625E-5,
3.02200896743945));
#1292=CARTESIAN_POINT('Origin',(0.,0.,14.2514910325605));
#1293=CARTESIAN_POINT('',(6.11277760693571,-6.01966740096382E-5,6.52200896743946));
#1294=CARTESIAN_POINT('',(6.11370788666877,-7.26003250978573E-5,6.37649103256055));
#1295=CARTESIAN_POINT('',(6.11325,-1.38539422664186E-14,14.2514910325605));
#1296=CARTESIAN_POINT('Ctrl Pts',(6.11370788666878,-7.26003250976597E-5,
6.37649103256055));
#1297=CARTESIAN_POINT('Ctrl Pts',(6.11375039949445,-0.07118005707566,6.37325059480642));
#1298=CARTESIAN_POINT('Ctrl Pts',(6.09515811902279,-1.15950744773701,6.32365341504223));
#1299=CARTESIAN_POINT('Ctrl Pts',(5.48514872521718,-3.24501219940582,6.22769949326796));
#1300=CARTESIAN_POINT('Ctrl Pts',(3.2616718561445,-5.47525866199738,6.08862926723778));
#1301=CARTESIAN_POINT('Ctrl Pts',(0.241760017025916,-6.3685565716854,5.94955904120758));
#1302=CARTESIAN_POINT('Ctrl Pts',(-2.83718477826857,-5.70678046245297,5.8104888151774));
#1303=CARTESIAN_POINT('Ctrl Pts',(-5.22334584999527,-3.65152281165352,5.6714185891472));
#1304=CARTESIAN_POINT('Ctrl Pts',(-6.33407043435774,-0.704636392226142,
5.53234836311702));
#1305=CARTESIAN_POINT('Ctrl Pts',(-5.89814182411764,2.41430812765793,5.39327813708682));
#1306=CARTESIAN_POINT('Ctrl Pts',(-4.02200505877687,4.94372693621316,5.25420791105664));
#1307=CARTESIAN_POINT('Ctrl Pts',(-1.16377517695648,6.26598659830774,5.11513768502645));
#1308=CARTESIAN_POINT('Ctrl Pts',(1.9786253047811,6.05821777554672,4.97606745899625));
#1309=CARTESIAN_POINT('Ctrl Pts',(4.63788509834875,4.37115345500326,4.83699723296607));
#1310=CARTESIAN_POINT('Ctrl Pts',(5.91715887846785,2.06326028686901,4.7204717574875));
#1311=CARTESIAN_POINT('Ctrl Pts',(6.11268832067178,0.522753436879666,4.65030302401899));
#1312=CARTESIAN_POINT('Ctrl Pts',(6.1127269892644,-1.30145234724169E-5,
4.62649103256055));
#1313=CARTESIAN_POINT('Ctrl Pts',(6.11277760693572,-6.01966740095689E-5,
6.52200896743945));
#1314=CARTESIAN_POINT('Ctrl Pts',(6.11293045961783,-0.437364576221747,6.5020893116263));
#1315=CARTESIAN_POINT('Ctrl Pts',(5.95969211637218,-1.88500237806087,6.43614314066163));
#1316=CARTESIAN_POINT('Ctrl Pts',(4.82896845905246,-4.15330542943031,6.32417045454544));
#1317=CARTESIAN_POINT('Ctrl Pts',(2.27187008371124,-5.95041920286249,6.1860909090909));
#1318=CARTESIAN_POINT('Ctrl Pts',(-0.832260063482953,-6.31476250975847,
6.04801136363635));
#1319=CARTESIAN_POINT('Ctrl Pts',(-3.73599464210369,-5.15860702144813,5.90993181818181));
#1320=CARTESIAN_POINT('Ctrl Pts',(-5.74015851744273,-2.76033740008168,5.77185227272726));
#1321=CARTESIAN_POINT('Ctrl Pts',(-6.36217950205811,0.30257949576128,5.63377272727273));
#1322=CARTESIAN_POINT('Ctrl Pts',(-5.45228440079723,3.2926398497951,5.49569318181816));
#1323=CARTESIAN_POINT('Ctrl Pts',(-3.22956211891097,5.48988259325777,5.35761363636364));
#1324=CARTESIAN_POINT('Ctrl Pts',(-0.229210384933774,6.36524508303365,5.21953409090908));
#1325=CARTESIAN_POINT('Ctrl Pts',(2.82633172454489,5.70795334165256,5.08145454545454));
#1326=CARTESIAN_POINT('Ctrl Pts',(5.20133612969748,3.67627322618339,4.94337499999999));
#1327=CARTESIAN_POINT('Ctrl Pts',(6.03994488726928,1.49730512780594,4.84022647399496));
#1328=CARTESIAN_POINT('Ctrl Pts',(6.11346159355295,0.243687571289789,4.78310446314145));
#1329=CARTESIAN_POINT('Ctrl Pts',(6.1132182467197,0.000153985748504414,
4.77200896743945));
#1330=CARTESIAN_POINT('Origin',(0.,0.,14.2514910325605));
#1331=CARTESIAN_POINT('',(6.11361616795798,-0.000101190885327673,8.27200896743946));
#1332=CARTESIAN_POINT('',(6.11291585793502,0.000127194940840868,8.12649103256055));
#1333=CARTESIAN_POINT('',(6.11325,-1.38539422664186E-14,14.2514910325605));
#1334=CARTESIAN_POINT('',(-1.82655349538817,-5.8339975909307,9.49999999999999));
#1335=CARTESIAN_POINT('Ctrl Pts',(-1.82655349538817,-5.83399759093071,9.49999999999999));
#1336=CARTESIAN_POINT('Ctrl Pts',(-2.79064034522637,-5.53215375606742,9.45397348484848));
#1337=CARTESIAN_POINT('Ctrl Pts',(-4.56536230345393,-4.44166933278834,9.36192045454545));
#1338=CARTESIAN_POINT('Ctrl Pts',(-6.1286105399882,-1.73467400128881,9.22384090909089));
#1339=CARTESIAN_POINT('Ctrl Pts',(-6.2159614512029,1.3893018226334,9.08576136363636));
#1340=CARTESIAN_POINT('Ctrl Pts',(-4.80671418647126,4.17909594014311,8.94768181818181));
#1341=CARTESIAN_POINT('Ctrl Pts',(-2.24002744570742,5.9624566012591,8.80960227272727));
#1342=CARTESIAN_POINT('Ctrl Pts',(0.865995748091637,6.31023426306481,8.67152272727271));
#1343=CARTESIAN_POINT('Ctrl Pts',(3.76351448441472,5.13856020887325,8.53344318181818));
#1344=CARTESIAN_POINT('Ctrl Pts',(5.68404408116654,2.8152509709554,8.40027192854041));
#1345=CARTESIAN_POINT('Ctrl Pts',(6.1129071640956,0.902228215376693,8.31312719041417));
#1346=CARTESIAN_POINT('Ctrl Pts',(6.11361616795799,-0.000101190885327153,
8.27200896743945));
#1347=CARTESIAN_POINT('',(1.32807228580136,-5.96643064384239,9.49999999999999));
#1348=CARTESIAN_POINT('Origin',(0.,0.,9.5));
#1349=CARTESIAN_POINT('Ctrl Pts',(1.3280690967803,-5.96642341536738,9.5));
#1350=CARTESIAN_POINT('Ctrl Pts',(0.801792316925136,-6.08361086509938,9.47543823065411));
#1351=CARTESIAN_POINT('Ctrl Pts',(-0.761919266949662,-6.22310935488159,
9.40451971929815));
#1352=CARTESIAN_POINT('Ctrl Pts',(-3.30317761243769,-5.45032815156901,9.28724446593215));
#1353=CARTESIAN_POINT('Ctrl Pts',(-5.50947864201038,-3.20344007631518,9.14817423990194));
#1354=CARTESIAN_POINT('Ctrl Pts',(-6.37080163758753,-0.174158262777143,
9.00910401387177));
#1355=CARTESIAN_POINT('Ctrl Pts',(-5.67633871421716,2.89756068399147,8.87003378784156));
#1356=CARTESIAN_POINT('Ctrl Pts',(-3.59590996706743,5.2617980313922,8.73096356181138));
#1357=CARTESIAN_POINT('Ctrl Pts',(-0.637390437302387,6.34118710550516,8.59189333578118));
#1358=CARTESIAN_POINT('Ctrl Pts',(2.47674612915147,5.87219659443632,8.45282310975101));
#1359=CARTESIAN_POINT('Ctrl Pts',(4.9861214336576,3.96932750860156,8.3137528837208));
#1360=CARTESIAN_POINT('Ctrl Pts',(5.99658218162945,1.72284324960746,8.20497552465733));
#1361=CARTESIAN_POINT('Ctrl Pts',(6.11318088169771,0.352760946683597,8.14255490760391));
#1362=CARTESIAN_POINT('Ctrl Pts',(6.11291585793503,0.00012719494084084,
8.12649103256056));
#1363=CARTESIAN_POINT('Origin',(0.,0.,0.25));
#1364=CARTESIAN_POINT('',(6.5,7.9602041944578E-16,0.));
#1365=CARTESIAN_POINT('Origin',(0.,0.,0.));
#1366=CARTESIAN_POINT('',(5.64402212470602,-0.000129671114284181,0.855727022421653));
#1367=CARTESIAN_POINT('',(6.25,7.65404249467096E-16,0.25));
#1368=CARTESIAN_POINT('',(2.57114440074934,4.80894420823852,1.04639488223348));
#1369=CARTESIAN_POINT('Ctrl Pts',(5.64402212470602,-0.000129671114284132,
0.855727022421654));
#1370=CARTESIAN_POINT('Ctrl Pts',(5.63891958050065,0.158699233075755,0.86069529984722));
#1371=CARTESIAN_POINT('Ctrl Pts',(5.62715275996742,0.317403743238488,0.865672425679398));
#1372=CARTESIAN_POINT('Ctrl Pts',(5.60872676943766,0.475548332178729,0.870662916599606));
#1373=CARTESIAN_POINT('Ctrl Pts',(5.60137629595834,0.538635177090853,0.872653717099504));
#1374=CARTESIAN_POINT('Ctrl Pts',(5.59296559129159,0.601632759704577,0.874646644468523));
#1375=CARTESIAN_POINT('Ctrl Pts',(5.58349294274197,0.66451265097306,0.876641985436495));
#1376=CARTESIAN_POINT('Ctrl Pts',(5.57774098794602,0.702694400275331,0.877853590721981));
#1377=CARTESIAN_POINT('Ctrl Pts',(5.57159745861194,0.740832745281581,0.879066085932018));
#1378=CARTESIAN_POINT('Ctrl Pts',(5.5650617653614,0.778921215819419,0.880279535262164));
#1379=CARTESIAN_POINT('Ctrl Pts',(5.5618414546157,0.797688423253805,0.880877434179301));
#1380=CARTESIAN_POINT('Ctrl Pts',(5.55852593208593,0.816443520885045,0.881475564737362));
#1381=CARTESIAN_POINT('Ctrl Pts',(5.55511511346877,0.835185726817243,0.88207393461568));
#1382=CARTESIAN_POINT('Ctrl Pts',(5.55118617672759,0.856774955024,0.882763199470723));
#1383=CARTESIAN_POINT('Ctrl Pts',(5.54713221854081,0.87833910583811,0.883452527562834));
#1384=CARTESIAN_POINT('Ctrl Pts',(5.54295468732982,0.899870650012908,0.884141725606217));
#1385=CARTESIAN_POINT('Ctrl Pts',(5.51101914846583,1.06447060895191,0.889410366290813));
#1386=CARTESIAN_POINT('Ctrl Pts',(5.47184516396184,1.22728581335142,0.89467524647468));
#1387=CARTESIAN_POINT('Ctrl Pts',(5.42552342585812,1.38782555872527,0.899941803489508));
#1388=CARTESIAN_POINT('Ctrl Pts',(5.3792016877544,1.54836530409912,0.905208360504336));
#1389=CARTESIAN_POINT('Ctrl Pts',(5.32573203423799,1.70663049460026,0.910476594350124));
#1390=CARTESIAN_POINT('Ctrl Pts',(5.2651459521468,1.86211629488554,0.915751942358572));
#1391=CARTESIAN_POINT('Ctrl Pts',(5.20679654675599,2.01186197376451,0.920832538576352));
#1392=CARTESIAN_POINT('Ctrl Pts',(5.14184572221973,2.15903022322971,0.925919733380753));
#1393=CARTESIAN_POINT('Ctrl Pts',(5.07055508160275,2.30324611990543,0.93101838386595));
#1394=CARTESIAN_POINT('Ctrl Pts',(4.99954008106485,2.44690441630121,0.93609732078972));
#1395=CARTESIAN_POINT('Ctrl Pts',(4.9222337157233,2.58763374229295,0.94118762498043));
#1396=CARTESIAN_POINT('Ctrl Pts',(4.83885442812799,2.72503130481477,0.946294097410997));
#1397=CARTESIAN_POINT('Ctrl Pts',(4.82276338512593,2.75154712367914,0.947279575577564));
#1398=CARTESIAN_POINT('Ctrl Pts',(4.80644605644298,2.77793874345205,0.94826565590811));
#1399=CARTESIAN_POINT('Ctrl Pts',(4.78990386221111,2.80420310112764,0.949252372909647));
#1400=CARTESIAN_POINT('Ctrl Pts',(4.77890643387222,2.8216639281108,0.949908352966649));
#1401=CARTESIAN_POINT('Ctrl Pts',(4.7678081427159,2.83907079068627,0.950564700896701));
#1402=CARTESIAN_POINT('Ctrl Pts',(4.75661428825781,2.85641520982864,0.951221140343952));
#1403=CARTESIAN_POINT('Ctrl Pts',(4.66997103590881,2.99066538167306,0.956302146970665));
#1404=CARTESIAN_POINT('Ctrl Pts',(4.57776874099761,3.12092844679663,0.961379210116124));
#1405=CARTESIAN_POINT('Ctrl Pts',(4.48030889263282,3.24686928015689,0.966457207467248));
#1406=CARTESIAN_POINT('Ctrl Pts',(4.38271951712491,3.37297749276739,0.971541953633403));
#1407=CARTESIAN_POINT('Ctrl Pts',(4.2798581299184,3.49475258240143,0.976627636490045));
#1408=CARTESIAN_POINT('Ctrl Pts',(4.17198407936762,3.61182899189638,0.981719153197734));
#1409=CARTESIAN_POINT('Ctrl Pts',(4.06531225186297,3.72760062089097,0.986753926520942));
#1410=CARTESIAN_POINT('Ctrl Pts',(3.9537383535044,3.83877822673376,0.991794404386841));
#1411=CARTESIAN_POINT('Ctrl Pts',(3.83747828002152,3.94497171766269,0.996845322041917));
#1412=CARTESIAN_POINT('Ctrl Pts',(3.78326167568935,3.99449388213295,0.999200761840086));
#1413=CARTESIAN_POINT('Ctrl Pts',(3.72802550870815,4.04293157126617,1.00155847200057));
#1414=CARTESIAN_POINT('Ctrl Pts',(3.67178950582519,4.09024197810706,1.00391893275167));
#1415=CARTESIAN_POINT('Ctrl Pts',(3.58785744264744,4.16085261635245,1.00744191323985));
#1416=CARTESIAN_POINT('Ctrl Pts',(3.50169833188362,4.22895266937159,1.01097102079837));
#1417=CARTESIAN_POINT('Ctrl Pts',(3.41343892846709,4.29446365103475,1.01450785199779));
#1418=CARTESIAN_POINT('Ctrl Pts',(3.37182411851814,4.32535245093538,1.01617548799449));
#1419=CARTESIAN_POINT('Ctrl Pts',(3.32974231414556,4.35566549772879,1.01784484109254));
#1420=CARTESIAN_POINT('Ctrl Pts',(3.2872065198731,4.38539369879311,1.01951607865088));
#1421=CARTESIAN_POINT('Ctrl Pts',(3.26983091013174,4.39753748566347,1.02019876889084));
#1422=CARTESIAN_POINT('Ctrl Pts',(3.25238591372978,4.40957919252718,1.02088152277586));
#1423=CARTESIAN_POINT('Ctrl Pts',(3.23487770041601,4.42151498123996,1.02156415268527));
#1424=CARTESIAN_POINT('Ctrl Pts',(3.10461861226033,4.51031587292909,1.02664284049619));
#1425=CARTESIAN_POINT('Ctrl Pts',(2.97077356415183,4.59332002586593,1.03171818662795));
#1426=CARTESIAN_POINT('Ctrl Pts',(2.83377318829741,4.67038613962476,1.03679506697189));
#1427=CARTESIAN_POINT('Ctrl Pts',(2.74744977999247,4.71894520059806,1.03999398969099));
#1428=CARTESIAN_POINT('Ctrl Pts',(2.65987291029113,4.76514593685941,1.04319352152477));
#1429=CARTESIAN_POINT('Ctrl Pts',(2.57114440074934,4.80894420823852,1.04639488223348));
#1430=CARTESIAN_POINT('Ctrl Pts',(2.57114440074934,4.80894420823852,1.04639488223348));
#1431=CARTESIAN_POINT('Ctrl Pts',(2.42996423179579,4.87863372951087,1.05148872014501));
#1432=CARTESIAN_POINT('Ctrl Pts',(2.28586902379395,4.94224336962747,1.05658718892711));
#1433=CARTESIAN_POINT('Ctrl Pts',(2.13925243547894,4.99955673543048,1.06169520322793));
#1434=CARTESIAN_POINT('Ctrl Pts',(1.99456357153813,5.05611654139762,1.06673605702676));
#1435=CARTESIAN_POINT('Ctrl Pts',(1.84741851007005,5.10654474334625,1.07178620698426));
#1436=CARTESIAN_POINT('Ctrl Pts',(1.69818505573003,5.15058420551481,1.07685037643189));
#1437=CARTESIAN_POINT('Ctrl Pts',(1.62356832856002,5.17260393659908,1.07938246115571));
#1438=CARTESIAN_POINT('Ctrl Pts',(1.54842940098315,5.19302569189249,1.08191805075206));
#1439=CARTESIAN_POINT('Ctrl Pts',(1.47281404431662,5.21181239048517,1.08445773563738));
#1440=CARTESIAN_POINT('Ctrl Pts',(1.44444939925151,5.21885961026986,1.08541041593308));
#1441=CARTESIAN_POINT('Ctrl Pts',(1.41601771544712,5.22567672171362,1.08636367248982));
#1442=CARTESIAN_POINT('Ctrl Pts',(1.38752141619633,5.23226164217059,1.0873175364721));
#1443=CARTESIAN_POINT('Ctrl Pts',(1.36322498216768,5.23787605841667,1.08813081728144));
#1444=CARTESIAN_POINT('Ctrl Pts',(1.33887846905179,5.24332227846379,1.08894464293198));
#1445=CARTESIAN_POINT('Ctrl Pts',(1.31450783553674,5.24859390520409,1.08975821774291));
#1446=CARTESIAN_POINT('Ctrl Pts',(1.29126347390104,5.25362190738074,1.09053419375976));
#1447=CARTESIAN_POINT('Ctrl Pts',(1.26799275124303,5.25849214542432,1.09131008975926));
#1448=CARTESIAN_POINT('Ctrl Pts',(1.24469705875429,5.26320404870163,1.09208592314477));
#1449=CARTESIAN_POINT('Ctrl Pts',(1.09270637172885,5.29394644524824,1.09714777950888));
#1450=CARTESIAN_POINT('Ctrl Pts',(0.939653938441542,5.31795304617217,1.10220697052394));
#1451=CARTESIAN_POINT('Ctrl Pts',(0.785982864906641,5.33531458873503,1.10726832963859));
#1452=CARTESIAN_POINT('Ctrl Pts',(0.630721272609057,5.35285582587904,1.1123820745826));
#1453=CARTESIAN_POINT('Ctrl Pts',(0.474827411760219,5.36361374849783,1.11749803273877));
#1454=CARTESIAN_POINT('Ctrl Pts',(0.31875030266746,5.36762942217279,1.12262118919522));
#1455=CARTESIAN_POINT('Ctrl Pts',(0.163246678496564,5.3716303407801,1.12772552128339));
#1456=CARTESIAN_POINT('Ctrl Pts',(0.00756039044762333,5.36893837177924,
1.1328369988706));
#1457=CARTESIAN_POINT('Ctrl Pts',(-0.147860954479484,5.35954308160223,1.13796055229546));
#1458=CARTESIAN_POINT('Ctrl Pts',(-0.2542038865037,5.35311460355046,1.14146620780139));
#1459=CARTESIAN_POINT('Ctrl Pts',(-0.360422707622299,5.34354683170551,1.14497751675271));
#1460=CARTESIAN_POINT('Ctrl Pts',(-0.466370313109188,5.33082288574156,1.14849605847127));
#1461=CARTESIAN_POINT('Ctrl Pts',(-0.513952248102721,5.32510845768124,1.15007626429617));
#1462=CARTESIAN_POINT('Ctrl Pts',(-0.561479425271042,5.31875728842237,1.15165792895682));
#1463=CARTESIAN_POINT('Ctrl Pts',(-0.608938211547754,5.31176713341628,1.15324119551497));
#1464=CARTESIAN_POINT('Ctrl Pts',(-0.63648555017925,5.30770971471374,1.15416019879008));
#1465=CARTESIAN_POINT('Ctrl Pts',(-0.664009842663827,5.30343700106957,1.15507974177555));
#1466=CARTESIAN_POINT('Ctrl Pts',(-0.691508387361813,5.29894848529561,1.15599985244914));
#1467=CARTESIAN_POINT('Ctrl Pts',(-0.715927447123297,5.29496262582092,1.15681692250766));
#1468=CARTESIAN_POINT('Ctrl Pts',(-0.740329190608409,5.29080598733878,1.15763454099954));
#1469=CARTESIAN_POINT('Ctrl Pts',(-0.764687313592087,5.28648273203774,1.15845190742737));
#1470=CARTESIAN_POINT('Ctrl Pts',(-0.917537488055251,5.25935378095,1.1635809808448));
#1471=CARTESIAN_POINT('Ctrl Pts',(-1.06886520010465,5.22563816425093,1.16870663618539));
#1472=CARTESIAN_POINT('Ctrl Pts',(-1.21823772658088,5.18537769371889,1.17383390275367));
#1473=CARTESIAN_POINT('Ctrl Pts',(-1.28056096699795,5.16857967173008,1.17597317076069));
#1474=CARTESIAN_POINT('Ctrl Pts',(-1.34254377955135,5.15064167491838,1.1781127192565));
#1475=CARTESIAN_POINT('Ctrl Pts',(-1.40415426764652,5.13156409492179,1.18025291353787));
#1476=CARTESIAN_POINT('Ctrl Pts',(-1.55179056164607,5.08584877442592,1.18538142918364));
#1477=CARTESIAN_POINT('Ctrl Pts',(-1.69729035761345,5.03359309004026,1.19051365304779));
#1478=CARTESIAN_POINT('Ctrl Pts',(-1.84027962236752,4.97504958190858,1.19565461157937));
#1479=CARTESIAN_POINT('Ctrl Pts',(-1.98341329768878,4.91644694835074,1.20080076217022));
#1480=CARTESIAN_POINT('Ctrl Pts',(-2.12403202775801,4.85154336535224,1.20595566508038));
#1481=CARTESIAN_POINT('Ctrl Pts',(-2.26173478224177,4.78054702135581,1.21112436200354));
#1482=CARTESIAN_POINT('Ctrl Pts',(-2.38824774684785,4.71531987329436,1.21587304821066));
#1483=CARTESIAN_POINT('Ctrl Pts',(-2.51229949346705,4.6449491967791,1.22063337770046));
#1484=CARTESIAN_POINT('Ctrl Pts',(-2.63355259497049,4.5695674318694,1.22540926026509));
#1485=CARTESIAN_POINT('Ctrl Pts',(-2.6484172198941,4.56032625248868,1.22599474387023));
#1486=CARTESIAN_POINT('Ctrl Pts',(-2.66323793577904,4.55101082409588,1.22658039047567));
#1487=CARTESIAN_POINT('Ctrl Pts',(-2.67800664051572,4.54162627689429,1.22716590858479));
#1488=CARTESIAN_POINT('Ctrl Pts',(-2.80779750617701,4.45915265941393,1.23231158002975));
#1489=CARTESIAN_POINT('Ctrl Pts',(-2.93374037638492,4.37124118033191,1.2374538988901));
#1490=CARTESIAN_POINT('Ctrl Pts',(-3.05548055476168,4.27815154503246,1.24259794714048));
#1491=CARTESIAN_POINT('Ctrl Pts',(-3.17679547993492,4.18538708311581,1.24772402660664));
#1492=CARTESIAN_POINT('Ctrl Pts',(-3.29393763189214,4.08748011652974,1.25285182340199));
#1493=CARTESIAN_POINT('Ctrl Pts',(-3.40652692527573,3.98464535877138,1.25798636643115));
#1494=CARTESIAN_POINT('Ctrl Pts',(-3.48270935837653,3.91506323583655,1.26146060424779));
#1495=CARTESIAN_POINT('Ctrl Pts',(-3.55680669509889,3.84322409753514,1.26493793077262));
#1496=CARTESIAN_POINT('Ctrl Pts',(-3.62869145166092,3.76918500079856,1.26841990393096));
#1497=CARTESIAN_POINT('Ctrl Pts',(-3.73536059970149,3.65931904661997,1.2735867727925));
#1498=CARTESIAN_POINT('Ctrl Pts',(-3.83715994984881,3.54460977460879,1.27876387322827));
#1499=CARTESIAN_POINT('Ctrl Pts',(-3.93384015902229,3.425431272383,1.28395629564748));
#1500=CARTESIAN_POINT('Ctrl Pts',(-3.98984195191665,3.3563973940312,1.28696399461116));
#1501=CARTESIAN_POINT('Ctrl Pts',(-4.04412530092945,3.28586346804671,1.28997683452849));
#1502=CARTESIAN_POINT('Ctrl Pts',(-4.0966343658406,3.21389903935265,1.29299580473987));
#1503=CARTESIAN_POINT('Ctrl Pts',(-4.11363352738822,3.19060144395418,1.29397315907702));
#1504=CARTESIAN_POINT('Ctrl Pts',(-4.13045026920383,3.16714867419146,1.29495137102351));
#1505=CARTESIAN_POINT('Ctrl Pts',(-4.14706260922632,3.14357183614211,1.29592928632044));
#1506=CARTESIAN_POINT('Ctrl Pts',(-4.23472271162346,3.01916142588032,1.30108955603253));
#1507=CARTESIAN_POINT('Ctrl Pts',(-4.31678390052273,2.8911817347142,1.30624656131708));
#1508=CARTESIAN_POINT('Ctrl Pts',(-4.39307035180959,2.76004286676837,1.31140543142773));
#1509=CARTESIAN_POINT('Ctrl Pts',(-4.46945462269936,2.62873584377309,1.31657091658754));
#1510=CARTESIAN_POINT('Ctrl Pts',(-4.54004969686013,2.49426084055376,1.32173827135892));
#1511=CARTESIAN_POINT('Ctrl Pts',(-4.60463524846634,2.35700095604752,1.32691264475206));
#1512=CARTESIAN_POINT('Ctrl Pts',(-4.66833825850755,2.22161668536313,1.33201631193492));
#1513=CARTESIAN_POINT('Ctrl Pts',(-4.72619509582429,2.0835224270517,1.3371268072355));
#1514=CARTESIAN_POINT('Ctrl Pts',(-4.77794749187678,1.94306842249989,1.34224907145626));
#1515=CARTESIAN_POINT('Ctrl Pts',(-4.82611808081309,1.81233530415575,1.3470168214161));
#1516=CARTESIAN_POINT('Ctrl Pts',(-4.86899974446738,1.67955720353876,1.35179476760554));
#1517=CARTESIAN_POINT('Ctrl Pts',(-4.90634405676827,1.54501045949525,1.35658689432405));
#1518=CARTESIAN_POINT('Ctrl Pts',(-4.92362754913557,1.48274026410417,1.3588047604584));
#1519=CARTESIAN_POINT('Ctrl Pts',(-4.93972436571495,1.42009118344597,1.36102566402434));
#1520=CARTESIAN_POINT('Ctrl Pts',(-4.9546288182521,1.35709752234951,1.36325000000004));
#1521=CARTESIAN_POINT('',(-2.53547398565124,-4.74206688780651,1.12260511776651));
#1522=CARTESIAN_POINT('Ctrl Pts',(-0.644622548050457,-5.09656584524175,
1.36325000000004));
#1523=CARTESIAN_POINT('Ctrl Pts',(-0.791092628366672,-5.09681875445731,
1.34460688460629));
#1524=CARTESIAN_POINT('Ctrl Pts',(-0.937315157684849,-5.09063914055296,
1.32609437078012));
#1525=CARTESIAN_POINT('Ctrl Pts',(-1.08290033353169,-5.07826068221213,1.3076935703457));
#1526=CARTESIAN_POINT('Ctrl Pts',(-1.23217876083723,-5.06556820316791,1.2888259725011));
#1527=CARTESIAN_POINT('Ctrl Pts',(-1.38078768346057,-5.04635855376555,1.27007582790394));
#1528=CARTESIAN_POINT('Ctrl Pts',(-1.52832817749328,-5.02083334844953,1.25142277411951));
#1529=CARTESIAN_POINT('Ctrl Pts',(-1.67727240647629,-4.99506529032859,1.23259225079564));
#1530=CARTESIAN_POINT('Ctrl Pts',(-1.82512851235462,-4.96286096507733,1.21386067456287));
#1531=CARTESIAN_POINT('Ctrl Pts',(-1.97149729714483,-4.92437577658484,1.19520709624036));
#1532=CARTESIAN_POINT('Ctrl Pts',(-2.11825620685078,-4.88578801136507,1.17650379949133));
#1533=CARTESIAN_POINT('Ctrl Pts',(-2.26352064866625,-4.84088582766446,1.15787891699106));
#1534=CARTESIAN_POINT('Ctrl Pts',(-2.40688793221761,-4.78977386413121,1.13931133160073));
#1535=CARTESIAN_POINT('Ctrl Pts',(-2.43066029879495,-4.78129876225648,1.13623255773112));
#1536=CARTESIAN_POINT('Ctrl Pts',(-2.45438048773882,-4.77265281101979,1.1331553592129));
#1537=CARTESIAN_POINT('Ctrl Pts',(-2.47804663838628,-4.76383635066455,1.1300796397736));
#1538=CARTESIAN_POINT('Ctrl Pts',(-2.49723489481908,-4.75668806091324,1.12758588004917));
#1539=CARTESIAN_POINT('Ctrl Pts',(-2.51637766231333,-4.74943139330214,1.12509438763623));
#1540=CARTESIAN_POINT('Ctrl Pts',(-2.53547398565124,-4.74206688780651,1.12260511776651));
#1541=CARTESIAN_POINT('',(-5.56771775881931,-1.87444500271924,0.625));
#1542=CARTESIAN_POINT('Ctrl Pts',(-2.53547398565124,-4.74206688780651,1.12260511776651));
#1543=CARTESIAN_POINT('Ctrl Pts',(-2.68136526923914,-4.68580385011422,1.10358769906955));
#1544=CARTESIAN_POINT('Ctrl Pts',(-2.82454506714318,-4.6232510112621,1.08469999324846));
#1545=CARTESIAN_POINT('Ctrl Pts',(-2.96459387102652,-4.55461950235114,1.06592203990725));
#1546=CARTESIAN_POINT('Ctrl Pts',(-3.02883332012607,-4.52313868851297,1.05730871837641));
#1547=CARTESIAN_POINT('Ctrl Pts',(-3.09241413733475,-4.4903782028765,1.04871848871802));
#1548=CARTESIAN_POINT('Ctrl Pts',(-3.15529615773253,-4.4563547853207,1.04014942457689));
#1549=CARTESIAN_POINT('Ctrl Pts',(-3.29141777793152,-4.38270380061782,1.02159984733525));
#1550=CARTESIAN_POINT('Ctrl Pts',(-3.42426565784244,-4.30313821816859,1.0031494514702));
#1551=CARTESIAN_POINT('Ctrl Pts',(-3.55358226446658,-4.21801324392096,0.984778696366549));
#1552=CARTESIAN_POINT('Ctrl Pts',(-3.68418933437017,-4.13203879908871,0.966224617670549));
#1553=CARTESIAN_POINT('Ctrl Pts',(-3.81119494543928,-4.04039314911118,0.94775177715293));
#1554=CARTESIAN_POINT('Ctrl Pts',(-3.93431797268205,-3.94339142732815,0.929340043348166));
#1555=CARTESIAN_POINT('Ctrl Pts',(-3.99754748301086,-3.8935764454621,0.919884745351928));
#1556=CARTESIAN_POINT('Ctrl Pts',(-4.05975272136722,-3.84234811159682,0.910445563085927));
#1557=CARTESIAN_POINT('Ctrl Pts',(-4.1208931536878,-3.7897443955534,0.901019769978025));
#1558=CARTESIAN_POINT('Ctrl Pts',(-4.14064963689144,-3.77274640595771,0.897973986424502));
#1559=CARTESIAN_POINT('Ctrl Pts',(-4.16029735205551,-3.75560253668685,0.894929216026295));
#1560=CARTESIAN_POINT('Ctrl Pts',(-4.17981589175476,-3.73833110032759,0.891888345425843));
#1561=CARTESIAN_POINT('Ctrl Pts',(-4.29982110991822,-3.63214167631196,0.873192257222681));
#1562=CARTESIAN_POINT('Ctrl Pts',(-4.4150887027668,-3.5210123706512,0.854621457041009));
#1563=CARTESIAN_POINT('Ctrl Pts',(-4.5253626288541,-3.40534756675454,0.836157265476158));
#1564=CARTESIAN_POINT('Ctrl Pts',(-4.63684493763673,-3.28841530687399,0.81749074313048));
#1565=CARTESIAN_POINT('Ctrl Pts',(-4.74322418947832,-3.16684726135058,0.798933178639374));
#1566=CARTESIAN_POINT('Ctrl Pts',(-4.84422009911463,-3.04101017864122,0.780465271777367));
#1567=CARTESIAN_POINT('Ctrl Pts',(-4.94568014898103,-2.9145947947637,0.761912493175792));
#1568=CARTESIAN_POINT('Ctrl Pts',(-5.04170793660756,-2.78387062134198,0.74345019816416));
#1569=CARTESIAN_POINT('Ctrl Pts',(-5.13199351987531,-2.64916409986641,0.72505881920196));
#1570=CARTESIAN_POINT('Ctrl Pts',(-5.15100551142166,-2.62079811767037,0.721186033218863));
#1571=CARTESIAN_POINT('Ctrl Pts',(-5.16976276889364,-2.59225540245054,0.717316391817901));
#1572=CARTESIAN_POINT('Ctrl Pts',(-5.18826220935093,-2.56353877531294,0.713449712288431));
#1573=CARTESIAN_POINT('Ctrl Pts',(-5.25915982777312,-2.45348461027617,0.698630973825812));
#1574=CARTESIAN_POINT('Ctrl Pts',(-5.32627213744378,-2.34087725622935,0.683855737673235));
#1575=CARTESIAN_POINT('Ctrl Pts',(-5.38954895954119,-2.22592872054076,0.669113719334624));
#1576=CARTESIAN_POINT('Ctrl Pts',(-5.42390562116055,-2.16351648469533,0.661109421412293));
#1577=CARTESIAN_POINT('Ctrl Pts',(-5.45713126771842,-2.10041380277828,0.653114916216879));
#1578=CARTESIAN_POINT('Ctrl Pts',(-5.48921560922063,-2.03665298745,0.645128557550994));
#1579=CARTESIAN_POINT('Ctrl Pts',(-5.49887290892682,-2.01746115510108,0.642724685269798));
#1580=CARTESIAN_POINT('Ctrl Pts',(-5.50842732528792,-1.99820849686574,0.640321405966633));
#1581=CARTESIAN_POINT('Ctrl Pts',(-5.51787117946959,-1.97891126396645,0.637920579350616));
#1582=CARTESIAN_POINT('Ctrl Pts',(-5.53483781380199,-1.94424225193695,0.633607303594146));
#1583=CARTESIAN_POINT('Ctrl Pts',(-5.55145336778207,-1.90941803297265,0.629300519571096));
#1584=CARTESIAN_POINT('Ctrl Pts',(-5.56771775881931,-1.87444500271924,0.625));
#1585=CARTESIAN_POINT('Ctrl Pts',(-5.56771775881931,-1.87444500271924,0.625));
#1586=CARTESIAN_POINT('Ctrl Pts',(-5.63692976867114,-1.72561965113356,0.60669943146095));
#1587=CARTESIAN_POINT('Ctrl Pts',(-5.6997852804831,-1.57410266014342,0.588512287567849));
#1588=CARTESIAN_POINT('Ctrl Pts',(-5.75625846775595,-1.42036011670727,0.57042105774011));
#1589=CARTESIAN_POINT('Ctrl Pts',(-5.81386830981069,-1.26352314553266,0.551965699661658));
#1590=CARTESIAN_POINT('Ctrl Pts',(-5.86483676326687,-1.10436961536129,0.533610155493403));
#1591=CARTESIAN_POINT('Ctrl Pts',(-5.9090990150786,-0.943355304785706,0.515335835906869));
#1592=CARTESIAN_POINT('Ctrl Pts',(-5.95354076811757,-0.781688016443099,
0.496987406607014));
#1593=CARTESIAN_POINT('Ctrl Pts',(-5.99122218292052,-0.618144158965336,
0.478720862021394));
#1594=CARTESIAN_POINT('Ctrl Pts',(-6.02203436339266,-0.453155246433787,
0.460517385741519));
#1595=CARTESIAN_POINT('Ctrl Pts',(-6.05263936521412,-0.289275706226765,
0.442436308188233));
#1596=CARTESIAN_POINT('Ctrl Pts',(-6.07646748754534,-0.123969765340332,
0.424417453659537));
#1597=CARTESIAN_POINT('Ctrl Pts',(-6.09336461645711,0.0423587004553472,
0.406442382760625));
#1598=CARTESIAN_POINT('Ctrl Pts',(-6.09954031757686,0.103149790931483,0.399872706571386));
#1599=CARTESIAN_POINT('Ctrl Pts',(-6.10478968423467,0.164077603021142,0.393308879070324));
#1600=CARTESIAN_POINT('Ctrl Pts',(-6.10910347774075,0.225122768186627,0.386749999999993));
#1601=CARTESIAN_POINT('',(-2.57637525233409,-5.4185446509874,0.500000000000005));
#1602=CARTESIAN_POINT('Ctrl Pts',(-5.40643493581759,-2.85346926517022,0.386749999999993));
#1603=CARTESIAN_POINT('Ctrl Pts',(-5.32213324608021,-3.0025984404397,0.391695991473109));
#1604=CARTESIAN_POINT('Ctrl Pts',(-5.23155400644292,-3.14791888682224,0.396641749129278));
#1605=CARTESIAN_POINT('Ctrl Pts',(-5.13505184771659,-3.28912699535308,0.401591736718609));
#1606=CARTESIAN_POINT('Ctrl Pts',(-5.03799833439003,-3.43114188107168,0.406570005524283));
#1607=CARTESIAN_POINT('Ctrl Pts',(-4.93495353252664,-3.56899785802288,0.411552552735724));
#1608=CARTESIAN_POINT('Ctrl Pts',(-4.82623579686032,-3.70235491867997,0.416543919050481));
#1609=CARTESIAN_POINT('Ctrl Pts',(-4.77353032182782,-3.76700533829911,0.418963692890215));
#1610=CARTESIAN_POINT('Ctrl Pts',(-4.719490989631,-3.83059789077502,0.421385539423508));
#1611=CARTESIAN_POINT('Ctrl Pts',(-4.66415104969102,-3.89309062412687,0.423809976005261));
#1612=CARTESIAN_POINT('Ctrl Pts',(-4.63582766106885,-3.92507486506941,0.425050820494237));
#1613=CARTESIAN_POINT('Ctrl Pts',(-4.60716355304623,-3.95677097570701,0.42629234343806));
#1614=CARTESIAN_POINT('Ctrl Pts',(-4.57816300830866,-3.98817309347848,0.427534614196573));
#1615=CARTESIAN_POINT('Ctrl Pts',(-4.55991317208426,-4.00793422250603,0.428316366335864));
#1616=CARTESIAN_POINT('Ctrl Pts',(-4.54153030921633,-4.02757861096159,0.429098403907313));
#1617=CARTESIAN_POINT('Ctrl Pts',(-4.52302500680805,-4.04709498234182,0.429880346781068));
#1618=CARTESIAN_POINT('Ctrl Pts',(-4.40516162012483,-4.17139803753606,0.434860672595815));
#1619=CARTESIAN_POINT('Ctrl Pts',(-4.28223824300373,-4.29061576186036,0.439841291084238));
#1620=CARTESIAN_POINT('Ctrl Pts',(-4.15457637308069,-4.4044197817034,0.444826760693227));
#1621=CARTESIAN_POINT('Ctrl Pts',(-4.02654007290324,-4.51855758694474,0.449826852606081));
#1622=CARTESIAN_POINT('Ctrl Pts',(-3.89373692239843,-4.62725043047889,0.454831824137748));
#1623=CARTESIAN_POINT('Ctrl Pts',(-3.75645825087773,-4.73012573962775,0.459846273962428));
#1624=CARTESIAN_POINT('Ctrl Pts',(-3.68781891511739,-4.78156339420218,0.462353498874768));
#1625=CARTESIAN_POINT('Ctrl Pts',(-3.61806023314405,-4.8315459696502,0.464863093360358));
#1626=CARTESIAN_POINT('Ctrl Pts',(-3.54721616067286,-4.88002238180093,0.467375632253477));
#1627=CARTESIAN_POINT('Ctrl Pts',(-3.52609162273242,-4.89447725109308,0.468124830052575));
#1628=CARTESIAN_POINT('Ctrl Pts',(-3.50487056933999,-4.9087981804745,0.468874289649069));
#1629=CARTESIAN_POINT('Ctrl Pts',(-3.48355387716101,-4.92298375906187,0.469624026283263));
#1630=CARTESIAN_POINT('Ctrl Pts',(-3.46408203489943,-4.93594164888471,0.470308877073253));
#1631=CARTESIAN_POINT('Ctrl Pts',(-3.44453517812778,-4.94878338185049,0.470993790156036));
#1632=CARTESIAN_POINT('Ctrl Pts',(-3.42492019760288,-4.96150416953153,0.471678564946091));
#1633=CARTESIAN_POINT('Ctrl Pts',(-3.39399456709509,-4.98156018636482,0.472758203649348));
#1634=CARTESIAN_POINT('Ctrl Pts',(-3.36289492072928,-5.00131868464694,0.473837663259045));
#1635=CARTESIAN_POINT('Ctrl Pts',(-3.3316245343596,-5.0207766038713,0.474916990393099));
#1636=CARTESIAN_POINT('Ctrl Pts',(-3.18848468212419,-5.10984501670308,0.47985759856646));
#1637=CARTESIAN_POINT('Ctrl Pts',(-3.0417697579319,-5.19261873827594,0.484795430923886));
#1638=CARTESIAN_POINT('Ctrl Pts',(-2.8919443715597,-5.2690241661621,0.489734958776057));
#1639=CARTESIAN_POINT('Ctrl Pts',(-2.78819788813334,-5.32193105096856,0.493155331363492));
#1640=CARTESIAN_POINT('Ctrl Pts',(-2.68295922714916,-5.3717835510645,0.496576516916973));
#1641=CARTESIAN_POINT('Ctrl Pts',(-2.57637525233409,-5.4185446509874,0.500000000000005));
#1642=CARTESIAN_POINT('',(1.53381681444718,-5.67104472813732,0.624999999999998));
#1643=CARTESIAN_POINT('Ctrl Pts',(-2.57637525233409,-5.4185446509874,0.500000000000005));
#1644=CARTESIAN_POINT('Ctrl Pts',(-2.41381950219614,-5.48986199197071,0.505221299558523));
#1645=CARTESIAN_POINT('Ctrl Pts',(-2.24813492609442,-5.55399150600895,0.510447944004631));
#1646=CARTESIAN_POINT('Ctrl Pts',(-2.07982512660542,-5.61075313661697,0.515685200964966));
#1647=CARTESIAN_POINT('Ctrl Pts',(-1.95359277698867,-5.65332435957299,0.519613143685216));
#1648=CARTESIAN_POINT('Ctrl Pts',(-1.82588319646282,-5.69174997595471,0.523547055944719));
#1649=CARTESIAN_POINT('Ctrl Pts',(-1.69690525680747,-5.72593107765586,0.527489160023469));
#1650=CARTESIAN_POINT('Ctrl Pts',(-1.60017180206595,-5.75156690393173,0.530445738082531));
#1651=CARTESIAN_POINT('Ctrl Pts',(-1.50272481891164,-5.77481479216449,0.533406924039918));
#1652=CARTESIAN_POINT('Ctrl Pts',(-1.40465251823974,-5.7956253783324,0.536373655420002));
#1653=CARTESIAN_POINT('Ctrl Pts',(-1.38213348431155,-5.80040383558047,0.537054866364847));
#1654=CARTESIAN_POINT('Ctrl Pts',(-1.35958148375294,-5.80505376104572,0.537736369685505));
#1655=CARTESIAN_POINT('Ctrl Pts',(-1.33699759005434,-5.80957450679299,0.53841817673189));
#1656=CARTESIAN_POINT('Ctrl Pts',(-1.31549747239085,-5.81387830696095,0.539067264613578));
#1657=CARTESIAN_POINT('Ctrl Pts',(-1.29397625337349,-5.81806344490179,0.539716392079532));
#1658=CARTESIAN_POINT('Ctrl Pts',(-1.27244043406748,-5.8221286240663,0.54036540249609));
#1659=CARTESIAN_POINT('Ctrl Pts',(-1.10667481902102,-5.85341914126949,0.545360968689492));
#1660=CARTESIAN_POINT('Ctrl Pts',(-0.939940946673133,-5.87762752256933,
0.550352753692385));
#1661=CARTESIAN_POINT('Ctrl Pts',(-0.772675325948074,-5.89463991700692,
0.555345378638947));
#1662=CARTESIAN_POINT('Ctrl Pts',(-0.686269004882557,-5.90342820481822,
0.557924476197802));
#1663=CARTESIAN_POINT('Ctrl Pts',(-0.599720536490631,-5.91029538371215,
0.560503797901015));
#1664=CARTESIAN_POINT('Ctrl Pts',(-0.513089052547741,-5.91522040579458,
0.563083980786189));
#1665=CARTESIAN_POINT('Ctrl Pts',(-0.34095979219535,-5.92500599839539,0.568210580855646));
#1666=CARTESIAN_POINT('Ctrl Pts',(-0.168502526219722,-5.92712794023965,
0.5733405807208));
#1667=CARTESIAN_POINT('Ctrl Pts',(0.00379506119379537,-5.92170261501817,
0.578478977296055));
#1668=CARTESIAN_POINT('Ctrl Pts',(0.171569655479545,-5.91641971029753,0.583482485549619));
#1669=CARTESIAN_POINT('Ctrl Pts',(0.339193573820443,-5.90398018472723,0.588493955454643));
#1670=CARTESIAN_POINT('Ctrl Pts',(0.506208008278404,-5.88443972415504,0.593518000642718));
#1671=CARTESIAN_POINT('Ctrl Pts',(0.593092100634876,-5.87427440409422,0.596131604715566));
#1672=CARTESIAN_POINT('Ctrl Pts',(0.679811041769213,-5.86218654824763,0.598748612010506));
#1673=CARTESIAN_POINT('Ctrl Pts',(0.766298313184228,-5.84817874531293,0.601369672061252));
#1674=CARTESIAN_POINT('Ctrl Pts',(0.801042774318382,-5.84255140204406,0.602422628381569));
#1675=CARTESIAN_POINT('Ctrl Pts',(0.835749828594773,-5.83661416574249,0.603476238761304));
#1676=CARTESIAN_POINT('Ctrl Pts',(0.870415082363569,-5.83036704509545,0.604530545312074));
#1677=CARTESIAN_POINT('Ctrl Pts',(0.896994514222903,-5.82557709263578,0.605338930253144));
#1678=CARTESIAN_POINT('Ctrl Pts',(0.923549370670699,-5.82060495768131,0.606147724472371));
#1679=CARTESIAN_POINT('Ctrl Pts',(0.950077650244017,-5.81545060828361,0.606956946952359));
#1680=CARTESIAN_POINT('Ctrl Pts',(0.96814941725128,-5.81193932889093,0.607508210748979));
#1681=CARTESIAN_POINT('Ctrl Pts',(0.986206695681629,-5.80834387983571,0.608059607754146));
#1682=CARTESIAN_POINT('Ctrl Pts',(1.00424032614774,-5.80466612548869,0.608610882474491));
#1683=CARTESIAN_POINT('Ctrl Pts',(1.16794562211179,-5.77128028756814,0.613615232065732));
#1684=CARTESIAN_POINT('Ctrl Pts',(1.32990596203708,-5.73107708306081,0.618615706469036));
#1685=CARTESIAN_POINT('Ctrl Pts',(1.4896874118035,-5.68418316181759,0.623616952707143));
#1686=CARTESIAN_POINT('Ctrl Pts',(1.50441584586662,-5.67986054471779,0.624077960699993));
#1687=CARTESIAN_POINT('Ctrl Pts',(1.51912576123482,-5.67548104106032,0.624538975251046));
#1688=CARTESIAN_POINT('Ctrl Pts',(1.53381681444718,-5.67104472813732,0.624999999999998));
#1689=CARTESIAN_POINT('Ctrl Pts',(1.53381681444718,-5.67104472813732,0.624999999999998));
#1690=CARTESIAN_POINT('Ctrl Pts',(1.69279930283279,-5.62303618459982,0.629989081499899));
#1691=CARTESIAN_POINT('Ctrl Pts',(1.84957422156382,-5.56837874480962,0.634979357372541));
#1692=CARTESIAN_POINT('Ctrl Pts',(2.00369803633682,-5.50714360300968,0.639975440890262));
#1693=CARTESIAN_POINT('Ctrl Pts',(2.11952272366672,-5.46112513945798,0.643730018417209));
#1694=CARTESIAN_POINT('Ctrl Pts',(2.23384999414451,-5.41139083073563,0.647487875861063));
#1695=CARTESIAN_POINT('Ctrl Pts',(2.34648338172477,-5.3579533057247,0.651250971179289));
#1696=CARTESIAN_POINT('Ctrl Pts',(2.49695051740807,-5.2865660243942,0.656278096670238));
#1697=CARTESIAN_POINT('Ctrl Pts',(2.64439616871443,-5.20857098842132,0.661314569846697));
#1698=CARTESIAN_POINT('Ctrl Pts',(2.78844502888635,-5.12423823328295,0.666365058664922));
#1699=CARTESIAN_POINT('Ctrl Pts',(2.83750245052748,-5.09551778716457,0.668085058109235));
#1700=CARTESIAN_POINT('Ctrl Pts',(2.88616561042604,-5.06606194964483,0.669806683112684));
#1701=CARTESIAN_POINT('Ctrl Pts',(2.93441870387973,-5.03588041283285,0.671530118054271));
#1702=CARTESIAN_POINT('Ctrl Pts',(2.96480558135496,-5.01687390785094,0.672615433060175));
#1703=CARTESIAN_POINT('Ctrl Pts',(2.99502982750101,-4.99757960163115,0.673701465836503));
#1704=CARTESIAN_POINT('Ctrl Pts',(3.02508738174009,-4.97799982397463,0.674788262429497));
#1705=CARTESIAN_POINT('Ctrl Pts',(3.0483646272472,-4.96283680412743,0.67562990213545));
#1706=CARTESIAN_POINT('Ctrl Pts',(3.07154564488167,-4.94749997346229,0.676472138183166));
#1707=CARTESIAN_POINT('Ctrl Pts',(3.09460451554206,-4.93200677288584,0.677314111152319));
#1708=CARTESIAN_POINT('Ctrl Pts',(3.23603795477198,-4.83697798008503,0.682478420129966));
#1709=CARTESIAN_POINT('Ctrl Pts',(3.37304121273542,-4.73596758798955,0.687638668207913));
#1710=CARTESIAN_POINT('Ctrl Pts',(3.5052698184235,-4.62934082478926,0.692799965790437));
#1711=CARTESIAN_POINT('Ctrl Pts',(3.63405571818519,-4.52549019756705,0.697826883753039));
#1712=CARTESIAN_POINT('Ctrl Pts',(3.75831280365685,-4.41631111259201,0.702854797281819));
#1713=CARTESIAN_POINT('Ctrl Pts',(3.87769216509545,-4.30209754025723,0.707888427919811));
#1714=CARTESIAN_POINT('Ctrl Pts',(4.00185840191258,-4.18330423043085,0.713123897152643));
#1715=CARTESIAN_POINT('Ctrl Pts',(4.12074883411514,-4.05906427435985,0.718365551176403));
#1716=CARTESIAN_POINT('Ctrl Pts',(4.23392626266169,-3.92966818582157,0.723618702586647));
#1717=CARTESIAN_POINT('Ctrl Pts',(4.34021126689516,-3.80815222637009,0.728551940839602));
#1718=CARTESIAN_POINT('Ctrl Pts',(4.44145799629279,-3.68208826053465,0.733495318754459));
#1719=CARTESIAN_POINT('Ctrl Pts',(4.53725972133899,-3.55169099538158,0.738453236235921));
#1720=CARTESIAN_POINT('Ctrl Pts',(4.54347232060175,-3.54323492684038,0.738774749804443));
#1721=CARTESIAN_POINT('Ctrl Pts',(4.5496620050733,-3.53476062800316,0.739096324516627));
#1722=CARTESIAN_POINT('Ctrl Pts',(4.55582865672609,-3.52626815448082,0.739417961572379));
#1723=CARTESIAN_POINT('Ctrl Pts',(4.57749831202404,-3.49642554552259,0.740548196345091));
#1724=CARTESIAN_POINT('Ctrl Pts',(4.59888356192445,-3.46635851364667,0.741679200951278));
#1725=CARTESIAN_POINT('Ctrl Pts',(4.61998189516983,-3.43607152634046,0.742811027456555));
#1726=CARTESIAN_POINT('Ctrl Pts',(4.63124069513327,-3.41990934292958,0.743415009205635));
#1727=CARTESIAN_POINT('Ctrl Pts',(4.64241778891704,-3.4036845231394,0.744019225003509));
#1728=CARTESIAN_POINT('Ctrl Pts',(4.6535127802547,-3.38739774219324,0.744623682762122));
#1729=CARTESIAN_POINT('Ctrl Pts',(4.66516115032195,-3.37029863450656,0.745258288725125));
#1730=CARTESIAN_POINT('Ctrl Pts',(4.67671413882797,-3.35313838062868,0.745892895812224));
#1731=CARTESIAN_POINT('Ctrl Pts',(4.68816972671649,-3.33592066323509,0.746527412411394));
#1732=CARTESIAN_POINT('Ctrl Pts',(4.77824454334764,-3.20053845918525,0.751516590345857));
#1733=CARTESIAN_POINT('Ctrl Pts',(4.86233801390776,-3.06155171758826,0.75650219860157));
#1734=CARTESIAN_POINT('Ctrl Pts',(4.94034822803991,-2.91940692293021,0.761488848486919));
#1735=CARTESIAN_POINT('Ctrl Pts',(5.01914587796127,-2.77582731746167,0.766525833660175));
#1736=CARTESIAN_POINT('Ctrl Pts',(5.09173715947825,-2.62902490871285,0.771563881597631));
#1737=CARTESIAN_POINT('Ctrl Pts',(5.15797229207961,-2.47943150437712,0.776607744661706));
#1738=CARTESIAN_POINT('Ctrl Pts',(5.22401350524458,-2.33027607106246,0.781636840591721));
#1739=CARTESIAN_POINT('Ctrl Pts',(5.2837359635237,-2.17834524352797,0.786671717647808));
#1740=CARTESIAN_POINT('Ctrl Pts',(5.3369429685783,-2.02404955924365,0.791717086573379));
#1741=CARTESIAN_POINT('Ctrl Pts',(5.38957606195708,-1.87141816887416,0.79670803416604));
#1742=CARTESIAN_POINT('Ctrl Pts',(5.43583366558619,-1.71647197764482,0.801709248510016));
#1743=CARTESIAN_POINT('Ctrl Pts',(5.47547527852618,-1.55960168162927,0.806725289551258));
#1744=CARTESIAN_POINT('Ctrl Pts',(5.49044797652323,-1.50035153026678,0.808619855944533));
#1745=CARTESIAN_POINT('Ctrl Pts',(5.50447631987781,-1.44082687296944,0.810516537491436));
#1746=CARTESIAN_POINT('Ctrl Pts',(5.51754538342823,-1.38104881526264,0.812415579892405));
#1747=CARTESIAN_POINT('Ctrl Pts',(5.52308779014001,-1.35569777867361,0.813220937162915));
#1748=CARTESIAN_POINT('Ctrl Pts',(5.52845826946865,-1.33029781712156,0.814026824891708));
#1749=CARTESIAN_POINT('Ctrl Pts',(5.53365066989994,-1.30487586747062,0.81483246055277));
#1750=CARTESIAN_POINT('Ctrl Pts',(5.56105852904773,-1.17068721532115,0.819084973242231));
#1751=CARTESIAN_POINT('Ctrl Pts',(5.58353827398172,-1.03574867280341,0.823334851522194));
#1752=CARTESIAN_POINT('Ctrl Pts',(5.60100332634551,-0.900307847814142,0.827584951965477));
#1753=CARTESIAN_POINT('Ctrl Pts',(5.62171980936892,-0.739652300202761,0.832626284327215));
#1754=CARTESIAN_POINT('Ctrl Pts',(5.63538212297807,-0.57828974906525,0.837667929271428));
#1755=CARTESIAN_POINT('Ctrl Pts',(5.64209050537423,-0.416670916346798,0.842714654221341));
#1756=CARTESIAN_POINT('Ctrl Pts',(5.64784977513825,-0.277918173642874,0.847047360482699));
#1757=CARTESIAN_POINT('Ctrl Pts',(5.64848271063283,-0.138976086997092,0.85138381098184));
#1758=CARTESIAN_POINT('Ctrl Pts',(5.64402212470602,-0.000129671114284132,
0.855727022421654));
#1759=CARTESIAN_POINT('Ctrl Pts',(2.25188581264481,-4.61683992026025,9.00160238012882));
#1760=CARTESIAN_POINT('Ctrl Pts',(1.48346425194974,-4.99164122170153,8.95524563811876));
#1761=CARTESIAN_POINT('Ctrl Pts',(-0.243374458090698,-5.3497374889858,8.86253215409863));
#1762=CARTESIAN_POINT('Ctrl Pts',(-2.77554453043621,-4.57971997424805,8.72346192806844));
#1763=CARTESIAN_POINT('Ctrl Pts',(-4.6294220609899,-2.69173856982977,8.58439170203825));
#1764=CARTESIAN_POINT('Ctrl Pts',(-5.35316162628347,-0.146339092351935,
8.44532147600807));
#1765=CARTESIAN_POINT('Ctrl Pts',(-4.76962873925567,2.43471882280179,8.30625124997785));
#1766=CARTESIAN_POINT('Ctrl Pts',(-3.02151728186046,4.42130471316463,8.1671810239477));
#1767=CARTESIAN_POINT('Ctrl Pts',(-0.535576874626919,5.32827757153778,8.02811079791748));
#1768=CARTESIAN_POINT('Ctrl Pts',(2.08112308165357,4.93420126061759,7.88904057188732));
#1769=CARTESIAN_POINT('Ctrl Pts',(4.18966331727648,3.33528697171044,7.7499703458571));
#1770=CARTESIAN_POINT('Ctrl Pts',(5.27516717360172,0.92196480040729,7.61090011982693));
#1771=CARTESIAN_POINT('Ctrl Pts',(5.07258306731441,-1.7164839402168,7.47182989379674));
#1772=CARTESIAN_POINT('Ctrl Pts',(3.63137459053418,-3.93580104974011,7.33275966776654));
#1773=CARTESIAN_POINT('Ctrl Pts',(1.30345771022749,-5.19407464663355,7.19368944173636));
#1774=CARTESIAN_POINT('Ctrl Pts',(-1.34273773700709,-5.18405904146403,7.05461921570616));
#1775=CARTESIAN_POINT('Ctrl Pts',(-3.6610633643519,-3.90820008000587,6.91554898967598));
#1776=CARTESIAN_POINT('Ctrl Pts',(-5.08543068446786,-1.67803685976897,6.77647876364578));
#1777=CARTESIAN_POINT('Ctrl Pts',(-5.26803760266107,0.961869347966962,6.6374085376156));
#1778=CARTESIAN_POINT('Ctrl Pts',(-4.16429522085602,3.36690632726389,6.4983383115854));
#1779=CARTESIAN_POINT('Ctrl Pts',(-2.04371530418171,4.94981218041458,6.35926808555522));
#1780=CARTESIAN_POINT('Ctrl Pts',(0.575898970703846,5.32407299486263,6.22019785952502));
#1781=CARTESIAN_POINT('Ctrl Pts',(3.05489024859007,4.39830176840244,6.08112763349485));
#1782=CARTESIAN_POINT('Ctrl Pts',(4.7879384842019,2.39855330292733,5.94205740746464));
#1783=CARTESIAN_POINT('Ctrl Pts',(5.35186799512006,-0.186873861409832,5.80298718143446));
#1784=CARTESIAN_POINT('Ctrl Pts',(4.60897848350045,-2.72667016976202,5.66391695540426));
#1785=CARTESIAN_POINT('Ctrl Pts',(2.74066869620089,-4.60066820954727,5.52484672937408));
#1786=CARTESIAN_POINT('Ctrl Pts',(0.203142480261374,-5.35127517598735,5.38577650334388));
#1787=CARTESIAN_POINT('Ctrl Pts',(-2.38398706249064,-4.79520787478101,5.2467062773137));
#1788=CARTESIAN_POINT('Ctrl Pts',(-4.3889946910339,-3.06824680861424,5.1076360512835));
#1789=CARTESIAN_POINT('Ctrl Pts',(-5.32229768186918,-0.592081296817176,
4.96856582525332));
#1790=CARTESIAN_POINT('Ctrl Pts',(-4.95600212898802,2.02865861444351,4.82949559922313));
#1791=CARTESIAN_POINT('Ctrl Pts',(-3.37955007331156,4.15404070495935,4.69042537319293));
#1792=CARTESIAN_POINT('Ctrl Pts',(-0.977879546923674,5.26508921749592,4.55135514716275));
#1793=CARTESIAN_POINT('Ctrl Pts',(1.66256958808068,5.090508348021,4.41228492113255));
#1794=CARTESIAN_POINT('Ctrl Pts',(3.89705251362904,3.6729272498242,4.27321469510237));
#1795=CARTESIAN_POINT('Ctrl Pts',(5.1799532327228,1.35849084769975,4.13414446907218));
#1796=CARTESIAN_POINT('Ctrl Pts',(5.19801307290122,-1.28766182301008,3.99507424304199));
#1797=CARTESIAN_POINT('Ctrl Pts',(3.94682218273909,-3.61939325499584,3.8560040170118));
#1798=CARTESIAN_POINT('Ctrl Pts',(1.73189632930001,-5.06734131286343,3.71693379098161));
#1799=CARTESIAN_POINT('Ctrl Pts',(-0.90592393591951,-5.27794606819856,3.57786356495142));
#1800=CARTESIAN_POINT('Ctrl Pts',(-3.32253571218649,-4.19978205597274,3.43879333892123));
#1801=CARTESIAN_POINT('Ctrl Pts',(-4.92785078336792,-2.09611534356641,3.29972311289104));
#1802=CARTESIAN_POINT('Ctrl Pts',(-5.32988334669109,0.519380772367636,3.16065288686084));
#1803=CARTESIAN_POINT('Ctrl Pts',(-4.43046509897899,3.00805450150056,3.02158266083066));
#1804=CARTESIAN_POINT('Ctrl Pts',(-2.44921596982421,4.76222154132325,2.88251243480047));
#1805=CARTESIAN_POINT('Ctrl Pts',(0.13008266619022,5.3535494185465,2.74344220877028));
#1806=CARTESIAN_POINT('Ctrl Pts',(2.67761772067901,4.63764770341486,2.60437198274009));
#1807=CARTESIAN_POINT('Ctrl Pts',(4.57133212988158,2.78932526325622,2.46530175670991));
#1808=CARTESIAN_POINT('Ctrl Pts',(5.34881875447989,0.259905434221937,2.32623153067971));
#1809=CARTESIAN_POINT('Ctrl Pts',(4.82023090977156,-2.33297809721657,2.18716130464952));
#1810=CARTESIAN_POINT('Ctrl Pts',(3.11463919693713,-4.35619508541267,2.04809107861933));
#1811=CARTESIAN_POINT('Ctrl Pts',(0.648514904300171,-5.31571643732602,1.90902085258914));
#1812=CARTESIAN_POINT('Ctrl Pts',(-1.97596366225326,-4.97724626487605,1.76995062655895));
#1813=CARTESIAN_POINT('Ctrl Pts',(-4.11795162454635,-3.42343217474058,1.63088040052876));
#1814=CARTESIAN_POINT('Ctrl Pts',(-5.25441791428635,-1.03368452728058,1.49181017449857));
#1815=CARTESIAN_POINT('Ctrl Pts',(-5.10786118639591,1.60846827520382,1.35273994846838));
#1816=CARTESIAN_POINT('Ctrl Pts',(-3.71406573296173,3.8578651523705,1.21366972243819));
#1817=CARTESIAN_POINT('Ctrl Pts',(-1.41337232302324,5.16524893614099,1.074599496408));
#1818=CARTESIAN_POINT('Ctrl Pts',(1.2324433547783,5.21138165350939,0.935529270377814));
#1819=CARTESIAN_POINT('Ctrl Pts',(3.57731103656355,3.98500065441253,0.796459044347623));
#1820=CARTESIAN_POINT('Ctrl Pts',(5.0486908211967,1.78555958825164,0.657388818317435));
#1821=CARTESIAN_POINT('Ctrl Pts',(5.28724201687783,-0.849874056199345,0.518318592287242));
#1822=CARTESIAN_POINT('Ctrl Pts',(4.23483266168457,-3.27779603614896,0.379248366257054));
#1823=CARTESIAN_POINT('Ctrl Pts',(2.14820686004339,-4.90532490601303,0.240178140226862));
#1824=CARTESIAN_POINT('Ctrl Pts',(-0.462658507487108,-5.33511289368938,
0.101107914196676));
#1825=CARTESIAN_POINT('Ctrl Pts',(-2.96118826492125,-4.46209439474376,-0.0379623118335149));
#1826=CARTESIAN_POINT('Ctrl Pts',(-4.14377252866859,-3.15377511938538,-0.130675795853643));
#1827=CARTESIAN_POINT('Ctrl Pts',(-4.54283804139546,-2.3976703468471,-0.177032537863706));
#1828=CARTESIAN_POINT('Ctrl Pts',(2.39458086924984,-4.90939482249313,9.18952989275006));
#1829=CARTESIAN_POINT('Ctrl Pts',(1.57746680492772,-5.30794612609904,9.14317315073999));
#1830=CARTESIAN_POINT('Ctrl Pts',(-0.258796346660033,-5.68873384907048,
9.05045966671987));
#1831=CARTESIAN_POINT('Ctrl Pts',(-2.9514222244367,-4.86992270002171,8.91138944068967));
#1832=CARTESIAN_POINT('Ctrl Pts',(-4.92277425466339,-2.86230573865824,8.77231921465948));
#1833=CARTESIAN_POINT('Ctrl Pts',(-5.69237496338483,-0.15561214916034,8.6332489886293));
#1834=CARTESIAN_POINT('Ctrl Pts',(-5.07186539757616,2.58899944319836,8.4941787625991));
#1835=CARTESIAN_POINT('Ctrl Pts',(-3.21298151026279,4.70146915257382,8.35510853656893));
#1836=CARTESIAN_POINT('Ctrl Pts',(-0.569514728852073,5.66591408286024,8.21603831053871));
#1837=CARTESIAN_POINT('Ctrl Pts',(2.21299743081954,5.2468663718905,8.07696808450855));
#1838=CARTESIAN_POINT('Ctrl Pts',(4.45514935607019,3.54663381734081,7.93789785847834));
#1839=CARTESIAN_POINT('Ctrl Pts',(5.60943824285903,0.980386865435292,7.79882763244816));
#1840=CARTESIAN_POINT('Ctrl Pts',(5.39401700675295,-1.82525223194613,7.65975740641797));
#1841=CARTESIAN_POINT('Ctrl Pts',(3.86148359510301,-4.18520061983608,7.52068718038777));
#1842=CARTESIAN_POINT('Ctrl Pts',(1.38605380399866,-5.52320713263721,7.3816169543576));
#1843=CARTESIAN_POINT('Ctrl Pts',(-1.42782288489162,-5.51255686946746,7.24254672832739));
#1844=CARTESIAN_POINT('Ctrl Pts',(-3.89305365492407,-4.15585066180214,7.10347650229722));
#1845=CARTESIAN_POINT('Ctrl Pts',(-5.40767873776896,-1.78436887862424,6.96440627626701));
#1846=CARTESIAN_POINT('Ctrl Pts',(-5.60185689300346,1.02282004106343,6.82533605023683));
#1847=CARTESIAN_POINT('Ctrl Pts',(-4.42817376164323,3.58025679390611,6.68626582420664));
#1848=CARTESIAN_POINT('Ctrl Pts',(-2.17321923789683,5.26346650751344,6.54719559817645));
#1849=CARTESIAN_POINT('Ctrl Pts',(0.612391911758811,5.66144307513282,6.40812537214626));
#1850=CARTESIAN_POINT('Ctrl Pts',(3.24846921893438,4.67700858216894,6.26905514611608));
#1851=CARTESIAN_POINT('Ctrl Pts',(5.09133537457184,2.55054222590449,6.12998492008587));
#1852=CARTESIAN_POINT('Ctrl Pts',(5.6909993588056,-0.198715481478726,5.9909146940557));
#1853=CARTESIAN_POINT('Ctrl Pts',(4.90103523073936,-2.89945084630995,5.85184446802549));
#1854=CARTESIAN_POINT('Ctrl Pts',(2.9143364161821,-4.89219836036397,5.71277424199532));
#1855=CARTESIAN_POINT('Ctrl Pts',(0.21601499251622,-5.69036897455336,5.57370401596512));
#1856=CARTESIAN_POINT('Ctrl Pts',(-2.53505296774995,-5.099065404005,5.43463378993493));
#1857=CARTESIAN_POINT('Ctrl Pts',(-4.66711174402103,-3.26267214296067,5.29556356390474));
#1858=CARTESIAN_POINT('Ctrl Pts',(-5.65955526603203,-0.629599661953497,
5.15649333787456));
#1859=CARTESIAN_POINT('Ctrl Pts',(-5.27004869403123,2.15720845218165,5.01742311184436));
#1860=CARTESIAN_POINT('Ctrl Pts',(-3.59370173513333,4.41726944871062,4.87835288581417));
#1861=CARTESIAN_POINT('Ctrl Pts',(-1.03984475693461,5.59872167776653,4.73928265978398));
#1862=CARTESIAN_POINT('Ctrl Pts',(1.76792149364749,5.41307815719624,4.60021243375379));
#1863=CARTESIAN_POINT('Ctrl Pts',(4.14399670853561,3.90566931821722,4.4611422077236));
#1864=CARTESIAN_POINT('Ctrl Pts',(5.50819088829321,1.4445742216086,4.32207198169341));
#1865=CARTESIAN_POINT('Ctrl Pts',(5.52739512482694,-1.36925698014052,4.18300175566322));
#1866=CARTESIAN_POINT('Ctrl Pts',(4.19692012803167,-3.84874303929549,4.04393152963304));
#1867=CARTESIAN_POINT('Ctrl Pts',(1.84164125657644,-5.38844309849386,3.90486130360284));
#1868=CARTESIAN_POINT('Ctrl Pts',(-0.963329540852942,-5.61239322743324,
3.76579107757265));
#1869=CARTESIAN_POINT('Ctrl Pts',(-3.53307454984002,-4.46590928802009,3.62672085154246));
#1870=CARTESIAN_POINT('Ctrl Pts',(-5.24011348448951,-2.22893970611683,3.48765062551228));
#1871=CARTESIAN_POINT('Ctrl Pts',(-5.66762161103101,0.552292329559569,3.34858039948208));
#1872=CARTESIAN_POINT('Ctrl Pts',(-4.71121000377633,3.1986656350458,3.2095101734519));
#1873=CARTESIAN_POINT('Ctrl Pts',(-2.60441522970211,5.06398882836287,3.0704399474217));
#1874=CARTESIAN_POINT('Ctrl Pts',(0.13832560342581,5.69278732884718,2.93136972139152));
#1875=CARTESIAN_POINT('Ctrl Pts',(2.84729009486133,4.93152113067171,2.79229949536132));
#1876=CARTESIAN_POINT('Ctrl Pts',(4.86100334383525,2.96607619978028,2.65322926933114));
#1877=CARTESIAN_POINT('Ctrl Pts',(5.68775689719334,0.27637483974863,2.51415904330094));
#1878=CARTESIAN_POINT('Ctrl Pts',(5.12567407152378,-2.48081172171533,2.37508881727075));
#1879=CARTESIAN_POINT('Ctrl Pts',(3.3120042738054,-4.63223372858236,2.23601859124057));
#1880=CARTESIAN_POINT('Ctrl Pts',(0.689609293038134,-5.6525569883261,2.09694836521037));
#1881=CARTESIAN_POINT('Ctrl Pts',(-2.10117438344147,-5.29263900526973,1.95787813918019));
#1882=CARTESIAN_POINT('Ctrl Pts',(-4.37889351461106,-3.64036450994827,1.81880791314999));
#1883=CARTESIAN_POINT('Ctrl Pts',(-5.58737416699484,-1.09918592673156,1.67973768711981));
#1884=CARTESIAN_POINT('Ctrl Pts',(-5.43153059140335,1.71039194748276,1.54066746108962));
#1885=CARTESIAN_POINT('Ctrl Pts',(-3.94941462011394,4.10232616509191,1.40159723505942));
#1886=CARTESIAN_POINT('Ctrl Pts',(-1.5029333667073,5.49255482580157,1.26252700902924));
#1887=CARTESIAN_POINT('Ctrl Pts',(1.3105394879326,5.54161083114454,1.12345678299905));
#1888=CARTESIAN_POINT('Ctrl Pts',(3.80399420050992,4.23751785166982,0.984386556968857));
#1889=CARTESIAN_POINT('Ctrl Pts',(5.36861078270925,1.89870499069014,0.845316330938667));
#1890=CARTESIAN_POINT('Ctrl Pts',(5.62227823170118,-0.903727953175623,0.706246104908476));
#1891=CARTESIAN_POINT('Ctrl Pts',(4.50318094248049,-3.48549985855935,0.567175878878286));
#1892=CARTESIAN_POINT('Ctrl Pts',(2.28433210128428,-5.21616021178172,0.428105652848095));
#1893=CARTESIAN_POINT('Ctrl Pts',(-0.491975749748667,-5.67318253828879,
0.289035426817909));
#1894=CARTESIAN_POINT('Ctrl Pts',(-3.14882962964251,-4.74484355043348,0.149965200787718));
#1895=CARTESIAN_POINT('Ctrl Pts',(-4.40635060976689,-3.3536201189201,0.0572517167675902));
#1896=CARTESIAN_POINT('Ctrl Pts',(-4.8307036728695,-2.54960331962147,0.0108949747575267));
#1897=CARTESIAN_POINT('Ctrl Pts',(2.53727592585488,-5.20194972472602,9.37745740537129));
#1898=CARTESIAN_POINT('Ctrl Pts',(1.67146935790571,-5.62425103049656,9.33110066336122));
#1899=CARTESIAN_POINT('Ctrl Pts',(-0.274218235229366,-6.02773020915515,
9.23838717934109));
#1900=CARTESIAN_POINT('Ctrl Pts',(-3.1272999184372,-5.16012542579536,9.09931695331091));
#1901=CARTESIAN_POINT('Ctrl Pts',(-5.21612644833688,-3.03287290748671,8.96024672728071));
#1902=CARTESIAN_POINT('Ctrl Pts',(-6.03158830048618,-0.164885205968738,
8.82117650125054));
#1903=CARTESIAN_POINT('Ctrl Pts',(-5.37410205589666,2.74328006359491,8.68210627522032));
#1904=CARTESIAN_POINT('Ctrl Pts',(-3.40444573866512,4.98163359198301,8.54303604919016));
#1905=CARTESIAN_POINT('Ctrl Pts',(-0.603452583077227,6.00355059418269,8.40396582315995));
#1906=CARTESIAN_POINT('Ctrl Pts',(2.3448717799855,5.55953148316342,8.26489559712978));
#1907=CARTESIAN_POINT('Ctrl Pts',(4.7206353948639,3.75798066297118,8.12582537109957));
#1908=CARTESIAN_POINT('Ctrl Pts',(5.94370931211633,1.0388089304633,7.98675514506939));
#1909=CARTESIAN_POINT('Ctrl Pts',(5.71545094619149,-1.93402052367545,7.8476849190392));
#1910=CARTESIAN_POINT('Ctrl Pts',(4.09159259967184,-4.43460018993205,7.70861469300901));
#1911=CARTESIAN_POINT('Ctrl Pts',(1.46864989776983,-5.85233961864088,7.56954446697882));
#1912=CARTESIAN_POINT('Ctrl Pts',(-1.51290803277614,-5.84105469747089,7.43047424094862));
#1913=CARTESIAN_POINT('Ctrl Pts',(-4.12504394549624,-4.40350124359841,7.29140401491845));
#1914=CARTESIAN_POINT('Ctrl Pts',(-5.72992679107005,-1.89070089747952,7.15233378888823));
#1915=CARTESIAN_POINT('Ctrl Pts',(-5.93567618334584,1.08377073415989,7.01326356285808));
#1916=CARTESIAN_POINT('Ctrl Pts',(-4.69205230243045,3.79360726054834,6.87419333682786));
#1917=CARTESIAN_POINT('Ctrl Pts',(-2.30272317161196,5.57712083461229,6.73512311079769));
#1918=CARTESIAN_POINT('Ctrl Pts',(0.648884852813778,5.99881315540301,6.59605288476748));
#1919=CARTESIAN_POINT('Ctrl Pts',(3.4420481892787,4.95571539593544,6.45698265873731));
#1920=CARTESIAN_POINT('Ctrl Pts',(5.39473226494177,2.70253114888164,6.31791243270711));
#1921=CARTESIAN_POINT('Ctrl Pts',(6.03013072249115,-0.210557101547623,6.17884220667692));
#1922=CARTESIAN_POINT('Ctrl Pts',(5.19309197797827,-3.07223152285789,6.03977198064673));
#1923=CARTESIAN_POINT('Ctrl Pts',(3.0880041361633,-5.18372851118067,5.90070175461654));
#1924=CARTESIAN_POINT('Ctrl Pts',(0.228887504771066,-6.02946277311938,5.76163152858635));
#1925=CARTESIAN_POINT('Ctrl Pts',(-2.68611887300926,-5.40292293322898,5.62256130255617));
#1926=CARTESIAN_POINT('Ctrl Pts',(-4.94522879700815,-3.45709747730709,5.48349107652597));
#1927=CARTESIAN_POINT('Ctrl Pts',(-5.99681285019489,-0.667118027089819,
5.34442085049579));
#1928=CARTESIAN_POINT('Ctrl Pts',(-5.58409525907443,2.28575828991979,5.20535062446559));
#1929=CARTESIAN_POINT('Ctrl Pts',(-3.8078533969551,4.68049819246189,5.06628039843541));
#1930=CARTESIAN_POINT('Ctrl Pts',(-1.10180996694554,5.93235413803713,4.92721017240521));
#1931=CARTESIAN_POINT('Ctrl Pts',(1.87327339921429,5.73564796637148,4.78813994637503));
#1932=CARTESIAN_POINT('Ctrl Pts',(4.39094090344218,4.13841138661024,4.64906972034484));
#1933=CARTESIAN_POINT('Ctrl Pts',(5.83642854386364,1.53065759551745,4.50999949431465));
#1934=CARTESIAN_POINT('Ctrl Pts',(5.85677717675266,-1.45085213727096,4.37092926828445));
#1935=CARTESIAN_POINT('Ctrl Pts',(4.44701807332425,-4.07809282359514,4.23185904225427));
#1936=CARTESIAN_POINT('Ctrl Pts',(1.95138618385286,-5.7095448841243,4.09278881622407));
#1937=CARTESIAN_POINT('Ctrl Pts',(-1.02073514578638,-5.94684038666792,3.95371859019389));
#1938=CARTESIAN_POINT('Ctrl Pts',(-3.74361338749355,-4.73203652006743,3.81464836416369));
#1939=CARTESIAN_POINT('Ctrl Pts',(-5.5523761856111,-2.36176406866727,3.67557813813351));
#1940=CARTESIAN_POINT('Ctrl Pts',(-6.00535987537092,0.58520388675151,3.53650791210332));
#1941=CARTESIAN_POINT('Ctrl Pts',(-4.99195490857367,3.38927676859102,3.39743768607313));
#1942=CARTESIAN_POINT('Ctrl Pts',(-2.75961448958001,5.36575611540251,3.25836746004294));
#1943=CARTESIAN_POINT('Ctrl Pts',(0.1465685406614,6.03202523914784,3.11929723401275));
#1944=CARTESIAN_POINT('Ctrl Pts',(3.01696246904366,5.22539455792857,2.98022700798256));
#1945=CARTESIAN_POINT('Ctrl Pts',(5.15067455778893,3.14282713630433,2.84115678195237));
#1946=CARTESIAN_POINT('Ctrl Pts',(6.02669503990679,0.292844245275327,2.70208655592218));
#1947=CARTESIAN_POINT('Ctrl Pts',(5.43111723327601,-2.6286453462141,2.56301632989199));
#1948=CARTESIAN_POINT('Ctrl Pts',(3.50936935067367,-4.90827237175204,2.4239461038618));
#1949=CARTESIAN_POINT('Ctrl Pts',(0.730703681776095,-5.9893975393262,2.28487587783161));
#1950=CARTESIAN_POINT('Ctrl Pts',(-2.22638510462966,-5.60803174566341,2.14580565180142));
#1951=CARTESIAN_POINT('Ctrl Pts',(-4.63983540467577,-3.85729684515597,2.00673542577123));
#1952=CARTESIAN_POINT('Ctrl Pts',(-5.92033041970332,-1.16468732618255,1.86766519974104));
#1953=CARTESIAN_POINT('Ctrl Pts',(-5.75519999641079,1.81231561976171,1.72859497371085));
#1954=CARTESIAN_POINT('Ctrl Pts',(-4.18476350726615,4.34678717781331,1.58952474768066));
#1955=CARTESIAN_POINT('Ctrl Pts',(-1.59249441039136,5.81986071546214,1.45045452165047));
#1956=CARTESIAN_POINT('Ctrl Pts',(1.38863562108691,5.87184000877971,1.31138429562028));
#1957=CARTESIAN_POINT('Ctrl Pts',(4.03067736445628,4.4900350489271,1.17231406959009));
#1958=CARTESIAN_POINT('Ctrl Pts',(5.68853074422181,2.01185039312863,1.0332438435599));
#1959=CARTESIAN_POINT('Ctrl Pts',(5.95731444652453,-0.957581850151903,0.894173617529709));
#1960=CARTESIAN_POINT('Ctrl Pts',(4.7715292232764,-3.69320368096973,0.75510339149952));
#1961=CARTESIAN_POINT('Ctrl Pts',(2.42045734252518,-5.52699551755041,0.616033165469329));
#1962=CARTESIAN_POINT('Ctrl Pts',(-0.521292992010225,-6.01125218288819,
0.476962939439143));
#1963=CARTESIAN_POINT('Ctrl Pts',(-3.33647099436377,-5.0275927061232,0.337892713408952));
#1964=CARTESIAN_POINT('Ctrl Pts',(-4.66892869086519,-3.55346511845483,0.245179229388824));
#1965=CARTESIAN_POINT('Ctrl Pts',(-5.11856930434355,-2.70153629239585,0.198822487378761));
#1966=CARTESIAN_POINT('Ctrl Pts',(2.67997098245992,-5.49450462695891,9.56538491799252));
#1967=CARTESIAN_POINT('Ctrl Pts',(1.7654719108837,-5.94055593489407,9.51902817598246));
#1968=CARTESIAN_POINT('Ctrl Pts',(-0.289640123798701,-6.36672656923983,
9.42631469196233));
#1969=CARTESIAN_POINT('Ctrl Pts',(-3.30317761243769,-5.45032815156901,9.28724446593215));
#1970=CARTESIAN_POINT('Ctrl Pts',(-5.50947864201038,-3.20344007631518,9.14817423990194));
#1971=CARTESIAN_POINT('Ctrl Pts',(-6.37080163758753,-0.174158262777143,
9.00910401387177));
#1972=CARTESIAN_POINT('Ctrl Pts',(-5.67633871421716,2.89756068399147,8.87003378784156));
#1973=CARTESIAN_POINT('Ctrl Pts',(-3.59590996706743,5.2617980313922,8.73096356181138));
#1974=CARTESIAN_POINT('Ctrl Pts',(-0.637390437302387,6.34118710550516,8.59189333578118));
#1975=CARTESIAN_POINT('Ctrl Pts',(2.47674612915147,5.87219659443632,8.45282310975101));
#1976=CARTESIAN_POINT('Ctrl Pts',(4.9861214336576,3.96932750860156,8.3137528837208));
#1977=CARTESIAN_POINT('Ctrl Pts',(6.27798038137363,1.0972309954913,8.17468265769062));
#1978=CARTESIAN_POINT('Ctrl Pts',(6.03688488563003,-2.04278881540478,8.03561243166044));
#1979=CARTESIAN_POINT('Ctrl Pts',(4.32170160424067,-4.68399976002802,7.89654220563023));
#1980=CARTESIAN_POINT('Ctrl Pts',(1.55124599154101,-6.18147210464454,7.75747197960007));
#1981=CARTESIAN_POINT('Ctrl Pts',(-1.59799318066067,-6.16955252547432,7.61840175356985));
#1982=CARTESIAN_POINT('Ctrl Pts',(-4.35703423606841,-4.65115182539468,7.47933152753968));
#1983=CARTESIAN_POINT('Ctrl Pts',(-6.05217484437114,-1.99703291633479,7.34026130150948));
#1984=CARTESIAN_POINT('Ctrl Pts',(-6.26949547368824,1.14472142725636,7.2011910754793));
#1985=CARTESIAN_POINT('Ctrl Pts',(-4.95593084321765,4.00695772719056,7.0621208494491));
#1986=CARTESIAN_POINT('Ctrl Pts',(-2.43222710532709,5.89077516171115,6.92305062341891));
#1987=CARTESIAN_POINT('Ctrl Pts',(0.685377793868752,6.3361832356732,6.78398039738872));
#1988=CARTESIAN_POINT('Ctrl Pts',(3.635627159623,5.23442220970194,6.64491017135854));
#1989=CARTESIAN_POINT('Ctrl Pts',(5.69812915531173,2.85452007185879,6.50583994532834));
#1990=CARTESIAN_POINT('Ctrl Pts',(6.36926208617668,-0.22239872161652,6.36676971929816));
#1991=CARTESIAN_POINT('Ctrl Pts',(5.48514872521718,-3.24501219940582,6.22769949326796));
#1992=CARTESIAN_POINT('Ctrl Pts',(3.2616718561445,-5.47525866199738,6.08862926723778));
#1993=CARTESIAN_POINT('Ctrl Pts',(0.241760017025916,-6.3685565716854,5.94955904120758));
#1994=CARTESIAN_POINT('Ctrl Pts',(-2.83718477826857,-5.70678046245297,5.8104888151774));
#1995=CARTESIAN_POINT('Ctrl Pts',(-5.22334584999527,-3.65152281165352,5.6714185891472));
#1996=CARTESIAN_POINT('Ctrl Pts',(-6.33407043435774,-0.704636392226142,
5.53234836311702));
#1997=CARTESIAN_POINT('Ctrl Pts',(-5.89814182411764,2.41430812765793,5.39327813708682));
#1998=CARTESIAN_POINT('Ctrl Pts',(-4.02200505877687,4.94372693621316,5.25420791105664));
#1999=CARTESIAN_POINT('Ctrl Pts',(-1.16377517695648,6.26598659830774,5.11513768502645));
#2000=CARTESIAN_POINT('Ctrl Pts',(1.9786253047811,6.05821777554672,4.97606745899625));
#2001=CARTESIAN_POINT('Ctrl Pts',(4.63788509834875,4.37115345500326,4.83699723296607));
#2002=CARTESIAN_POINT('Ctrl Pts',(6.16466619943407,1.6167409694263,4.69792700693588));
#2003=CARTESIAN_POINT('Ctrl Pts',(6.18615922867837,-1.5324472944014,4.55885678090569));
#2004=CARTESIAN_POINT('Ctrl Pts',(4.69711601861683,-4.30744260789479,4.4197865548755));
#2005=CARTESIAN_POINT('Ctrl Pts',(2.06113111112929,-6.03064666975474,4.28071632884531));
#2006=CARTESIAN_POINT('Ctrl Pts',(-1.07814075071981,-6.28128754590259,4.14164610281512));
#2007=CARTESIAN_POINT('Ctrl Pts',(-3.95415222514708,-4.99816375211478,4.00257587678493));
#2008=CARTESIAN_POINT('Ctrl Pts',(-5.86463888673269,-2.49458843121769,3.86350565075474));
#2009=CARTESIAN_POINT('Ctrl Pts',(-6.34309813971084,0.618115443943441,3.72443542472455));
#2010=CARTESIAN_POINT('Ctrl Pts',(-5.27269981337101,3.57988790213626,3.58536519869436));
#2011=CARTESIAN_POINT('Ctrl Pts',(-2.91481374945792,5.66752340244213,3.44629497266417));
#2012=CARTESIAN_POINT('Ctrl Pts',(0.154811477896988,6.37126314944852,3.30722474663398));
#2013=CARTESIAN_POINT('Ctrl Pts',(3.18663484322599,5.51926798518542,3.16815452060379));
#2014=CARTESIAN_POINT('Ctrl Pts',(5.4403457717426,3.31957807282839,3.0290842945736));
#2015=CARTESIAN_POINT('Ctrl Pts',(6.36563318262024,0.309313650802018,2.89001406854341));
#2016=CARTESIAN_POINT('Ctrl Pts',(5.73656039502822,-2.77647897071286,2.75094384251322));
#2017=CARTESIAN_POINT('Ctrl Pts',(3.70673442754194,-5.18431101492174,2.61187361648303));
#2018=CARTESIAN_POINT('Ctrl Pts',(0.771798070514054,-6.32623809032629,2.47280339045284));
#2019=CARTESIAN_POINT('Ctrl Pts',(-2.35159582581786,-5.92342448605709,2.33373316442265));
#2020=CARTESIAN_POINT('Ctrl Pts',(-4.90077729474049,-4.07422918036366,2.19466293839246));
#2021=CARTESIAN_POINT('Ctrl Pts',(-6.25328667241181,-1.23018872563353,2.05559271236227));
#2022=CARTESIAN_POINT('Ctrl Pts',(-6.07886940141823,1.91423929204065,1.91652248633208));
#2023=CARTESIAN_POINT('Ctrl Pts',(-4.42011239441835,4.59124819053472,1.77745226030189));
#2024=CARTESIAN_POINT('Ctrl Pts',(-1.68205545407542,6.14716660512273,1.6383820342717));
#2025=CARTESIAN_POINT('Ctrl Pts',(1.46673175424121,6.20206918641486,1.49931180824151));
#2026=CARTESIAN_POINT('Ctrl Pts',(4.25736052840265,4.74255224618438,1.36024158221132));
#2027=CARTESIAN_POINT('Ctrl Pts',(6.00845070573436,2.12499579556713,1.22117135618113));
#2028=CARTESIAN_POINT('Ctrl Pts',(6.29235066134787,-1.01143574712818,1.08210113015094));
#2029=CARTESIAN_POINT('Ctrl Pts',(5.03987750407231,-3.90090750338012,0.943030904120753));
#2030=CARTESIAN_POINT('Ctrl Pts',(2.55658258376607,-5.8378308233191,0.803960678090562));
#2031=CARTESIAN_POINT('Ctrl Pts',(-0.550610234271785,-6.34932182748761,
0.664890452060375));
#2032=CARTESIAN_POINT('Ctrl Pts',(-3.52411235908503,-5.31034186181292,0.525820226030185));
#2033=CARTESIAN_POINT('Ctrl Pts',(-4.93150677196349,-3.75331011798955,0.433106742010057));
#2034=CARTESIAN_POINT('Ctrl Pts',(-5.40643493581759,-2.85346926517022,0.386749999999993));
#2035=CARTESIAN_POINT('Ctrl Pts',(6.11291585793503,0.00012719494084084,
8.12649103256056));
#2036=CARTESIAN_POINT('Ctrl Pts',(6.11241608253437,-0.66486100377724,8.09619816559385));
#2037=CARTESIAN_POINT('Ctrl Pts',(5.83876562822183,-2.34787268409974,8.01954855661709));
#2038=CARTESIAN_POINT('Ctrl Pts',(4.32170160424067,-4.68399976002802,7.89654220563023));
#2039=CARTESIAN_POINT('Ctrl Pts',(1.55124599154101,-6.18147210464454,7.75747197960007));
#2040=CARTESIAN_POINT('Ctrl Pts',(-1.59799318066067,-6.16955252547432,7.61840175356985));
#2041=CARTESIAN_POINT('Ctrl Pts',(-4.35703423606841,-4.65115182539468,7.47933152753968));
#2042=CARTESIAN_POINT('Ctrl Pts',(-6.05217484437114,-1.99703291633479,7.34026130150948));
#2043=CARTESIAN_POINT('Ctrl Pts',(-6.26949547368824,1.14472142725636,7.2011910754793));
#2044=CARTESIAN_POINT('Ctrl Pts',(-4.95593084321765,4.00695772719056,7.0621208494491));
#2045=CARTESIAN_POINT('Ctrl Pts',(-2.43222710532709,5.89077516171115,6.92305062341891));
#2046=CARTESIAN_POINT('Ctrl Pts',(0.685377793868752,6.3361832356732,6.78398039738872));
#2047=CARTESIAN_POINT('Ctrl Pts',(3.635627159623,5.23442220970194,6.64491017135854));
#2048=CARTESIAN_POINT('Ctrl Pts',(5.65007135368456,2.90997352842349,6.50908038308247));
#2049=CARTESIAN_POINT('Ctrl Pts',(6.11314222361157,0.946062142183888,6.41960733681649));
#2050=CARTESIAN_POINT('Ctrl Pts',(6.11370788666878,-7.26003250976597E-5,
6.37649103256055));
#2051=CARTESIAN_POINT('',(2.63032362405199,-5.3927170918423,9.49999999999705));
#2052=CARTESIAN_POINT('Ctrl Pts',(2.6303236240507,-5.39271709183966,9.5));
#2053=CARTESIAN_POINT('Ctrl Pts',(2.48285628113791,-5.47992153951768,9.5));
#2054=CARTESIAN_POINT('Ctrl Pts',(2.33163836447988,-5.56063460922137,9.5));
#2055=CARTESIAN_POINT('Ctrl Pts',(2.17715692254908,-5.63478643228262,9.5));
#2056=CARTESIAN_POINT('Ctrl Pts',(2.02119832604461,-5.70964729652845,9.5));
#2057=CARTESIAN_POINT('Ctrl Pts',(1.86191286396445,-5.77782119124724,9.5));
#2058=CARTESIAN_POINT('Ctrl Pts',(1.69977104425551,-5.83919291786356,9.5));
#2059=CARTESIAN_POINT('Ctrl Pts',(1.57743249651192,-5.88549884880867,9.5));
#2060=CARTESIAN_POINT('Ctrl Pts',(1.45346713944193,-5.92793149039745,9.49999999999999));
#2061=CARTESIAN_POINT('Ctrl Pts',(1.3280690967803,-5.96642341536738,9.49999999999999));
#2062=CARTESIAN_POINT('Ctrl Pts',(-3.8797685238452,-3.36603819619223,8.63675));
#2063=CARTESIAN_POINT('Ctrl Pts',(-3.79678788174469,-3.49059845278696,8.65579403015304));
#2064=CARTESIAN_POINT('Ctrl Pts',(-3.70851132453396,-3.61132093547253,8.67469893810098));
#2065=CARTESIAN_POINT('Ctrl Pts',(-3.61531623696555,-3.72792402388832,8.69348475980624));
#2066=CARTESIAN_POINT('Ctrl Pts',(-3.52100503374572,-3.84592356500757,8.71249556278656));
#2067=CARTESIAN_POINT('Ctrl Pts',(-3.42165653614655,-3.9597051387781,8.73138441006145));
#2068=CARTESIAN_POINT('Ctrl Pts',(-3.31760829297869,-4.06896996580318,8.7501720661082));
#2069=CARTESIAN_POINT('Ctrl Pts',(-3.21290758440641,-4.17891997037075,8.76907753573093));
#2070=CARTESIAN_POINT('Ctrl Pts',(-3.10344767276747,-4.28429713362233,8.78788054104711));
#2071=CARTESIAN_POINT('Ctrl Pts',(-2.98952304766779,-4.38477934060384,8.80660223961819));
#2072=CARTESIAN_POINT('Ctrl Pts',(-2.9177140499691,-4.44811531000976,8.81840290526383));
#2073=CARTESIAN_POINT('Ctrl Pts',(-2.8441302339972,-4.50950610713904,8.83017126744594));
#2074=CARTESIAN_POINT('Ctrl Pts',(-2.7688362846751,-4.56886547167752,8.84191262462112));
#2075=CARTESIAN_POINT('Ctrl Pts',(-2.67837598574743,-4.64018150581641,8.85601902612411));
#2076=CARTESIAN_POINT('Ctrl Pts',(-2.58544746692594,-4.70856573002623,8.87008644777604));
#2077=CARTESIAN_POINT('Ctrl Pts',(-2.49021308935183,-4.77395782932804,8.88412407804697));
#2078=CARTESIAN_POINT('Ctrl Pts',(-2.47484758889765,-4.7845084556577,8.88638896620813));
#2079=CARTESIAN_POINT('Ctrl Pts',(-2.45942203744488,-4.79498116411787,8.88865307884295));
#2080=CARTESIAN_POINT('Ctrl Pts',(-2.44393708885206,-4.80537566936511,8.89091645454384));
#2081=CARTESIAN_POINT('Ctrl Pts',(-2.42761866230136,-4.81632965925997,8.89330165652951));
#2082=CARTESIAN_POINT('Ctrl Pts',(-2.4112413683904,-4.82719202342043,8.89568500187385));
#2083=CARTESIAN_POINT('Ctrl Pts',(-2.39480885950513,-4.83796090078063,8.89806614617715));
#2084=CARTESIAN_POINT('Ctrl Pts',(-2.26659324341443,-4.92198569912297,8.91664516451089));
#2085=CARTESIAN_POINT('Ctrl Pts',(-2.13496826193316,-5.00035579308504,8.9350977499291));
#2086=CARTESIAN_POINT('Ctrl Pts',(-2.00039603012109,-5.0730104383107,8.95344240381943));
#2087=CARTESIAN_POINT('Ctrl Pts',(-1.86256013286907,-5.14742711461426,8.97223195493784));
#2088=CARTESIAN_POINT('Ctrl Pts',(-1.72163187589887,-5.21584826928597,8.99090827590426));
#2089=CARTESIAN_POINT('Ctrl Pts',(-1.57806186485074,-5.27817852798125,9.00949124711101));
#2090=CARTESIAN_POINT('Ctrl Pts',(-1.43364603413772,-5.34087599538633,9.02818369690847));
#2091=CARTESIAN_POINT('Ctrl Pts',(-1.28655661471998,-5.39741104639056,9.04678169379605));
#2092=CARTESIAN_POINT('Ctrl Pts',(-1.13721437971472,-5.44764926816884,9.06530547160658));
#2093=CARTESIAN_POINT('Ctrl Pts',(-0.994284062205549,-5.49573054262956,
9.08303394234919));
#2094=CARTESIAN_POINT('Ctrl Pts',(-0.849289460745092,-5.5380441751355,9.10069443030348));
#2095=CARTESIAN_POINT('Ctrl Pts',(-0.702575356978525,-5.57443474704536,
9.11830467341399));
#2096=CARTESIAN_POINT('Ctrl Pts',(-0.654408908108583,-5.5863818235448,9.12408614126605));
#2097=CARTESIAN_POINT('Ctrl Pts',(-0.606056975473777,-5.59769018392101,
9.12986219363722));
#2098=CARTESIAN_POINT('Ctrl Pts',(-0.557531363251186,-5.60835336316893,
9.13563345818336));
#2099=CARTESIAN_POINT('Ctrl Pts',(-0.532457790719757,-5.61386311329968,
9.13861551680287));
#2100=CARTESIAN_POINT('Ctrl Pts',(-0.507337845295169,-5.61920060022947,
9.14159629713454));
#2101=CARTESIAN_POINT('Ctrl Pts',(-0.482173139901971,-5.62436487895033,
9.14457588576626));
#2102=CARTESIAN_POINT('Ctrl Pts',(-0.464244846899509,-5.62804410748121,
9.14669865800546));
#2103=CARTESIAN_POINT('Ctrl Pts',(-0.446295903503468,-5.63163496534257,
9.14882057941629));
#2104=CARTESIAN_POINT('Ctrl Pts',(-0.428335775747972,-5.63513552287805,
9.15094063778059));
#2105=CARTESIAN_POINT('Ctrl Pts',(-0.371685008941743,-5.6461771630787,9.15762783586997));
#2106=CARTESIAN_POINT('Ctrl Pts',(-0.314898162076887,-5.6563255654078,9.16429944165758));
#2107=CARTESIAN_POINT('Ctrl Pts',(-0.257996497371585,-5.66557672255843,
9.1709563123186));
#2108=CARTESIAN_POINT('Ctrl Pts',(-0.101103989305413,-5.69108453951585,
9.18931101493208));
#2109=CARTESIAN_POINT('Ctrl Pts',(0.0566593482774475,-5.70977445670659,
9.20755369425169));
#2110=CARTESIAN_POINT('Ctrl Pts',(0.214862330908887,-5.72181124060282,9.2257023183414));
#2111=CARTESIAN_POINT('Ctrl Pts',(0.375481787537454,-5.73403188054785,9.24412815388103));
#2112=CARTESIAN_POINT('Ctrl Pts',(0.536555038202874,-5.73939475693784,9.26245703895042));
#2113=CARTESIAN_POINT('Ctrl Pts',(0.697655651042513,-5.73802436569419,9.28070777761446));
#2114=CARTESIAN_POINT('Ctrl Pts',(0.861675195407128,-5.736629144761,9.2992891956937));
#2115=CARTESIAN_POINT('Ctrl Pts',(1.02572381205984,-5.72825465733619,9.31778960989269));
#2116=CARTESIAN_POINT('Ctrl Pts',(1.18936688524551,-5.7129800655321,9.33622886502244));
#2117=CARTESIAN_POINT('Ctrl Pts',(1.31712194940774,-5.70105529280574,9.35062426946178));
#2118=CARTESIAN_POINT('Ctrl Pts',(1.44463027675684,-5.68492399347117,9.36498239853974));
#2119=CARTESIAN_POINT('Ctrl Pts',(1.57168701689366,-5.66460118649852,9.37931269478821));
#2120=CARTESIAN_POINT('Ctrl Pts',(1.59325347693897,-5.66115161739961,9.38174510223977));
#2121=CARTESIAN_POINT('Ctrl Pts',(1.61479752584818,-5.6575827313899,9.38417564787024));
#2122=CARTESIAN_POINT('Ctrl Pts',(1.63631533490535,-5.65389538302153,9.38660405683961));
#2123=CARTESIAN_POINT('Ctrl Pts',(1.79522111054467,-5.62666487126397,9.4045374909463));
#2124=CARTESIAN_POINT('Ctrl Pts',(1.95274522768061,-5.59296991767847,9.42236010927778));
#2125=CARTESIAN_POINT('Ctrl Pts',(2.10850319056565,-5.55294292567109,9.44009067807977));
#2126=CARTESIAN_POINT('Ctrl Pts',(2.26551858290625,-5.51259279693391,9.45796438524247));
#2127=CARTESIAN_POINT('Ctrl Pts',(2.42073992824477,-5.46580806311521,9.47574455065027));
#2128=CARTESIAN_POINT('Ctrl Pts',(2.57378253665626,-5.41267263888854,9.49345039872598));
#2129=CARTESIAN_POINT('Ctrl Pts',(2.59266296234145,-5.40611747468443,9.49563471819267));
#2130=CARTESIAN_POINT('Ctrl Pts',(2.61151023195041,-5.39946559147075,9.49781790659074));
#2131=CARTESIAN_POINT('Ctrl Pts',(2.63032362405845,-5.39271709186628,9.50000000001555));
#2132=CARTESIAN_POINT('Ctrl Pts',(5.13713474614089,-6.1003512107916E-5,
5.81270849469688));
#2133=CARTESIAN_POINT('Ctrl Pts',(5.13665943927318,0.794942904161089,5.85582479895281));
#2134=CARTESIAN_POINT('Ctrl Pts',(4.94915435897516,1.5901632172702,5.89894110320873));
#2135=CARTESIAN_POINT('Ctrl Pts',(4.59308536341966,2.30094018645034,5.94205740746467));
#2136=CARTESIAN_POINT('Ctrl Pts',(4.21025573899799,3.06513612475239,5.98841414947473));
#2137=CARTESIAN_POINT('Ctrl Pts',(3.63257299379404,3.73171894657744,6.0347708914848));
#2138=CARTESIAN_POINT('Ctrl Pts',(2.93056640821103,4.21930556189999,6.08112763349486));
#2139=CARTESIAN_POINT('Ctrl Pts',(2.22855982262801,4.70689217722254,6.12748437550493));
#2140=CARTESIAN_POINT('Ctrl Pts',(1.40222939666591,5.01548258604262,6.17384111751498));
#2141=CARTESIAN_POINT('Ctrl Pts',(0.552461804537277,5.10740098804464,6.22019785952505));
#2142=CARTESIAN_POINT('Ctrl Pts',(-0.29730578759136,5.19931939004666,6.26655460153511));
#2143=CARTESIAN_POINT('Ctrl Pts',(-1.17051054588652,5.07456578523064,6.31291134354518));
#2144=CARTESIAN_POINT('Ctrl Pts',(-1.9605429111465,4.74837134063085,6.35926808555524));
#2145=CARTESIAN_POINT('Ctrl Pts',(-2.75057527640649,4.42217689603106,6.4056248275653));
#2146=CARTESIAN_POINT('Ctrl Pts',(-3.45743524863128,3.89454161164748,6.45198156957537));
#2147=CARTESIAN_POINT('Ctrl Pts',(-3.99482229837784,3.22988447290621,6.49833831158543));
#2148=CARTESIAN_POINT('Ctrl Pts',(-4.53220934812441,2.56522733416493,6.54469505359549));
#2149=CARTESIAN_POINT('Ctrl Pts',(-4.90012347539276,1.76354834106594,6.59105179560556));
#2150=CARTESIAN_POINT('Ctrl Pts',(-5.0536460526614,0.922724476560451,6.63740853761562));
#2151=CARTESIAN_POINT('Ctrl Pts',(-5.20716862993004,0.0819006120549735,
6.68376527962568));
#2152=CARTESIAN_POINT('Ctrl Pts',(-5.14629965719897,-0.798068123857004,
6.73012202163574));
#2153=CARTESIAN_POINT('Ctrl Pts',(-4.87847061748077,-1.60974636185248,6.77647876364581));
#2154=CARTESIAN_POINT('Ctrl Pts',(-4.61064157776258,-2.42142459984796,6.82283550565587));
#2155=CARTESIAN_POINT('Ctrl Pts',(-4.13585247105725,-3.16481233992693,6.86919224766594));
#2156=CARTESIAN_POINT('Ctrl Pts',(-3.51207031314712,-3.74914937020945,6.915548989676));
#2157=CARTESIAN_POINT('Ctrl Pts',(-2.88828815523698,-4.33348640049196,6.96190573168607));
#2158=CARTESIAN_POINT('Ctrl Pts',(-2.11551294612204,-4.75877272097801,7.00826247369612));
#2159=CARTESIAN_POINT('Ctrl Pts',(-1.28809276702547,-4.97308514874929,7.05461921570619));
#2160=CARTESIAN_POINT('Ctrl Pts',(-0.4606725879289,-5.18739757652058,7.10097595771625));
#2161=CARTESIAN_POINT('Ctrl Pts',(0.421392561149298,-5.19073611157708,7.14733269972632));
#2162=CARTESIAN_POINT('Ctrl Pts',(1.25041128240618,-4.98269311295643,7.19368944173638));
#2163=CARTESIAN_POINT('Ctrl Pts',(2.07943000366307,-4.77465011433577,7.24004618374644));
#2164=CARTESIAN_POINT('Ctrl Pts',(2.85540229709864,-4.35522558203795,7.28640292575651));
#2165=CARTESIAN_POINT('Ctrl Pts',(3.48358985661313,-3.77562713096849,7.33275966776657));
#2166=CARTESIAN_POINT('Ctrl Pts',(4.11177741612762,-3.19602867989903,7.37911640977663));
#2167=CARTESIAN_POINT('Ctrl Pts',(4.59218024172103,-2.45625631005793,7.4254731517867));
#2168=CARTESIAN_POINT('Ctrl Pts',(4.86614567223229,-1.64662866836669,7.47182989379676));
#2169=CARTESIAN_POINT('Ctrl Pts',(5.04517461128397,-1.11755907937366,7.50212276076347));
#2170=CARTESIAN_POINT('Ctrl Pts',(5.13604928834226,-0.558659430115409,7.53241562773017));
#2171=CARTESIAN_POINT('Ctrl Pts',(5.13646923211839,0.000106877456659411,
7.56270849469688));
#2172=CARTESIAN_POINT('Origin',(0.,0.,14.2514910325605));
#2173=CARTESIAN_POINT('Ctrl Pts',(6.11361616795799,-0.000101190885327153,
8.27200896743945));
#2174=CARTESIAN_POINT('Ctrl Pts',(6.11370080191976,-0.107812469370441,8.26710067526266));
#2175=CARTESIAN_POINT('Ctrl Pts',(6.08476207767799,-1.22551889610703,8.21616586793436));
#2176=CARTESIAN_POINT('Ctrl Pts',(5.43460793304241,-3.32173332741369,8.11920454545453));
#2177=CARTESIAN_POINT('Ctrl Pts',(3.20017398177952,-5.50706575048547,7.981125));
#2178=CARTESIAN_POINT('Ctrl Pts',(0.195186336270063,-6.36637907479214,7.84304545454544));
#2179=CARTESIAN_POINT('Ctrl Pts',(-2.85679898011563,-5.69276582617196,7.7049659090909));
#2180=CARTESIAN_POINT('Ctrl Pts',(-5.22091065666935,-3.64842077056296,7.56688636363636));
#2181=CARTESIAN_POINT('Ctrl Pts',(-6.32790637348177,-0.725591647534793,
7.42880681818181));
#2182=CARTESIAN_POINT('Ctrl Pts',(-5.91123848217657,2.37194900169046,7.29072727272726));
#2183=CARTESIAN_POINT('Ctrl Pts',(-4.07123423106705,4.89836035182091,7.15264772727272));
#2184=CARTESIAN_POINT('Ctrl Pts',(-1.25093868854452,6.24532103268325,7.01456818181818));
#2185=CARTESIAN_POINT('Ctrl Pts',(1.87056387317679,6.0885033587116,6.87648863636363));
#2186=CARTESIAN_POINT('Ctrl Pts',(4.5416630946382,4.46566665869216,6.73840909090908));
#2187=CARTESIAN_POINT('Ctrl Pts',(5.89162015123525,2.156799297502,6.62024920126769));
#2188=CARTESIAN_POINT('Ctrl Pts',(6.11257727699484,0.57307440123219,6.54811582677781));
#2189=CARTESIAN_POINT('Ctrl Pts',(6.11277760693572,-6.01966740095689E-5,
6.52200896743945));
#2190=CARTESIAN_POINT('Origin',(2.22044604925031E-15,-2.22044604925031E-15,
0.));
#2191=CARTESIAN_POINT('',(0.970730231297978,-10.,-2.22044604925031E-15));
#2192=CARTESIAN_POINT('',(8.17488892219539,-5.8406770405256,-2.22044604925031E-15));
#2193=CARTESIAN_POINT('Origin',(0.,0.,0.));
#2194=CARTESIAN_POINT('',(-0.970730231297984,-10.,-2.22044604925031E-15));
#2195=CARTESIAN_POINT('',(-5.77350269189626,-10.,0.));
#2196=CARTESIAN_POINT('',(-8.17488892219539,-5.84067704052561,-2.22044604925031E-15));
#2197=CARTESIAN_POINT('Origin',(0.,0.,0.));
#2198=CARTESIAN_POINT('',(-9.14561915349339,-4.15932295947438,-2.22044604925031E-15));
#2199=CARTESIAN_POINT('',(-11.5470053837925,1.66533453693773E-15,0.));
#2200=CARTESIAN_POINT('',(-9.14561915349338,4.15932295947439,-2.22044604925031E-15));
#2201=CARTESIAN_POINT('Origin',(0.,0.,0.));
#2202=CARTESIAN_POINT('',(-8.17488892219539,5.8406770405256,-2.22044604925031E-15));
#2203=CARTESIAN_POINT('',(-5.77350269189625,10.,0.));
#2204=CARTESIAN_POINT('',(-0.970730231297991,10.,-2.22044604925031E-15));
#2205=CARTESIAN_POINT('Origin',(0.,0.,0.));
#2206=CARTESIAN_POINT('',(0.970730231297994,10.,-2.22044604925031E-15));
#2207=CARTESIAN_POINT('',(5.77350269189626,10.,0.));
#2208=CARTESIAN_POINT('',(8.17488892219541,5.84067704052557,-2.22044604925031E-15));
#2209=CARTESIAN_POINT('Origin',(0.,0.,0.));
#2210=CARTESIAN_POINT('',(9.14561915349337,4.15932295947442,-2.22044604925031E-15));
#2211=CARTESIAN_POINT('',(11.5470053837925,-5.55111512312578E-15,0.));
#2212=CARTESIAN_POINT('',(9.14561915349337,-4.15932295947441,-2.22044604925031E-15));
#2213=CARTESIAN_POINT('Origin',(0.,0.,0.));
#2214=CARTESIAN_POINT('',(5.77350269189625,-10.,0.));
#2215=CARTESIAN_POINT('Origin',(0.,0.,0.75));
#2216=CARTESIAN_POINT('',(5.77350269189625,-10.,1.5));
#2217=CARTESIAN_POINT('Ctrl Pts',(5.77350269189625,-10.,1.5));
#2218=CARTESIAN_POINT('Ctrl Pts',(3.20530727620878,-10.,0.2159022921568));
#2219=CARTESIAN_POINT('Ctrl Pts',(0.970730231297976,-10.,-2.08166817117217E-15));
#2220=CARTESIAN_POINT('Ctrl Pts',(8.17488892219539,-5.8406770405256,-3.46944695195361E-15));
#2221=CARTESIAN_POINT('Ctrl Pts',(7.05760039974,-7.7758775281319,0.215902292156789));
#2222=CARTESIAN_POINT('Ctrl Pts',(5.77350269189625,-10.,1.5));
#2223=CARTESIAN_POINT('Origin',(-5.77350269189626,-10.,0.));
#2224=CARTESIAN_POINT('',(5.77350269189625,-10.,8.5));
#2225=CARTESIAN_POINT('',(5.77350269189625,-10.,0.));
#2226=CARTESIAN_POINT('',(0.970730231297978,-10.,10.));
#2227=CARTESIAN_POINT('Ctrl Pts',(5.77350269189625,-10.,8.5));
#2228=CARTESIAN_POINT('Ctrl Pts',(3.2053072762069,-10.,9.78409770784468));
#2229=CARTESIAN_POINT('Ctrl Pts',(0.970730231298016,-10.,10.));
#2230=CARTESIAN_POINT('',(-0.970730231297984,-10.,10.));
#2231=CARTESIAN_POINT('',(-5.77350269189626,-10.,10.));
#2232=CARTESIAN_POINT('',(-5.77350269189626,-10.,8.5));
#2233=CARTESIAN_POINT('Ctrl Pts',(-0.970730231298021,-10.,10.));
#2234=CARTESIAN_POINT('Ctrl Pts',(-3.20530727620691,-10.,9.78409770784468));
#2235=CARTESIAN_POINT('Ctrl Pts',(-5.77350269189626,-10.,8.5));
#2236=CARTESIAN_POINT('',(-5.77350269189626,-10.,1.5));
#2237=CARTESIAN_POINT('',(-5.77350269189626,-10.,0.));
#2238=CARTESIAN_POINT('Ctrl Pts',(-0.970730231298021,-10.,8.32667268468867E-16));
#2239=CARTESIAN_POINT('Ctrl Pts',(-3.2053072762088,-10.,0.215902292156802));
#2240=CARTESIAN_POINT('Ctrl Pts',(-5.77350269189626,-10.,1.5));
#2241=CARTESIAN_POINT('Origin',(5.77350269189625,-10.,0.));
#2242=CARTESIAN_POINT('',(11.5470053837925,0.,1.5));
#2243=CARTESIAN_POINT('Ctrl Pts',(11.5470053837925,0.,1.5));
#2244=CARTESIAN_POINT('Ctrl Pts',(10.2629076759488,-2.22412247186808,0.2159022921568));
#2245=CARTESIAN_POINT('Ctrl Pts',(9.14561915349339,-4.15932295947438,0.));
#2246=CARTESIAN_POINT('',(11.5470053837925,0.,8.5));
#2247=CARTESIAN_POINT('',(11.5470053837925,-5.55111512312578E-15,0.));
#2248=CARTESIAN_POINT('',(9.14561915349337,-4.15932295947441,10.));
#2249=CARTESIAN_POINT('Ctrl Pts',(11.5470053837925,-9.49874583691581E-15,
8.5));
#2250=CARTESIAN_POINT('Ctrl Pts',(10.2629076759478,-2.22412247186973,9.78409770784468));
#2251=CARTESIAN_POINT('Ctrl Pts',(9.14561915349339,-4.15932295947438,10.));
#2252=CARTESIAN_POINT('',(8.17488892219539,-5.8406770405256,10.));
#2253=CARTESIAN_POINT('',(5.77350269189625,-10.,10.));
#2254=CARTESIAN_POINT('Ctrl Pts',(8.17488892219537,-5.84067704052563,10.));
#2255=CARTESIAN_POINT('Ctrl Pts',(7.05760039974093,-7.77587752813029,9.78409770784468));
#2256=CARTESIAN_POINT('Ctrl Pts',(5.77350269189625,-10.,8.5));
#2257=CARTESIAN_POINT('Origin',(0.,0.,0.75));
#2258=CARTESIAN_POINT('Ctrl Pts',(-5.77350269189626,-10.,1.5));
#2259=CARTESIAN_POINT('Ctrl Pts',(-7.05760039974,-7.77587752813191,0.215902292156796));
#2260=CARTESIAN_POINT('Ctrl Pts',(-8.17488892219539,-5.84067704052561,-2.35922392732846E-15));
#2261=CARTESIAN_POINT('Origin',(-11.5470053837925,1.66533453693773E-15,
0.));
#2262=CARTESIAN_POINT('',(-8.17488892219539,-5.84067704052561,10.));
#2263=CARTESIAN_POINT('Ctrl Pts',(-5.77350269189625,-10.,8.5));
#2264=CARTESIAN_POINT('Ctrl Pts',(-7.05760039974093,-7.77587752813029,9.78409770784468));
#2265=CARTESIAN_POINT('Ctrl Pts',(-8.17488892219539,-5.84067704052561,10.));
#2266=CARTESIAN_POINT('',(-9.14561915349339,-4.15932295947438,10.));
#2267=CARTESIAN_POINT('',(-11.5470053837925,1.66533453693773E-15,10.));
#2268=CARTESIAN_POINT('',(-11.5470053837925,7.7715611723761E-15,8.5));
#2269=CARTESIAN_POINT('Ctrl Pts',(-9.14561915349339,-4.15932295947439,10.));
#2270=CARTESIAN_POINT('Ctrl Pts',(-10.2629076759478,-2.2241224718697,9.78409770784468));
#2271=CARTESIAN_POINT('Ctrl Pts',(-11.5470053837925,8.31140260730133E-15,
8.5));
#2272=CARTESIAN_POINT('',(-11.5470053837925,7.7715611723761E-15,1.5));
#2273=CARTESIAN_POINT('',(-11.5470053837925,1.66533453693773E-15,0.));
#2274=CARTESIAN_POINT('Ctrl Pts',(-9.14561915349339,-4.15932295947439,-8.32667268468867E-16));
#2275=CARTESIAN_POINT('Ctrl Pts',(-10.2629076759488,-2.22412247186808,0.215902292156797));
#2276=CARTESIAN_POINT('Ctrl Pts',(-11.5470053837925,7.7715611723761E-15,
1.5));
#2277=CARTESIAN_POINT('Origin',(0.,0.,0.75));
#2278=CARTESIAN_POINT('Ctrl Pts',(-11.5470053837925,7.7715611723761E-15,
1.5));
#2279=CARTESIAN_POINT('Ctrl Pts',(-10.2629076759488,2.22412247186809,0.215902292156802));
#2280=CARTESIAN_POINT('Ctrl Pts',(-9.14561915349339,4.15932295947439,-2.22044604925031E-15));
#2281=CARTESIAN_POINT('Origin',(-5.77350269189625,10.,0.));
#2282=CARTESIAN_POINT('',(-9.14561915349338,4.15932295947439,10.));
#2283=CARTESIAN_POINT('Ctrl Pts',(-11.5470053837925,0.,8.5));
#2284=CARTESIAN_POINT('Ctrl Pts',(-10.2629076759478,2.22412247186971,9.78409770784468));
#2285=CARTESIAN_POINT('Ctrl Pts',(-9.14561915349339,4.15932295947437,10.));
#2286=CARTESIAN_POINT('',(-8.17488892219539,5.8406770405256,10.));
#2287=CARTESIAN_POINT('',(-5.77350269189625,10.,10.));
#2288=CARTESIAN_POINT('',(-5.77350269189626,10.,8.5));
#2289=CARTESIAN_POINT('Ctrl Pts',(-8.17488892219538,5.84067704052563,10.));
#2290=CARTESIAN_POINT('Ctrl Pts',(-7.05760039974093,7.7758775281303,9.78409770784468));
#2291=CARTESIAN_POINT('Ctrl Pts',(-5.77350269189625,10.,8.5));
#2292=CARTESIAN_POINT('',(-5.77350269189626,10.,1.5));
#2293=CARTESIAN_POINT('',(-5.77350269189625,10.,0.));
#2294=CARTESIAN_POINT('Ctrl Pts',(-8.17488892219538,5.84067704052563,-1.38777878078145E-16));
#2295=CARTESIAN_POINT('Ctrl Pts',(-7.05760039973999,7.77587752813192,0.215902292156802));
#2296=CARTESIAN_POINT('Ctrl Pts',(-5.77350269189626,10.,1.5));
#2297=CARTESIAN_POINT('Origin',(0.,0.,0.75));
#2298=CARTESIAN_POINT('Ctrl Pts',(-5.77350269189626,10.,1.5));
#2299=CARTESIAN_POINT('Ctrl Pts',(-3.2053072762088,10.,0.215902292156803));
#2300=CARTESIAN_POINT('Ctrl Pts',(-0.970730231298017,10.,-1.38777878078145E-15));
#2301=CARTESIAN_POINT('Origin',(5.77350269189626,10.,0.));
#2302=CARTESIAN_POINT('',(-0.970730231297991,10.,10.));
#2303=CARTESIAN_POINT('Ctrl Pts',(-5.77350269189626,10.,8.5));
#2304=CARTESIAN_POINT('Ctrl Pts',(-3.20530727620691,10.,9.78409770784468));
#2305=CARTESIAN_POINT('Ctrl Pts',(-0.970730231298017,10.,10.));
#2306=CARTESIAN_POINT('',(0.970730231297994,10.,10.));
#2307=CARTESIAN_POINT('',(5.77350269189626,10.,10.));
#2308=CARTESIAN_POINT('',(5.77350269189627,9.99999999999999,8.5));
#2309=CARTESIAN_POINT('Ctrl Pts',(0.97073023129802,10.,10.));
#2310=CARTESIAN_POINT('Ctrl Pts',(3.20530727620691,10.,9.78409770784468));
#2311=CARTESIAN_POINT('Ctrl Pts',(5.77350269189627,10.,8.5));
#2312=CARTESIAN_POINT('',(5.77350269189627,9.99999999999999,1.5));
#2313=CARTESIAN_POINT('',(5.77350269189626,10.,0.));
#2314=CARTESIAN_POINT('Ctrl Pts',(0.97073023129802,10.,-5.55111512312578E-16));
#2315=CARTESIAN_POINT('Ctrl Pts',(3.2053072762088,9.99999999999999,0.215902292156798));
#2316=CARTESIAN_POINT('Ctrl Pts',(5.77350269189627,9.99999999999999,1.5));
#2317=CARTESIAN_POINT('Origin',(0.,0.,0.75));
#2318=CARTESIAN_POINT('Ctrl Pts',(5.77350269189627,9.99999999999999,1.5));
#2319=CARTESIAN_POINT('Ctrl Pts',(7.05760039974001,7.7758775281319,0.215902292156795));
#2320=CARTESIAN_POINT('Ctrl Pts',(8.1748889221954,5.84067704052559,-2.22044604925031E-15));
#2321=CARTESIAN_POINT('Origin',(11.5470053837925,-5.55111512312578E-15,
0.));
#2322=CARTESIAN_POINT('',(8.17488892219541,5.84067704052557,10.));
#2323=CARTESIAN_POINT('Ctrl Pts',(5.77350269189627,9.99999999999999,8.5));
#2324=CARTESIAN_POINT('Ctrl Pts',(7.05760039974095,7.77587752813027,9.78409770784469));
#2325=CARTESIAN_POINT('Ctrl Pts',(8.1748889221954,5.84067704052559,10.));
#2326=CARTESIAN_POINT('',(9.14561915349337,4.15932295947442,10.));
#2327=CARTESIAN_POINT('',(11.5470053837925,-5.55111512312578E-15,10.));
#2328=CARTESIAN_POINT('Ctrl Pts',(9.14561915349338,4.1593229594744,10.));
#2329=CARTESIAN_POINT('Ctrl Pts',(10.2629076759478,2.22412247186973,9.78409770784469));
#2330=CARTESIAN_POINT('Ctrl Pts',(11.5470053837925,-5.34304453326514E-15,
8.5));
#2331=CARTESIAN_POINT('Ctrl Pts',(9.14561915349338,4.1593229594744,-4.16333634234434E-16));
#2332=CARTESIAN_POINT('Ctrl Pts',(10.2629076759488,2.22412247186809,0.215902292156798));
#2333=CARTESIAN_POINT('Ctrl Pts',(11.5470053837925,0.,1.5));
#2334=CARTESIAN_POINT('Origin',(0.,0.,0.75));
#2335=CARTESIAN_POINT('Origin',(1.2379162167118E-15,-2.75165598972217E-16,
9.5));
#2336=CARTESIAN_POINT('',(-3.07521205846181,-5.15123975816893,9.5));
#2337=CARTESIAN_POINT('Origin',(0.,0.,9.5));
#2338=CARTESIAN_POINT('Ctrl Pts',(-1.82655349538817,-5.8339975909307,9.5));
#2339=CARTESIAN_POINT('Ctrl Pts',(-1.98480385859145,-5.77039189621148,9.5));
#2340=CARTESIAN_POINT('Ctrl Pts',(-2.1401239225234,-5.70010569324517,9.5));
#2341=CARTESIAN_POINT('Ctrl Pts',(-2.29215180715802,-5.62342262776729,9.5));
#2342=CARTESIAN_POINT('Ctrl Pts',(-2.44414007980392,-5.54675954262875,9.5));
#2343=CARTESIAN_POINT('Ctrl Pts',(-2.59283846538716,-5.46370241982877,9.5));
#2344=CARTESIAN_POINT('Ctrl Pts',(-2.73785387614108,-5.37449363743306,9.5));
#2345=CARTESIAN_POINT('Ctrl Pts',(-2.85267356672767,-5.30386028378445,9.5));
#2346=CARTESIAN_POINT('Ctrl Pts',(-2.96518385496084,-5.22936951486582,9.5));
#2347=CARTESIAN_POINT('Ctrl Pts',(-3.07517201981359,-5.15112651218208,9.5));
#2348=CARTESIAN_POINT('Ctrl Pts',(-1.82655349538817,-5.83399759093071,9.49999999999999));
#2349=CARTESIAN_POINT('Ctrl Pts',(-2.79064034522637,-5.53215375606742,9.45397348484848));
#2350=CARTESIAN_POINT('Ctrl Pts',(-4.56536230345393,-4.44166933278834,9.36192045454545));
#2351=CARTESIAN_POINT('Ctrl Pts',(-6.1286105399882,-1.73467400128881,9.22384090909089));
#2352=CARTESIAN_POINT('Ctrl Pts',(-6.2159614512029,1.3893018226334,9.08576136363636));
#2353=CARTESIAN_POINT('Ctrl Pts',(-4.80671418647126,4.17909594014311,8.94768181818181));
#2354=CARTESIAN_POINT('Ctrl Pts',(-2.24002744570742,5.9624566012591,8.80960227272727));
#2355=CARTESIAN_POINT('Ctrl Pts',(0.865995748091637,6.31023426306481,8.67152272727271));
#2356=CARTESIAN_POINT('Ctrl Pts',(3.76351448441472,5.13856020887325,8.53344318181818));
#2357=CARTESIAN_POINT('Ctrl Pts',(5.754829030343,2.72962077467759,8.39536363636362));
#2358=CARTESIAN_POINT('Ctrl Pts',(6.36047183908962,-0.336580810436405,8.25728409090908));
#2359=CARTESIAN_POINT('Ctrl Pts',(5.43460793304241,-3.32173332741369,8.11920454545453));
#2360=CARTESIAN_POINT('Ctrl Pts',(3.20017398177952,-5.50706575048547,7.981125));
#2361=CARTESIAN_POINT('Ctrl Pts',(0.195186336270063,-6.36637907479214,7.84304545454544));
#2362=CARTESIAN_POINT('Ctrl Pts',(-2.85679898011563,-5.69276582617196,7.7049659090909));
#2363=CARTESIAN_POINT('Ctrl Pts',(-5.22091065666935,-3.64842077056296,7.56688636363636));
#2364=CARTESIAN_POINT('Ctrl Pts',(-6.32790637348177,-0.725591647534793,
7.42880681818181));
#2365=CARTESIAN_POINT('Ctrl Pts',(-5.91123848217657,2.37194900169046,7.29072727272726));
#2366=CARTESIAN_POINT('Ctrl Pts',(-4.07123423106705,4.89836035182091,7.15264772727272));
#2367=CARTESIAN_POINT('Ctrl Pts',(-1.25093868854452,6.24532103268325,7.01456818181818));
#2368=CARTESIAN_POINT('Ctrl Pts',(1.87056387317679,6.0885033587116,6.87648863636363));
#2369=CARTESIAN_POINT('Ctrl Pts',(4.5416630946382,4.46566665869216,6.73840909090908));
#2370=CARTESIAN_POINT('Ctrl Pts',(6.11919890077169,1.76756532569722,6.60032954545454));
#2371=CARTESIAN_POINT('Ctrl Pts',(6.22332465477152,-1.35613886006478,6.46224999999999));
#2372=CARTESIAN_POINT('Ctrl Pts',(4.82896845905246,-4.15330542943031,6.32417045454544));
#2373=CARTESIAN_POINT('Ctrl Pts',(2.27187008371124,-5.95041920286249,6.1860909090909));
#2374=CARTESIAN_POINT('Ctrl Pts',(-0.832260063482953,-6.31476250975847,
6.04801136363635));
#2375=CARTESIAN_POINT('Ctrl Pts',(-3.73599464210369,-5.15860702144813,5.90993181818181));
#2376=CARTESIAN_POINT('Ctrl Pts',(-5.74015851744273,-2.76033740008168,5.77185227272726));
#2377=CARTESIAN_POINT('Ctrl Pts',(-6.36217950205811,0.30257949576128,5.63377272727273));
#2378=CARTESIAN_POINT('Ctrl Pts',(-5.45228440079723,3.2926398497951,5.49569318181816));
#2379=CARTESIAN_POINT('Ctrl Pts',(-3.22956211891097,5.48988259325777,5.35761363636364));
#2380=CARTESIAN_POINT('Ctrl Pts',(-0.229210384933774,6.36524508303365,5.21953409090908));
#2381=CARTESIAN_POINT('Ctrl Pts',(2.82633172454489,5.70795334165256,5.08145454545454));
#2382=CARTESIAN_POINT('Ctrl Pts',(5.20133612969748,3.67627322618339,4.94337499999999));
#2383=CARTESIAN_POINT('Ctrl Pts',(6.32393788218468,0.759402416325687,4.80529545454545));
#2384=CARTESIAN_POINT('Ctrl Pts',(5.92383154939292,-2.34032094851594,4.6672159090909));
#2385=CARTESIAN_POINT('Ctrl Pts',(4.09735665256281,-4.87653061400813,4.52913636363636));
#2386=CARTESIAN_POINT('Ctrl Pts',(1.28430057492783,-6.23854585627737,4.39105681818181));
#2387=CARTESIAN_POINT('Ctrl Pts',(-1.83799555309527,-6.09841411470765,4.25297727272727));
#2388=CARTESIAN_POINT('Ctrl Pts',(-4.51773029903643,-4.48987698192591,4.11489772727271));
#2389=CARTESIAN_POINT('Ctrl Pts',(-6.1096642819505,-1.80024574139747,3.97681818181818));
#2390=CARTESIAN_POINT('Ctrl Pts',(-6.2304840044891,1.32285730059036,3.83873863636363));
#2391=CARTESIAN_POINT('Ctrl Pts',(-4.85109791443433,4.12743641884737,3.70065909090908));
#2392=CARTESIAN_POINT('Ctrl Pts',(-2.30364120866349,5.9381916060705,3.56257954545453));
#2393=CARTESIAN_POINT('Ctrl Pts',(0.798497273135572,6.31912054571362,3.4245));
#2394=CARTESIAN_POINT('Ctrl Pts',(3.70836975225727,5.17850134192857,3.28642045454544));
#2395=CARTESIAN_POINT('Ctrl Pts',(5.72532318277389,2.79097775421899,3.1483409090909));
#2396=CARTESIAN_POINT('Ctrl Pts',(6.36370584313487,-0.268570837448116,3.01026136363635));
#2397=CARTESIAN_POINT('Ctrl Pts',(5.4698049027412,-3.26345165886085,2.87218181818182));
#2398=CARTESIAN_POINT('Ctrl Pts',(3.25885810164432,-5.47254293485674,2.73410227272726));
#2399=CARTESIAN_POINT('Ctrl Pts',(0.263227840347292,-6.36392909795918,2.59602272727272));
#2400=CARTESIAN_POINT('Ctrl Pts',(-2.79578372035561,-5.72297786991336,2.45794318181817));
#2401=CARTESIAN_POINT('Ctrl Pts',(-5.18161299644053,-3.70402064777148,2.31986363636363));
#2402=CARTESIAN_POINT('Ctrl Pts',(-6.31978879977945,-0.793191458982749,
2.18178409090908));
#2403=CARTESIAN_POINT('Ctrl Pts',(-5.9362552573254,2.30862594408325,2.04370454545454));
#2404=CARTESIAN_POINT('Ctrl Pts',(-4.1233622994768,4.85456177642041,1.90562499999999));
#2405=CARTESIAN_POINT('Ctrl Pts',(-1.3176252278467,6.23159204724445,1.76754545454545));
#2406=CARTESIAN_POINT('Ctrl Pts',(1.80537364371319,6.10815149324178,1.6294659090909));
#2407=CARTESIAN_POINT('Ctrl Pts',(4.49367059940662,4.51395738638044,1.49138636363636));
#2408=CARTESIAN_POINT('Ctrl Pts',(6.09995085626688,1.83287802260373,1.35330681818181));
#2409=CARTESIAN_POINT('Ctrl Pts',(6.23747385575734,-1.28954448904011,1.21522727272727));
#2410=CARTESIAN_POINT('Ctrl Pts',(4.87307194131131,-4.10143652080889,1.07714772727272));
#2411=CARTESIAN_POINT('Ctrl Pts',(2.33537998896058,-5.92582015036799,0.939068181818174));
#2412=CARTESIAN_POINT('Ctrl Pts',(-0.764778249084942,-6.32324683583834,
0.80098863636363));
#2413=CARTESIAN_POINT('Ctrl Pts',(-3.68050500355581,-5.19835011906686,0.662909090909081));
#2414=CARTESIAN_POINT('Ctrl Pts',(-5.71061068017352,-2.82132683025535,0.524829545454537));
#2415=CARTESIAN_POINT('Ctrl Pts',(-6.14630573863049,-0.784426213517874,
0.432776515151508));
#2416=CARTESIAN_POINT('Ctrl Pts',(-6.10910347774075,0.225122768186628,0.386749999999993));
#2417=CARTESIAN_POINT('Ctrl Pts',(-1.72929865340578,-5.52336638562289,9.68792751262122));
#2418=CARTESIAN_POINT('Ctrl Pts',(-2.64205269833295,-5.23759422593205,9.64190099746971));
#2419=CARTESIAN_POINT('Ctrl Pts',(-4.32227958480602,-4.2051726464394,9.54984796716668));
#2420=CARTESIAN_POINT('Ctrl Pts',(-5.8022926680271,-1.64231128302609,9.41176842171213));
#2421=CARTESIAN_POINT('Ctrl Pts',(-5.88499257992057,1.31532844623505,9.27368887625759));
#2422=CARTESIAN_POINT('Ctrl Pts',(-4.55078068666405,3.95657997424663,9.13560933080303));
#2423=CARTESIAN_POINT('Ctrl Pts',(-2.12075718298664,5.64498559586753,8.9975297853485));
#2424=CARTESIAN_POINT('Ctrl Pts',(0.819885803953276,5.97424583585708,8.85945023989394));
#2425=CARTESIAN_POINT('Ctrl Pts',(3.56312615338342,4.86495756739967,8.72137069443941));
#2426=CARTESIAN_POINT('Ctrl Pts',(5.44841315509224,2.58428211485546,8.58329114898486));
#2427=CARTESIAN_POINT('Ctrl Pts',(6.02180851211561,-0.318659564978249,8.44521160353032));
#2428=CARTESIAN_POINT('Ctrl Pts',(5.14524223031386,-3.14486763435792,8.30713205807577));
#2429=CARTESIAN_POINT('Ctrl Pts',(3.0297807161566,-5.2138420312227,8.16905251262123));
#2430=CARTESIAN_POINT('Ctrl Pts',(0.184793639675634,-6.02740121704954,8.03097296716668));
#2431=CARTESIAN_POINT('Ctrl Pts',(-2.70468871666695,-5.38965450626536,7.89289342171213));
#2432=CARTESIAN_POINT('Ctrl Pts',(-4.94292326555236,-3.45416060439631,7.75481387625759));
#2433=CARTESIAN_POINT('Ctrl Pts',(-5.99097699474404,-0.686957519816708,
7.61673433080303));
#2434=CARTESIAN_POINT('Ctrl Pts',(-5.59649458556698,2.24565457564045,7.4786547853485));
#2435=CARTESIAN_POINT('Ctrl Pts',(-3.85446136193649,4.63754715188343,7.34057523989394));
#2436=CARTESIAN_POINT('Ctrl Pts',(-1.18433245730561,5.91278891046701,7.20249569443941));
#2437=CARTESIAN_POINT('Ctrl Pts',(1.77096569860204,5.76432099364215,7.06441614898486));
#2438=CARTESIAN_POINT('Ctrl Pts',(4.29984224037822,4.22789223471075,6.92633660353031));
#2439=CARTESIAN_POINT('Ctrl Pts',(5.79338215154644,1.6734513088462,6.78825705807577));
#2440=CARTESIAN_POINT('Ctrl Pts',(5.89196372971068,-1.28393124562874,6.65017751262122));
#2441=CARTESIAN_POINT('Ctrl Pts',(4.571850030488,-3.93216267929256,6.51209796716668));
#2442=CARTESIAN_POINT('Ctrl Pts',(2.15090435971041,-5.63358912875594,6.37401842171213));
#2443=CARTESIAN_POINT('Ctrl Pts',(-0.787946375892275,-5.97853297605275,
6.23593887625759));
#2444=CARTESIAN_POINT('Ctrl Pts',(-3.53707160509312,-4.88393698742672,6.09785933080303));
#2445=CARTESIAN_POINT('Ctrl Pts',(-5.43452377366034,-2.61336323352107,5.9597797853485));
#2446=CARTESIAN_POINT('Ctrl Pts',(-6.02342525056831,0.286468650323858,5.82170023989395));
#2447=CARTESIAN_POINT('Ctrl Pts',(-5.16197751453221,3.11732323897298,5.6836206944394));
#2448=CARTESIAN_POINT('Ctrl Pts',(-3.05760408190847,5.19757379121213,5.54554114898486));
#2449=CARTESIAN_POINT('Ctrl Pts',(-0.217006077847369,6.02632760468293,5.40746160353031));
#2450=CARTESIAN_POINT('Ctrl Pts',(2.67584369013775,5.40403336247487,5.26938205807577));
#2451=CARTESIAN_POINT('Ctrl Pts',(4.92439098428112,3.48053005600014,5.13130251262122));
#2452=CARTESIAN_POINT('Ctrl Pts',(5.98721980576849,0.718968034202589,4.99322296716668));
#2453=CARTESIAN_POINT('Ctrl Pts',(5.60841713491168,-2.2157105581766,4.85514342171213));
#2454=CARTESIAN_POINT('Ctrl Pts',(3.87919289508368,-4.61687973847388,4.71706387625759));
#2455=CARTESIAN_POINT('Ctrl Pts',(1.21591799002798,-5.90637447833301,4.57898433080304));
#2456=CARTESIAN_POINT('Ctrl Pts',(-1.74013147874324,-5.77370405142913,4.4409047853485));
#2457=CARTESIAN_POINT('Ctrl Pts',(-4.27718374649295,-4.25081347926907,4.30282523989395));
#2458=CARTESIAN_POINT('Ctrl Pts',(-5.78435520351023,-1.70439165579245,4.16474569443941));
#2459=CARTESIAN_POINT('Ctrl Pts',(-5.89874187984815,1.25242176280896,4.02666614898486));
#2460=CARTESIAN_POINT('Ctrl Pts',(-4.5928012030045,3.90767106419397,3.88858660353031));
#2461=CARTESIAN_POINT('Ctrl Pts',(-2.1809838310951,5.62201259036265,3.75050705807577));
#2462=CARTESIAN_POINT('Ctrl Pts',(0.755981285337651,5.98265896838079,3.61242751262122));
#2463=CARTESIAN_POINT('Ctrl Pts',(3.51091760252353,4.90277203480097,3.47434796716668));
#2464=CARTESIAN_POINT('Ctrl Pts',(5.42047834639504,2.64237214198354,3.33626842171213));
#2465=CARTESIAN_POINT('Ctrl Pts',(6.0248703216135,-0.25427078304344,3.19818887625759));
#2466=CARTESIAN_POINT('Ctrl Pts',(5.17856513733943,-3.08968917328293,3.06010933080304));
#2467=CARTESIAN_POINT('Ctrl Pts',(3.08534020002321,-5.18115738293329,2.92202978534849));
#2468=CARTESIAN_POINT('Ctrl Pts',(0.249212273826529,-6.02508168923456,2.78395023989396));
#2469=CARTESIAN_POINT('Ctrl Pts',(-2.64692221445028,-5.41825790971921,2.6458706944394));
#2470=CARTESIAN_POINT('Ctrl Pts',(-4.90571800926653,-3.50680006610875,2.50779114898486));
#2471=CARTESIAN_POINT('Ctrl Pts',(-5.98329164125848,-0.750957979262652,
2.36971160353031));
#2472=CARTESIAN_POINT('Ctrl Pts',(-5.62017934250767,2.18570315427437,2.23163205807577));
#2473=CARTESIAN_POINT('Ctrl Pts',(-3.90381387131178,4.596080631657,2.09355251262123));
#2474=CARTESIAN_POINT('Ctrl Pts',(-1.24746827178175,5.89979092486631,1.95547296716668));
#2475=CARTESIAN_POINT('Ctrl Pts',(1.70924652294622,5.78292296323723,1.81739342171213));
#2476=CARTESIAN_POINT('Ctrl Pts',(4.25440510558469,4.27361172257364,1.67931387625759));
#2477=CARTESIAN_POINT('Ctrl Pts',(5.77515896918309,1.73528643116586,1.54123433080304));
#2478=CARTESIAN_POINT('Ctrl Pts',(5.90535955648132,-1.22088269193013,1.4031547853485));
#2479=CARTESIAN_POINT('Ctrl Pts',(4.61360522280694,-3.8830555307425,1.26507523989395));
#2480=CARTESIAN_POINT('Ctrl Pts',(2.21103268001579,-5.6102998528266,1.12699569443941));
#2481=CARTESIAN_POINT('Ctrl Pts',(-0.72405763074328,-5.9865655541853,0.988916148984861));
#2482=CARTESIAN_POINT('Ctrl Pts',(-3.48453651238377,-4.92156396378835,0.850836603530313));
#2483=CARTESIAN_POINT('Ctrl Pts',(-5.40654921100466,-2.67110528144774,0.712757058075769));
#2484=CARTESIAN_POINT('Ctrl Pts',(-5.81904568580681,-0.742659439297929,
0.62070402777274));
#2485=CARTESIAN_POINT('Ctrl Pts',(-5.78382425932097,0.213136106256435,0.574677512621225));
#2486=CARTESIAN_POINT('Ctrl Pts',(-1.63204381142338,-5.21273518031507,9.87585502524245));
#2487=CARTESIAN_POINT('Ctrl Pts',(-2.49346505143952,-4.94303469579669,9.82982851009094));
#2488=CARTESIAN_POINT('Ctrl Pts',(-4.07919686615812,-3.96867596009045,9.73777547978791));
#2489=CARTESIAN_POINT('Ctrl Pts',(-5.47597479606599,-1.54994856476338,9.59969593433336));
#2490=CARTESIAN_POINT('Ctrl Pts',(-5.55402370863826,1.24135506983671,9.46161638887883));
#2491=CARTESIAN_POINT('Ctrl Pts',(-4.29484718685682,3.73406400835015,9.32353684342426));
#2492=CARTESIAN_POINT('Ctrl Pts',(-2.00148692026587,5.32751459047598,9.18545729796974));
#2493=CARTESIAN_POINT('Ctrl Pts',(0.773775859814911,5.63825740864935,9.04737775251517));
#2494=CARTESIAN_POINT('Ctrl Pts',(3.36273782235214,4.59135492592609,8.90929820706064));
#2495=CARTESIAN_POINT('Ctrl Pts',(5.14199727984147,2.43894345503334,8.77121866160609));
#2496=CARTESIAN_POINT('Ctrl Pts',(5.68314518514163,-0.300738319520102,8.63313911615154));
#2497=CARTESIAN_POINT('Ctrl Pts',(4.85587652758528,-2.96800194130214,8.49505957069701));
#2498=CARTESIAN_POINT('Ctrl Pts',(2.85938745053369,-4.92061831195994,8.35698002524244));
#2499=CARTESIAN_POINT('Ctrl Pts',(0.174400943081197,-5.68842335930694,8.21890047978792));
#2500=CARTESIAN_POINT('Ctrl Pts',(-2.55257845321826,-5.08654318635875,8.08082093433336));
#2501=CARTESIAN_POINT('Ctrl Pts',(-4.66493587443536,-3.25990043822965,7.94274138887882));
#2502=CARTESIAN_POINT('Ctrl Pts',(-5.65404761600631,-0.648323392098624,
7.80466184342426));
#2503=CARTESIAN_POINT('Ctrl Pts',(-5.28175068895739,2.11936014959043,7.66658229796973));
#2504=CARTESIAN_POINT('Ctrl Pts',(-3.63768849280593,4.37673395194595,7.52850275251518));
#2505=CARTESIAN_POINT('Ctrl Pts',(-1.1177262260667,5.58025678825076,7.39042320706064));
#2506=CARTESIAN_POINT('Ctrl Pts',(1.67136752402729,5.44013862857272,7.25234366160609));
#2507=CARTESIAN_POINT('Ctrl Pts',(4.05802138611824,3.99011781072934,7.11426411615155));
#2508=CARTESIAN_POINT('Ctrl Pts',(5.46756540232119,1.57933729199518,6.976184570697));
#2509=CARTESIAN_POINT('Ctrl Pts',(5.56060280464982,-1.2117236311927,6.83810502524245));
#2510=CARTESIAN_POINT('Ctrl Pts',(4.31473160192355,-3.7110199291548,6.70002547978791));
#2511=CARTESIAN_POINT('Ctrl Pts',(2.02993863570958,-5.3167590546494,6.56194593433336));
#2512=CARTESIAN_POINT('Ctrl Pts',(-0.743632688301596,-5.64230344234703,
6.42386638887882));
#2513=CARTESIAN_POINT('Ctrl Pts',(-3.33814856808257,-4.6092669534053,6.28578684342427));
#2514=CARTESIAN_POINT('Ctrl Pts',(-5.12888902987795,-2.46638906696046,6.14770729796974));
#2515=CARTESIAN_POINT('Ctrl Pts',(-5.68467099907851,0.270357804886435,6.00962775251517));
#2516=CARTESIAN_POINT('Ctrl Pts',(-4.8716706282672,2.94200662815086,5.87154820706065));
#2517=CARTESIAN_POINT('Ctrl Pts',(-2.88564604490596,4.90526498916649,5.73346866160608));
#2518=CARTESIAN_POINT('Ctrl Pts',(-0.204801770760967,5.68741012633221,5.59538911615156));
#2519=CARTESIAN_POINT('Ctrl Pts',(2.52535565573062,5.10011338329719,5.45730957069699));
#2520=CARTESIAN_POINT('Ctrl Pts',(4.64744583886475,3.28478688581689,5.31923002524247));
#2521=CARTESIAN_POINT('Ctrl Pts',(5.65050172935232,0.678533652079494,5.1811504797879));
#2522=CARTESIAN_POINT('Ctrl Pts',(5.29300272043043,-2.09110016783726,5.04307093433337));
#2523=CARTESIAN_POINT('Ctrl Pts',(3.66102913760456,-4.35722886293965,4.90499138887882));
#2524=CARTESIAN_POINT('Ctrl Pts',(1.14753540512813,-5.57420310038863,4.76691184342427));
#2525=CARTESIAN_POINT('Ctrl Pts',(-1.64226740439121,-5.44899398815062,4.62883229796973));
#2526=CARTESIAN_POINT('Ctrl Pts',(-4.03663719394947,-4.01174997661222,4.49075275251518));
#2527=CARTESIAN_POINT('Ctrl Pts',(-5.45904612506996,-1.60853757018742,4.35267320706064));
#2528=CARTESIAN_POINT('Ctrl Pts',(-5.5669997552072,1.18198622502755,4.21459366160609));
#2529=CARTESIAN_POINT('Ctrl Pts',(-4.33450449157466,3.68790570954057,4.07651411615154));
#2530=CARTESIAN_POINT('Ctrl Pts',(-2.0583264535267,5.30583357465479,3.938434570697));
#2531=CARTESIAN_POINT('Ctrl Pts',(0.71346529753973,5.64619739104797,3.80035502524246));
#2532=CARTESIAN_POINT('Ctrl Pts',(3.31346545278978,4.62704272767336,3.66227547978791));
#2533=CARTESIAN_POINT('Ctrl Pts',(5.1156335100162,2.4937665297481,3.52419593433336));
#2534=CARTESIAN_POINT('Ctrl Pts',(5.68603480009213,-0.23997072863877,3.38611638887882));
#2535=CARTESIAN_POINT('Ctrl Pts',(4.88732537193767,-2.915926687705,3.24803684342427));
#2536=CARTESIAN_POINT('Ctrl Pts',(2.91182229840209,-4.88977183100986,3.10995729796973));
#2537=CARTESIAN_POINT('Ctrl Pts',(0.235196707305768,-5.68623428050993,2.97187775251518));
#2538=CARTESIAN_POINT('Ctrl Pts',(-2.49806070854494,-5.11353794952506,2.83379820706064));
#2539=CARTESIAN_POINT('Ctrl Pts',(-4.62982302209253,-3.30957948444602,2.69571866160609));
#2540=CARTESIAN_POINT('Ctrl Pts',(-5.64679448273751,-0.708724499542554,
2.55763911615155));
#2541=CARTESIAN_POINT('Ctrl Pts',(-5.30410342768994,2.06278036446549,2.419559570697));
#2542=CARTESIAN_POINT('Ctrl Pts',(-3.68426544314677,4.33759948689359,2.28148002524246));
#2543=CARTESIAN_POINT('Ctrl Pts',(-1.17731131571678,5.56798980248818,2.14340047978791));
#2544=CARTESIAN_POINT('Ctrl Pts',(1.61311940217925,5.45769443323268,2.00532093433336));
#2545=CARTESIAN_POINT('Ctrl Pts',(4.01513961176276,4.03326605876685,1.86724138887882));
#2546=CARTESIAN_POINT('Ctrl Pts',(5.4503670820993,1.63769483972799,1.72916184342427));
#2547=CARTESIAN_POINT('Ctrl Pts',(5.57324525720531,-1.15222089482015,1.59108229796973));
#2548=CARTESIAN_POINT('Ctrl Pts',(4.35413850430255,-3.66467454067611,1.45300275251518));
#2549=CARTESIAN_POINT('Ctrl Pts',(2.08668537107101,-5.29477955528521,1.31492320706064));
#2550=CARTESIAN_POINT('Ctrl Pts',(-0.683337012401619,-5.64988427253225,
1.17684366160609));
#2551=CARTESIAN_POINT('Ctrl Pts',(-3.28856802121173,-4.64477780850985,1.03876411615154));
#2552=CARTESIAN_POINT('Ctrl Pts',(-5.10248774183579,-2.52088373264012,0.900684570697));
#2553=CARTESIAN_POINT('Ctrl Pts',(-5.49178563298314,-0.700892665077984,
0.808631540393972));
#2554=CARTESIAN_POINT('Ctrl Pts',(-5.45854504090119,0.201149444326243,0.762605025242457));
#2555=CARTESIAN_POINT('Ctrl Pts',(-1.53478896944099,-4.90210397500725,10.0637825378637));
#2556=CARTESIAN_POINT('Ctrl Pts',(-2.3448774045461,-4.64847516566132,10.0177560227122));
#2557=CARTESIAN_POINT('Ctrl Pts',(-3.83611414751021,-3.73217927374151,9.92570299240915));
#2558=CARTESIAN_POINT('Ctrl Pts',(-5.14965692410488,-1.45758584650066,9.78762344695459));
#2559=CARTESIAN_POINT('Ctrl Pts',(-5.22305483735594,1.16738169343836,9.64954390150005));
#2560=CARTESIAN_POINT('Ctrl Pts',(-4.03891368704961,3.51154804245367,9.51146435604551));
#2561=CARTESIAN_POINT('Ctrl Pts',(-1.88221665754509,5.01004358508443,9.37338481059096));
#2562=CARTESIAN_POINT('Ctrl Pts',(0.727665915676552,5.30226898144161,9.2353052651364));
#2563=CARTESIAN_POINT('Ctrl Pts',(3.16234949132084,4.31775228445253,9.09722571968188));
#2564=CARTESIAN_POINT('Ctrl Pts',(4.83558140459071,2.29360479521122,8.95914617422731));
#2565=CARTESIAN_POINT('Ctrl Pts',(5.34448185816763,-0.282817074061945,8.82106662877278));
#2566=CARTESIAN_POINT('Ctrl Pts',(4.56651082485672,-2.79113624824637,8.68298708331823));
#2567=CARTESIAN_POINT('Ctrl Pts',(2.68899418491077,-4.62739459269717,8.54490753786369));
#2568=CARTESIAN_POINT('Ctrl Pts',(0.164008246486767,-5.34944550156435,8.40682799240914));
#2569=CARTESIAN_POINT('Ctrl Pts',(-2.40046818976957,-4.78343186645214,8.2687484469546));
#2570=CARTESIAN_POINT('Ctrl Pts',(-4.38694848331837,-3.065640272063,8.13066890150005));
#2571=CARTESIAN_POINT('Ctrl Pts',(-5.31711823726858,-0.609689264380536,
7.99258935604551));
#2572=CARTESIAN_POINT('Ctrl Pts',(-4.96700679234781,1.9930657235404,7.85450981059095));
#2573=CARTESIAN_POINT('Ctrl Pts',(-3.42091562367537,4.11592075200848,7.71643026513642));
#2574=CARTESIAN_POINT('Ctrl Pts',(-1.05111999482779,5.2477246660345,7.57835071968187));
#2575=CARTESIAN_POINT('Ctrl Pts',(1.57176934945255,5.11595626350329,7.44027117422732));
#2576=CARTESIAN_POINT('Ctrl Pts',(3.81620053185827,3.75234338674793,7.30219162877278));
#2577=CARTESIAN_POINT('Ctrl Pts',(5.14174865309594,1.48522327514417,7.16411208331824));
#2578=CARTESIAN_POINT('Ctrl Pts',(5.22924187958897,-1.13951601675666,7.02603253786368));
#2579=CARTESIAN_POINT('Ctrl Pts',(4.0576131733591,-3.48987717901705,6.88795299240915));
#2580=CARTESIAN_POINT('Ctrl Pts',(1.90897291170876,-4.99992898054285,6.74987344695459));
#2581=CARTESIAN_POINT('Ctrl Pts',(-0.699319000710916,-5.30607390864132,
6.61179390150006));
#2582=CARTESIAN_POINT('Ctrl Pts',(-3.13922553107201,-4.33459691938387,6.4737143560455));
#2583=CARTESIAN_POINT('Ctrl Pts',(-4.82325428609555,-2.31941490039985,6.33563481059096));
#2584=CARTESIAN_POINT('Ctrl Pts',(-5.34591674758872,0.254246959449019,6.19755526513641));
#2585=CARTESIAN_POINT('Ctrl Pts',(-4.58136374200219,2.76669001732873,6.05947571968187));
#2586=CARTESIAN_POINT('Ctrl Pts',(-2.71368800790346,4.61295618712085,5.92139617422733));
#2587=CARTESIAN_POINT('Ctrl Pts',(-0.192597463674565,5.34849264798148,5.78331662877278));
#2588=CARTESIAN_POINT('Ctrl Pts',(2.37486762132349,4.7961934041195,5.64523708331823));
#2589=CARTESIAN_POINT('Ctrl Pts',(4.37050069344838,3.08904371563364,5.50715753786369));
#2590=CARTESIAN_POINT('Ctrl Pts',(5.31378365293613,0.638099269956394,5.36907799240914));
#2591=CARTESIAN_POINT('Ctrl Pts',(4.97758830594918,-1.96648977749792,5.2309984469546));
#2592=CARTESIAN_POINT('Ctrl Pts',(3.44286538012544,-4.0975779874054,5.09291890150004));
#2593=CARTESIAN_POINT('Ctrl Pts',(1.07915282022827,-5.24203172244427,4.95483935604551));
#2594=CARTESIAN_POINT('Ctrl Pts',(-1.54440333003918,-5.12428392487209,4.81675981059096));
#2595=CARTESIAN_POINT('Ctrl Pts',(-3.796090641406,-3.77268647395537,4.67868026513641));
#2596=CARTESIAN_POINT('Ctrl Pts',(-5.13373704662969,-1.5126834845824,4.54060071968187));
#2597=CARTESIAN_POINT('Ctrl Pts',(-5.23525763056625,1.11155068724615,4.40252117422732));
#2598=CARTESIAN_POINT('Ctrl Pts',(-4.07620778014482,3.46814035488717,4.26444162877278));
#2599=CARTESIAN_POINT('Ctrl Pts',(-1.9356690759583,4.98965455894694,4.12636208331823));
#2600=CARTESIAN_POINT('Ctrl Pts',(0.670949309741808,5.30973581371514,3.98828253786369));
#2601=CARTESIAN_POINT('Ctrl Pts',(3.11601330305605,4.35131342054576,3.85020299240914));
#2602=CARTESIAN_POINT('Ctrl Pts',(4.81078867363734,2.34516091751266,3.71212344695459));
#2603=CARTESIAN_POINT('Ctrl Pts',(5.34719927857077,-0.225670674234095,3.57404390150005));
#2604=CARTESIAN_POINT('Ctrl Pts',(4.5960856065359,-2.74216420212708,3.43596435604551));
#2605=CARTESIAN_POINT('Ctrl Pts',(2.73830439678098,-4.59838627908642,3.29788481059096));
#2606=CARTESIAN_POINT('Ctrl Pts',(0.221181140785004,-5.34738687178531,3.15980526513642));
#2607=CARTESIAN_POINT('Ctrl Pts',(-2.3491992026396,-4.80881798933091,3.02172571968187));
#2608=CARTESIAN_POINT('Ctrl Pts',(-4.35392803491852,-3.1123589027833,2.88364617422733));
#2609=CARTESIAN_POINT('Ctrl Pts',(-5.31029732421655,-0.666491019822451,
2.74556662877277));
#2610=CARTESIAN_POINT('Ctrl Pts',(-4.9880275128722,1.93985757465661,2.60748708331823));
#2611=CARTESIAN_POINT('Ctrl Pts',(-3.46471701498176,4.07911834213018,2.46940753786369));
#2612=CARTESIAN_POINT('Ctrl Pts',(-1.10715435965182,5.23618868011003,2.33132799240914));
#2613=CARTESIAN_POINT('Ctrl Pts',(1.51699228141228,5.13246590322814,2.1932484469546));
#2614=CARTESIAN_POINT('Ctrl Pts',(3.77587411794083,3.79292039496005,2.05516890150005));
#2615=CARTESIAN_POINT('Ctrl Pts',(5.12557519501552,1.54010324829013,1.9170893560455));
#2616=CARTESIAN_POINT('Ctrl Pts',(5.24113095792929,-1.08355909771017,1.77900981059096));
#2617=CARTESIAN_POINT('Ctrl Pts',(4.09467178579817,-3.44629355060972,1.64093026513641));
#2618=CARTESIAN_POINT('Ctrl Pts',(1.96233806212622,-4.97925925774383,1.50285071968187));
#2619=CARTESIAN_POINT('Ctrl Pts',(-0.642616394059958,-5.3132029908792,1.36477117422732));
#2620=CARTESIAN_POINT('Ctrl Pts',(-3.09259953003969,-4.36799165323134,1.22669162877278));
#2621=CARTESIAN_POINT('Ctrl Pts',(-4.79842627266692,-2.3706621838325,1.08861208331823));
#2622=CARTESIAN_POINT('Ctrl Pts',(-5.16452558015947,-0.659125890858039,
0.996559053015204));
#2623=CARTESIAN_POINT('Ctrl Pts',(-5.13326582248142,0.18916278239605,0.950532537863689));
#2624=CARTESIAN_POINT('Ctrl Pts',(5.1363530646427,-5.05811582675838E-5,
7.08579150530312));
#2625=CARTESIAN_POINT('Ctrl Pts',(5.13648150140134,-0.36750214483416,7.06587184948997));
#2626=CARTESIAN_POINT('Ctrl Pts',(5.0975880963179,-0.734926917567204,7.04595219367682));
#2627=CARTESIAN_POINT('Ctrl Pts',(5.01938822413519,-1.09378632848326,7.02603253786366));
#2628=CARTESIAN_POINT('Ctrl Pts',(4.83869897751238,-1.92296973751014,6.98000602271215));
#2629=CARTESIAN_POINT('Ctrl Pts',(4.44815607543576,-2.70642345826361,6.93397950756064));
#2630=CARTESIAN_POINT('Ctrl Pts',(3.89477791412238,-3.34982561889464,6.88795299240912));
#2631=CARTESIAN_POINT('Ctrl Pts',(3.34139975280901,-3.99322777952568,6.84192647725761));
#2632=CARTESIAN_POINT('Ctrl Pts',(2.62518633225889,-4.49657838003428,6.79589996210609));
#2633=CARTESIAN_POINT('Ctrl Pts',(1.83236430324722,-4.79927783497166,6.74987344695457));
#2634=CARTESIAN_POINT('Ctrl Pts',(1.03954227423554,-5.10197728990904,6.70384693180306));
#2635=CARTESIAN_POINT('Ctrl Pts',(0.170111636762306,-5.2040255992752,6.65782041665155));
#2636=CARTESIAN_POINT('Ctrl Pts',(-0.671254770367829,-5.09313692241537,
6.61179390150003));
#2637=CARTESIAN_POINT('Ctrl Pts',(-1.51262117749796,-4.98224824555554,6.56576738634852));
#2638=CARTESIAN_POINT('Ctrl Pts',(-2.32592335428499,-4.65842258246972,6.519740871197));
#2639=CARTESIAN_POINT('Ctrl Pts',(-3.0132459018491,-4.16064608109614,6.47371435604548));
#2640=CARTESIAN_POINT('Ctrl Pts',(-3.70056844941321,-3.66286957972256,6.42768784089396));
#2641=CARTESIAN_POINT('Ctrl Pts',(-4.2619113677544,-2.99114224006122,6.38166132574245));
#2642=CARTESIAN_POINT('Ctrl Pts',(-4.62969323717386,-2.22633492692239,6.33563481059094));
#2643=CARTESIAN_POINT('Ctrl Pts',(-4.99747510659331,-1.46152761378357,6.28960829543943));
#2644=CARTESIAN_POINT('Ctrl Pts',(-5.17169592709103,-0.603640327167275,
6.24358178028791));
#2645=CARTESIAN_POINT('Ctrl Pts',(-5.13138083640881,0.244043825787494,6.19755526513639));
#2646=CARTESIAN_POINT('Ctrl Pts',(-5.09106574572658,1.09172797874227,6.15152874998488));
#2647=CARTESIAN_POINT('Ctrl Pts',(-4.83621474386439,1.92920899803552,6.10550223483336));
#2648=CARTESIAN_POINT('Ctrl Pts',(-4.39750995391684,2.65566053598083,6.05947571968185));
#2649=CARTESIAN_POINT('Ctrl Pts',(-3.9588051639693,3.38211207392614,6.01344920453033));
#2650=CARTESIAN_POINT('Ctrl Pts',(-3.33624658593639,3.99753413052351,5.96742268937882));
#2651=CARTESIAN_POINT('Ctrl Pts',(-2.60478553954845,4.42783456896563,5.9213961742273));
#2652=CARTESIAN_POINT('Ctrl Pts',(-1.8733244931605,4.85813500740776,5.87536965907579));
#2653=CARTESIAN_POINT('Ctrl Pts',(-1.03296097841753,5.10331382769464,5.82934314392427));
#2654=CARTESIAN_POINT('Ctrl Pts',(-0.18486837354636,5.13385336386108,5.78331662877276));
#2655=CARTESIAN_POINT('Ctrl Pts',(0.663224231324798,5.16439290002752,5.73729011362124));
#2656=CARTESIAN_POINT('Ctrl Pts',(1.51904592632415,4.98029315207353,5.69126359846972));
#2657=CARTESIAN_POINT('Ctrl Pts',(2.27956228584464,4.60371833001556,5.64523708331821));
#2658=CARTESIAN_POINT('Ctrl Pts',(3.04007864536514,4.22714350795758,5.59921056816669));
#2659=CARTESIAN_POINT('Ctrl Pts',(3.70528966940677,3.65809361179563,5.55318405301518));
#2660=CARTESIAN_POINT('Ctrl Pts',(4.19510900800888,2.96507792276844,5.50715753786367));
#2661=CARTESIAN_POINT('Ctrl Pts',(4.684928346611,2.27206223374125,5.46113102271215));
#2662=CARTESIAN_POINT('Ctrl Pts',(4.99935599977358,1.45508075184882,5.41510450756063));
#2663=CARTESIAN_POINT('Ctrl Pts',(5.10053726852372,0.612491836326888,5.36907799240912));
#2664=CARTESIAN_POINT('Ctrl Pts',(5.12492878130378,0.409371055621469,5.35798249670712));
#2665=CARTESIAN_POINT('Ctrl Pts',(5.13692779465637,0.204762136641316,5.34688700100512));
#2666=CARTESIAN_POINT('Ctrl Pts',(5.13672331882997,0.000129388834611097,
5.33579150530312));
#2667=CARTESIAN_POINT('',(5.26325249528755,-8.70877682641362E-5,8.76293725889873));
#2668=CARTESIAN_POINT('Ctrl Pts',(5.26325249528755,-8.70877682645856E-5,
8.76293725889873));
#2669=CARTESIAN_POINT('Ctrl Pts',(5.26021508549912,-0.0927661412697669,
8.75982721243815));
#2670=CARTESIAN_POINT('Ctrl Pts',(5.25470589776144,-0.185316280785227,8.75671585349445));
#2671=CARTESIAN_POINT('Ctrl Pts',(5.24670186119761,-0.277642014848977,8.75360206030202));
#2672=CARTESIAN_POINT('Ctrl Pts',(5.23344926966869,-0.430509287680029,8.74844643301875));
#2673=CARTESIAN_POINT('Ctrl Pts',(5.21335973741127,-0.582762261897335,8.74328413231565));
#2674=CARTESIAN_POINT('Ctrl Pts',(5.18657819275644,-0.733975031887262,8.73811006632208));
#2675=CARTESIAN_POINT('Ctrl Pts',(5.15988668486243,-0.884679440310363,8.73295339499891));
#2676=CARTESIAN_POINT('Ctrl Pts',(5.12654779076769,-1.03435134711636,8.72778503735965));
#2677=CARTESIAN_POINT('Ctrl Pts',(5.08665724350751,-1.18254976537341,8.72259995271621));
#2678=CARTESIAN_POINT('Ctrl Pts',(5.07360142631783,-1.23105377420398,8.72090292116696));
#2679=CARTESIAN_POINT('Ctrl Pts',(5.0598434370483,-1.27939974297612,8.71920409783105));
#2680=CARTESIAN_POINT('Ctrl Pts',(5.0453855959818,-1.32757155761502,8.71750330598591));
#2681=CARTESIAN_POINT('Ctrl Pts',(5.0388093169417,-1.34948294075144,8.71672968551857));
#2682=CARTESIAN_POINT('Ctrl Pts',(5.03208800345717,-1.37135881581931,8.71595563829503));
#2683=CARTESIAN_POINT('Ctrl Pts',(5.02522677099514,-1.39318257129217,8.71518168425233));
#2684=CARTESIAN_POINT('Ctrl Pts',(4.97940385826573,-1.53893306845066,8.71001281280662));
#2685=CARTESIAN_POINT('Ctrl Pts',(4.92729603112907,-1.68252373442907,8.70484233677035));
#2686=CARTESIAN_POINT('Ctrl Pts',(4.8690545828676,-1.82353465620396,8.6996651315148));
#2687=CARTESIAN_POINT('Ctrl Pts',(4.81113843698394,-1.96375797414137,8.69451684307417));
#2688=CARTESIAN_POINT('Ctrl Pts',(4.74715667501854,-2.10143097474653,8.68936190037522));
#2689=CARTESIAN_POINT('Ctrl Pts',(4.67721233843682,-2.23611752084872,8.68419526417994));
#2690=CARTESIAN_POINT('Ctrl Pts',(4.65131256846005,-2.28599075910491,8.68228210443677));
#2691=CARTESIAN_POINT('Ctrl Pts',(4.62459480803201,-2.33545422604239,8.68036734133343));
#2692=CARTESIAN_POINT('Ctrl Pts',(4.59706281720801,-2.38448467275407,8.67845071901435));
#2693=CARTESIAN_POINT('Ctrl Pts',(4.58019368248956,-2.41452613311095,8.6772763847531));
#2694=CARTESIAN_POINT('Ctrl Pts',(4.56301642366294,-2.44440895430093,8.67610119457104));
#2695=CARTESIAN_POINT('Ctrl Pts',(4.54554688033157,-2.47410258004484,8.67492608870356));
#2696=CARTESIAN_POINT('Ctrl Pts',(4.50164018736819,-2.54873240200283,8.67197266218608));
#2697=CARTESIAN_POINT('Ctrl Pts',(4.45587215660897,-2.62219588502528,8.66901866345443));
#2698=CARTESIAN_POINT('Ctrl Pts',(4.40826649067349,-2.69441468515192,8.66606313622684));
#2699=CARTESIAN_POINT('Ctrl Pts',(4.32478953490061,-2.82105098916482,8.66088059312374));
#2700=CARTESIAN_POINT('Ctrl Pts',(4.23566440090732,-2.94386219857333,8.6556933502117));
#2701=CARTESIAN_POINT('Ctrl Pts',(4.14123393081515,-3.06255326255041,8.6504962515283));
#2702=CARTESIAN_POINT('Ctrl Pts',(4.05813813045208,-3.16699761136593,8.64592297052863));
#2703=CARTESIAN_POINT('Ctrl Pts',(3.97093327243646,-3.26825133059669,8.64134205777313));
#2704=CARTESIAN_POINT('Ctrl Pts',(3.87983016312955,-3.36608900321816,8.63675));
#2705=CARTESIAN_POINT('Ctrl Pts',(-3.07517201981359,-5.15112651218208,9.5));
#2706=CARTESIAN_POINT('Ctrl Pts',(-3.21465652233097,-5.06220798782433,9.49513455939209));
#2707=CARTESIAN_POINT('Ctrl Pts',(-3.35054793994966,-4.9675559590821,9.49026151555652));
#2708=CARTESIAN_POINT('Ctrl Pts',(-3.48246466120171,-4.8673536827322,9.48537631252298));
#2709=CARTESIAN_POINT('Ctrl Pts',(-3.55301323488088,-4.81376587666185,9.48276372404384));
#2710=CARTESIAN_POINT('Ctrl Pts',(-3.62242441039753,-4.758590038795,9.48014765794804));
#2711=CARTESIAN_POINT('Ctrl Pts',(-3.69063510463204,-4.70185025719763,9.47752741737475));
#2712=CARTESIAN_POINT('Ctrl Pts',(-3.72614054347941,-4.67231572645686,9.47616351406773));
#2713=CARTESIAN_POINT('Ctrl Pts',(-3.76132065703261,-4.64235740682104,9.4747984796973));
#2714=CARTESIAN_POINT('Ctrl Pts',(-3.79616614931786,-4.61197843136096,9.47343221598161));
#2715=CARTESIAN_POINT('Ctrl Pts',(-3.81255855333614,-4.59768721586235,9.47278948300944));
#2716=CARTESIAN_POINT('Ctrl Pts',(-3.82887746352078,-4.58330233328092,9.47214645424968));
#2717=CARTESIAN_POINT('Ctrl Pts',(-3.84510971018636,-4.56883515821553,9.47150360602621));
#2718=CARTESIAN_POINT('Ctrl Pts',(-3.9711738012383,-4.45647909855956,9.46651106995614));
#2719=CARTESIAN_POINT('Ctrl Pts',(-4.09219029293576,-4.33901010909681,9.4615225102713));
#2720=CARTESIAN_POINT('Ctrl Pts',(-4.20779874267346,-4.21668626446653,9.45653331553729));
#2721=CARTESIAN_POINT('Ctrl Pts',(-4.22803371495386,-4.19527589514714,9.45566005569016));
#2722=CARTESIAN_POINT('Ctrl Pts',(-4.24810292966151,-4.17371669262741,9.45478677638794));
#2723=CARTESIAN_POINT('Ctrl Pts',(-4.26800434869128,-4.15200991449652,9.45391345290341));
#2724=CARTESIAN_POINT('Ctrl Pts',(-4.38148934123236,-4.02823012017175,9.44893345077494));
#2725=CARTESIAN_POINT('Ctrl Pts',(-4.4895214065058,-3.89965439218849,9.44395201197591));
#2726=CARTESIAN_POINT('Ctrl Pts',(-4.59191048723526,-3.76670893630433,9.43896455151719));
#2727=CARTESIAN_POINT('Ctrl Pts',(-4.69466785693487,-3.63328528152743,9.43395915138499));
#2728=CARTESIAN_POINT('Ctrl Pts',(-4.79174194097104,-3.49545974234016,9.42894768619591));
#2729=CARTESIAN_POINT('Ctrl Pts',(-4.88289678217851,-3.35363456201961,9.42392552130664));
#2730=CARTESIAN_POINT('Ctrl Pts',(-4.9694484065071,-3.21897139366962,9.41915697009142));
#2731=CARTESIAN_POINT('Ctrl Pts',(-5.05066345664745,-3.08070163672551,9.41437877253595));
#2732=CARTESIAN_POINT('Ctrl Pts',(-5.12629900958039,-2.93915411209354,9.40958696126964));
#2733=CARTESIAN_POINT('Ctrl Pts',(-5.15468968061734,-2.88602262759862,9.40778830003088));
#2734=CARTESIAN_POINT('Ctrl Pts',(-5.18229379747033,-2.83242920714215,9.40598772067172));
#2735=CARTESIAN_POINT('Ctrl Pts',(-5.20909693673157,-2.77839092744142,9.40418501336978));
#2736=CARTESIAN_POINT('Ctrl Pts',(-5.21926220476823,-2.75789655206084,9.40350132468925));
#2737=CARTESIAN_POINT('Ctrl Pts',(-5.22930851911153,-2.73734566194809,9.40281757956551));
#2738=CARTESIAN_POINT('Ctrl Pts',(-5.23923247462342,-2.71674539328893,9.40213396764308));
#2739=CARTESIAN_POINT('Ctrl Pts',(-5.31191769919688,-2.56586451197385,9.39712704413933));
#2740=CARTESIAN_POINT('Ctrl Pts',(-5.37809352599914,-2.41223475584593,9.39212385412694));
#2741=CARTESIAN_POINT('Ctrl Pts',(-5.43757568386397,-2.25627102200531,9.38711974268608));
#2742=CARTESIAN_POINT('Ctrl Pts',(-5.49689118923073,-2.10074425526183,9.38212965137668));
#2743=CARTESIAN_POINT('Ctrl Pts',(-5.54955077463697,-1.94289588686171,9.37713864379475));
#2744=CARTESIAN_POINT('Ctrl Pts',(-5.59532479649745,-1.78311616112177,9.37214210403637));
#2745=CARTESIAN_POINT('Ctrl Pts',(-5.61292902809521,-1.72166647454788,9.37022048475279));
#2746=CARTESIAN_POINT('Ctrl Pts',(-5.62951430245638,-1.65993095304481,9.36829804720789));
#2747=CARTESIAN_POINT('Ctrl Pts',(-5.6450655580624,-1.59793128374489,9.36637452882823));
#2748=CARTESIAN_POINT('Ctrl Pts',(-5.68566532201015,-1.43606834468795,9.36135278690966));
#2749=CARTESIAN_POINT('Ctrl Pts',(-5.71922112422435,-1.27240511361853,9.35632367825017));
#2750=CARTESIAN_POINT('Ctrl Pts',(-5.74571906935447,-1.107403070777,9.35128253061223));
#2751=CARTESIAN_POINT('Ctrl Pts',(-5.76148664784954,-1.00921875310344,9.34828280022951));
#2752=CARTESIAN_POINT('Ctrl Pts',(-5.77475416190554,-0.910560307218515,
9.34527880704394));
#2753=CARTESIAN_POINT('Ctrl Pts',(-5.78550993109595,-0.811525496883514,
9.34226956662896));
#2754=CARTESIAN_POINT('Ctrl Pts',(-5.79064693939804,-0.764225984047206,
9.34083233859616));
#2755=CARTESIAN_POINT('Ctrl Pts',(-5.79521090671886,-0.716840633769051,
9.33939391363644));
#2756=CARTESIAN_POINT('Ctrl Pts',(-5.79920003525641,-0.669380201087634,
9.33795418450165));
#2757=CARTESIAN_POINT('Ctrl Pts',(-5.80140985711016,-0.643088969722066,
9.33715663063102));
#2758=CARTESIAN_POINT('Ctrl Pts',(-5.80344327052852,-0.616774699046393,
9.33635867654449));
#2759=CARTESIAN_POINT('Ctrl Pts',(-5.80529992502645,-0.590439229642926,
9.33556030401032));
#2760=CARTESIAN_POINT('Ctrl Pts',(-5.80666779602174,-0.571036844985624,
9.33497211130449));
#2761=CARTESIAN_POINT('Ctrl Pts',(-5.807939429303,-0.551626757611847,9.33438380679474));
#2762=CARTESIAN_POINT('Ctrl Pts',(-5.80911437894702,-0.532217779212581,
9.33379562762906));
#2763=CARTESIAN_POINT('Ctrl Pts',(-5.81914184980278,-0.366574114200942,
9.32877588106215));
#2764=CARTESIAN_POINT('Ctrl Pts',(-5.82214419299761,-0.200836284734813,
9.32375993844671));
#2765=CARTESIAN_POINT('Ctrl Pts',(-5.81817378656747,-0.0354586470040756,
9.31874310688023));
#2766=CARTESIAN_POINT('Ctrl Pts',(-5.81419836229771,0.130127996650568,9.31371993499149));
#2767=CARTESIAN_POINT('Ctrl Pts',(-5.80323251993088,0.295354295413355,9.30869587190337));
#2768=CARTESIAN_POINT('Ctrl Pts',(-5.78527663261706,0.459766252863385,9.30366620689804));
#2769=CARTESIAN_POINT('Ctrl Pts',(-5.76753088868357,0.622254045614516,9.29869540563962));
#2770=CARTESIAN_POINT('Ctrl Pts',(-5.74295763055592,0.783947150193051,9.29371913281871));
#2771=CARTESIAN_POINT('Ctrl Pts',(-5.71150760795715,0.944398500900047,9.28873284118242));
#2772=CARTESIAN_POINT('Ctrl Pts',(-5.69072967651269,1.05040310406664,9.28543857245954));
#2773=CARTESIAN_POINT('Ctrl Pts',(-5.66694917763675,1.15586550955526,9.28213993074079));
#2774=CARTESIAN_POINT('Ctrl Pts',(-5.64014016785222,1.26065240493517,9.27883560475307));
#2775=CARTESIAN_POINT('Ctrl Pts',(-5.61076641385079,1.37546397433673,9.27521516298801));
#2776=CARTESIAN_POINT('Ctrl Pts',(-5.57775698856118,1.48946479171679,9.27158789733354));
#2777=CARTESIAN_POINT('Ctrl Pts',(-5.54117418324339,1.60249645791221,9.26795208302761));
#2778=CARTESIAN_POINT('Ctrl Pts',(-5.53196423365152,1.63095288543058,9.26703674408102));
#2779=CARTESIAN_POINT('Ctrl Pts',(-5.52252570496963,1.65935356958547,9.26612067728137));
#2780=CARTESIAN_POINT('Ctrl Pts',(-5.51287069089006,1.68766379560595,9.26520489637503));
#2781=CARTESIAN_POINT('Ctrl Pts',(-5.46022085901663,1.84204250784742,9.26021104443918));
#2782=CARTESIAN_POINT('Ctrl Pts',(-5.40109242198736,1.99388137185199,9.25522092865071));
#2783=CARTESIAN_POINT('Ctrl Pts',(-5.3357588612466,2.14281493725842,9.25022992583177));
#2784=CARTESIAN_POINT('Ctrl Pts',(-5.269772814251,2.29323590214546,9.24518907786891));
#2785=CARTESIAN_POINT('Ctrl Pts',(-5.19745676499488,2.44069392730595,9.24014732506956));
#2786=CARTESIAN_POINT('Ctrl Pts',(-5.11904273933711,2.58479454196977,9.23509990435289));
#2787=CARTESIAN_POINT('Ctrl Pts',(-5.04098551234373,2.72823947155151,9.23007545035621));
#2788=CARTESIAN_POINT('Ctrl Pts',(-4.95688526190803,2.86835810114072,9.22504537990505));
#2789=CARTESIAN_POINT('Ctrl Pts',(-4.86692750592288,3.00473388558045,9.22000499464194));
#2790=CARTESIAN_POINT('Ctrl Pts',(-4.78192111074103,3.13360341659935,9.21524203699752));
#2791=CARTESIAN_POINT('Ctrl Pts',(-4.6916836686979,3.25913102210624,9.21046986876656));
#2792=CARTESIAN_POINT('Ctrl Pts',(-4.59634073719921,3.38093493660371,9.20568452548017));
#2793=CARTESIAN_POINT('Ctrl Pts',(-4.56761365564278,3.41763478346871,9.20424268868427));
#2794=CARTESIAN_POINT('Ctrl Pts',(-4.53842288978947,3.45399635030623,9.20279965581323));
#2795=CARTESIAN_POINT('Ctrl Pts',(-4.5087713971913,3.4900085646977,9.20135531842592));
#2796=CARTESIAN_POINT('Ctrl Pts',(-4.48813620390032,3.51507033864866,9.20035016898645));
#2797=CARTESIAN_POINT('Ctrl Pts',(-4.46727787131172,3.53996291118847,9.19934438775594));
#2798=CARTESIAN_POINT('Ctrl Pts',(-4.44619733774524,3.56468245854495,9.19833793818501));
#2799=CARTESIAN_POINT('Ctrl Pts',(-4.43312188717117,3.58001505051438,9.19771367592056));
#2800=CARTESIAN_POINT('Ctrl Pts',(-4.41996156641986,3.59528027940309,9.19708918759721));
#2801=CARTESIAN_POINT('Ctrl Pts',(-4.40672514931354,3.61046765697057,9.19646486228933));
#2802=CARTESIAN_POINT('Ctrl Pts',(-4.37019344999251,3.6523838874968,9.19474176273429));
#2803=CARTESIAN_POINT('Ctrl Pts',(-4.33306531797627,3.69372697659351,9.19301909887485));
#2804=CARTESIAN_POINT('Ctrl Pts',(-4.2953499234875,3.73448214191927,9.19129668067789));
#2805=CARTESIAN_POINT('Ctrl Pts',(-4.18572158764777,3.85294626014208,9.18629008209625));
#2806=CARTESIAN_POINT('Ctrl Pts',(-4.07113444670815,3.96644552769925,9.1812855591313));
#2807=CARTESIAN_POINT('Ctrl Pts',(-3.95200399354945,4.07478600493847,9.17627844474003));
#2808=CARTESIAN_POINT('Ctrl Pts',(-3.83178236833706,4.18411882374872,9.17122546782455));
#2809=CARTESIAN_POINT('Ctrl Pts',(-3.706933215961,4.28819835940866,9.16616985179315));
#2810=CARTESIAN_POINT('Ctrl Pts',(-3.57784707732474,4.38678685209242,9.16110680018166));
#2811=CARTESIAN_POINT('Ctrl Pts',(-3.44942702839164,4.48486662416124,9.15606987412153));
#2812=CARTESIAN_POINT('Ctrl Pts',(-3.31681294179708,4.57751222909863,9.15102558901913));
#2813=CARTESIAN_POINT('Ctrl Pts',(-3.18036305552382,4.6644458571963,9.14596922227763));
#2814=CARTESIAN_POINT('Ctrl Pts',(-3.08589124651207,4.72463481985981,9.14246841970357));
#2815=CARTESIAN_POINT('Ctrl Pts',(-2.98958017544876,4.78208481019669,9.13896182572414));
#2816=CARTESIAN_POINT('Ctrl Pts',(-2.89154379790394,4.83668987459831,9.13544787298196));
#2817=CARTESIAN_POINT('Ctrl Pts',(-2.85282327919087,4.85825673040166,9.13405999966067));
#2818=CARTESIAN_POINT('Ctrl Pts',(-2.81383358912211,4.87937966481731,9.13267097841674));
#2819=CARTESIAN_POINT('Ctrl Pts',(-2.77458163648472,4.90005162684465,9.13128071268294));
#2820=CARTESIAN_POINT('Ctrl Pts',(-2.75513706792949,4.91029206982402,9.13059200510141));
#2821=CARTESIAN_POINT('Ctrl Pts',(-2.7356281394216,4.92042183960218,9.1299029921224));
#2822=CARTESIAN_POINT('Ctrl Pts',(-2.71605568677549,4.93044005097161,9.12921366200665));
#2823=CARTESIAN_POINT('Ctrl Pts',(-2.69732119900956,4.94002934781298,9.12855384451449));
#2824=CARTESIAN_POINT('Ctrl Pts',(-2.67853592545574,4.94951261887826,9.12789399786561));
#2825=CARTESIAN_POINT('Ctrl Pts',(-2.65970490995716,4.95888729530954,9.12723425803481));
#2826=CARTESIAN_POINT('Ctrl Pts',(-2.5151301737671,5.03086118179598,9.12216911898274));
#2827=CARTESIAN_POINT('Ctrl Pts',(-2.36778292629179,5.09647798770933,9.1171075083176));
#2828=CARTESIAN_POINT('Ctrl Pts',(-2.21804535989232,5.15551599031441,9.11204459540124));
#2829=CARTESIAN_POINT('Ctrl Pts',(-2.13636908287032,5.18771902640981,9.10928296458382));
#2830=CARTESIAN_POINT('Ctrl Pts',(-2.0539811229385,5.21796390921442,9.10652094630797));
#2831=CARTESIAN_POINT('Ctrl Pts',(-1.97094061290913,5.24620878688761,9.10375775660272));
#2832=CARTESIAN_POINT('Ctrl Pts',(-1.81867538047457,5.29799932698031,9.09869110030951));
#2833=CARTESIAN_POINT('Ctrl Pts',(-1.66421668957601,5.34306852980901,9.09362050545502));
#2834=CARTESIAN_POINT('Ctrl Pts',(-1.50802139826847,5.38139536050133,9.08854113886757));
#2835=CARTESIAN_POINT('Ctrl Pts',(-1.35180469630618,5.41972744488941,9.08346107601992));
#2836=CARTESIAN_POINT('Ctrl Pts',(-1.19385014915032,5.45131535412871,9.07837223903435));
#2837=CARTESIAN_POINT('Ctrl Pts',(-1.03460979198165,5.47608637343573,9.0732697927514));
#2838=CARTESIAN_POINT('Ctrl Pts',(-0.96078043044354,5.48757107852307,9.07090412139741));
#2839=CARTESIAN_POINT('Ctrl Pts',(-0.886674675589533,5.49758971345307,9.06853552462734));
#2840=CARTESIAN_POINT('Ctrl Pts',(-0.812337917794551,5.50613121648973,9.06616352056141));
#2841=CARTESIAN_POINT('Ctrl Pts',(-0.759467885502596,5.5122061322483,9.06447649606259));
#2842=CARTESIAN_POINT('Ctrl Pts',(-0.706481008757448,5.51753380734702,9.06278774802219));
#2843=CARTESIAN_POINT('Ctrl Pts',(-0.653393779669077,5.52210951065488,9.06109710307713));
#2844=CARTESIAN_POINT('Ctrl Pts',(-0.632196795288456,5.52393652466961,9.06042205231428));
#2845=CARTESIAN_POINT('Ctrl Pts',(-0.610982923133969,5.52564365860014,9.05974667085699));
#2846=CARTESIAN_POINT('Ctrl Pts',(-0.589769894992495,5.52722949681585,9.05907147817577));
#2847=CARTESIAN_POINT('Ctrl Pts',(-0.430169725628873,5.53916084608491,9.05399154024533));
#2848=CARTESIAN_POINT('Ctrl Pts',(-0.270397208321744,5.54425049332093,9.04891525206618));
#2849=CARTESIAN_POINT('Ctrl Pts',(-0.110899149279863,5.5425022797295,9.04383773817983));
#2850=CARTESIAN_POINT('Ctrl Pts',(0.0480951635731769,5.54075958755908,9.03877626071603));
#2851=CARTESIAN_POINT('Ctrl Pts',(0.206817504462428,5.53222214879047,9.03371356527516));
#2852=CARTESIAN_POINT('Ctrl Pts',(0.364827702403721,5.51684246774207,9.02864482244778));
#2853=CARTESIAN_POINT('Ctrl Pts',(0.493795152425953,5.50428961816141,9.02450772974249));
#2854=CARTESIAN_POINT('Ctrl Pts',(0.622288407593364,5.48717768036856,9.02036660840408));
#2855=CARTESIAN_POINT('Ctrl Pts',(0.750064098803874,5.46545537170821,9.01621883252754));
#2856=CARTESIAN_POINT('Ctrl Pts',(0.907169821769325,5.43874685638553,9.0111189632049));
#2857=CARTESIAN_POINT('Ctrl Pts',(1.06319177291443,5.40506952241333,9.00600903370922));
#2858=CARTESIAN_POINT('Ctrl Pts',(1.21770120358697,5.36457673198186,9.00088416302355));
#2859=CARTESIAN_POINT('Ctrl Pts',(1.27325110350184,5.35001858853423,8.99904164731156));
#2860=CARTESIAN_POINT('Ctrl Pts',(1.32860528176835,5.33457905775389,8.99719720033503));
#2861=CARTESIAN_POINT('Ctrl Pts',(1.38374298706273,5.31826383866309,8.99535059526674));
#2862=CARTESIAN_POINT('Ctrl Pts',(1.41245722337872,5.30976731066979,8.99438893293368));
#2863=CARTESIAN_POINT('Ctrl Pts',(1.44111274305324,5.30103327990223,8.99342668531605));
#2864=CARTESIAN_POINT('Ctrl Pts',(1.46970655869726,5.29206247438478,8.99246382037767));
#2865=CARTESIAN_POINT('Ctrl Pts',(1.48960510864063,5.28581965517367,8.99179375884046));
#2866=CARTESIAN_POINT('Ctrl Pts',(1.50947546322606,5.27946157234566,8.99112334078896));
#2867=CARTESIAN_POINT('Ctrl Pts',(1.5293005157491,5.27299384350397,8.99045310083068));
#2868=CARTESIAN_POINT('Ctrl Pts',(1.68120695895689,5.22343585707078,8.98531748930888));
#2869=CARTESIAN_POINT('Ctrl Pts',(1.83065621990398,5.16738300408788,8.98018556009641));
#2870=CARTESIAN_POINT('Ctrl Pts',(1.97724901182771,5.10507376780286,8.97505227249068));
#2871=CARTESIAN_POINT('Ctrl Pts',(2.1228684966851,5.04317823548771,8.96995306749595));
#2872=CARTESIAN_POINT('Ctrl Pts',(2.26566999701823,4.97510870996604,8.96485252208627));
#2873=CARTESIAN_POINT('Ctrl Pts',(2.40524446093526,4.9010493541146,8.95974569529759));
#2874=CARTESIAN_POINT('Ctrl Pts',(2.54621827891685,4.82624748951392,8.9545876681774));
#2875=CARTESIAN_POINT('Ctrl Pts',(2.68390079076513,4.74533481429589,8.94942323309436));
#2876=CARTESIAN_POINT('Ctrl Pts',(2.81784150931997,4.65845527209185,8.94424729897724));
#2877=CARTESIAN_POINT('Ctrl Pts',(2.9517822278748,4.57157572988782,8.93907136486012));
#2878=CARTESIAN_POINT('Ctrl Pts',(3.08198188540213,4.47872898235487,8.93388393170891));
#2879=CARTESIAN_POINT('Ctrl Pts',(3.20794995348679,4.38001809391746,8.92867990845237));
#2880=CARTESIAN_POINT('Ctrl Pts',(3.24708778720952,4.34934896961454,8.9270630368118));
#2881=CARTESIAN_POINT('Ctrl Pts',(3.28581679719031,4.31811348351856,8.92544456369029));
#2882=CARTESIAN_POINT('Ctrl Pts',(3.32412683143876,4.28632153383987,8.9238243363952));
#2883=CARTESIAN_POINT('Ctrl Pts',(3.34241433093236,4.27114547683404,8.92305091224094));
#2884=CARTESIAN_POINT('Ctrl Pts',(3.36060775847706,4.25584132218544,8.92227702614427));
#2885=CARTESIAN_POINT('Ctrl Pts',(3.37868936591013,4.24042457172244,8.92150337831411));
#2886=CARTESIAN_POINT('Ctrl Pts',(3.49698577072275,4.13956262344613,8.91644189485711));
#2887=CARTESIAN_POINT('Ctrl Pts',(3.61065962188075,4.03375294538183,8.91138383423691));
#2888=CARTESIAN_POINT('Ctrl Pts',(3.71949281089397,3.92338930676038,8.90632436730293));
#2889=CARTESIAN_POINT('Ctrl Pts',(3.82943127327331,3.81190485203989,8.90121351811966));
#2890=CARTESIAN_POINT('Ctrl Pts',(3.93443075083019,3.69577289953636,8.89610123391347));
#2891=CARTESIAN_POINT('Ctrl Pts',(4.03423098677444,3.57536002508908,8.8909825369048));
#2892=CARTESIAN_POINT('Ctrl Pts',(4.13371072719175,3.45533384098661,8.88588027792836));
#2893=CARTESIAN_POINT('Ctrl Pts',(4.22802498819755,3.33105354962545,8.88077164727109));
#2894=CARTESIAN_POINT('Ctrl Pts',(4.31687419778723,3.20285253705544,8.87565171495607));
#2895=CARTESIAN_POINT('Ctrl Pts',(4.40473554595288,3.07607691516053,8.87058870811795));
#2896=CARTESIAN_POINT('Ctrl Pts',(4.48725304167189,2.94546665064706,8.86551464953779));
#2897=CARTESIAN_POINT('Ctrl Pts',(4.56409040187454,2.81132445363392,8.86042477185757));
#2898=CARTESIAN_POINT('Ctrl Pts',(4.59205177644673,2.76250965564074,8.85857254820012));
#2899=CARTESIAN_POINT('Ctrl Pts',(4.61926047952762,2.71322699462799,8.85671822968782));
#2900=CARTESIAN_POINT('Ctrl Pts',(4.64569860892205,2.66349064468823,8.854861586581));
#2901=CARTESIAN_POINT('Ctrl Pts',(4.65517203345008,2.64566890131054,8.85419630621697));
#2902=CARTESIAN_POINT('Ctrl Pts',(4.6645466278897,2.62778856022461,8.85353071545849));
#2903=CARTESIAN_POINT('Ctrl Pts',(4.67381470120469,2.60986384291882,8.85286530507868));
#2904=CARTESIAN_POINT('Ctrl Pts',(4.72826583492383,2.50455380212358,8.84895593272718));
#2905=CARTESIAN_POINT('Ctrl Pts',(4.77910190243233,2.3976000450699,8.84504856804594));
#2906=CARTESIAN_POINT('Ctrl Pts',(4.82621221788567,2.28915897263805,8.84114098437719));
#2907=CARTESIAN_POINT('Ctrl Pts',(4.88767067695308,2.14769056710639,8.83604328828564));
#2908=CARTESIAN_POINT('Ctrl Pts',(4.94279023644314,2.00369133641245,8.83094521950158));
#2909=CARTESIAN_POINT('Ctrl Pts',(4.99154319850306,1.85761022866393,8.82584183434406));
#2910=CARTESIAN_POINT('Ctrl Pts',(5.04125298489329,1.70866213699919,8.82063829028584));
#2911=CARTESIAN_POINT('Ctrl Pts',(5.08434408843844,1.55754888830625,8.81542921912839));
#2912=CARTESIAN_POINT('Ctrl Pts',(5.12073436741798,1.40473128205976,8.81020938036714));
#2913=CARTESIAN_POINT('Ctrl Pts',(5.15637124598425,1.2550775110718,8.80509760971611));
#2914=CARTESIAN_POINT('Ctrl Pts',(5.1855818160784,1.10378844760969,8.79997551269676));
#2915=CARTESIAN_POINT('Ctrl Pts',(5.20823789023641,0.951294087955472,8.79483816760019));
#2916=CARTESIAN_POINT('Ctrl Pts',(5.21998101900076,0.872252993334774,8.79217537154139));
#2917=CARTESIAN_POINT('Ctrl Pts',(5.22996239913738,0.792888112211365,8.7895084789783));
#2918=CARTESIAN_POINT('Ctrl Pts',(5.23815868841053,0.713260047061618,8.78683680455935));
#2919=CARTESIAN_POINT('Ctrl Pts',(5.24104982532087,0.685172258724586,8.78589440535068));
#2920=CARTESIAN_POINT('Ctrl Pts',(5.24371925744983,0.657045766797182,8.78495121136002));
#2921=CARTESIAN_POINT('Ctrl Pts',(5.24616321852006,0.628916309457141,8.78400829995461));
#2922=CARTESIAN_POINT('Ctrl Pts',(5.25949853616078,0.475429720304825,8.77886336403423));
#2923=CARTESIAN_POINT('Ctrl Pts',(5.26614349300719,0.321704662130272,8.77372177130859));
#2924=CARTESIAN_POINT('Ctrl Pts',(5.26605460403856,0.168175552794443,8.76857844311749));
#2925=CARTESIAN_POINT('Ctrl Pts',(5.26602211177272,0.11205488099567,8.76669836295149));
#2926=CARTESIAN_POINT('Ctrl Pts',(5.26508936045862,0.0559603135776946,8.76481805089644));
#2927=CARTESIAN_POINT('Ctrl Pts',(5.26325249528755,-8.70877682645856E-5,
8.76293725889873));
#2928=CARTESIAN_POINT('Origin',(0.,0.,9.75));
#2929=CARTESIAN_POINT('',(6.5,7.9602041944578E-16,10.));
#2930=CARTESIAN_POINT('Origin',(0.,0.,10.));
#2931=CARTESIAN_POINT('',(6.25,7.65404249467096E-16,9.75));
#2932=CARTESIAN_POINT('Origin',(0.,0.,10.));
#2933=CARTESIAN_POINT('Origin',(2.22044604925031E-15,-2.22044604925031E-15,
10.));
#2934=CARTESIAN_POINT('Origin',(0.,0.,10.));
#2935=CARTESIAN_POINT('Origin',(0.,0.,10.));
#2936=CARTESIAN_POINT('Origin',(0.,0.,10.));
#2937=CARTESIAN_POINT('Origin',(0.,0.,10.));
#2938=CARTESIAN_POINT('Origin',(0.,0.,10.));
#2939=CARTESIAN_POINT('Origin',(0.,0.,10.));
#2940=CARTESIAN_POINT('Origin',(0.,0.,9.25));
#2941=CARTESIAN_POINT('Origin',(0.,0.,9.25));
#2942=CARTESIAN_POINT('Origin',(0.,0.,9.25));
#2943=CARTESIAN_POINT('Origin',(0.,0.,9.25));
#2944=CARTESIAN_POINT('Origin',(0.,0.,9.25));
#2945=CARTESIAN_POINT('Origin',(0.,0.,9.25));
#2946=UNCERTAINTY_MEASURE_WITH_UNIT(LENGTH_MEASURE(0.01),#2950,
'DISTANCE_ACCURACY_VALUE',
'Maximum model space distance between geometric entities at asserted c
onnectivities');
#2947=UNCERTAINTY_MEASURE_WITH_UNIT(LENGTH_MEASURE(0.01),#2950,
'DISTANCE_ACCURACY_VALUE',
'Maximum model space distance between geometric entities at asserted c
onnectivities');
#2948=(
GEOMETRIC_REPRESENTATION_CONTEXT(3)
GLOBAL_UNCERTAINTY_ASSIGNED_CONTEXT((#2946))
GLOBAL_UNIT_ASSIGNED_CONTEXT((#2950,#2952,#2953))
REPRESENTATION_CONTEXT('','3D')
);
#2949=(
GEOMETRIC_REPRESENTATION_CONTEXT(3)
GLOBAL_UNCERTAINTY_ASSIGNED_CONTEXT((#2947))
GLOBAL_UNIT_ASSIGNED_CONTEXT((#2950,#2952,#2953))
REPRESENTATION_CONTEXT('','3D')
);
#2950=(
LENGTH_UNIT()
NAMED_UNIT(*)
SI_UNIT(.MILLI.,.METRE.)
);
#2951=(
LENGTH_UNIT()
NAMED_UNIT(*)
SI_UNIT($,.METRE.)
);
#2952=(
NAMED_UNIT(*)
PLANE_ANGLE_UNIT()
SI_UNIT($,.RADIAN.)
);
#2953=(
NAMED_UNIT(*)
SI_UNIT($,.STERADIAN.)
SOLID_ANGLE_UNIT()
);
#2954=SHAPE_DEFINITION_REPRESENTATION(#2955,#2956);
#2955=PRODUCT_DEFINITION_SHAPE('',$,#2958);
#2956=SHAPE_REPRESENTATION('',(#706),#2948);
#2957=PRODUCT_DEFINITION_CONTEXT('part definition',#2962,'design');
#2958=PRODUCT_DEFINITION('2026-09-26-20-36-07-704','Hex Nut',#2959,#2957);
#2959=PRODUCT_DEFINITION_FORMATION('',$,#2964);
#2960=PRODUCT_RELATED_PRODUCT_CATEGORY('Hex Nut','Hex Nut',(#2964));
#2961=APPLICATION_PROTOCOL_DEFINITION('international standard',
'automotive_design',2009,#2962);
#2962=APPLICATION_CONTEXT(
'Core Data for Automotive Mechanical Design Process');
#2963=PRODUCT_CONTEXT('part definition',#2962,'mechanical');
#2964=PRODUCT('2026-09-26-20-36-07-704','Hex Nut',$,(#2963));
#2965=PRESENTATION_STYLE_ASSIGNMENT((#2966));
#2966=SURFACE_STYLE_USAGE(.BOTH.,#2967);
#2967=SURFACE_SIDE_STYLE('',(#2968));
#2968=SURFACE_STYLE_FILL_AREA(#2969);
#2969=FILL_AREA_STYLE('Steel - Satin',(#2970));
#2970=FILL_AREA_STYLE_COLOUR('Steel - Satin',#2971);
#2971=COLOUR_RGB('Steel - Satin',0.627450980392157,0.627450980392157,0.627450980392157);
ENDSEC;
END-ISO-10303-21;
