ISO-10303-21;
HEADER;
/* Generated by software containing ST-Developer
 * from STEP Tools, Inc. (www.steptools.com) 
 */

FILE_DESCRIPTION(
/* description */ (''),
/* implementation_level */ '2;1');

FILE_NAME(
/* name */ 'Toy Block.step',
/* time_stamp */ '2026-09-27T20:16:40-04:00',
/* author */ (''),
/* organization */ (''),
/* preprocessor_version */ 'ST-DEVELOPER v20.2',
/* originating_system */ 'Autodesk Translation Framework v15.15.0.0',
/* authorisation */ '');

FILE_SCHEMA (('AUTOMOTIVE_DESIGN { 1 0 10303 214 3 1 1 }'));
ENDSEC;

DATA;
#10=MECHANICAL_DESIGN_GEOMETRIC_PRESENTATION_REPRESENTATION('',(#17),#5821);
#11=ITEM_DEFINED_TRANSFORMATION($,$,#1416,#1529);
#12=(
REPRESENTATION_RELATIONSHIP($,$,#5832,#5831)
REPRESENTATION_RELATIONSHIP_WITH_TRANSFORMATION(#11)
SHAPE_REPRESENTATION_RELATIONSHIP()
);
#13=CONTEXT_DEPENDENT_SHAPE_REPRESENTATION(#12,#5830);
#14=NEXT_ASSEMBLY_USAGE_OCCURRENCE('Toy Block (1):1','Toy Block (1):1',
'Toy Block (1):1',#5834,#5835,'Toy Block (1):1');
#15=SHAPE_REPRESENTATION_RELATIONSHIP('SRR','None',#5832,#16);
#16=ADVANCED_BREP_SHAPE_REPRESENTATION('',(#18),#5820);
#17=STYLED_ITEM('',(#5845),#18);
#18=MANIFOLD_SOLID_BREP('Body1',#1402);
#19=FACE_BOUND('',#305,.T.);
#20=FACE_BOUND('',#309,.T.);
#21=FACE_BOUND('',#313,.T.);
#22=FACE_BOUND('',#329,.T.);
#23=FACE_BOUND('',#330,.T.);
#24=FACE_BOUND('',#331,.T.);
#25=FACE_BOUND('',#332,.T.);
#26=FACE_BOUND('',#333,.T.);
#27=FACE_BOUND('',#334,.T.);
#28=FACE_BOUND('',#335,.T.);
#29=FACE_BOUND('',#336,.T.);
#30=FACE_BOUND('',#388,.T.);
#31=FACE_BOUND('',#389,.T.);
#32=FACE_BOUND('',#390,.T.);
#33=FACE_BOUND('',#391,.T.);
#34=FACE_BOUND('',#392,.T.);
#35=FACE_BOUND('',#393,.T.);
#36=FACE_BOUND('',#394,.T.);
#37=FACE_BOUND('',#395,.T.);
#38=FACE_BOUND('',#396,.T.);
#39=FACE_BOUND('',#397,.T.);
#40=FACE_BOUND('',#398,.T.);
#41=FACE_BOUND('',#402,.T.);
#42=PLANE('',#1439);
#43=PLANE('',#1443);
#44=PLANE('',#1447);
#45=PLANE('',#1453);
#46=PLANE('',#1454);
#47=PLANE('',#1455);
#48=PLANE('',#1465);
#49=PLANE('',#1467);
#50=PLANE('',#1469);
#51=PLANE('',#1471);
#52=PLANE('',#1473);
#53=PLANE('',#1475);
#54=PLANE('',#1477);
#55=PLANE('',#1479);
#56=PLANE('',#1484);
#57=PLANE('',#1485);
#58=PLANE('',#1488);
#59=PLANE('',#1492);
#60=PLANE('',#1496);
#61=PLANE('',#1500);
#62=PLANE('',#1504);
#63=PLANE('',#1508);
#64=PLANE('',#1512);
#65=PLANE('',#1516);
#66=PLANE('',#1520);
#67=PLANE('',#1521);
#68=PLANE('',#1522);
#69=PLANE('',#1523);
#70=PLANE('',#1524);
#71=PLANE('',#1525);
#72=PLANE('',#1526);
#73=PLANE('',#1527);
#74=PLANE('',#1528);
#75=LINE('',#3051,#113);
#76=LINE('',#3242,#114);
#77=LINE('',#3433,#115);
#78=LINE('',#4062,#116);
#79=LINE('',#4064,#117);
#80=LINE('',#4266,#118);
#81=LINE('',#4461,#119);
#82=LINE('',#4683,#120);
#83=LINE('',#4905,#121);
#84=LINE('',#5127,#122);
#85=LINE('',#5322,#123);
#86=LINE('',#5517,#124);
#87=LINE('',#5712,#125);
#88=LINE('',#5716,#126);
#89=LINE('',#5720,#127);
#90=LINE('',#5726,#128);
#91=LINE('',#5733,#129);
#92=LINE('',#5740,#130);
#93=LINE('',#5747,#131);
#94=LINE('',#5754,#132);
#95=LINE('',#5761,#133);
#96=LINE('',#5768,#134);
#97=LINE('',#5775,#135);
#98=LINE('',#5782,#136);
#99=LINE('',#5788,#137);
#100=LINE('',#5790,#138);
#101=LINE('',#5792,#139);
#102=LINE('',#5793,#140);
#103=LINE('',#5796,#141);
#104=LINE('',#5798,#142);
#105=LINE('',#5799,#143);
#106=LINE('',#5802,#144);
#107=LINE('',#5804,#145);
#108=LINE('',#5805,#146);
#109=LINE('',#5807,#147);
#110=LINE('',#5808,#148);
#111=LINE('',#5811,#149);
#112=LINE('',#5813,#150);
#113=VECTOR('',#1576,3.15);
#114=VECTOR('',#1585,3.15);
#115=VECTOR('',#1594,3.15);
#116=VECTOR('',#1611,10.);
#117=VECTOR('',#1614,10.);
#118=VECTOR('',#1635,2.5);
#119=VECTOR('',#1640,2.5);
#120=VECTOR('',#1645,2.5);
#121=VECTOR('',#1650,2.5);
#122=VECTOR('',#1655,2.5);
#123=VECTOR('',#1660,2.5);
#124=VECTOR('',#1665,2.5);
#125=VECTOR('',#1670,2.5);
#126=VECTOR('',#1675,2.15);
#127=VECTOR('',#1680,2.15);
#128=VECTOR('',#1689,2.15);
#129=VECTOR('',#1698,2.5);
#130=VECTOR('',#1707,2.5);
#131=VECTOR('',#1716,2.5);
#132=VECTOR('',#1725,2.5);
#133=VECTOR('',#1734,2.5);
#134=VECTOR('',#1743,2.5);
#135=VECTOR('',#1752,2.5);
#136=VECTOR('',#1761,2.5);
#137=VECTOR('',#1768,10.);
#138=VECTOR('',#1769,10.);
#139=VECTOR('',#1770,10.);
#140=VECTOR('',#1771,10.);
#141=VECTOR('',#1774,10.);
#142=VECTOR('',#1775,10.);
#143=VECTOR('',#1776,10.);
#144=VECTOR('',#1779,10.);
#145=VECTOR('',#1780,10.);
#146=VECTOR('',#1781,10.);
#147=VECTOR('',#1784,10.);
#148=VECTOR('',#1785,10.);
#149=VECTOR('',#1790,10.);
#150=VECTOR('',#1793,10.);
#151=CYLINDRICAL_SURFACE('',#1437,3.15);
#152=CYLINDRICAL_SURFACE('',#1441,3.15);
#153=CYLINDRICAL_SURFACE('',#1445,3.15);
#154=CYLINDRICAL_SURFACE('',#1464,2.5);
#155=CYLINDRICAL_SURFACE('',#1466,2.5);
#156=CYLINDRICAL_SURFACE('',#1468,2.5);
#157=CYLINDRICAL_SURFACE('',#1470,2.5);
#158=CYLINDRICAL_SURFACE('',#1472,2.5);
#159=CYLINDRICAL_SURFACE('',#1474,2.5);
#160=CYLINDRICAL_SURFACE('',#1476,2.5);
#161=CYLINDRICAL_SURFACE('',#1478,2.5);
#162=CYLINDRICAL_SURFACE('',#1480,2.15);
#163=CYLINDRICAL_SURFACE('',#1482,2.15);
#164=CYLINDRICAL_SURFACE('',#1486,2.15);
#165=CYLINDRICAL_SURFACE('',#1489,1.01);
#166=CYLINDRICAL_SURFACE('',#1493,1.01);
#167=CYLINDRICAL_SURFACE('',#1497,1.01);
#168=CYLINDRICAL_SURFACE('',#1501,1.01);
#169=CYLINDRICAL_SURFACE('',#1505,1.01);
#170=CYLINDRICAL_SURFACE('',#1509,1.01);
#171=CYLINDRICAL_SURFACE('',#1513,1.01);
#172=CYLINDRICAL_SURFACE('',#1517,1.01);
#173=(
BOUNDED_CURVE()
B_SPLINE_CURVE(3,(#3011,#3012,#3013,#3014,#3015,#3016,#3017,#3018,#3019,
#3020,#3021,#3022,#3023,#3024,#3025,#3026,#3027,#3028,#3029,#3030,#3031,
#3032),.UNSPECIFIED.,.T.,.F.)
B_SPLINE_CURVE_WITH_KNOTS((4,2,2,2,2,2,2,2,2,2,4),(0.,0.0971108082656333,
0.252488101490647,0.431078925288322,0.618740848610726,0.81802053120274,
1.03509765109476,1.25093875428938,1.48374153906067,1.71550556932382,1.84510535704703),
 .UNSPECIFIED.)
CURVE()
GEOMETRIC_REPRESENTATION_ITEM()
RATIONAL_B_SPLINE_CURVE((1.,1.,1.,1.,1.,1.,1.,1.,1.,1.,1.,1.,1.,1.,1.,1.,
1.,1.,1.,1.,1.,1.))
REPRESENTATION_ITEM('')
);
#174=(
BOUNDED_CURVE()
B_SPLINE_CURVE(3,(#3202,#3203,#3204,#3205,#3206,#3207,#3208,#3209,#3210,
#3211,#3212,#3213,#3214,#3215,#3216,#3217,#3218,#3219,#3220,#3221,#3222,
#3223),.UNSPECIFIED.,.T.,.F.)
B_SPLINE_CURVE_WITH_KNOTS((4,2,2,2,2,2,2,2,2,2,4),(0.,0.0971108082656332,
0.252488101490646,0.431078925288156,0.618740848610567,0.818020531202511,
1.03509765109456,1.25093875428905,1.48374153906039,1.71550556932348,1.84510535704703),
 .UNSPECIFIED.)
CURVE()
GEOMETRIC_REPRESENTATION_ITEM()
RATIONAL_B_SPLINE_CURVE((1.,1.,1.,1.,1.,1.,1.,1.,1.,1.,1.,1.,1.,1.,1.,1.,
1.,1.,1.,1.,1.,1.))
REPRESENTATION_ITEM('')
);
#175=(
BOUNDED_CURVE()
B_SPLINE_CURVE(3,(#3393,#3394,#3395,#3396,#3397,#3398,#3399,#3400,#3401,
#3402,#3403,#3404,#3405,#3406,#3407,#3408,#3409,#3410,#3411,#3412,#3413,
#3414),.UNSPECIFIED.,.T.,.F.)
B_SPLINE_CURVE_WITH_KNOTS((4,2,2,2,2,2,2,2,2,2,4),(0.,0.0971108082656337,
0.252488101490648,0.431078925288366,0.618740848610578,0.818020531202984,
1.03509765109476,1.2509387542897,1.48374153906091,1.7155055693239,1.84510535704703),
 .UNSPECIFIED.)
CURVE()
GEOMETRIC_REPRESENTATION_ITEM()
RATIONAL_B_SPLINE_CURVE((1.,1.,1.,1.,1.,1.,1.,1.,1.,1.,1.,1.,1.,1.,1.,1.,
1.,1.,1.,1.,1.,1.))
REPRESENTATION_ITEM('')
);
#176=(
BOUNDED_CURVE()
B_SPLINE_CURVE(3,(#4228,#4229,#4230,#4231,#4232,#4233,#4234,#4235,#4236,
#4237,#4238,#4239,#4240,#4241,#4242,#4243,#4244,#4245,#4246,#4247),
 .UNSPECIFIED.,.T.,.F.)
B_SPLINE_CURVE_WITH_KNOTS((4,2,2,2,2,2,2,2,2,4),(0.,0.0757135115291374,
0.196855129975757,0.344377594555409,0.495823346250822,0.660444169239185,
0.83989360820344,1.02558305748956,1.21361846102773,1.43855671905361),
 .UNSPECIFIED.)
CURVE()
GEOMETRIC_REPRESENTATION_ITEM()
RATIONAL_B_SPLINE_CURVE((1.,1.,1.,1.,1.,1.,1.,1.,1.,1.,1.,1.,1.,1.,1.,1.,
1.,1.,1.,1.))
REPRESENTATION_ITEM('')
);
#177=(
BOUNDED_CURVE()
B_SPLINE_CURVE(3,(#4422,#4423,#4424,#4425,#4426,#4427,#4428,#4429,#4430,
#4431,#4432,#4433,#4434,#4435,#4436,#4437,#4438,#4439,#4440,#4441),
 .UNSPECIFIED.,.T.,.F.)
B_SPLINE_CURVE_WITH_KNOTS((4,2,2,2,2,2,2,2,2,4),(0.,0.075713511529138,0.196855129975759,
0.344377594555412,0.4958233462509,0.660444169239421,0.83989360820366,1.02558305748992,
1.21361846102805,1.43855671905361),.UNSPECIFIED.)
CURVE()
GEOMETRIC_REPRESENTATION_ITEM()
RATIONAL_B_SPLINE_CURVE((1.,1.,1.,1.,1.,1.,1.,1.,1.,1.,1.,1.,1.,1.,1.,1.,
1.,1.,1.,1.))
REPRESENTATION_ITEM('')
);
#178=(
BOUNDED_CURVE()
B_SPLINE_CURVE(3,(#4645,#4646,#4647,#4648,#4649,#4650,#4651,#4652,#4653,
#4654,#4655,#4656,#4657,#4658,#4659,#4660,#4661,#4662,#4663,#4664),
 .UNSPECIFIED.,.T.,.F.)
B_SPLINE_CURVE_WITH_KNOTS((4,2,2,2,2,2,2,2,2,4),(0.,0.0757135115291375,
0.196855129975757,0.34437759455528,0.495823346250666,0.660444169238981,
0.839893608203326,1.02558305748932,1.21361846102746,1.43855671905361),
 .UNSPECIFIED.)
CURVE()
GEOMETRIC_REPRESENTATION_ITEM()
RATIONAL_B_SPLINE_CURVE((1.,1.,1.,1.,1.,1.,1.,1.,1.,1.,1.,1.,1.,1.,1.,1.,
1.,1.,1.,1.))
REPRESENTATION_ITEM('')
);
#179=(
BOUNDED_CURVE()
B_SPLINE_CURVE(3,(#4867,#4868,#4869,#4870,#4871,#4872,#4873,#4874,#4875,
#4876,#4877,#4878,#4879,#4880,#4881,#4882,#4883,#4884,#4885,#4886),
 .UNSPECIFIED.,.T.,.F.)
B_SPLINE_CURVE_WITH_KNOTS((4,2,2,2,2,2,2,2,2,4),(0.,0.0757135115291378,
0.196855129975758,0.344377594555289,0.495823346250797,0.660444169238421,
0.839893608202682,1.02558305748825,1.2136184610263,1.43855671905361),
 .UNSPECIFIED.)
CURVE()
GEOMETRIC_REPRESENTATION_ITEM()
RATIONAL_B_SPLINE_CURVE((1.,1.,1.,1.,1.,1.,1.,1.,1.,1.,1.,1.,1.,1.,1.,1.,
1.,1.,1.,1.))
REPRESENTATION_ITEM('')
);
#180=(
BOUNDED_CURVE()
B_SPLINE_CURVE(3,(#5089,#5090,#5091,#5092,#5093,#5094,#5095,#5096,#5097,
#5098,#5099,#5100,#5101,#5102,#5103,#5104,#5105,#5106,#5107,#5108),
 .UNSPECIFIED.,.T.,.F.)
B_SPLINE_CURVE_WITH_KNOTS((4,2,2,2,2,2,2,2,2,4),(0.,0.0757135115291373,
0.196855129975757,0.344377594555499,0.49582334625077,0.660444169239439,
0.839893608203647,1.02558305748993,1.21361846102801,1.43855671905361),
 .UNSPECIFIED.)
CURVE()
GEOMETRIC_REPRESENTATION_ITEM()
RATIONAL_B_SPLINE_CURVE((1.,1.,1.,1.,1.,1.,1.,1.,1.,1.,1.,1.,1.,1.,1.,1.,
1.,1.,1.,1.))
REPRESENTATION_ITEM('')
);
#181=(
BOUNDED_CURVE()
B_SPLINE_CURVE(3,(#5283,#5284,#5285,#5286,#5287,#5288,#5289,#5290,#5291,
#5292,#5293,#5294,#5295,#5296,#5297,#5298,#5299,#5300,#5301,#5302),
 .UNSPECIFIED.,.T.,.F.)
B_SPLINE_CURVE_WITH_KNOTS((4,2,2,2,2,2,2,2,2,4),(0.,0.0757135115291375,
0.196855129975757,0.344377594555439,0.495823346250926,0.660444169239146,
0.839893608203379,1.02558305748937,1.21361846102749,1.43855671905361),
 .UNSPECIFIED.)
CURVE()
GEOMETRIC_REPRESENTATION_ITEM()
RATIONAL_B_SPLINE_CURVE((1.,1.,1.,1.,1.,1.,1.,1.,1.,1.,1.,1.,1.,1.,1.,1.,
1.,1.,1.,1.))
REPRESENTATION_ITEM('')
);
#182=(
BOUNDED_CURVE()
B_SPLINE_CURVE(3,(#5478,#5479,#5480,#5481,#5482,#5483,#5484,#5485,#5486,
#5487,#5488,#5489,#5490,#5491,#5492,#5493,#5494,#5495,#5496,#5497),
 .UNSPECIFIED.,.T.,.F.)
B_SPLINE_CURVE_WITH_KNOTS((4,2,2,2,2,2,2,2,2,4),(0.,0.0757135115291377,
0.196855129975758,0.344377594555417,0.495823346250839,0.660444169239129,
0.839893608203299,1.02558305748929,1.21361846102747,1.43855671905361),
 .UNSPECIFIED.)
CURVE()
GEOMETRIC_REPRESENTATION_ITEM()
RATIONAL_B_SPLINE_CURVE((1.,1.,1.,1.,1.,1.,1.,1.,1.,1.,1.,1.,1.,1.,1.,1.,
1.,1.,1.,1.))
REPRESENTATION_ITEM('')
);
#183=(
BOUNDED_CURVE()
B_SPLINE_CURVE(3,(#5673,#5674,#5675,#5676,#5677,#5678,#5679,#5680,#5681,
#5682,#5683,#5684,#5685,#5686,#5687,#5688,#5689,#5690,#5691,#5692),
 .UNSPECIFIED.,.T.,.F.)
B_SPLINE_CURVE_WITH_KNOTS((4,2,2,2,2,2,2,2,2,4),(0.,0.0757135115291373,
0.196855129975757,0.344377594555316,0.495823346250747,0.66044416923901,
0.839893608203248,1.02558305748926,1.2136184610275,1.43855671905361),
 .UNSPECIFIED.)
CURVE()
GEOMETRIC_REPRESENTATION_ITEM()
RATIONAL_B_SPLINE_CURVE((1.,1.,1.,1.,1.,1.,1.,1.,1.,1.,1.,1.,1.,1.,1.,1.,
1.,1.,1.,1.))
REPRESENTATION_ITEM('')
);
#184=FACE_OUTER_BOUND('',#282,.T.);
#185=FACE_OUTER_BOUND('',#283,.T.);
#186=FACE_OUTER_BOUND('',#284,.T.);
#187=FACE_OUTER_BOUND('',#285,.T.);
#188=FACE_OUTER_BOUND('',#286,.T.);
#189=FACE_OUTER_BOUND('',#287,.T.);
#190=FACE_OUTER_BOUND('',#288,.T.);
#191=FACE_OUTER_BOUND('',#289,.T.);
#192=FACE_OUTER_BOUND('',#290,.T.);
#193=FACE_OUTER_BOUND('',#291,.T.);
#194=FACE_OUTER_BOUND('',#292,.T.);
#195=FACE_OUTER_BOUND('',#293,.T.);
#196=FACE_OUTER_BOUND('',#294,.T.);
#197=FACE_OUTER_BOUND('',#295,.T.);
#198=FACE_OUTER_BOUND('',#296,.T.);
#199=FACE_OUTER_BOUND('',#297,.T.);
#200=FACE_OUTER_BOUND('',#298,.T.);
#201=FACE_OUTER_BOUND('',#299,.T.);
#202=FACE_OUTER_BOUND('',#300,.T.);
#203=FACE_OUTER_BOUND('',#301,.T.);
#204=FACE_OUTER_BOUND('',#302,.T.);
#205=FACE_OUTER_BOUND('',#303,.T.);
#206=FACE_OUTER_BOUND('',#304,.T.);
#207=FACE_OUTER_BOUND('',#306,.T.);
#208=FACE_OUTER_BOUND('',#307,.T.);
#209=FACE_OUTER_BOUND('',#308,.T.);
#210=FACE_OUTER_BOUND('',#310,.T.);
#211=FACE_OUTER_BOUND('',#311,.T.);
#212=FACE_OUTER_BOUND('',#312,.T.);
#213=FACE_OUTER_BOUND('',#314,.T.);
#214=FACE_OUTER_BOUND('',#315,.T.);
#215=FACE_OUTER_BOUND('',#316,.T.);
#216=FACE_OUTER_BOUND('',#317,.T.);
#217=FACE_OUTER_BOUND('',#318,.T.);
#218=FACE_OUTER_BOUND('',#319,.T.);
#219=FACE_OUTER_BOUND('',#320,.T.);
#220=FACE_OUTER_BOUND('',#321,.T.);
#221=FACE_OUTER_BOUND('',#322,.T.);
#222=FACE_OUTER_BOUND('',#323,.T.);
#223=FACE_OUTER_BOUND('',#324,.T.);
#224=FACE_OUTER_BOUND('',#325,.T.);
#225=FACE_OUTER_BOUND('',#326,.T.);
#226=FACE_OUTER_BOUND('',#327,.T.);
#227=FACE_OUTER_BOUND('',#328,.T.);
#228=FACE_OUTER_BOUND('',#337,.T.);
#229=FACE_OUTER_BOUND('',#338,.T.);
#230=FACE_OUTER_BOUND('',#339,.T.);
#231=FACE_OUTER_BOUND('',#340,.T.);
#232=FACE_OUTER_BOUND('',#341,.T.);
#233=FACE_OUTER_BOUND('',#342,.T.);
#234=FACE_OUTER_BOUND('',#343,.T.);
#235=FACE_OUTER_BOUND('',#344,.T.);
#236=FACE_OUTER_BOUND('',#345,.T.);
#237=FACE_OUTER_BOUND('',#346,.T.);
#238=FACE_OUTER_BOUND('',#347,.T.);
#239=FACE_OUTER_BOUND('',#348,.T.);
#240=FACE_OUTER_BOUND('',#349,.T.);
#241=FACE_OUTER_BOUND('',#350,.T.);
#242=FACE_OUTER_BOUND('',#351,.T.);
#243=FACE_OUTER_BOUND('',#352,.T.);
#244=FACE_OUTER_BOUND('',#353,.T.);
#245=FACE_OUTER_BOUND('',#354,.T.);
#246=FACE_OUTER_BOUND('',#355,.T.);
#247=FACE_OUTER_BOUND('',#356,.T.);
#248=FACE_OUTER_BOUND('',#357,.T.);
#249=FACE_OUTER_BOUND('',#358,.T.);
#250=FACE_OUTER_BOUND('',#359,.T.);
#251=FACE_OUTER_BOUND('',#360,.T.);
#252=FACE_OUTER_BOUND('',#361,.T.);
#253=FACE_OUTER_BOUND('',#362,.T.);
#254=FACE_OUTER_BOUND('',#363,.T.);
#255=FACE_OUTER_BOUND('',#364,.T.);
#256=FACE_OUTER_BOUND('',#365,.T.);
#257=FACE_OUTER_BOUND('',#366,.T.);
#258=FACE_OUTER_BOUND('',#367,.T.);
#259=FACE_OUTER_BOUND('',#368,.T.);
#260=FACE_OUTER_BOUND('',#369,.T.);
#261=FACE_OUTER_BOUND('',#370,.T.);
#262=FACE_OUTER_BOUND('',#371,.T.);
#263=FACE_OUTER_BOUND('',#372,.T.);
#264=FACE_OUTER_BOUND('',#373,.T.);
#265=FACE_OUTER_BOUND('',#374,.T.);
#266=FACE_OUTER_BOUND('',#375,.T.);
#267=FACE_OUTER_BOUND('',#376,.T.);
#268=FACE_OUTER_BOUND('',#377,.T.);
#269=FACE_OUTER_BOUND('',#378,.T.);
#270=FACE_OUTER_BOUND('',#379,.T.);
#271=FACE_OUTER_BOUND('',#380,.T.);
#272=FACE_OUTER_BOUND('',#381,.T.);
#273=FACE_OUTER_BOUND('',#382,.T.);
#274=FACE_OUTER_BOUND('',#383,.T.);
#275=FACE_OUTER_BOUND('',#384,.T.);
#276=FACE_OUTER_BOUND('',#385,.T.);
#277=FACE_OUTER_BOUND('',#386,.T.);
#278=FACE_OUTER_BOUND('',#387,.T.);
#279=FACE_OUTER_BOUND('',#399,.T.);
#280=FACE_OUTER_BOUND('',#400,.T.);
#281=FACE_OUTER_BOUND('',#401,.T.);
#282=EDGE_LOOP('',(#869,#870,#871,#872));
#283=EDGE_LOOP('',(#873,#874,#875,#876));
#284=EDGE_LOOP('',(#877,#878,#879,#880));
#285=EDGE_LOOP('',(#881,#882,#883,#884));
#286=EDGE_LOOP('',(#885,#886,#887,#888));
#287=EDGE_LOOP('',(#889,#890,#891,#892));
#288=EDGE_LOOP('',(#893,#894,#895,#896));
#289=EDGE_LOOP('',(#897,#898,#899,#900));
#290=EDGE_LOOP('',(#901,#902,#903,#904));
#291=EDGE_LOOP('',(#905,#906,#907,#908));
#292=EDGE_LOOP('',(#909,#910,#911,#912));
#293=EDGE_LOOP('',(#913,#914,#915,#916));
#294=EDGE_LOOP('',(#917,#918,#919,#920));
#295=EDGE_LOOP('',(#921,#922,#923,#924));
#296=EDGE_LOOP('',(#925,#926,#927,#928));
#297=EDGE_LOOP('',(#929,#930,#931,#932));
#298=EDGE_LOOP('',(#933,#934,#935,#936));
#299=EDGE_LOOP('',(#937,#938,#939,#940));
#300=EDGE_LOOP('',(#941,#942,#943,#944));
#301=EDGE_LOOP('',(#945,#946,#947,#948));
#302=EDGE_LOOP('',(#949,#950,#951,#952));
#303=EDGE_LOOP('',(#953,#954,#955,#956));
#304=EDGE_LOOP('',(#957));
#305=EDGE_LOOP('',(#958));
#306=EDGE_LOOP('',(#959,#960,#961,#962));
#307=EDGE_LOOP('',(#963,#964,#965,#966));
#308=EDGE_LOOP('',(#967));
#309=EDGE_LOOP('',(#968));
#310=EDGE_LOOP('',(#969,#970,#971,#972));
#311=EDGE_LOOP('',(#973,#974,#975,#976));
#312=EDGE_LOOP('',(#977));
#313=EDGE_LOOP('',(#978));
#314=EDGE_LOOP('',(#979,#980,#981,#982));
#315=EDGE_LOOP('',(#983,#984,#985,#986,#987));
#316=EDGE_LOOP('',(#988,#989,#990,#991));
#317=EDGE_LOOP('',(#992,#993,#994,#995,#996));
#318=EDGE_LOOP('',(#997,#998,#999,#1000));
#319=EDGE_LOOP('',(#1001,#1002,#1003,#1004,#1005));
#320=EDGE_LOOP('',(#1006,#1007,#1008,#1009,#1010,#1011));
#321=EDGE_LOOP('',(#1012,#1013,#1014,#1015));
#322=EDGE_LOOP('',(#1016,#1017,#1018,#1019,#1020));
#323=EDGE_LOOP('',(#1021,#1022,#1023,#1024,#1025,#1026));
#324=EDGE_LOOP('',(#1027,#1028,#1029,#1030,#1031,#1032));
#325=EDGE_LOOP('',(#1033,#1034,#1035,#1036,#1037,#1038));
#326=EDGE_LOOP('',(#1039,#1040,#1041,#1042,#1043,#1044,#1045,#1046));
#327=EDGE_LOOP('',(#1047,#1048,#1049,#1050,#1051,#1052,#1053,#1054));
#328=EDGE_LOOP('',(#1055,#1056,#1057,#1058,#1059,#1060,#1061,#1062,#1063,
#1064,#1065,#1066));
#329=EDGE_LOOP('',(#1067));
#330=EDGE_LOOP('',(#1068));
#331=EDGE_LOOP('',(#1069));
#332=EDGE_LOOP('',(#1070));
#333=EDGE_LOOP('',(#1071));
#334=EDGE_LOOP('',(#1072));
#335=EDGE_LOOP('',(#1073));
#336=EDGE_LOOP('',(#1074));
#337=EDGE_LOOP('',(#1075,#1076,#1077,#1078));
#338=EDGE_LOOP('',(#1079,#1080,#1081,#1082));
#339=EDGE_LOOP('',(#1083));
#340=EDGE_LOOP('',(#1084,#1085,#1086,#1087));
#341=EDGE_LOOP('',(#1088,#1089,#1090,#1091));
#342=EDGE_LOOP('',(#1092));
#343=EDGE_LOOP('',(#1093,#1094,#1095,#1096));
#344=EDGE_LOOP('',(#1097,#1098,#1099,#1100));
#345=EDGE_LOOP('',(#1101));
#346=EDGE_LOOP('',(#1102,#1103,#1104,#1105));
#347=EDGE_LOOP('',(#1106,#1107,#1108,#1109));
#348=EDGE_LOOP('',(#1110));
#349=EDGE_LOOP('',(#1111,#1112,#1113,#1114));
#350=EDGE_LOOP('',(#1115,#1116,#1117,#1118));
#351=EDGE_LOOP('',(#1119));
#352=EDGE_LOOP('',(#1120,#1121,#1122,#1123));
#353=EDGE_LOOP('',(#1124,#1125,#1126,#1127));
#354=EDGE_LOOP('',(#1128));
#355=EDGE_LOOP('',(#1129,#1130,#1131,#1132));
#356=EDGE_LOOP('',(#1133,#1134,#1135,#1136));
#357=EDGE_LOOP('',(#1137));
#358=EDGE_LOOP('',(#1138,#1139,#1140,#1141));
#359=EDGE_LOOP('',(#1142,#1143,#1144,#1145));
#360=EDGE_LOOP('',(#1146));
#361=EDGE_LOOP('',(#1147,#1148,#1149,#1150));
#362=EDGE_LOOP('',(#1151,#1152,#1153,#1154));
#363=EDGE_LOOP('',(#1155));
#364=EDGE_LOOP('',(#1156));
#365=EDGE_LOOP('',(#1157,#1158,#1159,#1160));
#366=EDGE_LOOP('',(#1161));
#367=EDGE_LOOP('',(#1162,#1163,#1164,#1165));
#368=EDGE_LOOP('',(#1166));
#369=EDGE_LOOP('',(#1167,#1168,#1169,#1170));
#370=EDGE_LOOP('',(#1171));
#371=EDGE_LOOP('',(#1172,#1173,#1174,#1175));
#372=EDGE_LOOP('',(#1176));
#373=EDGE_LOOP('',(#1177,#1178,#1179,#1180));
#374=EDGE_LOOP('',(#1181));
#375=EDGE_LOOP('',(#1182,#1183,#1184,#1185));
#376=EDGE_LOOP('',(#1186));
#377=EDGE_LOOP('',(#1187,#1188,#1189,#1190));
#378=EDGE_LOOP('',(#1191));
#379=EDGE_LOOP('',(#1192,#1193,#1194,#1195));
#380=EDGE_LOOP('',(#1196));
#381=EDGE_LOOP('',(#1197,#1198,#1199,#1200));
#382=EDGE_LOOP('',(#1201));
#383=EDGE_LOOP('',(#1202,#1203,#1204,#1205));
#384=EDGE_LOOP('',(#1206,#1207,#1208,#1209));
#385=EDGE_LOOP('',(#1210,#1211,#1212,#1213));
#386=EDGE_LOOP('',(#1214,#1215,#1216,#1217));
#387=EDGE_LOOP('',(#1218,#1219,#1220,#1221));
#388=EDGE_LOOP('',(#1222));
#389=EDGE_LOOP('',(#1223));
#390=EDGE_LOOP('',(#1224));
#391=EDGE_LOOP('',(#1225));
#392=EDGE_LOOP('',(#1226));
#393=EDGE_LOOP('',(#1227));
#394=EDGE_LOOP('',(#1228));
#395=EDGE_LOOP('',(#1229));
#396=EDGE_LOOP('',(#1230));
#397=EDGE_LOOP('',(#1231));
#398=EDGE_LOOP('',(#1232));
#399=EDGE_LOOP('',(#1233,#1234,#1235,#1236,#1237,#1238,#1239,#1240));
#400=EDGE_LOOP('',(#1241,#1242,#1243,#1244,#1245,#1246,#1247,#1248));
#401=EDGE_LOOP('',(#1249,#1250,#1251,#1252,#1253,#1254,#1255,#1256));
#402=EDGE_LOOP('',(#1257,#1258,#1259,#1260));
#403=CIRCLE('',#1417,0.199969797719546);
#404=CIRCLE('',#1418,0.199969797719546);
#405=CIRCLE('',#1419,0.199969797719557);
#406=CIRCLE('',#1420,0.199969797719557);
#407=CIRCLE('',#1421,0.199969797719555);
#408=CIRCLE('',#1422,0.199969797719546);
#409=CIRCLE('',#1423,0.199969797719546);
#410=CIRCLE('',#1424,0.199969797719559);
#411=CIRCLE('',#1425,0.199969797719559);
#412=CIRCLE('',#1426,0.199969797719557);
#413=CIRCLE('',#1427,0.199969797719548);
#414=CIRCLE('',#1428,0.199969797719548);
#415=CIRCLE('',#1429,0.199969797719559);
#416=CIRCLE('',#1430,0.199969797719559);
#417=CIRCLE('',#1431,0.199969797719548);
#418=CIRCLE('',#1432,0.199969797719555);
#419=CIRCLE('',#1433,0.199969797719555);
#420=CIRCLE('',#1434,0.199969797719555);
#421=CIRCLE('',#1435,0.199969797719555);
#422=CIRCLE('',#1436,0.199969797719546);
#423=CIRCLE('',#1438,3.15);
#424=CIRCLE('',#1440,2.15);
#425=CIRCLE('',#1442,3.15);
#426=CIRCLE('',#1444,2.15);
#427=CIRCLE('',#1446,3.15);
#428=CIRCLE('',#1448,2.15);
#429=CIRCLE('',#1449,0.199969797719546);
#430=CIRCLE('',#1450,0.199969797719548);
#431=CIRCLE('',#1451,0.199969797719557);
#432=CIRCLE('',#1452,0.199969797719555);
#433=CIRCLE('',#1456,2.5);
#434=CIRCLE('',#1457,2.5);
#435=CIRCLE('',#1458,2.5);
#436=CIRCLE('',#1459,2.5);
#437=CIRCLE('',#1460,2.5);
#438=CIRCLE('',#1461,2.5);
#439=CIRCLE('',#1462,2.5);
#440=CIRCLE('',#1463,2.5);
#441=CIRCLE('',#1481,2.15);
#442=CIRCLE('',#1483,2.15);
#443=CIRCLE('',#1487,2.15);
#444=CIRCLE('',#1490,1.01);
#445=CIRCLE('',#1491,1.01);
#446=CIRCLE('',#1494,1.01);
#447=CIRCLE('',#1495,1.01);
#448=CIRCLE('',#1498,1.01);
#449=CIRCLE('',#1499,1.01);
#450=CIRCLE('',#1502,1.01);
#451=CIRCLE('',#1503,1.01);
#452=CIRCLE('',#1506,1.01);
#453=CIRCLE('',#1507,1.01);
#454=CIRCLE('',#1510,1.01);
#455=CIRCLE('',#1511,1.01);
#456=CIRCLE('',#1514,1.01);
#457=CIRCLE('',#1515,1.01);
#458=CIRCLE('',#1518,1.01);
#459=CIRCLE('',#1519,1.01);
#460=B_SPLINE_CURVE_WITH_KNOTS('',3,(#1838,#1839,#1840,#1841,#1842,#1843),
 .UNSPECIFIED.,.F.,.F.,(4,1,1,4),(0.,0.333333333333333,0.666666666666667,
1.),.UNSPECIFIED.);
#461=B_SPLINE_CURVE_WITH_KNOTS('',3,(#1845,#1846,#1847,#1848,#1849,#1850),
 .UNSPECIFIED.,.F.,.F.,(4,1,1,4),(0.,0.333333333333333,0.666666666666667,
1.),.UNSPECIFIED.);
#462=B_SPLINE_CURVE_WITH_KNOTS('',3,(#1853,#1854,#1855,#1856,#1857,#1858),
 .UNSPECIFIED.,.F.,.F.,(4,1,1,4),(-0.499465056518311,-0.428571428571429,
-0.285714285714286,0.),.UNSPECIFIED.);
#463=B_SPLINE_CURVE_WITH_KNOTS('',3,(#1896,#1897,#1898,#1899,#1900,#1901),
 .UNSPECIFIED.,.F.,.F.,(4,1,1,4),(0.,0.333333333333333,0.666666666666667,
1.),.UNSPECIFIED.);
#464=B_SPLINE_CURVE_WITH_KNOTS('',3,(#1903,#1904,#1905,#1906,#1907,#1908),
 .UNSPECIFIED.,.F.,.F.,(4,1,1,4),(-1.,-0.785714285714286,-0.571428571428571,
-0.499458344189512),.UNSPECIFIED.);
#465=B_SPLINE_CURVE_WITH_KNOTS('',3,(#1947,#1948,#1949,#1950,#1951,#1952),
 .UNSPECIFIED.,.F.,.F.,(4,1,1,4),(0.,0.333333333333333,0.666666666666667,
1.),.UNSPECIFIED.);
#466=B_SPLINE_CURVE_WITH_KNOTS('',3,(#1955,#1956,#1957,#1958,#1959,#1960),
 .UNSPECIFIED.,.F.,.F.,(4,1,1,4),(-0.499458344189512,-0.428571428571429,
-0.285714285714286,0.),.UNSPECIFIED.);
#467=B_SPLINE_CURVE_WITH_KNOTS('',3,(#1998,#1999,#2000,#2001,#2002,#2003),
 .UNSPECIFIED.,.F.,.F.,(4,1,1,4),(0.,0.333333333333333,0.666666666666667,
1.),.UNSPECIFIED.);
#468=B_SPLINE_CURVE_WITH_KNOTS('',3,(#2005,#2006,#2007,#2008,#2009,#2010,
#2011),.UNSPECIFIED.,.F.,.F.,(4,1,1,1,4),(0.,0.142857142857143,0.285714285714286,
0.428571428571429,0.499958976577848),.UNSPECIFIED.);
#469=B_SPLINE_CURVE_WITH_KNOTS('',3,(#2050,#2051,#2052,#2053,#2054,#2055),
 .UNSPECIFIED.,.F.,.F.,(4,1,1,4),(0.,0.333333333333333,0.666666666666667,
1.),.UNSPECIFIED.);
#470=B_SPLINE_CURVE_WITH_KNOTS('',3,(#2058,#2059,#2060,#2061,#2062,#2063,
#2064),.UNSPECIFIED.,.F.,.F.,(4,1,1,1,4),(0.499958976577848,0.571428571428571,
0.785714285714286,0.857142857142857,1.),.UNSPECIFIED.);
#471=B_SPLINE_CURVE_WITH_KNOTS('',3,(#2103,#2104,#2105,#2106,#2107,#2108),
 .UNSPECIFIED.,.F.,.F.,(4,1,1,4),(0.,0.333333333333333,0.666666666666667,
1.),.UNSPECIFIED.);
#472=B_SPLINE_CURVE_WITH_KNOTS('',3,(#2110,#2111,#2112,#2113,#2114,#2115),
 .UNSPECIFIED.,.F.,.F.,(4,1,1,4),(0.,0.333333333333333,0.666666666666667,
1.),.UNSPECIFIED.);
#473=B_SPLINE_CURVE_WITH_KNOTS('',3,(#2118,#2119,#2120,#2121,#2122,#2123,
#2124),.UNSPECIFIED.,.F.,.F.,(4,1,1,1,4),(-0.49995897657776,-0.428571428571429,
-0.285714285714286,-0.142857142857143,0.),.UNSPECIFIED.);
#474=B_SPLINE_CURVE_WITH_KNOTS('',3,(#2162,#2163,#2164,#2165,#2166,#2167),
 .UNSPECIFIED.,.F.,.F.,(4,1,1,4),(0.,0.333333333333333,0.666666666666667,
1.),.UNSPECIFIED.);
#475=B_SPLINE_CURVE_WITH_KNOTS('',3,(#2169,#2170,#2171,#2172,#2173,#2174,
#2175),.UNSPECIFIED.,.F.,.F.,(4,1,1,1,4),(-1.,-0.857142857142857,-0.785714285714286,
-0.571428571428571,-0.499958976577896),.UNSPECIFIED.);
#476=B_SPLINE_CURVE_WITH_KNOTS('',3,(#2214,#2215,#2216,#2217,#2218,#2219),
 .UNSPECIFIED.,.F.,.F.,(4,1,1,4),(0.,0.333333333333333,0.666666666666667,
1.),.UNSPECIFIED.);
#477=B_SPLINE_CURVE_WITH_KNOTS('',3,(#2222,#2223,#2224,#2225,#2226,#2227,
#2228),.UNSPECIFIED.,.F.,.F.,(4,1,1,1,4),(-0.499958976577896,-0.428571428571429,
-0.285714285714286,-0.142857142857143,0.),.UNSPECIFIED.);
#478=B_SPLINE_CURVE_WITH_KNOTS('',3,(#2266,#2267,#2268,#2269,#2270,#2271),
 .UNSPECIFIED.,.F.,.F.,(4,1,1,4),(0.,0.333333333333333,0.666666666666667,
1.),.UNSPECIFIED.);
#479=B_SPLINE_CURVE_WITH_KNOTS('',3,(#2273,#2274,#2275,#2276,#2277,#2278,
#2279),.UNSPECIFIED.,.F.,.F.,(4,1,1,1,4),(0.,0.142857142857143,0.285714285714286,
0.428571428571429,0.499979039633605),.UNSPECIFIED.);
#480=B_SPLINE_CURVE_WITH_KNOTS('',3,(#2318,#2319,#2320,#2321,#2322,#2323),
 .UNSPECIFIED.,.F.,.F.,(4,1,1,4),(0.,0.333333333333333,0.666666666666667,
1.),.UNSPECIFIED.);
#481=B_SPLINE_CURVE_WITH_KNOTS('',3,(#2326,#2327,#2328,#2329,#2330,#2331,
#2332),.UNSPECIFIED.,.F.,.F.,(4,1,1,1,4),(0.499979039633605,0.571428571428571,
0.785714285714286,0.857142857142857,1.),.UNSPECIFIED.);
#482=B_SPLINE_CURVE_WITH_KNOTS('',3,(#2371,#2372,#2373,#2374,#2375,#2376),
 .UNSPECIFIED.,.F.,.F.,(4,1,1,4),(0.,0.333333333333333,0.666666666666667,
1.),.UNSPECIFIED.);
#483=B_SPLINE_CURVE_WITH_KNOTS('',3,(#2378,#2379,#2380,#2381,#2382,#2383),
 .UNSPECIFIED.,.F.,.F.,(4,1,1,4),(0.,0.333333333333333,0.666666666666667,
1.),.UNSPECIFIED.);
#484=B_SPLINE_CURVE_WITH_KNOTS('',3,(#2386,#2387,#2388,#2389,#2390,#2391,
#2392),.UNSPECIFIED.,.F.,.F.,(4,1,1,1,4),(-0.499979039633696,-0.428571428571429,
-0.285714285714286,-0.142857142857143,0.),.UNSPECIFIED.);
#485=B_SPLINE_CURVE_WITH_KNOTS('',3,(#2430,#2431,#2432,#2433,#2434,#2435),
 .UNSPECIFIED.,.F.,.F.,(4,1,1,4),(0.,0.333333333333333,0.666666666666667,
1.),.UNSPECIFIED.);
#486=B_SPLINE_CURVE_WITH_KNOTS('',3,(#2437,#2438,#2439,#2440,#2441,#2442),
 .UNSPECIFIED.,.F.,.F.,(4,1,1,4),(0.,0.285714285714286,0.428571428571429,
0.499458344189476),.UNSPECIFIED.);
#487=B_SPLINE_CURVE_WITH_KNOTS('',3,(#2481,#2482,#2483,#2484,#2485,#2486),
 .UNSPECIFIED.,.F.,.F.,(4,1,1,4),(0.,0.333333333333333,0.666666666666667,
1.),.UNSPECIFIED.);
#488=B_SPLINE_CURVE_WITH_KNOTS('',3,(#2489,#2490,#2491,#2492,#2493,#2494),
 .UNSPECIFIED.,.F.,.F.,(4,1,1,4),(0.499458344189476,0.571428571428571,0.785714285714286,
1.),.UNSPECIFIED.);
#489=B_SPLINE_CURVE_WITH_KNOTS('',3,(#2532,#2533,#2534,#2535,#2536,#2537),
 .UNSPECIFIED.,.F.,.F.,(4,1,1,4),(0.,0.333333333333333,0.666666666666667,
1.),.UNSPECIFIED.);
#490=B_SPLINE_CURVE_WITH_KNOTS('',3,(#2539,#2540,#2541,#2542,#2543,#2544),
 .UNSPECIFIED.,.F.,.F.,(4,1,1,4),(-1.,-0.785714285714286,-0.571428571428571,
-0.499458344189461),.UNSPECIFIED.);
#491=B_SPLINE_CURVE_WITH_KNOTS('',3,(#2583,#2584,#2585,#2586,#2587,#2588),
 .UNSPECIFIED.,.F.,.F.,(4,1,1,4),(0.,0.333333333333333,0.666666666666667,
1.),.UNSPECIFIED.);
#492=B_SPLINE_CURVE_WITH_KNOTS('',3,(#2591,#2592,#2593,#2594,#2595,#2596),
 .UNSPECIFIED.,.F.,.F.,(4,1,1,4),(-0.499458344189461,-0.428571428571429,
-0.285714285714286,0.),.UNSPECIFIED.);
#493=B_SPLINE_CURVE_WITH_KNOTS('',3,(#2635,#2636,#2637,#2638,#2639,#2640),
 .UNSPECIFIED.,.F.,.F.,(4,1,1,4),(0.,0.333333333333333,0.666666666666667,
1.),.UNSPECIFIED.);
#494=B_SPLINE_CURVE_WITH_KNOTS('',3,(#2642,#2643,#2644,#2645,#2646,#2647),
 .UNSPECIFIED.,.F.,.F.,(4,1,1,4),(0.,0.333333333333333,0.666666666666667,
1.),.UNSPECIFIED.);
#495=B_SPLINE_CURVE_WITH_KNOTS('',3,(#2650,#2651,#2652,#2653,#2654,#2655,
#2656),.UNSPECIFIED.,.F.,.F.,(4,1,1,1,4),(-0.499979039633688,-0.428571428571429,
-0.285714285714286,-0.142857142857143,0.),.UNSPECIFIED.);
#496=B_SPLINE_CURVE_WITH_KNOTS('',3,(#2694,#2695,#2696,#2697,#2698,#2699),
 .UNSPECIFIED.,.F.,.F.,(4,1,1,4),(0.,0.333333333333333,0.666666666666667,
1.),.UNSPECIFIED.);
#497=B_SPLINE_CURVE_WITH_KNOTS('',3,(#2701,#2702,#2703,#2704,#2705,#2706,
#2707),.UNSPECIFIED.,.F.,.F.,(4,1,1,1,4),(0.,0.142857142857143,0.285714285714286,
0.428571428571429,0.499979039633743),.UNSPECIFIED.);
#498=B_SPLINE_CURVE_WITH_KNOTS('',3,(#2746,#2747,#2748,#2749,#2750,#2751),
 .UNSPECIFIED.,.F.,.F.,(4,1,1,4),(0.,0.333333333333333,0.666666666666667,
1.),.UNSPECIFIED.);
#499=B_SPLINE_CURVE_WITH_KNOTS('',3,(#2754,#2755,#2756,#2757,#2758,#2759,
#2760),.UNSPECIFIED.,.F.,.F.,(4,1,1,1,4),(0.499979039633743,0.571428571428571,
0.785714285714286,0.857142857142857,1.),.UNSPECIFIED.);
#500=B_SPLINE_CURVE_WITH_KNOTS('',3,(#2798,#2799,#2800,#2801,#2802,#2803),
 .UNSPECIFIED.,.F.,.F.,(4,1,1,4),(0.,0.333333333333333,0.666666666666667,
1.),.UNSPECIFIED.);
#501=B_SPLINE_CURVE_WITH_KNOTS('',3,(#2805,#2806,#2807,#2808,#2809,#2810,
#2811),.UNSPECIFIED.,.F.,.F.,(4,1,1,1,4),(-1.,-0.857142857142857,-0.785714285714286,
-0.571428571428571,-0.499979039633741),.UNSPECIFIED.);
#502=B_SPLINE_CURVE_WITH_KNOTS('',3,(#2850,#2851,#2852,#2853,#2854,#2855),
 .UNSPECIFIED.,.F.,.F.,(4,1,1,4),(0.,0.333333333333333,0.666666666666667,
1.),.UNSPECIFIED.);
#503=B_SPLINE_CURVE_WITH_KNOTS('',3,(#2858,#2859,#2860,#2861,#2862,#2863,
#2864),.UNSPECIFIED.,.F.,.F.,(4,1,1,1,4),(-0.499979039633741,-0.428571428571429,
-0.285714285714286,-0.142857142857143,0.),.UNSPECIFIED.);
#504=B_SPLINE_CURVE_WITH_KNOTS('',3,(#2995,#2996,#2997,#2998,#2999,#3000,
#3001,#3002,#3003,#3004,#3005,#3006,#3007,#3008,#3009,#3010),
 .UNSPECIFIED.,.F.,.F.,(4,3,3,3,3,4),(0.,0.285714285710192,0.428571428568154,
0.571428571426115,0.785714285713058,1.),.UNSPECIFIED.);
#505=B_SPLINE_CURVE_WITH_KNOTS('',3,(#3033,#3034,#3035,#3036,#3037,#3038,
#3039,#3040,#3041,#3042,#3043,#3044,#3045,#3046,#3047,#3048),
 .UNSPECIFIED.,.T.,.F.,(4,1,1,1,1,1,1,1,1,1,1,1,1,4),(-1.84510535704703,
-1.71331211725795,-1.58151887746888,-1.44972563767981,-1.31793239789073,
-1.05434591831259,-0.878621598593822,-0.79075943873444,-0.658966198945366,
-0.527172959156293,-0.39537971936722,-0.263586479578147,-0.131793239789073,
0.),.UNSPECIFIED.);
#506=B_SPLINE_CURVE_WITH_KNOTS('',3,(#3186,#3187,#3188,#3189,#3190,#3191,
#3192,#3193,#3194,#3195,#3196,#3197,#3198,#3199,#3200,#3201),
 .UNSPECIFIED.,.F.,.F.,(4,3,3,3,3,4),(0.,0.285714285710136,0.428571428568109,
0.571428571426082,0.785714285713041,1.),.UNSPECIFIED.);
#507=B_SPLINE_CURVE_WITH_KNOTS('',3,(#3224,#3225,#3226,#3227,#3228,#3229,
#3230,#3231,#3232,#3233,#3234,#3235,#3236,#3237,#3238,#3239),
 .UNSPECIFIED.,.T.,.F.,(4,1,1,1,1,1,1,1,1,1,1,1,1,4),(-1.84510535704703,
-1.71331211725795,-1.58151887746888,-1.44972563767981,-1.31793239789073,
-1.18613915810166,-1.05434591831259,-0.79075943873444,-0.658966198945366,
-0.527172959156293,-0.39537971936722,-0.263586479578147,-0.131793239789073,
0.),.UNSPECIFIED.);
#508=B_SPLINE_CURVE_WITH_KNOTS('',3,(#3377,#3378,#3379,#3380,#3381,#3382,
#3383,#3384,#3385,#3386,#3387,#3388,#3389,#3390,#3391,#3392),
 .UNSPECIFIED.,.F.,.F.,(4,3,3,3,3,4),(0.,0.285714285710136,0.428571428568109,
0.571428571426082,0.785714285713041,1.),.UNSPECIFIED.);
#509=B_SPLINE_CURVE_WITH_KNOTS('',3,(#3415,#3416,#3417,#3418,#3419,#3420,
#3421,#3422,#3423,#3424,#3425,#3426,#3427,#3428,#3429,#3430),
 .UNSPECIFIED.,.T.,.F.,(4,1,1,1,1,1,1,1,1,1,1,1,1,4),(-1.84510535704703,
-1.71331211725795,-1.58151887746888,-1.44972563767981,-1.31793239789073,
-1.18613915810166,-1.05434591831259,-0.79075943873444,-0.658966198945366,
-0.527172959156293,-0.39537971936722,-0.263586479578147,-0.131793239789073,
0.),.UNSPECIFIED.);
#510=B_SPLINE_CURVE_WITH_KNOTS('',3,(#3475,#3476,#3477,#3478,#3479,#3480,
#3481),.UNSPECIFIED.,.F.,.F.,(4,1,1,1,4),(-1.,-0.857142857142857,-0.785714285714286,
-0.571428571428571,-0.499979039633688),.UNSPECIFIED.);
#511=B_SPLINE_CURVE_WITH_KNOTS('',3,(#3525,#3526,#3527,#3528,#3529,#3530,
#3531,#3532,#3533,#3534,#3535,#3536,#3537,#3538,#3539,#3540,#3541,#3542,
#3543,#3544,#3545,#3546),.UNSPECIFIED.,.F.,.F.,(4,3,3,3,3,3,3,4),(0.,0.0022393294124963,
0.0044786588249926,0.0067179882374889,0.0089573176499852,0.0123163117687296,
0.0134359764749778,0.0156753058874741),.UNSPECIFIED.);
#512=B_SPLINE_CURVE_WITH_KNOTS('',3,(#3547,#3548,#3549,#3550),
 .UNSPECIFIED.,.F.,.F.,(4,4),(0.,0.920003020228045),.UNSPECIFIED.);
#513=B_SPLINE_CURVE_WITH_KNOTS('',3,(#3551,#3552,#3553,#3554),
 .UNSPECIFIED.,.F.,.F.,(4,4),(-0.920003020228045,0.),.UNSPECIFIED.);
#514=B_SPLINE_CURVE_WITH_KNOTS('',3,(#3592,#3593,#3594,#3595,#3596,#3597,
#3598),.UNSPECIFIED.,.F.,.F.,(4,1,1,1,4),(-1.,-0.857142857142857,-0.785714285714286,
-0.571428571428571,-0.499979039633696),.UNSPECIFIED.);
#515=B_SPLINE_CURVE_WITH_KNOTS('',3,(#3634,#3635,#3636,#3637,#3638,#3639,
#3640,#3641,#3642,#3643,#3644,#3645,#3646,#3647,#3648,#3649),
 .UNSPECIFIED.,.F.,.F.,(4,3,3,3,3,4),(0.,0.00447865882812748,0.00671798824219122,
0.00895731765625496,0.0123163117773506,0.0156753058984462),
 .UNSPECIFIED.);
#516=B_SPLINE_CURVE_WITH_KNOTS('',3,(#3650,#3651,#3652,#3653),
 .UNSPECIFIED.,.F.,.F.,(4,4),(0.,0.920003020228045),.UNSPECIFIED.);
#517=B_SPLINE_CURVE_WITH_KNOTS('',3,(#3654,#3655,#3656,#3657),
 .UNSPECIFIED.,.F.,.F.,(4,4),(-0.920003020228045,0.),.UNSPECIFIED.);
#518=B_SPLINE_CURVE_WITH_KNOTS('',3,(#3695,#3696,#3697,#3698,#3699,#3700,
#3701),.UNSPECIFIED.,.F.,.F.,(4,1,1,1,4),(-1.,-0.857142857142857,-0.785714285714286,
-0.571428571428571,-0.49995897657776),.UNSPECIFIED.);
#519=B_SPLINE_CURVE_WITH_KNOTS('',3,(#3745,#3746,#3747,#3748,#3749,#3750,
#3751,#3752,#3753,#3754,#3755,#3756,#3757,#3758,#3759,#3760,#3761,#3762,
#3763,#3764,#3765,#3766),.UNSPECIFIED.,.F.,.F.,(4,3,3,3,3,3,3,4),(0.,0.00223932941383436,
0.00447865882766871,0.00671798824150307,0.00895731765533743,0.012316311776089,
0.0134359764830061,0.0156753058968405),.UNSPECIFIED.);
#520=B_SPLINE_CURVE_WITH_KNOTS('',3,(#3767,#3768,#3769,#3770),
 .UNSPECIFIED.,.F.,.F.,(4,4),(0.,0.920003020228045),.UNSPECIFIED.);
#521=B_SPLINE_CURVE_WITH_KNOTS('',3,(#3771,#3772,#3773,#3774),
 .UNSPECIFIED.,.F.,.F.,(4,4),(-0.920003020228045,0.),.UNSPECIFIED.);
#522=B_SPLINE_CURVE_WITH_KNOTS('',3,(#3815,#3816,#3817,#3818),
 .UNSPECIFIED.,.F.,.F.,(4,4),(-1.54000302022804,-0.0399969797719556),
 .UNSPECIFIED.);
#523=B_SPLINE_CURVE_WITH_KNOTS('',3,(#3819,#3820,#3821,#3822),
 .UNSPECIFIED.,.F.,.F.,(4,4),(0.0399969797719556,1.54000302022804),
 .UNSPECIFIED.);
#524=B_SPLINE_CURVE_WITH_KNOTS('',3,(#3860,#3861,#3862,#3863,#3864,#3865),
 .UNSPECIFIED.,.F.,.F.,(4,1,1,4),(-1.,-0.785714285714286,-0.571428571428571,
-0.499465056518311),.UNSPECIFIED.);
#525=B_SPLINE_CURVE_WITH_KNOTS('',3,(#3901,#3902,#3903,#3904,#3905,#3906,
#3907,#3908,#3909,#3910,#3911,#3912,#3913,#3914,#3915,#3916),
 .UNSPECIFIED.,.F.,.F.,(4,3,3,3,3,4),(0.,0.00447865882744155,0.00671798824116233,
0.00895731765488311,0.0123163117754643,0.0156753058960454),
 .UNSPECIFIED.);
#526=B_SPLINE_CURVE_WITH_KNOTS('',3,(#3917,#3918,#3919,#3920),
 .UNSPECIFIED.,.F.,.F.,(4,4),(0.,0.920003020228045),.UNSPECIFIED.);
#527=B_SPLINE_CURVE_WITH_KNOTS('',3,(#3921,#3922,#3923,#3924),
 .UNSPECIFIED.,.F.,.F.,(4,4),(-0.920003020228045,0.),.UNSPECIFIED.);
#528=B_SPLINE_CURVE_WITH_KNOTS('',3,(#3965,#3966,#3967,#3968),
 .UNSPECIFIED.,.F.,.F.,(4,4),(-3.14000302022804,-0.0399969797719555),
 .UNSPECIFIED.);
#529=B_SPLINE_CURVE_WITH_KNOTS('',3,(#3969,#3970,#3971,#3972),
 .UNSPECIFIED.,.F.,.F.,(4,4),(0.0399969797719555,3.14000302022804),
 .UNSPECIFIED.);
#530=B_SPLINE_CURVE_WITH_KNOTS('',3,(#4005,#4006,#4007,#4008),
 .UNSPECIFIED.,.F.,.F.,(4,4),(-1.54000302022804,-0.0399969797719555),
 .UNSPECIFIED.);
#531=B_SPLINE_CURVE_WITH_KNOTS('',3,(#4009,#4010,#4011,#4012),
 .UNSPECIFIED.,.F.,.F.,(4,4),(0.0399969797719555,1.54000302022804),
 .UNSPECIFIED.);
#532=B_SPLINE_CURVE_WITH_KNOTS('',3,(#4053,#4054,#4055,#4056),
 .UNSPECIFIED.,.F.,.F.,(4,4),(-3.14000302022805,-0.039996979771955),
 .UNSPECIFIED.);
#533=B_SPLINE_CURVE_WITH_KNOTS('',3,(#4057,#4058,#4059,#4060),
 .UNSPECIFIED.,.F.,.F.,(4,4),(0.039996979771955,3.14000302022805),
 .UNSPECIFIED.);
#534=B_SPLINE_CURVE_WITH_KNOTS('',3,(#4220,#4221,#4222,#4223,#4224,#4225,
#4226,#4227),.UNSPECIFIED.,.F.,.F.,(4,1,1,1,1,4),(0.,0.285714285714286,
0.428571428571429,0.571428571428571,0.785714285714286,1.),.UNSPECIFIED.);
#535=B_SPLINE_CURVE_WITH_KNOTS('',3,(#4248,#4249,#4250,#4251,#4252,#4253,
#4254,#4255,#4256,#4257,#4258,#4259,#4260,#4261,#4262,#4263,#4264),
 .UNSPECIFIED.,.T.,.F.,(4,1,1,1,1,1,1,1,1,1,1,1,1,1,4),(-1.43855671905361,
-1.33580266769264,-1.23304861633167,-1.1302945649707,-1.02754051360972,
-0.924786462248752,-0.82203241088778,-0.719278359526807,-0.616524308165835,
-0.513770256804862,-0.41101620544389,-0.308262154082917,-0.205508102721945,
-0.102754051360972,0.),.UNSPECIFIED.);
#536=B_SPLINE_CURVE_WITH_KNOTS('',3,(#4414,#4415,#4416,#4417,#4418,#4419,
#4420,#4421),.UNSPECIFIED.,.F.,.F.,(4,1,1,1,1,4),(0.,0.285714285714286,
0.428571428571429,0.571428571428571,0.785714285714286,1.),.UNSPECIFIED.);
#537=B_SPLINE_CURVE_WITH_KNOTS('',3,(#4442,#4443,#4444,#4445,#4446,#4447,
#4448,#4449,#4450,#4451,#4452,#4453,#4454,#4455,#4456,#4457,#4458,#4459),
 .UNSPECIFIED.,.T.,.F.,(4,1,1,1,1,1,1,1,1,1,1,1,1,1,1,4),(-1.43855671905361,
-1.33580266769264,-1.23304861633167,-1.1302945649707,-1.02754051360972,
-0.924786462248752,-0.82203241088778,-0.770655385207293,-0.667901333846321,
-0.616524308165835,-0.513770256804862,-0.41101620544389,-0.308262154082917,
-0.205508102721945,-0.102754051360972,0.),.UNSPECIFIED.);
#538=B_SPLINE_CURVE_WITH_KNOTS('',3,(#4635,#4636,#4637,#4638,#4639,#4640,
#4641,#4642,#4643,#4644),.UNSPECIFIED.,.F.,.F.,(4,1,1,1,1,1,1,4),(0.,0.142857142857143,
0.285714285714286,0.428571428571429,0.571428571428571,0.785714285714286,
0.857142857142857,1.),.UNSPECIFIED.);
#539=B_SPLINE_CURVE_WITH_KNOTS('',3,(#4665,#4666,#4667,#4668,#4669,#4670,
#4671,#4672,#4673,#4674,#4675,#4676,#4677,#4678,#4679,#4680,#4681),
 .UNSPECIFIED.,.T.,.F.,(4,1,1,1,1,1,1,1,1,1,1,1,1,1,4),(-1.43855671905361,
-1.33580266769264,-1.23304861633167,-1.1302945649707,-1.02754051360972,
-0.924786462248752,-0.82203241088778,-0.667901333846321,-0.616524308165835,
-0.513770256804862,-0.41101620544389,-0.308262154082917,-0.205508102721945,
-0.102754051360972,0.),.UNSPECIFIED.);
#540=B_SPLINE_CURVE_WITH_KNOTS('',3,(#4857,#4858,#4859,#4860,#4861,#4862,
#4863,#4864,#4865,#4866),.UNSPECIFIED.,.F.,.F.,(4,1,1,1,1,1,1,4),(0.,0.142857142857143,
0.285714285714286,0.428571428571429,0.571428571428571,0.785714285714286,
0.857142857142857,1.),.UNSPECIFIED.);
#541=B_SPLINE_CURVE_WITH_KNOTS('',3,(#4887,#4888,#4889,#4890,#4891,#4892,
#4893,#4894,#4895,#4896,#4897,#4898,#4899,#4900,#4901,#4902,#4903),
 .UNSPECIFIED.,.T.,.F.,(4,1,1,1,1,1,1,1,1,1,1,1,1,1,4),(-1.43855671905361,
-1.33580266769264,-1.23304861633167,-1.1302945649707,-1.02754051360972,
-0.924786462248752,-0.82203241088778,-0.667901333846321,-0.616524308165835,
-0.513770256804862,-0.41101620544389,-0.308262154082917,-0.205508102721945,
-0.102754051360972,0.),.UNSPECIFIED.);
#542=B_SPLINE_CURVE_WITH_KNOTS('',3,(#5079,#5080,#5081,#5082,#5083,#5084,
#5085,#5086,#5087,#5088),.UNSPECIFIED.,.F.,.F.,(4,1,1,1,1,1,1,4),(0.,0.142857142857143,
0.285714285714286,0.428571428571429,0.571428571428571,0.785714285714286,
0.857142857142857,1.),.UNSPECIFIED.);
#543=B_SPLINE_CURVE_WITH_KNOTS('',3,(#5109,#5110,#5111,#5112,#5113,#5114,
#5115,#5116,#5117,#5118,#5119,#5120,#5121,#5122,#5123,#5124,#5125),
 .UNSPECIFIED.,.T.,.F.,(4,1,1,1,1,1,1,1,1,1,1,1,1,1,4),(-1.43855671905361,
-1.33580266769264,-1.23304861633167,-1.1302945649707,-1.02754051360972,
-0.924786462248752,-0.82203241088778,-0.719278359526807,-0.616524308165835,
-0.513770256804862,-0.41101620544389,-0.308262154082917,-0.205508102721945,
-0.102754051360972,0.),.UNSPECIFIED.);
#544=B_SPLINE_CURVE_WITH_KNOTS('',3,(#5275,#5276,#5277,#5278,#5279,#5280,
#5281,#5282),.UNSPECIFIED.,.F.,.F.,(4,1,1,1,1,4),(0.,0.285714285714286,
0.428571428571429,0.571428571428571,0.785714285714286,1.),.UNSPECIFIED.);
#545=B_SPLINE_CURVE_WITH_KNOTS('',3,(#5303,#5304,#5305,#5306,#5307,#5308,
#5309,#5310,#5311,#5312,#5313,#5314,#5315,#5316,#5317,#5318,#5319,#5320),
 .UNSPECIFIED.,.T.,.F.,(4,1,1,1,1,1,1,1,1,1,1,1,1,1,1,4),(-1.43855671905361,
-1.33580266769264,-1.23304861633167,-1.1302945649707,-1.02754051360972,
-0.924786462248752,-0.82203241088778,-0.770655385207293,-0.667901333846321,
-0.616524308165835,-0.513770256804862,-0.41101620544389,-0.308262154082917,
-0.205508102721945,-0.102754051360972,0.),.UNSPECIFIED.);
#546=B_SPLINE_CURVE_WITH_KNOTS('',3,(#5470,#5471,#5472,#5473,#5474,#5475,
#5476,#5477),.UNSPECIFIED.,.F.,.F.,(4,1,1,1,1,4),(0.,0.285714285714286,
0.428571428571429,0.571428571428571,0.785714285714286,1.),.UNSPECIFIED.);
#547=B_SPLINE_CURVE_WITH_KNOTS('',3,(#5498,#5499,#5500,#5501,#5502,#5503,
#5504,#5505,#5506,#5507,#5508,#5509,#5510,#5511,#5512,#5513,#5514,#5515),
 .UNSPECIFIED.,.T.,.F.,(4,1,1,1,1,1,1,1,1,1,1,1,1,1,1,4),(-1.43855671905361,
-1.33580266769264,-1.23304861633167,-1.1302945649707,-1.02754051360972,
-0.924786462248752,-0.82203241088778,-0.770655385207293,-0.667901333846321,
-0.616524308165835,-0.513770256804862,-0.41101620544389,-0.308262154082917,
-0.205508102721945,-0.102754051360972,0.),.UNSPECIFIED.);
#548=B_SPLINE_CURVE_WITH_KNOTS('',3,(#5665,#5666,#5667,#5668,#5669,#5670,
#5671,#5672),.UNSPECIFIED.,.F.,.F.,(4,1,1,1,1,4),(0.,0.285714285714286,
0.428571428571429,0.571428571428571,0.785714285714286,1.),.UNSPECIFIED.);
#549=B_SPLINE_CURVE_WITH_KNOTS('',3,(#5693,#5694,#5695,#5696,#5697,#5698,
#5699,#5700,#5701,#5702,#5703,#5704,#5705,#5706,#5707,#5708,#5709,#5710),
 .UNSPECIFIED.,.T.,.F.,(4,1,1,1,1,1,1,1,1,1,1,1,1,1,1,4),(-1.43855671905361,
-1.33580266769264,-1.23304861633167,-1.1302945649707,-1.02754051360972,
-0.924786462248752,-0.82203241088778,-0.770655385207293,-0.667901333846321,
-0.616524308165835,-0.513770256804862,-0.41101620544389,-0.308262154082917,
-0.205508102721945,-0.102754051360972,0.),.UNSPECIFIED.);
#550=VERTEX_POINT('',#1836);
#551=VERTEX_POINT('',#1837);
#552=VERTEX_POINT('',#1844);
#553=VERTEX_POINT('',#1851);
#554=VERTEX_POINT('',#1895);
#555=VERTEX_POINT('',#1902);
#556=VERTEX_POINT('',#1946);
#557=VERTEX_POINT('',#1953);
#558=VERTEX_POINT('',#1997);
#559=VERTEX_POINT('',#2004);
#560=VERTEX_POINT('',#2049);
#561=VERTEX_POINT('',#2056);
#562=VERTEX_POINT('',#2101);
#563=VERTEX_POINT('',#2102);
#564=VERTEX_POINT('',#2109);
#565=VERTEX_POINT('',#2116);
#566=VERTEX_POINT('',#2161);
#567=VERTEX_POINT('',#2168);
#568=VERTEX_POINT('',#2213);
#569=VERTEX_POINT('',#2220);
#570=VERTEX_POINT('',#2265);
#571=VERTEX_POINT('',#2272);
#572=VERTEX_POINT('',#2317);
#573=VERTEX_POINT('',#2324);
#574=VERTEX_POINT('',#2369);
#575=VERTEX_POINT('',#2370);
#576=VERTEX_POINT('',#2377);
#577=VERTEX_POINT('',#2384);
#578=VERTEX_POINT('',#2429);
#579=VERTEX_POINT('',#2436);
#580=VERTEX_POINT('',#2480);
#581=VERTEX_POINT('',#2487);
#582=VERTEX_POINT('',#2531);
#583=VERTEX_POINT('',#2538);
#584=VERTEX_POINT('',#2582);
#585=VERTEX_POINT('',#2589);
#586=VERTEX_POINT('',#2633);
#587=VERTEX_POINT('',#2634);
#588=VERTEX_POINT('',#2641);
#589=VERTEX_POINT('',#2648);
#590=VERTEX_POINT('',#2693);
#591=VERTEX_POINT('',#2700);
#592=VERTEX_POINT('',#2745);
#593=VERTEX_POINT('',#2752);
#594=VERTEX_POINT('',#2797);
#595=VERTEX_POINT('',#2804);
#596=VERTEX_POINT('',#2849);
#597=VERTEX_POINT('',#2856);
#598=VERTEX_POINT('',#2993);
#599=VERTEX_POINT('',#2994);
#600=VERTEX_POINT('',#3050);
#601=VERTEX_POINT('',#3054);
#602=VERTEX_POINT('',#3184);
#603=VERTEX_POINT('',#3185);
#604=VERTEX_POINT('',#3241);
#605=VERTEX_POINT('',#3245);
#606=VERTEX_POINT('',#3375);
#607=VERTEX_POINT('',#3376);
#608=VERTEX_POINT('',#3432);
#609=VERTEX_POINT('',#3436);
#610=VERTEX_POINT('',#3474);
#611=VERTEX_POINT('',#3523);
#612=VERTEX_POINT('',#3524);
#613=VERTEX_POINT('',#3591);
#614=VERTEX_POINT('',#3632);
#615=VERTEX_POINT('',#3633);
#616=VERTEX_POINT('',#3694);
#617=VERTEX_POINT('',#3743);
#618=VERTEX_POINT('',#3744);
#619=VERTEX_POINT('',#3859);
#620=VERTEX_POINT('',#3899);
#621=VERTEX_POINT('',#3900);
#622=VERTEX_POINT('',#4066);
#623=VERTEX_POINT('',#4068);
#624=VERTEX_POINT('',#4070);
#625=VERTEX_POINT('',#4072);
#626=VERTEX_POINT('',#4074);
#627=VERTEX_POINT('',#4076);
#628=VERTEX_POINT('',#4078);
#629=VERTEX_POINT('',#4080);
#630=VERTEX_POINT('',#4218);
#631=VERTEX_POINT('',#4219);
#632=VERTEX_POINT('',#4412);
#633=VERTEX_POINT('',#4413);
#634=VERTEX_POINT('',#4633);
#635=VERTEX_POINT('',#4634);
#636=VERTEX_POINT('',#4855);
#637=VERTEX_POINT('',#4856);
#638=VERTEX_POINT('',#5077);
#639=VERTEX_POINT('',#5078);
#640=VERTEX_POINT('',#5273);
#641=VERTEX_POINT('',#5274);
#642=VERTEX_POINT('',#5468);
#643=VERTEX_POINT('',#5469);
#644=VERTEX_POINT('',#5663);
#645=VERTEX_POINT('',#5664);
#646=VERTEX_POINT('',#5715);
#647=VERTEX_POINT('',#5719);
#648=VERTEX_POINT('',#5725);
#649=VERTEX_POINT('',#5730);
#650=VERTEX_POINT('',#5732);
#651=VERTEX_POINT('',#5737);
#652=VERTEX_POINT('',#5739);
#653=VERTEX_POINT('',#5744);
#654=VERTEX_POINT('',#5746);
#655=VERTEX_POINT('',#5751);
#656=VERTEX_POINT('',#5753);
#657=VERTEX_POINT('',#5758);
#658=VERTEX_POINT('',#5760);
#659=VERTEX_POINT('',#5765);
#660=VERTEX_POINT('',#5767);
#661=VERTEX_POINT('',#5772);
#662=VERTEX_POINT('',#5774);
#663=VERTEX_POINT('',#5779);
#664=VERTEX_POINT('',#5781);
#665=VERTEX_POINT('',#5786);
#666=VERTEX_POINT('',#5787);
#667=VERTEX_POINT('',#5789);
#668=VERTEX_POINT('',#5791);
#669=VERTEX_POINT('',#5795);
#670=VERTEX_POINT('',#5797);
#671=VERTEX_POINT('',#5801);
#672=VERTEX_POINT('',#5803);
#673=EDGE_CURVE('',#550,#551,#460,.T.);
#674=EDGE_CURVE('',#550,#552,#461,.T.);
#675=EDGE_CURVE('',#552,#553,#403,.T.);
#676=EDGE_CURVE('',#551,#553,#462,.T.);
#677=EDGE_CURVE('',#550,#554,#463,.T.);
#678=EDGE_CURVE('',#555,#554,#464,.T.);
#679=EDGE_CURVE('',#555,#552,#404,.T.);
#680=EDGE_CURVE('',#550,#556,#465,.T.);
#681=EDGE_CURVE('',#556,#557,#405,.T.);
#682=EDGE_CURVE('',#554,#557,#466,.T.);
#683=EDGE_CURVE('',#550,#558,#467,.T.);
#684=EDGE_CURVE('',#559,#558,#468,.T.);
#685=EDGE_CURVE('',#559,#556,#406,.T.);
#686=EDGE_CURVE('',#550,#560,#469,.T.);
#687=EDGE_CURVE('',#560,#561,#407,.T.);
#688=EDGE_CURVE('',#558,#561,#470,.T.);
#689=EDGE_CURVE('',#562,#563,#471,.T.);
#690=EDGE_CURVE('',#562,#564,#472,.T.);
#691=EDGE_CURVE('',#564,#565,#408,.T.);
#692=EDGE_CURVE('',#563,#565,#473,.T.);
#693=EDGE_CURVE('',#562,#566,#474,.T.);
#694=EDGE_CURVE('',#567,#566,#475,.T.);
#695=EDGE_CURVE('',#567,#564,#409,.T.);
#696=EDGE_CURVE('',#562,#568,#476,.T.);
#697=EDGE_CURVE('',#568,#569,#410,.T.);
#698=EDGE_CURVE('',#566,#569,#477,.T.);
#699=EDGE_CURVE('',#562,#570,#478,.T.);
#700=EDGE_CURVE('',#571,#570,#479,.T.);
#701=EDGE_CURVE('',#571,#568,#411,.T.);
#702=EDGE_CURVE('',#562,#572,#480,.T.);
#703=EDGE_CURVE('',#572,#573,#412,.T.);
#704=EDGE_CURVE('',#570,#573,#481,.T.);
#705=EDGE_CURVE('',#574,#575,#482,.T.);
#706=EDGE_CURVE('',#574,#576,#483,.T.);
#707=EDGE_CURVE('',#576,#577,#413,.T.);
#708=EDGE_CURVE('',#575,#577,#484,.T.);
#709=EDGE_CURVE('',#574,#578,#485,.T.);
#710=EDGE_CURVE('',#579,#578,#486,.T.);
#711=EDGE_CURVE('',#579,#576,#414,.T.);
#712=EDGE_CURVE('',#574,#580,#487,.T.);
#713=EDGE_CURVE('',#580,#581,#415,.T.);
#714=EDGE_CURVE('',#578,#581,#488,.T.);
#715=EDGE_CURVE('',#574,#582,#489,.T.);
#716=EDGE_CURVE('',#583,#582,#490,.T.);
#717=EDGE_CURVE('',#583,#580,#416,.T.);
#718=EDGE_CURVE('',#574,#584,#491,.T.);
#719=EDGE_CURVE('',#584,#585,#417,.T.);
#720=EDGE_CURVE('',#582,#585,#492,.T.);
#721=EDGE_CURVE('',#586,#587,#493,.T.);
#722=EDGE_CURVE('',#586,#588,#494,.T.);
#723=EDGE_CURVE('',#588,#589,#418,.T.);
#724=EDGE_CURVE('',#587,#589,#495,.T.);
#725=EDGE_CURVE('',#586,#590,#496,.T.);
#726=EDGE_CURVE('',#591,#590,#497,.T.);
#727=EDGE_CURVE('',#591,#588,#419,.T.);
#728=EDGE_CURVE('',#586,#592,#498,.T.);
#729=EDGE_CURVE('',#592,#593,#420,.T.);
#730=EDGE_CURVE('',#590,#593,#499,.T.);
#731=EDGE_CURVE('',#586,#594,#500,.T.);
#732=EDGE_CURVE('',#595,#594,#501,.T.);
#733=EDGE_CURVE('',#595,#592,#421,.T.);
#734=EDGE_CURVE('',#586,#596,#502,.T.);
#735=EDGE_CURVE('',#596,#597,#422,.T.);
#736=EDGE_CURVE('',#594,#597,#503,.T.);
#737=EDGE_CURVE('',#598,#599,#504,.T.);
#738=EDGE_CURVE('',#599,#599,#173,.T.);
#739=EDGE_CURVE('',#598,#598,#505,.T.);
#740=EDGE_CURVE('',#599,#600,#75,.T.);
#741=EDGE_CURVE('',#600,#600,#423,.T.);
#742=EDGE_CURVE('',#601,#601,#424,.T.);
#743=EDGE_CURVE('',#602,#603,#506,.T.);
#744=EDGE_CURVE('',#603,#603,#174,.T.);
#745=EDGE_CURVE('',#602,#602,#507,.T.);
#746=EDGE_CURVE('',#603,#604,#76,.T.);
#747=EDGE_CURVE('',#604,#604,#425,.T.);
#748=EDGE_CURVE('',#605,#605,#426,.T.);
#749=EDGE_CURVE('',#606,#607,#508,.T.);
#750=EDGE_CURVE('',#607,#607,#175,.T.);
#751=EDGE_CURVE('',#606,#606,#509,.T.);
#752=EDGE_CURVE('',#607,#608,#77,.T.);
#753=EDGE_CURVE('',#608,#608,#427,.T.);
#754=EDGE_CURVE('',#609,#609,#428,.T.);
#755=EDGE_CURVE('',#610,#587,#510,.T.);
#756=EDGE_CURVE('',#610,#596,#429,.T.);
#757=EDGE_CURVE('',#611,#612,#511,.T.);
#758=EDGE_CURVE('',#612,#595,#512,.T.);
#759=EDGE_CURVE('',#597,#611,#513,.T.);
#760=EDGE_CURVE('',#613,#575,#514,.T.);
#761=EDGE_CURVE('',#613,#584,#430,.T.);
#762=EDGE_CURVE('',#614,#615,#515,.T.);
#763=EDGE_CURVE('',#615,#583,#516,.T.);
#764=EDGE_CURVE('',#585,#614,#517,.T.);
#765=EDGE_CURVE('',#616,#563,#518,.T.);
#766=EDGE_CURVE('',#616,#572,#431,.T.);
#767=EDGE_CURVE('',#617,#618,#519,.T.);
#768=EDGE_CURVE('',#618,#616,#520,.T.);
#769=EDGE_CURVE('',#565,#617,#521,.T.);
#770=EDGE_CURVE('',#589,#571,#522,.T.);
#771=EDGE_CURVE('',#573,#610,#523,.T.);
#772=EDGE_CURVE('',#619,#551,#524,.T.);
#773=EDGE_CURVE('',#619,#560,#432,.T.);
#774=EDGE_CURVE('',#620,#621,#525,.T.);
#775=EDGE_CURVE('',#621,#619,#526,.T.);
#776=EDGE_CURVE('',#553,#620,#527,.T.);
#777=EDGE_CURVE('',#569,#559,#528,.T.);
#778=EDGE_CURVE('',#561,#567,#529,.T.);
#779=EDGE_CURVE('',#557,#579,#530,.T.);
#780=EDGE_CURVE('',#581,#555,#531,.T.);
#781=EDGE_CURVE('',#577,#591,#532,.T.);
#782=EDGE_CURVE('',#593,#613,#533,.T.);
#783=EDGE_CURVE('',#618,#611,#78,.T.);
#784=EDGE_CURVE('',#621,#617,#79,.T.);
#785=EDGE_CURVE('',#622,#622,#433,.T.);
#786=EDGE_CURVE('',#623,#623,#434,.T.);
#787=EDGE_CURVE('',#624,#624,#435,.T.);
#788=EDGE_CURVE('',#625,#625,#436,.T.);
#789=EDGE_CURVE('',#626,#626,#437,.T.);
#790=EDGE_CURVE('',#627,#627,#438,.T.);
#791=EDGE_CURVE('',#628,#628,#439,.T.);
#792=EDGE_CURVE('',#629,#629,#440,.T.);
#793=EDGE_CURVE('',#630,#631,#534,.T.);
#794=EDGE_CURVE('',#631,#631,#176,.T.);
#795=EDGE_CURVE('',#630,#630,#535,.T.);
#796=EDGE_CURVE('',#631,#624,#80,.T.);
#797=EDGE_CURVE('',#632,#633,#536,.T.);
#798=EDGE_CURVE('',#633,#633,#177,.T.);
#799=EDGE_CURVE('',#632,#632,#537,.T.);
#800=EDGE_CURVE('',#633,#623,#81,.T.);
#801=EDGE_CURVE('',#634,#635,#538,.T.);
#802=EDGE_CURVE('',#635,#635,#178,.T.);
#803=EDGE_CURVE('',#634,#634,#539,.T.);
#804=EDGE_CURVE('',#635,#622,#82,.T.);
#805=EDGE_CURVE('',#636,#637,#540,.T.);
#806=EDGE_CURVE('',#637,#637,#179,.T.);
#807=EDGE_CURVE('',#636,#636,#541,.T.);
#808=EDGE_CURVE('',#637,#626,#83,.T.);
#809=EDGE_CURVE('',#638,#639,#542,.T.);
#810=EDGE_CURVE('',#639,#639,#180,.T.);
#811=EDGE_CURVE('',#638,#638,#543,.T.);
#812=EDGE_CURVE('',#639,#627,#84,.T.);
#813=EDGE_CURVE('',#640,#641,#544,.T.);
#814=EDGE_CURVE('',#641,#641,#181,.T.);
#815=EDGE_CURVE('',#640,#640,#545,.T.);
#816=EDGE_CURVE('',#641,#628,#85,.T.);
#817=EDGE_CURVE('',#642,#643,#546,.T.);
#818=EDGE_CURVE('',#643,#643,#182,.T.);
#819=EDGE_CURVE('',#642,#642,#547,.T.);
#820=EDGE_CURVE('',#643,#629,#86,.T.);
#821=EDGE_CURVE('',#644,#645,#548,.T.);
#822=EDGE_CURVE('',#645,#645,#183,.T.);
#823=EDGE_CURVE('',#644,#644,#549,.T.);
#824=EDGE_CURVE('',#645,#625,#87,.T.);
#825=EDGE_CURVE('',#601,#646,#88,.T.);
#826=EDGE_CURVE('',#646,#646,#441,.T.);
#827=EDGE_CURVE('',#605,#647,#89,.T.);
#828=EDGE_CURVE('',#647,#647,#442,.T.);
#829=EDGE_CURVE('',#609,#648,#90,.T.);
#830=EDGE_CURVE('',#648,#648,#443,.T.);
#831=EDGE_CURVE('',#649,#649,#444,.T.);
#832=EDGE_CURVE('',#649,#650,#91,.T.);
#833=EDGE_CURVE('',#650,#650,#445,.F.);
#834=EDGE_CURVE('',#651,#651,#446,.T.);
#835=EDGE_CURVE('',#651,#652,#92,.T.);
#836=EDGE_CURVE('',#652,#652,#447,.F.);
#837=EDGE_CURVE('',#653,#653,#448,.T.);
#838=EDGE_CURVE('',#653,#654,#93,.T.);
#839=EDGE_CURVE('',#654,#654,#449,.F.);
#840=EDGE_CURVE('',#655,#655,#450,.T.);
#841=EDGE_CURVE('',#655,#656,#94,.T.);
#842=EDGE_CURVE('',#656,#656,#451,.F.);
#843=EDGE_CURVE('',#657,#657,#452,.T.);
#844=EDGE_CURVE('',#657,#658,#95,.T.);
#845=EDGE_CURVE('',#658,#658,#453,.F.);
#846=EDGE_CURVE('',#659,#659,#454,.T.);
#847=EDGE_CURVE('',#659,#660,#96,.T.);
#848=EDGE_CURVE('',#660,#660,#455,.F.);
#849=EDGE_CURVE('',#661,#661,#456,.T.);
#850=EDGE_CURVE('',#661,#662,#97,.T.);
#851=EDGE_CURVE('',#662,#662,#457,.F.);
#852=EDGE_CURVE('',#663,#663,#458,.T.);
#853=EDGE_CURVE('',#663,#664,#98,.T.);
#854=EDGE_CURVE('',#664,#664,#459,.F.);
#855=EDGE_CURVE('',#665,#666,#99,.T.);
#856=EDGE_CURVE('',#665,#667,#100,.F.);
#857=EDGE_CURVE('',#667,#668,#101,.F.);
#858=EDGE_CURVE('',#666,#668,#102,.T.);
#859=EDGE_CURVE('',#669,#665,#103,.T.);
#860=EDGE_CURVE('',#669,#670,#104,.F.);
#861=EDGE_CURVE('',#670,#667,#105,.F.);
#862=EDGE_CURVE('',#671,#669,#106,.T.);
#863=EDGE_CURVE('',#671,#672,#107,.F.);
#864=EDGE_CURVE('',#672,#670,#108,.F.);
#865=EDGE_CURVE('',#666,#671,#109,.T.);
#866=EDGE_CURVE('',#668,#672,#110,.F.);
#867=EDGE_CURVE('',#612,#614,#111,.T.);
#868=EDGE_CURVE('',#615,#620,#112,.T.);
#869=ORIENTED_EDGE('',*,*,#673,.F.);
#870=ORIENTED_EDGE('',*,*,#674,.T.);
#871=ORIENTED_EDGE('',*,*,#675,.T.);
#872=ORIENTED_EDGE('',*,*,#676,.F.);
#873=ORIENTED_EDGE('',*,*,#674,.F.);
#874=ORIENTED_EDGE('',*,*,#677,.T.);
#875=ORIENTED_EDGE('',*,*,#678,.F.);
#876=ORIENTED_EDGE('',*,*,#679,.T.);
#877=ORIENTED_EDGE('',*,*,#677,.F.);
#878=ORIENTED_EDGE('',*,*,#680,.T.);
#879=ORIENTED_EDGE('',*,*,#681,.T.);
#880=ORIENTED_EDGE('',*,*,#682,.F.);
#881=ORIENTED_EDGE('',*,*,#680,.F.);
#882=ORIENTED_EDGE('',*,*,#683,.T.);
#883=ORIENTED_EDGE('',*,*,#684,.F.);
#884=ORIENTED_EDGE('',*,*,#685,.T.);
#885=ORIENTED_EDGE('',*,*,#683,.F.);
#886=ORIENTED_EDGE('',*,*,#686,.T.);
#887=ORIENTED_EDGE('',*,*,#687,.T.);
#888=ORIENTED_EDGE('',*,*,#688,.F.);
#889=ORIENTED_EDGE('',*,*,#689,.F.);
#890=ORIENTED_EDGE('',*,*,#690,.T.);
#891=ORIENTED_EDGE('',*,*,#691,.T.);
#892=ORIENTED_EDGE('',*,*,#692,.F.);
#893=ORIENTED_EDGE('',*,*,#690,.F.);
#894=ORIENTED_EDGE('',*,*,#693,.T.);
#895=ORIENTED_EDGE('',*,*,#694,.F.);
#896=ORIENTED_EDGE('',*,*,#695,.T.);
#897=ORIENTED_EDGE('',*,*,#693,.F.);
#898=ORIENTED_EDGE('',*,*,#696,.T.);
#899=ORIENTED_EDGE('',*,*,#697,.T.);
#900=ORIENTED_EDGE('',*,*,#698,.F.);
#901=ORIENTED_EDGE('',*,*,#696,.F.);
#902=ORIENTED_EDGE('',*,*,#699,.T.);
#903=ORIENTED_EDGE('',*,*,#700,.F.);
#904=ORIENTED_EDGE('',*,*,#701,.T.);
#905=ORIENTED_EDGE('',*,*,#699,.F.);
#906=ORIENTED_EDGE('',*,*,#702,.T.);
#907=ORIENTED_EDGE('',*,*,#703,.T.);
#908=ORIENTED_EDGE('',*,*,#704,.F.);
#909=ORIENTED_EDGE('',*,*,#705,.F.);
#910=ORIENTED_EDGE('',*,*,#706,.T.);
#911=ORIENTED_EDGE('',*,*,#707,.T.);
#912=ORIENTED_EDGE('',*,*,#708,.F.);
#913=ORIENTED_EDGE('',*,*,#706,.F.);
#914=ORIENTED_EDGE('',*,*,#709,.T.);
#915=ORIENTED_EDGE('',*,*,#710,.F.);
#916=ORIENTED_EDGE('',*,*,#711,.T.);
#917=ORIENTED_EDGE('',*,*,#709,.F.);
#918=ORIENTED_EDGE('',*,*,#712,.T.);
#919=ORIENTED_EDGE('',*,*,#713,.T.);
#920=ORIENTED_EDGE('',*,*,#714,.F.);
#921=ORIENTED_EDGE('',*,*,#712,.F.);
#922=ORIENTED_EDGE('',*,*,#715,.T.);
#923=ORIENTED_EDGE('',*,*,#716,.F.);
#924=ORIENTED_EDGE('',*,*,#717,.T.);
#925=ORIENTED_EDGE('',*,*,#715,.F.);
#926=ORIENTED_EDGE('',*,*,#718,.T.);
#927=ORIENTED_EDGE('',*,*,#719,.T.);
#928=ORIENTED_EDGE('',*,*,#720,.F.);
#929=ORIENTED_EDGE('',*,*,#721,.F.);
#930=ORIENTED_EDGE('',*,*,#722,.T.);
#931=ORIENTED_EDGE('',*,*,#723,.T.);
#932=ORIENTED_EDGE('',*,*,#724,.F.);
#933=ORIENTED_EDGE('',*,*,#722,.F.);
#934=ORIENTED_EDGE('',*,*,#725,.T.);
#935=ORIENTED_EDGE('',*,*,#726,.F.);
#936=ORIENTED_EDGE('',*,*,#727,.T.);
#937=ORIENTED_EDGE('',*,*,#725,.F.);
#938=ORIENTED_EDGE('',*,*,#728,.T.);
#939=ORIENTED_EDGE('',*,*,#729,.T.);
#940=ORIENTED_EDGE('',*,*,#730,.F.);
#941=ORIENTED_EDGE('',*,*,#728,.F.);
#942=ORIENTED_EDGE('',*,*,#731,.T.);
#943=ORIENTED_EDGE('',*,*,#732,.F.);
#944=ORIENTED_EDGE('',*,*,#733,.T.);
#945=ORIENTED_EDGE('',*,*,#731,.F.);
#946=ORIENTED_EDGE('',*,*,#734,.T.);
#947=ORIENTED_EDGE('',*,*,#735,.T.);
#948=ORIENTED_EDGE('',*,*,#736,.F.);
#949=ORIENTED_EDGE('',*,*,#737,.T.);
#950=ORIENTED_EDGE('',*,*,#738,.T.);
#951=ORIENTED_EDGE('',*,*,#737,.F.);
#952=ORIENTED_EDGE('',*,*,#739,.T.);
#953=ORIENTED_EDGE('',*,*,#738,.F.);
#954=ORIENTED_EDGE('',*,*,#740,.T.);
#955=ORIENTED_EDGE('',*,*,#741,.F.);
#956=ORIENTED_EDGE('',*,*,#740,.F.);
#957=ORIENTED_EDGE('',*,*,#739,.F.);
#958=ORIENTED_EDGE('',*,*,#742,.T.);
#959=ORIENTED_EDGE('',*,*,#743,.T.);
#960=ORIENTED_EDGE('',*,*,#744,.T.);
#961=ORIENTED_EDGE('',*,*,#743,.F.);
#962=ORIENTED_EDGE('',*,*,#745,.T.);
#963=ORIENTED_EDGE('',*,*,#744,.F.);
#964=ORIENTED_EDGE('',*,*,#746,.T.);
#965=ORIENTED_EDGE('',*,*,#747,.F.);
#966=ORIENTED_EDGE('',*,*,#746,.F.);
#967=ORIENTED_EDGE('',*,*,#745,.F.);
#968=ORIENTED_EDGE('',*,*,#748,.T.);
#969=ORIENTED_EDGE('',*,*,#749,.T.);
#970=ORIENTED_EDGE('',*,*,#750,.T.);
#971=ORIENTED_EDGE('',*,*,#749,.F.);
#972=ORIENTED_EDGE('',*,*,#751,.T.);
#973=ORIENTED_EDGE('',*,*,#750,.F.);
#974=ORIENTED_EDGE('',*,*,#752,.T.);
#975=ORIENTED_EDGE('',*,*,#753,.F.);
#976=ORIENTED_EDGE('',*,*,#752,.F.);
#977=ORIENTED_EDGE('',*,*,#751,.F.);
#978=ORIENTED_EDGE('',*,*,#754,.T.);
#979=ORIENTED_EDGE('',*,*,#721,.T.);
#980=ORIENTED_EDGE('',*,*,#755,.F.);
#981=ORIENTED_EDGE('',*,*,#756,.T.);
#982=ORIENTED_EDGE('',*,*,#734,.F.);
#983=ORIENTED_EDGE('',*,*,#757,.T.);
#984=ORIENTED_EDGE('',*,*,#758,.T.);
#985=ORIENTED_EDGE('',*,*,#732,.T.);
#986=ORIENTED_EDGE('',*,*,#736,.T.);
#987=ORIENTED_EDGE('',*,*,#759,.T.);
#988=ORIENTED_EDGE('',*,*,#705,.T.);
#989=ORIENTED_EDGE('',*,*,#760,.F.);
#990=ORIENTED_EDGE('',*,*,#761,.T.);
#991=ORIENTED_EDGE('',*,*,#718,.F.);
#992=ORIENTED_EDGE('',*,*,#762,.T.);
#993=ORIENTED_EDGE('',*,*,#763,.T.);
#994=ORIENTED_EDGE('',*,*,#716,.T.);
#995=ORIENTED_EDGE('',*,*,#720,.T.);
#996=ORIENTED_EDGE('',*,*,#764,.T.);
#997=ORIENTED_EDGE('',*,*,#689,.T.);
#998=ORIENTED_EDGE('',*,*,#765,.F.);
#999=ORIENTED_EDGE('',*,*,#766,.T.);
#1000=ORIENTED_EDGE('',*,*,#702,.F.);
#1001=ORIENTED_EDGE('',*,*,#767,.T.);
#1002=ORIENTED_EDGE('',*,*,#768,.T.);
#1003=ORIENTED_EDGE('',*,*,#765,.T.);
#1004=ORIENTED_EDGE('',*,*,#692,.T.);
#1005=ORIENTED_EDGE('',*,*,#769,.T.);
#1006=ORIENTED_EDGE('',*,*,#755,.T.);
#1007=ORIENTED_EDGE('',*,*,#724,.T.);
#1008=ORIENTED_EDGE('',*,*,#770,.T.);
#1009=ORIENTED_EDGE('',*,*,#700,.T.);
#1010=ORIENTED_EDGE('',*,*,#704,.T.);
#1011=ORIENTED_EDGE('',*,*,#771,.T.);
#1012=ORIENTED_EDGE('',*,*,#673,.T.);
#1013=ORIENTED_EDGE('',*,*,#772,.F.);
#1014=ORIENTED_EDGE('',*,*,#773,.T.);
#1015=ORIENTED_EDGE('',*,*,#686,.F.);
#1016=ORIENTED_EDGE('',*,*,#774,.T.);
#1017=ORIENTED_EDGE('',*,*,#775,.T.);
#1018=ORIENTED_EDGE('',*,*,#772,.T.);
#1019=ORIENTED_EDGE('',*,*,#676,.T.);
#1020=ORIENTED_EDGE('',*,*,#776,.T.);
#1021=ORIENTED_EDGE('',*,*,#694,.T.);
#1022=ORIENTED_EDGE('',*,*,#698,.T.);
#1023=ORIENTED_EDGE('',*,*,#777,.T.);
#1024=ORIENTED_EDGE('',*,*,#684,.T.);
#1025=ORIENTED_EDGE('',*,*,#688,.T.);
#1026=ORIENTED_EDGE('',*,*,#778,.T.);
#1027=ORIENTED_EDGE('',*,*,#678,.T.);
#1028=ORIENTED_EDGE('',*,*,#682,.T.);
#1029=ORIENTED_EDGE('',*,*,#779,.T.);
#1030=ORIENTED_EDGE('',*,*,#710,.T.);
#1031=ORIENTED_EDGE('',*,*,#714,.T.);
#1032=ORIENTED_EDGE('',*,*,#780,.T.);
#1033=ORIENTED_EDGE('',*,*,#760,.T.);
#1034=ORIENTED_EDGE('',*,*,#708,.T.);
#1035=ORIENTED_EDGE('',*,*,#781,.T.);
#1036=ORIENTED_EDGE('',*,*,#726,.T.);
#1037=ORIENTED_EDGE('',*,*,#730,.T.);
#1038=ORIENTED_EDGE('',*,*,#782,.T.);
#1039=ORIENTED_EDGE('',*,*,#759,.F.);
#1040=ORIENTED_EDGE('',*,*,#735,.F.);
#1041=ORIENTED_EDGE('',*,*,#756,.F.);
#1042=ORIENTED_EDGE('',*,*,#771,.F.);
#1043=ORIENTED_EDGE('',*,*,#703,.F.);
#1044=ORIENTED_EDGE('',*,*,#766,.F.);
#1045=ORIENTED_EDGE('',*,*,#768,.F.);
#1046=ORIENTED_EDGE('',*,*,#783,.T.);
#1047=ORIENTED_EDGE('',*,*,#769,.F.);
#1048=ORIENTED_EDGE('',*,*,#691,.F.);
#1049=ORIENTED_EDGE('',*,*,#695,.F.);
#1050=ORIENTED_EDGE('',*,*,#778,.F.);
#1051=ORIENTED_EDGE('',*,*,#687,.F.);
#1052=ORIENTED_EDGE('',*,*,#773,.F.);
#1053=ORIENTED_EDGE('',*,*,#775,.F.);
#1054=ORIENTED_EDGE('',*,*,#784,.T.);
#1055=ORIENTED_EDGE('',*,*,#685,.F.);
#1056=ORIENTED_EDGE('',*,*,#777,.F.);
#1057=ORIENTED_EDGE('',*,*,#697,.F.);
#1058=ORIENTED_EDGE('',*,*,#701,.F.);
#1059=ORIENTED_EDGE('',*,*,#770,.F.);
#1060=ORIENTED_EDGE('',*,*,#723,.F.);
#1061=ORIENTED_EDGE('',*,*,#727,.F.);
#1062=ORIENTED_EDGE('',*,*,#781,.F.);
#1063=ORIENTED_EDGE('',*,*,#707,.F.);
#1064=ORIENTED_EDGE('',*,*,#711,.F.);
#1065=ORIENTED_EDGE('',*,*,#779,.F.);
#1066=ORIENTED_EDGE('',*,*,#681,.F.);
#1067=ORIENTED_EDGE('',*,*,#785,.T.);
#1068=ORIENTED_EDGE('',*,*,#786,.T.);
#1069=ORIENTED_EDGE('',*,*,#787,.T.);
#1070=ORIENTED_EDGE('',*,*,#788,.T.);
#1071=ORIENTED_EDGE('',*,*,#789,.T.);
#1072=ORIENTED_EDGE('',*,*,#790,.T.);
#1073=ORIENTED_EDGE('',*,*,#791,.T.);
#1074=ORIENTED_EDGE('',*,*,#792,.T.);
#1075=ORIENTED_EDGE('',*,*,#793,.T.);
#1076=ORIENTED_EDGE('',*,*,#794,.T.);
#1077=ORIENTED_EDGE('',*,*,#793,.F.);
#1078=ORIENTED_EDGE('',*,*,#795,.T.);
#1079=ORIENTED_EDGE('',*,*,#794,.F.);
#1080=ORIENTED_EDGE('',*,*,#796,.T.);
#1081=ORIENTED_EDGE('',*,*,#787,.F.);
#1082=ORIENTED_EDGE('',*,*,#796,.F.);
#1083=ORIENTED_EDGE('',*,*,#795,.F.);
#1084=ORIENTED_EDGE('',*,*,#797,.T.);
#1085=ORIENTED_EDGE('',*,*,#798,.T.);
#1086=ORIENTED_EDGE('',*,*,#797,.F.);
#1087=ORIENTED_EDGE('',*,*,#799,.T.);
#1088=ORIENTED_EDGE('',*,*,#798,.F.);
#1089=ORIENTED_EDGE('',*,*,#800,.T.);
#1090=ORIENTED_EDGE('',*,*,#786,.F.);
#1091=ORIENTED_EDGE('',*,*,#800,.F.);
#1092=ORIENTED_EDGE('',*,*,#799,.F.);
#1093=ORIENTED_EDGE('',*,*,#801,.T.);
#1094=ORIENTED_EDGE('',*,*,#802,.T.);
#1095=ORIENTED_EDGE('',*,*,#801,.F.);
#1096=ORIENTED_EDGE('',*,*,#803,.T.);
#1097=ORIENTED_EDGE('',*,*,#802,.F.);
#1098=ORIENTED_EDGE('',*,*,#804,.T.);
#1099=ORIENTED_EDGE('',*,*,#785,.F.);
#1100=ORIENTED_EDGE('',*,*,#804,.F.);
#1101=ORIENTED_EDGE('',*,*,#803,.F.);
#1102=ORIENTED_EDGE('',*,*,#805,.T.);
#1103=ORIENTED_EDGE('',*,*,#806,.T.);
#1104=ORIENTED_EDGE('',*,*,#805,.F.);
#1105=ORIENTED_EDGE('',*,*,#807,.T.);
#1106=ORIENTED_EDGE('',*,*,#806,.F.);
#1107=ORIENTED_EDGE('',*,*,#808,.T.);
#1108=ORIENTED_EDGE('',*,*,#789,.F.);
#1109=ORIENTED_EDGE('',*,*,#808,.F.);
#1110=ORIENTED_EDGE('',*,*,#807,.F.);
#1111=ORIENTED_EDGE('',*,*,#809,.T.);
#1112=ORIENTED_EDGE('',*,*,#810,.T.);
#1113=ORIENTED_EDGE('',*,*,#809,.F.);
#1114=ORIENTED_EDGE('',*,*,#811,.T.);
#1115=ORIENTED_EDGE('',*,*,#810,.F.);
#1116=ORIENTED_EDGE('',*,*,#812,.T.);
#1117=ORIENTED_EDGE('',*,*,#790,.F.);
#1118=ORIENTED_EDGE('',*,*,#812,.F.);
#1119=ORIENTED_EDGE('',*,*,#811,.F.);
#1120=ORIENTED_EDGE('',*,*,#813,.T.);
#1121=ORIENTED_EDGE('',*,*,#814,.T.);
#1122=ORIENTED_EDGE('',*,*,#813,.F.);
#1123=ORIENTED_EDGE('',*,*,#815,.T.);
#1124=ORIENTED_EDGE('',*,*,#814,.F.);
#1125=ORIENTED_EDGE('',*,*,#816,.T.);
#1126=ORIENTED_EDGE('',*,*,#791,.F.);
#1127=ORIENTED_EDGE('',*,*,#816,.F.);
#1128=ORIENTED_EDGE('',*,*,#815,.F.);
#1129=ORIENTED_EDGE('',*,*,#817,.T.);
#1130=ORIENTED_EDGE('',*,*,#818,.T.);
#1131=ORIENTED_EDGE('',*,*,#817,.F.);
#1132=ORIENTED_EDGE('',*,*,#819,.T.);
#1133=ORIENTED_EDGE('',*,*,#818,.F.);
#1134=ORIENTED_EDGE('',*,*,#820,.T.);
#1135=ORIENTED_EDGE('',*,*,#792,.F.);
#1136=ORIENTED_EDGE('',*,*,#820,.F.);
#1137=ORIENTED_EDGE('',*,*,#819,.F.);
#1138=ORIENTED_EDGE('',*,*,#821,.T.);
#1139=ORIENTED_EDGE('',*,*,#822,.T.);
#1140=ORIENTED_EDGE('',*,*,#821,.F.);
#1141=ORIENTED_EDGE('',*,*,#823,.T.);
#1142=ORIENTED_EDGE('',*,*,#822,.F.);
#1143=ORIENTED_EDGE('',*,*,#824,.T.);
#1144=ORIENTED_EDGE('',*,*,#788,.F.);
#1145=ORIENTED_EDGE('',*,*,#824,.F.);
#1146=ORIENTED_EDGE('',*,*,#823,.F.);
#1147=ORIENTED_EDGE('',*,*,#742,.F.);
#1148=ORIENTED_EDGE('',*,*,#825,.T.);
#1149=ORIENTED_EDGE('',*,*,#826,.F.);
#1150=ORIENTED_EDGE('',*,*,#825,.F.);
#1151=ORIENTED_EDGE('',*,*,#748,.F.);
#1152=ORIENTED_EDGE('',*,*,#827,.T.);
#1153=ORIENTED_EDGE('',*,*,#828,.F.);
#1154=ORIENTED_EDGE('',*,*,#827,.F.);
#1155=ORIENTED_EDGE('',*,*,#828,.T.);
#1156=ORIENTED_EDGE('',*,*,#826,.T.);
#1157=ORIENTED_EDGE('',*,*,#754,.F.);
#1158=ORIENTED_EDGE('',*,*,#829,.T.);
#1159=ORIENTED_EDGE('',*,*,#830,.F.);
#1160=ORIENTED_EDGE('',*,*,#829,.F.);
#1161=ORIENTED_EDGE('',*,*,#830,.T.);
#1162=ORIENTED_EDGE('',*,*,#831,.T.);
#1163=ORIENTED_EDGE('',*,*,#832,.T.);
#1164=ORIENTED_EDGE('',*,*,#833,.T.);
#1165=ORIENTED_EDGE('',*,*,#832,.F.);
#1166=ORIENTED_EDGE('',*,*,#833,.F.);
#1167=ORIENTED_EDGE('',*,*,#834,.T.);
#1168=ORIENTED_EDGE('',*,*,#835,.T.);
#1169=ORIENTED_EDGE('',*,*,#836,.T.);
#1170=ORIENTED_EDGE('',*,*,#835,.F.);
#1171=ORIENTED_EDGE('',*,*,#836,.F.);
#1172=ORIENTED_EDGE('',*,*,#837,.T.);
#1173=ORIENTED_EDGE('',*,*,#838,.T.);
#1174=ORIENTED_EDGE('',*,*,#839,.T.);
#1175=ORIENTED_EDGE('',*,*,#838,.F.);
#1176=ORIENTED_EDGE('',*,*,#839,.F.);
#1177=ORIENTED_EDGE('',*,*,#840,.T.);
#1178=ORIENTED_EDGE('',*,*,#841,.T.);
#1179=ORIENTED_EDGE('',*,*,#842,.T.);
#1180=ORIENTED_EDGE('',*,*,#841,.F.);
#1181=ORIENTED_EDGE('',*,*,#842,.F.);
#1182=ORIENTED_EDGE('',*,*,#843,.T.);
#1183=ORIENTED_EDGE('',*,*,#844,.T.);
#1184=ORIENTED_EDGE('',*,*,#845,.T.);
#1185=ORIENTED_EDGE('',*,*,#844,.F.);
#1186=ORIENTED_EDGE('',*,*,#845,.F.);
#1187=ORIENTED_EDGE('',*,*,#846,.T.);
#1188=ORIENTED_EDGE('',*,*,#847,.T.);
#1189=ORIENTED_EDGE('',*,*,#848,.T.);
#1190=ORIENTED_EDGE('',*,*,#847,.F.);
#1191=ORIENTED_EDGE('',*,*,#848,.F.);
#1192=ORIENTED_EDGE('',*,*,#849,.T.);
#1193=ORIENTED_EDGE('',*,*,#850,.T.);
#1194=ORIENTED_EDGE('',*,*,#851,.T.);
#1195=ORIENTED_EDGE('',*,*,#850,.F.);
#1196=ORIENTED_EDGE('',*,*,#851,.F.);
#1197=ORIENTED_EDGE('',*,*,#852,.T.);
#1198=ORIENTED_EDGE('',*,*,#853,.T.);
#1199=ORIENTED_EDGE('',*,*,#854,.T.);
#1200=ORIENTED_EDGE('',*,*,#853,.F.);
#1201=ORIENTED_EDGE('',*,*,#854,.F.);
#1202=ORIENTED_EDGE('',*,*,#855,.F.);
#1203=ORIENTED_EDGE('',*,*,#856,.T.);
#1204=ORIENTED_EDGE('',*,*,#857,.T.);
#1205=ORIENTED_EDGE('',*,*,#858,.F.);
#1206=ORIENTED_EDGE('',*,*,#859,.F.);
#1207=ORIENTED_EDGE('',*,*,#860,.T.);
#1208=ORIENTED_EDGE('',*,*,#861,.T.);
#1209=ORIENTED_EDGE('',*,*,#856,.F.);
#1210=ORIENTED_EDGE('',*,*,#862,.F.);
#1211=ORIENTED_EDGE('',*,*,#863,.T.);
#1212=ORIENTED_EDGE('',*,*,#864,.T.);
#1213=ORIENTED_EDGE('',*,*,#860,.F.);
#1214=ORIENTED_EDGE('',*,*,#865,.F.);
#1215=ORIENTED_EDGE('',*,*,#858,.T.);
#1216=ORIENTED_EDGE('',*,*,#866,.T.);
#1217=ORIENTED_EDGE('',*,*,#863,.F.);
#1218=ORIENTED_EDGE('',*,*,#866,.F.);
#1219=ORIENTED_EDGE('',*,*,#857,.F.);
#1220=ORIENTED_EDGE('',*,*,#861,.F.);
#1221=ORIENTED_EDGE('',*,*,#864,.F.);
#1222=ORIENTED_EDGE('',*,*,#753,.T.);
#1223=ORIENTED_EDGE('',*,*,#852,.F.);
#1224=ORIENTED_EDGE('',*,*,#849,.F.);
#1225=ORIENTED_EDGE('',*,*,#846,.F.);
#1226=ORIENTED_EDGE('',*,*,#843,.F.);
#1227=ORIENTED_EDGE('',*,*,#840,.F.);
#1228=ORIENTED_EDGE('',*,*,#837,.F.);
#1229=ORIENTED_EDGE('',*,*,#834,.F.);
#1230=ORIENTED_EDGE('',*,*,#831,.F.);
#1231=ORIENTED_EDGE('',*,*,#747,.T.);
#1232=ORIENTED_EDGE('',*,*,#741,.T.);
#1233=ORIENTED_EDGE('',*,*,#758,.F.);
#1234=ORIENTED_EDGE('',*,*,#867,.T.);
#1235=ORIENTED_EDGE('',*,*,#764,.F.);
#1236=ORIENTED_EDGE('',*,*,#719,.F.);
#1237=ORIENTED_EDGE('',*,*,#761,.F.);
#1238=ORIENTED_EDGE('',*,*,#782,.F.);
#1239=ORIENTED_EDGE('',*,*,#729,.F.);
#1240=ORIENTED_EDGE('',*,*,#733,.F.);
#1241=ORIENTED_EDGE('',*,*,#763,.F.);
#1242=ORIENTED_EDGE('',*,*,#868,.T.);
#1243=ORIENTED_EDGE('',*,*,#776,.F.);
#1244=ORIENTED_EDGE('',*,*,#675,.F.);
#1245=ORIENTED_EDGE('',*,*,#679,.F.);
#1246=ORIENTED_EDGE('',*,*,#780,.F.);
#1247=ORIENTED_EDGE('',*,*,#713,.F.);
#1248=ORIENTED_EDGE('',*,*,#717,.F.);
#1249=ORIENTED_EDGE('',*,*,#757,.F.);
#1250=ORIENTED_EDGE('',*,*,#783,.F.);
#1251=ORIENTED_EDGE('',*,*,#767,.F.);
#1252=ORIENTED_EDGE('',*,*,#784,.F.);
#1253=ORIENTED_EDGE('',*,*,#774,.F.);
#1254=ORIENTED_EDGE('',*,*,#868,.F.);
#1255=ORIENTED_EDGE('',*,*,#762,.F.);
#1256=ORIENTED_EDGE('',*,*,#867,.F.);
#1257=ORIENTED_EDGE('',*,*,#855,.T.);
#1258=ORIENTED_EDGE('',*,*,#865,.T.);
#1259=ORIENTED_EDGE('',*,*,#862,.T.);
#1260=ORIENTED_EDGE('',*,*,#859,.T.);
#1261=B_SPLINE_SURFACE_WITH_KNOTS('',3,3,((#1800,#1801,#1802,#1803,#1804,
#1805),(#1806,#1807,#1808,#1809,#1810,#1811),(#1812,#1813,#1814,#1815,#1816,
#1817),(#1818,#1819,#1820,#1821,#1822,#1823),(#1824,#1825,#1826,#1827,#1828,
#1829),(#1830,#1831,#1832,#1833,#1834,#1835)),.UNSPECIFIED.,.F.,.F.,.F.,
(4,1,1,4),(4,1,1,4),(0.,0.333333333333333,0.666666666666667,1.),(0.,0.333333333333333,
0.666666666666667,1.),.UNSPECIFIED.);
#1262=B_SPLINE_SURFACE_WITH_KNOTS('',3,3,((#1859,#1860,#1861,#1862,#1863,
#1864),(#1865,#1866,#1867,#1868,#1869,#1870),(#1871,#1872,#1873,#1874,#1875,
#1876),(#1877,#1878,#1879,#1880,#1881,#1882),(#1883,#1884,#1885,#1886,#1887,
#1888),(#1889,#1890,#1891,#1892,#1893,#1894)),.UNSPECIFIED.,.F.,.F.,.F.,
(4,1,1,4),(4,1,1,4),(0.,0.333333333333333,0.666666666666667,1.),(0.,0.333333333333333,
0.666666666666667,1.),.UNSPECIFIED.);
#1263=B_SPLINE_SURFACE_WITH_KNOTS('',3,3,((#1910,#1911,#1912,#1913,#1914,
#1915),(#1916,#1917,#1918,#1919,#1920,#1921),(#1922,#1923,#1924,#1925,#1926,
#1927),(#1928,#1929,#1930,#1931,#1932,#1933),(#1934,#1935,#1936,#1937,#1938,
#1939),(#1940,#1941,#1942,#1943,#1944,#1945)),.UNSPECIFIED.,.F.,.F.,.F.,
(4,1,1,4),(4,1,1,4),(0.,0.333333333333333,0.666666666666667,1.),(0.,0.333333333333333,
0.666666666666667,1.),.UNSPECIFIED.);
#1264=B_SPLINE_SURFACE_WITH_KNOTS('',3,3,((#1961,#1962,#1963,#1964,#1965,
#1966),(#1967,#1968,#1969,#1970,#1971,#1972),(#1973,#1974,#1975,#1976,#1977,
#1978),(#1979,#1980,#1981,#1982,#1983,#1984),(#1985,#1986,#1987,#1988,#1989,
#1990),(#1991,#1992,#1993,#1994,#1995,#1996)),.UNSPECIFIED.,.F.,.F.,.F.,
(4,1,1,4),(4,1,1,4),(0.,0.333333333333333,0.666666666666667,1.),(0.,0.333333333333333,
0.666666666666667,1.),.UNSPECIFIED.);
#1265=B_SPLINE_SURFACE_WITH_KNOTS('',3,3,((#2013,#2014,#2015,#2016,#2017,
#2018),(#2019,#2020,#2021,#2022,#2023,#2024),(#2025,#2026,#2027,#2028,#2029,
#2030),(#2031,#2032,#2033,#2034,#2035,#2036),(#2037,#2038,#2039,#2040,#2041,
#2042),(#2043,#2044,#2045,#2046,#2047,#2048)),.UNSPECIFIED.,.F.,.F.,.F.,
(4,1,1,4),(4,1,1,4),(0.,0.333333333333333,0.666666666666667,1.),(0.,0.333333333333333,
0.666666666666667,1.),.UNSPECIFIED.);
#1266=B_SPLINE_SURFACE_WITH_KNOTS('',3,3,((#2065,#2066,#2067,#2068,#2069,
#2070),(#2071,#2072,#2073,#2074,#2075,#2076),(#2077,#2078,#2079,#2080,#2081,
#2082),(#2083,#2084,#2085,#2086,#2087,#2088),(#2089,#2090,#2091,#2092,#2093,
#2094),(#2095,#2096,#2097,#2098,#2099,#2100)),.UNSPECIFIED.,.F.,.F.,.F.,
(4,1,1,4),(4,1,1,4),(0.,0.333333333333333,0.666666666666667,1.),(0.,0.333333333333333,
0.666666666666667,1.),.UNSPECIFIED.);
#1267=B_SPLINE_SURFACE_WITH_KNOTS('',3,3,((#2125,#2126,#2127,#2128,#2129,
#2130),(#2131,#2132,#2133,#2134,#2135,#2136),(#2137,#2138,#2139,#2140,#2141,
#2142),(#2143,#2144,#2145,#2146,#2147,#2148),(#2149,#2150,#2151,#2152,#2153,
#2154),(#2155,#2156,#2157,#2158,#2159,#2160)),.UNSPECIFIED.,.F.,.F.,.F.,
(4,1,1,4),(4,1,1,4),(0.,0.333333333333333,0.666666666666667,1.),(0.,0.333333333333333,
0.666666666666667,1.),.UNSPECIFIED.);
#1268=B_SPLINE_SURFACE_WITH_KNOTS('',3,3,((#2177,#2178,#2179,#2180,#2181,
#2182),(#2183,#2184,#2185,#2186,#2187,#2188),(#2189,#2190,#2191,#2192,#2193,
#2194),(#2195,#2196,#2197,#2198,#2199,#2200),(#2201,#2202,#2203,#2204,#2205,
#2206),(#2207,#2208,#2209,#2210,#2211,#2212)),.UNSPECIFIED.,.F.,.F.,.F.,
(4,1,1,4),(4,1,1,4),(0.,0.333333333333333,0.666666666666667,1.),(0.,0.333333333333333,
0.666666666666667,1.),.UNSPECIFIED.);
#1269=B_SPLINE_SURFACE_WITH_KNOTS('',3,3,((#2229,#2230,#2231,#2232,#2233,
#2234),(#2235,#2236,#2237,#2238,#2239,#2240),(#2241,#2242,#2243,#2244,#2245,
#2246),(#2247,#2248,#2249,#2250,#2251,#2252),(#2253,#2254,#2255,#2256,#2257,
#2258),(#2259,#2260,#2261,#2262,#2263,#2264)),.UNSPECIFIED.,.F.,.F.,.F.,
(4,1,1,4),(4,1,1,4),(0.,0.333333333333333,0.666666666666667,1.),(0.,0.333333333333333,
0.666666666666667,1.),.UNSPECIFIED.);
#1270=B_SPLINE_SURFACE_WITH_KNOTS('',3,3,((#2281,#2282,#2283,#2284,#2285,
#2286),(#2287,#2288,#2289,#2290,#2291,#2292),(#2293,#2294,#2295,#2296,#2297,
#2298),(#2299,#2300,#2301,#2302,#2303,#2304),(#2305,#2306,#2307,#2308,#2309,
#2310),(#2311,#2312,#2313,#2314,#2315,#2316)),.UNSPECIFIED.,.F.,.F.,.F.,
(4,1,1,4),(4,1,1,4),(0.,0.333333333333333,0.666666666666667,1.),(0.,0.333333333333333,
0.666666666666667,1.),.UNSPECIFIED.);
#1271=B_SPLINE_SURFACE_WITH_KNOTS('',3,3,((#2333,#2334,#2335,#2336,#2337,
#2338),(#2339,#2340,#2341,#2342,#2343,#2344),(#2345,#2346,#2347,#2348,#2349,
#2350),(#2351,#2352,#2353,#2354,#2355,#2356),(#2357,#2358,#2359,#2360,#2361,
#2362),(#2363,#2364,#2365,#2366,#2367,#2368)),.UNSPECIFIED.,.F.,.F.,.F.,
(4,1,1,4),(4,1,1,4),(0.,0.333333333333333,0.666666666666667,1.),(0.,0.333333333333333,
0.666666666666667,1.),.UNSPECIFIED.);
#1272=B_SPLINE_SURFACE_WITH_KNOTS('',3,3,((#2393,#2394,#2395,#2396,#2397,
#2398),(#2399,#2400,#2401,#2402,#2403,#2404),(#2405,#2406,#2407,#2408,#2409,
#2410),(#2411,#2412,#2413,#2414,#2415,#2416),(#2417,#2418,#2419,#2420,#2421,
#2422),(#2423,#2424,#2425,#2426,#2427,#2428)),.UNSPECIFIED.,.F.,.F.,.F.,
(4,1,1,4),(4,1,1,4),(0.,0.333333333333333,0.666666666666667,1.),(0.,0.333333333333333,
0.666666666666667,1.),.UNSPECIFIED.);
#1273=B_SPLINE_SURFACE_WITH_KNOTS('',3,3,((#2444,#2445,#2446,#2447,#2448,
#2449),(#2450,#2451,#2452,#2453,#2454,#2455),(#2456,#2457,#2458,#2459,#2460,
#2461),(#2462,#2463,#2464,#2465,#2466,#2467),(#2468,#2469,#2470,#2471,#2472,
#2473),(#2474,#2475,#2476,#2477,#2478,#2479)),.UNSPECIFIED.,.F.,.F.,.F.,
(4,1,1,4),(4,1,1,4),(0.,0.333333333333333,0.666666666666667,1.),(0.,0.333333333333333,
0.666666666666667,1.),.UNSPECIFIED.);
#1274=B_SPLINE_SURFACE_WITH_KNOTS('',3,3,((#2495,#2496,#2497,#2498,#2499,
#2500),(#2501,#2502,#2503,#2504,#2505,#2506),(#2507,#2508,#2509,#2510,#2511,
#2512),(#2513,#2514,#2515,#2516,#2517,#2518),(#2519,#2520,#2521,#2522,#2523,
#2524),(#2525,#2526,#2527,#2528,#2529,#2530)),.UNSPECIFIED.,.F.,.F.,.F.,
(4,1,1,4),(4,1,1,4),(0.,0.333333333333333,0.666666666666667,1.),(0.,0.333333333333333,
0.666666666666667,1.),.UNSPECIFIED.);
#1275=B_SPLINE_SURFACE_WITH_KNOTS('',3,3,((#2546,#2547,#2548,#2549,#2550,
#2551),(#2552,#2553,#2554,#2555,#2556,#2557),(#2558,#2559,#2560,#2561,#2562,
#2563),(#2564,#2565,#2566,#2567,#2568,#2569),(#2570,#2571,#2572,#2573,#2574,
#2575),(#2576,#2577,#2578,#2579,#2580,#2581)),.UNSPECIFIED.,.F.,.F.,.F.,
(4,1,1,4),(4,1,1,4),(0.,0.333333333333333,0.666666666666667,1.),(0.,0.333333333333333,
0.666666666666667,1.),.UNSPECIFIED.);
#1276=B_SPLINE_SURFACE_WITH_KNOTS('',3,3,((#2597,#2598,#2599,#2600,#2601,
#2602),(#2603,#2604,#2605,#2606,#2607,#2608),(#2609,#2610,#2611,#2612,#2613,
#2614),(#2615,#2616,#2617,#2618,#2619,#2620),(#2621,#2622,#2623,#2624,#2625,
#2626),(#2627,#2628,#2629,#2630,#2631,#2632)),.UNSPECIFIED.,.F.,.F.,.F.,
(4,1,1,4),(4,1,1,4),(0.,0.333333333333333,0.666666666666667,1.),(0.,0.333333333333333,
0.666666666666667,1.),.UNSPECIFIED.);
#1277=B_SPLINE_SURFACE_WITH_KNOTS('',3,3,((#2657,#2658,#2659,#2660,#2661,
#2662),(#2663,#2664,#2665,#2666,#2667,#2668),(#2669,#2670,#2671,#2672,#2673,
#2674),(#2675,#2676,#2677,#2678,#2679,#2680),(#2681,#2682,#2683,#2684,#2685,
#2686),(#2687,#2688,#2689,#2690,#2691,#2692)),.UNSPECIFIED.,.F.,.F.,.F.,
(4,1,1,4),(4,1,1,4),(0.,0.333333333333333,0.666666666666667,1.),(0.,0.333333333333333,
0.666666666666667,1.),.UNSPECIFIED.);
#1278=B_SPLINE_SURFACE_WITH_KNOTS('',3,3,((#2709,#2710,#2711,#2712,#2713,
#2714),(#2715,#2716,#2717,#2718,#2719,#2720),(#2721,#2722,#2723,#2724,#2725,
#2726),(#2727,#2728,#2729,#2730,#2731,#2732),(#2733,#2734,#2735,#2736,#2737,
#2738),(#2739,#2740,#2741,#2742,#2743,#2744)),.UNSPECIFIED.,.F.,.F.,.F.,
(4,1,1,4),(4,1,1,4),(0.,0.333333333333333,0.666666666666667,1.),(0.,0.333333333333333,
0.666666666666667,1.),.UNSPECIFIED.);
#1279=B_SPLINE_SURFACE_WITH_KNOTS('',3,3,((#2761,#2762,#2763,#2764,#2765,
#2766),(#2767,#2768,#2769,#2770,#2771,#2772),(#2773,#2774,#2775,#2776,#2777,
#2778),(#2779,#2780,#2781,#2782,#2783,#2784),(#2785,#2786,#2787,#2788,#2789,
#2790),(#2791,#2792,#2793,#2794,#2795,#2796)),.UNSPECIFIED.,.F.,.F.,.F.,
(4,1,1,4),(4,1,1,4),(0.,0.333333333333333,0.666666666666667,1.),(0.,0.333333333333333,
0.666666666666667,1.),.UNSPECIFIED.);
#1280=B_SPLINE_SURFACE_WITH_KNOTS('',3,3,((#2813,#2814,#2815,#2816,#2817,
#2818),(#2819,#2820,#2821,#2822,#2823,#2824),(#2825,#2826,#2827,#2828,#2829,
#2830),(#2831,#2832,#2833,#2834,#2835,#2836),(#2837,#2838,#2839,#2840,#2841,
#2842),(#2843,#2844,#2845,#2846,#2847,#2848)),.UNSPECIFIED.,.F.,.F.,.F.,
(4,1,1,4),(4,1,1,4),(0.,0.333333333333333,0.666666666666667,1.),(0.,0.333333333333333,
0.666666666666667,1.),.UNSPECIFIED.);
#1281=B_SPLINE_SURFACE_WITH_KNOTS('',3,3,((#2865,#2866,#2867,#2868,#2869,
#2870,#2871,#2872,#2873,#2874,#2875,#2876,#2877,#2878,#2879,#2880),(#2881,
#2882,#2883,#2884,#2885,#2886,#2887,#2888,#2889,#2890,#2891,#2892,#2893,
#2894,#2895,#2896),(#2897,#2898,#2899,#2900,#2901,#2902,#2903,#2904,#2905,
#2906,#2907,#2908,#2909,#2910,#2911,#2912),(#2913,#2914,#2915,#2916,#2917,
#2918,#2919,#2920,#2921,#2922,#2923,#2924,#2925,#2926,#2927,#2928),(#2929,
#2930,#2931,#2932,#2933,#2934,#2935,#2936,#2937,#2938,#2939,#2940,#2941,
#2942,#2943,#2944),(#2945,#2946,#2947,#2948,#2949,#2950,#2951,#2952,#2953,
#2954,#2955,#2956,#2957,#2958,#2959,#2960),(#2961,#2962,#2963,#2964,#2965,
#2966,#2967,#2968,#2969,#2970,#2971,#2972,#2973,#2974,#2975,#2976),(#2977,
#2978,#2979,#2980,#2981,#2982,#2983,#2984,#2985,#2986,#2987,#2988,#2989,
#2990,#2991,#2992)),.UNSPECIFIED.,.F.,.T.,.F.,(4,1,1,1,1,4),(4,1,1,1,1,
1,1,1,1,1,1,1,1,4),(0.,0.285714285714286,0.428571428571429,0.571428571428571,
0.785714285714286,1.),(0.,0.131793239789073,0.263586479578147,0.39537971936722,
0.527172959156293,0.658966198945366,0.79075943873444,0.878621598593822,
1.05434591831259,1.31793239789073,1.44972563767981,1.58151887746888,1.71331211725795,
1.84510535704703),.UNSPECIFIED.);
#1282=B_SPLINE_SURFACE_WITH_KNOTS('',3,3,((#3056,#3057,#3058,#3059,#3060,
#3061,#3062,#3063,#3064,#3065,#3066,#3067,#3068,#3069,#3070,#3071),(#3072,
#3073,#3074,#3075,#3076,#3077,#3078,#3079,#3080,#3081,#3082,#3083,#3084,
#3085,#3086,#3087),(#3088,#3089,#3090,#3091,#3092,#3093,#3094,#3095,#3096,
#3097,#3098,#3099,#3100,#3101,#3102,#3103),(#3104,#3105,#3106,#3107,#3108,
#3109,#3110,#3111,#3112,#3113,#3114,#3115,#3116,#3117,#3118,#3119),(#3120,
#3121,#3122,#3123,#3124,#3125,#3126,#3127,#3128,#3129,#3130,#3131,#3132,
#3133,#3134,#3135),(#3136,#3137,#3138,#3139,#3140,#3141,#3142,#3143,#3144,
#3145,#3146,#3147,#3148,#3149,#3150,#3151),(#3152,#3153,#3154,#3155,#3156,
#3157,#3158,#3159,#3160,#3161,#3162,#3163,#3164,#3165,#3166,#3167),(#3168,
#3169,#3170,#3171,#3172,#3173,#3174,#3175,#3176,#3177,#3178,#3179,#3180,
#3181,#3182,#3183)),.UNSPECIFIED.,.F.,.T.,.F.,(4,1,1,1,1,4),(4,1,1,1,1,
1,1,1,1,1,1,1,1,4),(0.,0.285714285714286,0.428571428571429,0.571428571428571,
0.785714285714286,1.),(0.,0.131793239789073,0.263586479578147,0.39537971936722,
0.527172959156293,0.658966198945366,0.79075943873444,1.05434591831259,1.18613915810166,
1.31793239789073,1.44972563767981,1.58151887746888,1.71331211725795,1.84510535704703),
 .UNSPECIFIED.);
#1283=B_SPLINE_SURFACE_WITH_KNOTS('',3,3,((#3247,#3248,#3249,#3250,#3251,
#3252,#3253,#3254,#3255,#3256,#3257,#3258,#3259,#3260,#3261,#3262),(#3263,
#3264,#3265,#3266,#3267,#3268,#3269,#3270,#3271,#3272,#3273,#3274,#3275,
#3276,#3277,#3278),(#3279,#3280,#3281,#3282,#3283,#3284,#3285,#3286,#3287,
#3288,#3289,#3290,#3291,#3292,#3293,#3294),(#3295,#3296,#3297,#3298,#3299,
#3300,#3301,#3302,#3303,#3304,#3305,#3306,#3307,#3308,#3309,#3310),(#3311,
#3312,#3313,#3314,#3315,#3316,#3317,#3318,#3319,#3320,#3321,#3322,#3323,
#3324,#3325,#3326),(#3327,#3328,#3329,#3330,#3331,#3332,#3333,#3334,#3335,
#3336,#3337,#3338,#3339,#3340,#3341,#3342),(#3343,#3344,#3345,#3346,#3347,
#3348,#3349,#3350,#3351,#3352,#3353,#3354,#3355,#3356,#3357,#3358),(#3359,
#3360,#3361,#3362,#3363,#3364,#3365,#3366,#3367,#3368,#3369,#3370,#3371,
#3372,#3373,#3374)),.UNSPECIFIED.,.F.,.T.,.F.,(4,1,1,1,1,4),(4,1,1,1,1,
1,1,1,1,1,1,1,1,4),(0.,0.285714285714286,0.428571428571429,0.571428571428571,
0.785714285714286,1.),(0.,0.131793239789073,0.263586479578147,0.39537971936722,
0.527172959156293,0.658966198945366,0.79075943873444,1.05434591831259,1.18613915810166,
1.31793239789073,1.44972563767981,1.58151887746888,1.71331211725795,1.84510535704703),
 .UNSPECIFIED.);
#1284=B_SPLINE_SURFACE_WITH_KNOTS('',3,3,((#3438,#3439,#3440,#3441,#3442,
#3443),(#3444,#3445,#3446,#3447,#3448,#3449),(#3450,#3451,#3452,#3453,#3454,
#3455),(#3456,#3457,#3458,#3459,#3460,#3461),(#3462,#3463,#3464,#3465,#3466,
#3467),(#3468,#3469,#3470,#3471,#3472,#3473)),.UNSPECIFIED.,.F.,.F.,.F.,
(4,1,1,4),(4,1,1,4),(0.,0.333333333333333,0.666666666666667,1.),(0.,0.333333333333333,
0.666666666666667,1.),.UNSPECIFIED.);
#1285=B_SPLINE_SURFACE_WITH_KNOTS('',3,3,((#3483,#3484,#3485,#3486),(#3487,
#3488,#3489,#3490),(#3491,#3492,#3493,#3494),(#3495,#3496,#3497,#3498),
(#3499,#3500,#3501,#3502),(#3503,#3504,#3505,#3506),(#3507,#3508,#3509,
#3510),(#3511,#3512,#3513,#3514),(#3515,#3516,#3517,#3518),(#3519,#3520,
#3521,#3522)),.UNSPECIFIED.,.F.,.F.,.F.,(4,1,1,1,1,1,1,4),(4,4),(0.,0.142857142857143,
0.285714285714286,0.428571428571429,0.571428571428571,0.785714285714286,
0.857142857142857,1.),(0.,0.920003020228045),.UNSPECIFIED.);
#1286=B_SPLINE_SURFACE_WITH_KNOTS('',3,3,((#3555,#3556,#3557,#3558,#3559,
#3560),(#3561,#3562,#3563,#3564,#3565,#3566),(#3567,#3568,#3569,#3570,#3571,
#3572),(#3573,#3574,#3575,#3576,#3577,#3578),(#3579,#3580,#3581,#3582,#3583,
#3584),(#3585,#3586,#3587,#3588,#3589,#3590)),.UNSPECIFIED.,.F.,.F.,.F.,
(4,1,1,4),(4,1,1,4),(0.,0.333333333333333,0.666666666666667,1.),(0.,0.333333333333333,
0.666666666666667,1.),.UNSPECIFIED.);
#1287=B_SPLINE_SURFACE_WITH_KNOTS('',3,3,((#3600,#3601,#3602,#3603),(#3604,
#3605,#3606,#3607),(#3608,#3609,#3610,#3611),(#3612,#3613,#3614,#3615),
(#3616,#3617,#3618,#3619),(#3620,#3621,#3622,#3623),(#3624,#3625,#3626,
#3627),(#3628,#3629,#3630,#3631)),.UNSPECIFIED.,.F.,.F.,.F.,(4,1,1,1,1,
4),(4,4),(0.,0.285714285714286,0.428571428571429,0.571428571428571,0.785714285714286,
1.),(0.,0.920003020228045),.UNSPECIFIED.);
#1288=B_SPLINE_SURFACE_WITH_KNOTS('',3,3,((#3658,#3659,#3660,#3661,#3662,
#3663),(#3664,#3665,#3666,#3667,#3668,#3669),(#3670,#3671,#3672,#3673,#3674,
#3675),(#3676,#3677,#3678,#3679,#3680,#3681),(#3682,#3683,#3684,#3685,#3686,
#3687),(#3688,#3689,#3690,#3691,#3692,#3693)),.UNSPECIFIED.,.F.,.F.,.F.,
(4,1,1,4),(4,1,1,4),(0.,0.333333333333333,0.666666666666667,1.),(0.,0.333333333333333,
0.666666666666667,1.),.UNSPECIFIED.);
#1289=B_SPLINE_SURFACE_WITH_KNOTS('',3,3,((#3703,#3704,#3705,#3706),(#3707,
#3708,#3709,#3710),(#3711,#3712,#3713,#3714),(#3715,#3716,#3717,#3718),
(#3719,#3720,#3721,#3722),(#3723,#3724,#3725,#3726),(#3727,#3728,#3729,
#3730),(#3731,#3732,#3733,#3734),(#3735,#3736,#3737,#3738),(#3739,#3740,
#3741,#3742)),.UNSPECIFIED.,.F.,.F.,.F.,(4,1,1,1,1,1,1,4),(4,4),(0.,0.142857142857143,
0.285714285714286,0.428571428571429,0.571428571428571,0.785714285714286,
0.857142857142857,1.),(0.,0.920003020228045),.UNSPECIFIED.);
#1290=B_SPLINE_SURFACE_WITH_KNOTS('',3,3,((#3775,#3776,#3777,#3778),(#3779,
#3780,#3781,#3782),(#3783,#3784,#3785,#3786),(#3787,#3788,#3789,#3790),
(#3791,#3792,#3793,#3794),(#3795,#3796,#3797,#3798),(#3799,#3800,#3801,
#3802),(#3803,#3804,#3805,#3806),(#3807,#3808,#3809,#3810),(#3811,#3812,
#3813,#3814)),.UNSPECIFIED.,.F.,.F.,.F.,(4,1,1,1,1,1,1,4),(4,4),(0.,0.142857142857143,
0.285714285714286,0.428571428571429,0.571428571428571,0.785714285714286,
0.857142857142857,1.),(0.0399969797719556,1.54000302022804),
 .UNSPECIFIED.);
#1291=B_SPLINE_SURFACE_WITH_KNOTS('',3,3,((#3823,#3824,#3825,#3826,#3827,
#3828),(#3829,#3830,#3831,#3832,#3833,#3834),(#3835,#3836,#3837,#3838,#3839,
#3840),(#3841,#3842,#3843,#3844,#3845,#3846),(#3847,#3848,#3849,#3850,#3851,
#3852),(#3853,#3854,#3855,#3856,#3857,#3858)),.UNSPECIFIED.,.F.,.F.,.F.,
(4,1,1,4),(4,1,1,4),(0.,0.333333333333333,0.666666666666667,1.),(0.,0.333333333333333,
0.666666666666667,1.),.UNSPECIFIED.);
#1292=B_SPLINE_SURFACE_WITH_KNOTS('',3,3,((#3867,#3868,#3869,#3870),(#3871,
#3872,#3873,#3874),(#3875,#3876,#3877,#3878),(#3879,#3880,#3881,#3882),
(#3883,#3884,#3885,#3886),(#3887,#3888,#3889,#3890),(#3891,#3892,#3893,
#3894),(#3895,#3896,#3897,#3898)),.UNSPECIFIED.,.F.,.F.,.F.,(4,1,1,1,1,
4),(4,4),(0.,0.285714285714286,0.428571428571429,0.571428571428571,0.785714285714286,
1.),(0.,0.920003020228045),.UNSPECIFIED.);
#1293=B_SPLINE_SURFACE_WITH_KNOTS('',3,3,((#3925,#3926,#3927,#3928),(#3929,
#3930,#3931,#3932),(#3933,#3934,#3935,#3936),(#3937,#3938,#3939,#3940),
(#3941,#3942,#3943,#3944),(#3945,#3946,#3947,#3948),(#3949,#3950,#3951,
#3952),(#3953,#3954,#3955,#3956),(#3957,#3958,#3959,#3960),(#3961,#3962,
#3963,#3964)),.UNSPECIFIED.,.F.,.F.,.F.,(4,1,1,1,1,1,1,4),(4,4),(0.,0.142857142857143,
0.285714285714286,0.428571428571429,0.571428571428571,0.785714285714286,
0.857142857142857,1.),(0.0399969797719555,3.14000302022804),
 .UNSPECIFIED.);
#1294=B_SPLINE_SURFACE_WITH_KNOTS('',3,3,((#3973,#3974,#3975,#3976),(#3977,
#3978,#3979,#3980),(#3981,#3982,#3983,#3984),(#3985,#3986,#3987,#3988),
(#3989,#3990,#3991,#3992),(#3993,#3994,#3995,#3996),(#3997,#3998,#3999,
#4000),(#4001,#4002,#4003,#4004)),.UNSPECIFIED.,.F.,.F.,.F.,(4,1,1,1,1,
4),(4,4),(0.,0.285714285714286,0.428571428571429,0.571428571428571,0.785714285714286,
1.),(0.0399969797719555,1.54000302022804),.UNSPECIFIED.);
#1295=B_SPLINE_SURFACE_WITH_KNOTS('',3,3,((#4013,#4014,#4015,#4016),(#4017,
#4018,#4019,#4020),(#4021,#4022,#4023,#4024),(#4025,#4026,#4027,#4028),
(#4029,#4030,#4031,#4032),(#4033,#4034,#4035,#4036),(#4037,#4038,#4039,
#4040),(#4041,#4042,#4043,#4044),(#4045,#4046,#4047,#4048),(#4049,#4050,
#4051,#4052)),.UNSPECIFIED.,.F.,.F.,.F.,(4,1,1,1,1,1,1,4),(4,4),(0.,0.142857142857143,
0.285714285714286,0.428571428571429,0.571428571428571,0.785714285714286,
0.857142857142857,1.),(0.039996979771955,3.14000302022805),
 .UNSPECIFIED.);
#1296=B_SPLINE_SURFACE_WITH_KNOTS('',3,3,((#4082,#4083,#4084,#4085,#4086,
#4087,#4088,#4089,#4090,#4091,#4092,#4093,#4094,#4095,#4096,#4097,#4098),
(#4099,#4100,#4101,#4102,#4103,#4104,#4105,#4106,#4107,#4108,#4109,#4110,
#4111,#4112,#4113,#4114,#4115),(#4116,#4117,#4118,#4119,#4120,#4121,#4122,
#4123,#4124,#4125,#4126,#4127,#4128,#4129,#4130,#4131,#4132),(#4133,#4134,
#4135,#4136,#4137,#4138,#4139,#4140,#4141,#4142,#4143,#4144,#4145,#4146,
#4147,#4148,#4149),(#4150,#4151,#4152,#4153,#4154,#4155,#4156,#4157,#4158,
#4159,#4160,#4161,#4162,#4163,#4164,#4165,#4166),(#4167,#4168,#4169,#4170,
#4171,#4172,#4173,#4174,#4175,#4176,#4177,#4178,#4179,#4180,#4181,#4182,
#4183),(#4184,#4185,#4186,#4187,#4188,#4189,#4190,#4191,#4192,#4193,#4194,
#4195,#4196,#4197,#4198,#4199,#4200),(#4201,#4202,#4203,#4204,#4205,#4206,
#4207,#4208,#4209,#4210,#4211,#4212,#4213,#4214,#4215,#4216,#4217)),
 .UNSPECIFIED.,.F.,.T.,.F.,(4,1,1,1,1,4),(4,1,1,1,1,1,1,1,1,1,1,1,1,1,4),
(0.,0.285714285714286,0.428571428571429,0.571428571428571,0.785714285714286,
1.),(0.,0.102754051360972,0.205508102721945,0.308262154082917,0.41101620544389,
0.513770256804862,0.616524308165835,0.719278359526807,0.82203241088778,
0.924786462248752,1.02754051360972,1.1302945649707,1.23304861633167,1.33580266769264,
1.43855671905361),.UNSPECIFIED.);
#1297=B_SPLINE_SURFACE_WITH_KNOTS('',3,3,((#4268,#4269,#4270,#4271,#4272,
#4273,#4274,#4275,#4276,#4277,#4278,#4279,#4280,#4281,#4282,#4283,#4284,
#4285),(#4286,#4287,#4288,#4289,#4290,#4291,#4292,#4293,#4294,#4295,#4296,
#4297,#4298,#4299,#4300,#4301,#4302,#4303),(#4304,#4305,#4306,#4307,#4308,
#4309,#4310,#4311,#4312,#4313,#4314,#4315,#4316,#4317,#4318,#4319,#4320,
#4321),(#4322,#4323,#4324,#4325,#4326,#4327,#4328,#4329,#4330,#4331,#4332,
#4333,#4334,#4335,#4336,#4337,#4338,#4339),(#4340,#4341,#4342,#4343,#4344,
#4345,#4346,#4347,#4348,#4349,#4350,#4351,#4352,#4353,#4354,#4355,#4356,
#4357),(#4358,#4359,#4360,#4361,#4362,#4363,#4364,#4365,#4366,#4367,#4368,
#4369,#4370,#4371,#4372,#4373,#4374,#4375),(#4376,#4377,#4378,#4379,#4380,
#4381,#4382,#4383,#4384,#4385,#4386,#4387,#4388,#4389,#4390,#4391,#4392,
#4393),(#4394,#4395,#4396,#4397,#4398,#4399,#4400,#4401,#4402,#4403,#4404,
#4405,#4406,#4407,#4408,#4409,#4410,#4411)),.UNSPECIFIED.,.F.,.T.,.F.,(4,
1,1,1,1,4),(4,1,1,1,1,1,1,1,1,1,1,1,1,1,1,4),(0.,0.285714285714286,0.428571428571429,
0.571428571428571,0.785714285714286,1.),(0.,0.102754051360972,0.205508102721945,
0.308262154082917,0.41101620544389,0.513770256804862,0.616524308165835,
0.667901333846321,0.770655385207293,0.82203241088778,0.924786462248752,
1.02754051360972,1.1302945649707,1.23304861633167,1.33580266769264,1.43855671905361),
 .UNSPECIFIED.);
#1298=B_SPLINE_SURFACE_WITH_KNOTS('',3,3,((#4463,#4464,#4465,#4466,#4467,
#4468,#4469,#4470,#4471,#4472,#4473,#4474,#4475,#4476,#4477,#4478,#4479),
(#4480,#4481,#4482,#4483,#4484,#4485,#4486,#4487,#4488,#4489,#4490,#4491,
#4492,#4493,#4494,#4495,#4496),(#4497,#4498,#4499,#4500,#4501,#4502,#4503,
#4504,#4505,#4506,#4507,#4508,#4509,#4510,#4511,#4512,#4513),(#4514,#4515,
#4516,#4517,#4518,#4519,#4520,#4521,#4522,#4523,#4524,#4525,#4526,#4527,
#4528,#4529,#4530),(#4531,#4532,#4533,#4534,#4535,#4536,#4537,#4538,#4539,
#4540,#4541,#4542,#4543,#4544,#4545,#4546,#4547),(#4548,#4549,#4550,#4551,
#4552,#4553,#4554,#4555,#4556,#4557,#4558,#4559,#4560,#4561,#4562,#4563,
#4564),(#4565,#4566,#4567,#4568,#4569,#4570,#4571,#4572,#4573,#4574,#4575,
#4576,#4577,#4578,#4579,#4580,#4581),(#4582,#4583,#4584,#4585,#4586,#4587,
#4588,#4589,#4590,#4591,#4592,#4593,#4594,#4595,#4596,#4597,#4598),(#4599,
#4600,#4601,#4602,#4603,#4604,#4605,#4606,#4607,#4608,#4609,#4610,#4611,
#4612,#4613,#4614,#4615),(#4616,#4617,#4618,#4619,#4620,#4621,#4622,#4623,
#4624,#4625,#4626,#4627,#4628,#4629,#4630,#4631,#4632)),.UNSPECIFIED.,.F.,
 .T.,.F.,(4,1,1,1,1,1,1,4),(4,1,1,1,1,1,1,1,1,1,1,1,1,1,4),(0.,0.142857142857143,
0.285714285714286,0.428571428571429,0.571428571428571,0.785714285714286,
0.857142857142857,1.),(0.,0.102754051360972,0.205508102721945,0.308262154082917,
0.41101620544389,0.513770256804862,0.616524308165835,0.667901333846321,
0.82203241088778,0.924786462248752,1.02754051360972,1.1302945649707,1.23304861633167,
1.33580266769264,1.43855671905361),.UNSPECIFIED.);
#1299=B_SPLINE_SURFACE_WITH_KNOTS('',3,3,((#4685,#4686,#4687,#4688,#4689,
#4690,#4691,#4692,#4693,#4694,#4695,#4696,#4697,#4698,#4699,#4700,#4701),
(#4702,#4703,#4704,#4705,#4706,#4707,#4708,#4709,#4710,#4711,#4712,#4713,
#4714,#4715,#4716,#4717,#4718),(#4719,#4720,#4721,#4722,#4723,#4724,#4725,
#4726,#4727,#4728,#4729,#4730,#4731,#4732,#4733,#4734,#4735),(#4736,#4737,
#4738,#4739,#4740,#4741,#4742,#4743,#4744,#4745,#4746,#4747,#4748,#4749,
#4750,#4751,#4752),(#4753,#4754,#4755,#4756,#4757,#4758,#4759,#4760,#4761,
#4762,#4763,#4764,#4765,#4766,#4767,#4768,#4769),(#4770,#4771,#4772,#4773,
#4774,#4775,#4776,#4777,#4778,#4779,#4780,#4781,#4782,#4783,#4784,#4785,
#4786),(#4787,#4788,#4789,#4790,#4791,#4792,#4793,#4794,#4795,#4796,#4797,
#4798,#4799,#4800,#4801,#4802,#4803),(#4804,#4805,#4806,#4807,#4808,#4809,
#4810,#4811,#4812,#4813,#4814,#4815,#4816,#4817,#4818,#4819,#4820),(#4821,
#4822,#4823,#4824,#4825,#4826,#4827,#4828,#4829,#4830,#4831,#4832,#4833,
#4834,#4835,#4836,#4837),(#4838,#4839,#4840,#4841,#4842,#4843,#4844,#4845,
#4846,#4847,#4848,#4849,#4850,#4851,#4852,#4853,#4854)),.UNSPECIFIED.,.F.,
 .T.,.F.,(4,1,1,1,1,1,1,4),(4,1,1,1,1,1,1,1,1,1,1,1,1,1,4),(0.,0.142857142857143,
0.285714285714286,0.428571428571429,0.571428571428571,0.785714285714286,
0.857142857142857,1.),(0.,0.102754051360972,0.205508102721945,0.308262154082917,
0.41101620544389,0.513770256804862,0.616524308165835,0.667901333846321,
0.82203241088778,0.924786462248752,1.02754051360972,1.1302945649707,1.23304861633167,
1.33580266769264,1.43855671905361),.UNSPECIFIED.);
#1300=B_SPLINE_SURFACE_WITH_KNOTS('',3,3,((#4907,#4908,#4909,#4910,#4911,
#4912,#4913,#4914,#4915,#4916,#4917,#4918,#4919,#4920,#4921,#4922,#4923),
(#4924,#4925,#4926,#4927,#4928,#4929,#4930,#4931,#4932,#4933,#4934,#4935,
#4936,#4937,#4938,#4939,#4940),(#4941,#4942,#4943,#4944,#4945,#4946,#4947,
#4948,#4949,#4950,#4951,#4952,#4953,#4954,#4955,#4956,#4957),(#4958,#4959,
#4960,#4961,#4962,#4963,#4964,#4965,#4966,#4967,#4968,#4969,#4970,#4971,
#4972,#4973,#4974),(#4975,#4976,#4977,#4978,#4979,#4980,#4981,#4982,#4983,
#4984,#4985,#4986,#4987,#4988,#4989,#4990,#4991),(#4992,#4993,#4994,#4995,
#4996,#4997,#4998,#4999,#5000,#5001,#5002,#5003,#5004,#5005,#5006,#5007,
#5008),(#5009,#5010,#5011,#5012,#5013,#5014,#5015,#5016,#5017,#5018,#5019,
#5020,#5021,#5022,#5023,#5024,#5025),(#5026,#5027,#5028,#5029,#5030,#5031,
#5032,#5033,#5034,#5035,#5036,#5037,#5038,#5039,#5040,#5041,#5042),(#5043,
#5044,#5045,#5046,#5047,#5048,#5049,#5050,#5051,#5052,#5053,#5054,#5055,
#5056,#5057,#5058,#5059),(#5060,#5061,#5062,#5063,#5064,#5065,#5066,#5067,
#5068,#5069,#5070,#5071,#5072,#5073,#5074,#5075,#5076)),.UNSPECIFIED.,.F.,
 .T.,.F.,(4,1,1,1,1,1,1,4),(4,1,1,1,1,1,1,1,1,1,1,1,1,1,4),(0.,0.142857142857143,
0.285714285714286,0.428571428571429,0.571428571428571,0.785714285714286,
0.857142857142857,1.),(0.,0.102754051360972,0.205508102721945,0.308262154082917,
0.41101620544389,0.513770256804862,0.616524308165835,0.719278359526807,
0.82203241088778,0.924786462248752,1.02754051360972,1.1302945649707,1.23304861633167,
1.33580266769264,1.43855671905361),.UNSPECIFIED.);
#1301=B_SPLINE_SURFACE_WITH_KNOTS('',3,3,((#5129,#5130,#5131,#5132,#5133,
#5134,#5135,#5136,#5137,#5138,#5139,#5140,#5141,#5142,#5143,#5144,#5145,
#5146),(#5147,#5148,#5149,#5150,#5151,#5152,#5153,#5154,#5155,#5156,#5157,
#5158,#5159,#5160,#5161,#5162,#5163,#5164),(#5165,#5166,#5167,#5168,#5169,
#5170,#5171,#5172,#5173,#5174,#5175,#5176,#5177,#5178,#5179,#5180,#5181,
#5182),(#5183,#5184,#5185,#5186,#5187,#5188,#5189,#5190,#5191,#5192,#5193,
#5194,#5195,#5196,#5197,#5198,#5199,#5200),(#5201,#5202,#5203,#5204,#5205,
#5206,#5207,#5208,#5209,#5210,#5211,#5212,#5213,#5214,#5215,#5216,#5217,
#5218),(#5219,#5220,#5221,#5222,#5223,#5224,#5225,#5226,#5227,#5228,#5229,
#5230,#5231,#5232,#5233,#5234,#5235,#5236),(#5237,#5238,#5239,#5240,#5241,
#5242,#5243,#5244,#5245,#5246,#5247,#5248,#5249,#5250,#5251,#5252,#5253,
#5254),(#5255,#5256,#5257,#5258,#5259,#5260,#5261,#5262,#5263,#5264,#5265,
#5266,#5267,#5268,#5269,#5270,#5271,#5272)),.UNSPECIFIED.,.F.,.T.,.F.,(4,
1,1,1,1,4),(4,1,1,1,1,1,1,1,1,1,1,1,1,1,1,4),(0.,0.285714285714286,0.428571428571429,
0.571428571428571,0.785714285714286,1.),(0.,0.102754051360972,0.205508102721945,
0.308262154082917,0.41101620544389,0.513770256804862,0.616524308165835,
0.667901333846321,0.770655385207293,0.82203241088778,0.924786462248752,
1.02754051360972,1.1302945649707,1.23304861633167,1.33580266769264,1.43855671905361),
 .UNSPECIFIED.);
#1302=B_SPLINE_SURFACE_WITH_KNOTS('',3,3,((#5324,#5325,#5326,#5327,#5328,
#5329,#5330,#5331,#5332,#5333,#5334,#5335,#5336,#5337,#5338,#5339,#5340,
#5341),(#5342,#5343,#5344,#5345,#5346,#5347,#5348,#5349,#5350,#5351,#5352,
#5353,#5354,#5355,#5356,#5357,#5358,#5359),(#5360,#5361,#5362,#5363,#5364,
#5365,#5366,#5367,#5368,#5369,#5370,#5371,#5372,#5373,#5374,#5375,#5376,
#5377),(#5378,#5379,#5380,#5381,#5382,#5383,#5384,#5385,#5386,#5387,#5388,
#5389,#5390,#5391,#5392,#5393,#5394,#5395),(#5396,#5397,#5398,#5399,#5400,
#5401,#5402,#5403,#5404,#5405,#5406,#5407,#5408,#5409,#5410,#5411,#5412,
#5413),(#5414,#5415,#5416,#5417,#5418,#5419,#5420,#5421,#5422,#5423,#5424,
#5425,#5426,#5427,#5428,#5429,#5430,#5431),(#5432,#5433,#5434,#5435,#5436,
#5437,#5438,#5439,#5440,#5441,#5442,#5443,#5444,#5445,#5446,#5447,#5448,
#5449),(#5450,#5451,#5452,#5453,#5454,#5455,#5456,#5457,#5458,#5459,#5460,
#5461,#5462,#5463,#5464,#5465,#5466,#5467)),.UNSPECIFIED.,.F.,.T.,.F.,(4,
1,1,1,1,4),(4,1,1,1,1,1,1,1,1,1,1,1,1,1,1,4),(0.,0.285714285714286,0.428571428571429,
0.571428571428571,0.785714285714286,1.),(0.,0.102754051360972,0.205508102721945,
0.308262154082917,0.41101620544389,0.513770256804862,0.616524308165835,
0.667901333846321,0.770655385207293,0.82203241088778,0.924786462248752,
1.02754051360972,1.1302945649707,1.23304861633167,1.33580266769264,1.43855671905361),
 .UNSPECIFIED.);
#1303=B_SPLINE_SURFACE_WITH_KNOTS('',3,3,((#5519,#5520,#5521,#5522,#5523,
#5524,#5525,#5526,#5527,#5528,#5529,#5530,#5531,#5532,#5533,#5534,#5535,
#5536),(#5537,#5538,#5539,#5540,#5541,#5542,#5543,#5544,#5545,#5546,#5547,
#5548,#5549,#5550,#5551,#5552,#5553,#5554),(#5555,#5556,#5557,#5558,#5559,
#5560,#5561,#5562,#5563,#5564,#5565,#5566,#5567,#5568,#5569,#5570,#5571,
#5572),(#5573,#5574,#5575,#5576,#5577,#5578,#5579,#5580,#5581,#5582,#5583,
#5584,#5585,#5586,#5587,#5588,#5589,#5590),(#5591,#5592,#5593,#5594,#5595,
#5596,#5597,#5598,#5599,#5600,#5601,#5602,#5603,#5604,#5605,#5606,#5607,
#5608),(#5609,#5610,#5611,#5612,#5613,#5614,#5615,#5616,#5617,#5618,#5619,
#5620,#5621,#5622,#5623,#5624,#5625,#5626),(#5627,#5628,#5629,#5630,#5631,
#5632,#5633,#5634,#5635,#5636,#5637,#5638,#5639,#5640,#5641,#5642,#5643,
#5644),(#5645,#5646,#5647,#5648,#5649,#5650,#5651,#5652,#5653,#5654,#5655,
#5656,#5657,#5658,#5659,#5660,#5661,#5662)),.UNSPECIFIED.,.F.,.T.,.F.,(4,
1,1,1,1,4),(4,1,1,1,1,1,1,1,1,1,1,1,1,1,1,4),(0.,0.285714285714286,0.428571428571429,
0.571428571428571,0.785714285714286,1.),(0.,0.102754051360972,0.205508102721945,
0.308262154082917,0.41101620544389,0.513770256804862,0.616524308165835,
0.667901333846321,0.770655385207293,0.82203241088778,0.924786462248752,
1.02754051360972,1.1302945649707,1.23304861633167,1.33580266769264,1.43855671905361),
 .UNSPECIFIED.);
#1304=ADVANCED_FACE('',(#184),#1261,.T.);
#1305=ADVANCED_FACE('',(#185),#1262,.T.);
#1306=ADVANCED_FACE('',(#186),#1263,.T.);
#1307=ADVANCED_FACE('',(#187),#1264,.T.);
#1308=ADVANCED_FACE('',(#188),#1265,.T.);
#1309=ADVANCED_FACE('',(#189),#1266,.T.);
#1310=ADVANCED_FACE('',(#190),#1267,.T.);
#1311=ADVANCED_FACE('',(#191),#1268,.T.);
#1312=ADVANCED_FACE('',(#192),#1269,.T.);
#1313=ADVANCED_FACE('',(#193),#1270,.T.);
#1314=ADVANCED_FACE('',(#194),#1271,.T.);
#1315=ADVANCED_FACE('',(#195),#1272,.T.);
#1316=ADVANCED_FACE('',(#196),#1273,.T.);
#1317=ADVANCED_FACE('',(#197),#1274,.T.);
#1318=ADVANCED_FACE('',(#198),#1275,.T.);
#1319=ADVANCED_FACE('',(#199),#1276,.T.);
#1320=ADVANCED_FACE('',(#200),#1277,.T.);
#1321=ADVANCED_FACE('',(#201),#1278,.T.);
#1322=ADVANCED_FACE('',(#202),#1279,.T.);
#1323=ADVANCED_FACE('',(#203),#1280,.T.);
#1324=ADVANCED_FACE('',(#204),#1281,.T.);
#1325=ADVANCED_FACE('',(#205),#151,.T.);
#1326=ADVANCED_FACE('',(#206,#19),#42,.T.);
#1327=ADVANCED_FACE('',(#207),#1282,.T.);
#1328=ADVANCED_FACE('',(#208),#152,.T.);
#1329=ADVANCED_FACE('',(#209,#20),#43,.T.);
#1330=ADVANCED_FACE('',(#210),#1283,.T.);
#1331=ADVANCED_FACE('',(#211),#153,.T.);
#1332=ADVANCED_FACE('',(#212,#21),#44,.T.);
#1333=ADVANCED_FACE('',(#213),#1284,.T.);
#1334=ADVANCED_FACE('',(#214),#1285,.T.);
#1335=ADVANCED_FACE('',(#215),#1286,.T.);
#1336=ADVANCED_FACE('',(#216),#1287,.T.);
#1337=ADVANCED_FACE('',(#217),#1288,.T.);
#1338=ADVANCED_FACE('',(#218),#1289,.T.);
#1339=ADVANCED_FACE('',(#219),#1290,.T.);
#1340=ADVANCED_FACE('',(#220),#1291,.T.);
#1341=ADVANCED_FACE('',(#221),#1292,.T.);
#1342=ADVANCED_FACE('',(#222),#1293,.T.);
#1343=ADVANCED_FACE('',(#223),#1294,.T.);
#1344=ADVANCED_FACE('',(#224),#1295,.T.);
#1345=ADVANCED_FACE('',(#225),#45,.T.);
#1346=ADVANCED_FACE('',(#226),#46,.T.);
#1347=ADVANCED_FACE('',(#227,#22,#23,#24,#25,#26,#27,#28,#29),#47,.T.);
#1348=ADVANCED_FACE('',(#228),#1296,.T.);
#1349=ADVANCED_FACE('',(#229),#154,.T.);
#1350=ADVANCED_FACE('',(#230),#48,.T.);
#1351=ADVANCED_FACE('',(#231),#1297,.T.);
#1352=ADVANCED_FACE('',(#232),#155,.T.);
#1353=ADVANCED_FACE('',(#233),#49,.T.);
#1354=ADVANCED_FACE('',(#234),#1298,.T.);
#1355=ADVANCED_FACE('',(#235),#156,.T.);
#1356=ADVANCED_FACE('',(#236),#50,.T.);
#1357=ADVANCED_FACE('',(#237),#1299,.T.);
#1358=ADVANCED_FACE('',(#238),#157,.T.);
#1359=ADVANCED_FACE('',(#239),#51,.T.);
#1360=ADVANCED_FACE('',(#240),#1300,.T.);
#1361=ADVANCED_FACE('',(#241),#158,.T.);
#1362=ADVANCED_FACE('',(#242),#52,.T.);
#1363=ADVANCED_FACE('',(#243),#1301,.T.);
#1364=ADVANCED_FACE('',(#244),#159,.T.);
#1365=ADVANCED_FACE('',(#245),#53,.T.);
#1366=ADVANCED_FACE('',(#246),#1302,.T.);
#1367=ADVANCED_FACE('',(#247),#160,.T.);
#1368=ADVANCED_FACE('',(#248),#54,.T.);
#1369=ADVANCED_FACE('',(#249),#1303,.T.);
#1370=ADVANCED_FACE('',(#250),#161,.T.);
#1371=ADVANCED_FACE('',(#251),#55,.T.);
#1372=ADVANCED_FACE('',(#252),#162,.F.);
#1373=ADVANCED_FACE('',(#253),#163,.F.);
#1374=ADVANCED_FACE('',(#254),#56,.F.);
#1375=ADVANCED_FACE('',(#255),#57,.F.);
#1376=ADVANCED_FACE('',(#256),#164,.F.);
#1377=ADVANCED_FACE('',(#257),#58,.F.);
#1378=ADVANCED_FACE('',(#258),#165,.F.);
#1379=ADVANCED_FACE('',(#259),#59,.F.);
#1380=ADVANCED_FACE('',(#260),#166,.F.);
#1381=ADVANCED_FACE('',(#261),#60,.F.);
#1382=ADVANCED_FACE('',(#262),#167,.F.);
#1383=ADVANCED_FACE('',(#263),#61,.F.);
#1384=ADVANCED_FACE('',(#264),#168,.F.);
#1385=ADVANCED_FACE('',(#265),#62,.F.);
#1386=ADVANCED_FACE('',(#266),#169,.F.);
#1387=ADVANCED_FACE('',(#267),#63,.F.);
#1388=ADVANCED_FACE('',(#268),#170,.F.);
#1389=ADVANCED_FACE('',(#269),#64,.F.);
#1390=ADVANCED_FACE('',(#270),#171,.F.);
#1391=ADVANCED_FACE('',(#271),#65,.F.);
#1392=ADVANCED_FACE('',(#272),#172,.F.);
#1393=ADVANCED_FACE('',(#273),#66,.F.);
#1394=ADVANCED_FACE('',(#274),#67,.F.);
#1395=ADVANCED_FACE('',(#275),#68,.F.);
#1396=ADVANCED_FACE('',(#276),#69,.F.);
#1397=ADVANCED_FACE('',(#277),#70,.F.);
#1398=ADVANCED_FACE('',(#278,#30,#31,#32,#33,#34,#35,#36,#37,#38,#39,#40),
#71,.F.);
#1399=ADVANCED_FACE('',(#279),#72,.T.);
#1400=ADVANCED_FACE('',(#280),#73,.T.);
#1401=ADVANCED_FACE('',(#281,#41),#74,.F.);
#1402=CLOSED_SHELL('',(#1304,#1305,#1306,#1307,#1308,#1309,#1310,#1311,
#1312,#1313,#1314,#1315,#1316,#1317,#1318,#1319,#1320,#1321,#1322,#1323,
#1324,#1325,#1326,#1327,#1328,#1329,#1330,#1331,#1332,#1333,#1334,#1335,
#1336,#1337,#1338,#1339,#1340,#1341,#1342,#1343,#1344,#1345,#1346,#1347,
#1348,#1349,#1350,#1351,#1352,#1353,#1354,#1355,#1356,#1357,#1358,#1359,
#1360,#1361,#1362,#1363,#1364,#1365,#1366,#1367,#1368,#1369,#1370,#1371,
#1372,#1373,#1374,#1375,#1376,#1377,#1378,#1379,#1380,#1381,#1382,#1383,
#1384,#1385,#1386,#1387,#1388,#1389,#1390,#1391,#1392,#1393,#1394,#1395,
#1396,#1397,#1398,#1399,#1400,#1401));
#1403=DERIVED_UNIT_ELEMENT(#1405,1.);
#1404=DERIVED_UNIT_ELEMENT(#5823,-3.);
#1405=(
MASS_UNIT()
NAMED_UNIT(*)
SI_UNIT(.KILO.,.GRAM.)
);
#1406=DERIVED_UNIT((#1403,#1404));
#1407=MEASURE_REPRESENTATION_ITEM('density measure',
POSITIVE_RATIO_MEASURE(7850.),#1406);
#1408=PROPERTY_DEFINITION_REPRESENTATION(#1413,#1410);
#1409=PROPERTY_DEFINITION_REPRESENTATION(#1414,#1411);
#1410=REPRESENTATION('material name',(#1412),#5820);
#1411=REPRESENTATION('density',(#1407),#5820);
#1412=DESCRIPTIVE_REPRESENTATION_ITEM('Steel','Steel');
#1413=PROPERTY_DEFINITION('material property','material name',#5835);
#1414=PROPERTY_DEFINITION('material property','density of part',#5835);
#1415=AXIS2_PLACEMENT_3D('',#1798,#1530,#1531);
#1416=AXIS2_PLACEMENT_3D('',#1799,#1532,#1533);
#1417=AXIS2_PLACEMENT_3D('',#1852,#1534,#1535);
#1418=AXIS2_PLACEMENT_3D('',#1909,#1536,#1537);
#1419=AXIS2_PLACEMENT_3D('',#1954,#1538,#1539);
#1420=AXIS2_PLACEMENT_3D('',#2012,#1540,#1541);
#1421=AXIS2_PLACEMENT_3D('',#2057,#1542,#1543);
#1422=AXIS2_PLACEMENT_3D('',#2117,#1544,#1545);
#1423=AXIS2_PLACEMENT_3D('',#2176,#1546,#1547);
#1424=AXIS2_PLACEMENT_3D('',#2221,#1548,#1549);
#1425=AXIS2_PLACEMENT_3D('',#2280,#1550,#1551);
#1426=AXIS2_PLACEMENT_3D('',#2325,#1552,#1553);
#1427=AXIS2_PLACEMENT_3D('',#2385,#1554,#1555);
#1428=AXIS2_PLACEMENT_3D('',#2443,#1556,#1557);
#1429=AXIS2_PLACEMENT_3D('',#2488,#1558,#1559);
#1430=AXIS2_PLACEMENT_3D('',#2545,#1560,#1561);
#1431=AXIS2_PLACEMENT_3D('',#2590,#1562,#1563);
#1432=AXIS2_PLACEMENT_3D('',#2649,#1564,#1565);
#1433=AXIS2_PLACEMENT_3D('',#2708,#1566,#1567);
#1434=AXIS2_PLACEMENT_3D('',#2753,#1568,#1569);
#1435=AXIS2_PLACEMENT_3D('',#2812,#1570,#1571);
#1436=AXIS2_PLACEMENT_3D('',#2857,#1572,#1573);
#1437=AXIS2_PLACEMENT_3D('',#3049,#1574,#1575);
#1438=AXIS2_PLACEMENT_3D('',#3052,#1577,#1578);
#1439=AXIS2_PLACEMENT_3D('',#3053,#1579,#1580);
#1440=AXIS2_PLACEMENT_3D('',#3055,#1581,#1582);
#1441=AXIS2_PLACEMENT_3D('',#3240,#1583,#1584);
#1442=AXIS2_PLACEMENT_3D('',#3243,#1586,#1587);
#1443=AXIS2_PLACEMENT_3D('',#3244,#1588,#1589);
#1444=AXIS2_PLACEMENT_3D('',#3246,#1590,#1591);
#1445=AXIS2_PLACEMENT_3D('',#3431,#1592,#1593);
#1446=AXIS2_PLACEMENT_3D('',#3434,#1595,#1596);
#1447=AXIS2_PLACEMENT_3D('',#3435,#1597,#1598);
#1448=AXIS2_PLACEMENT_3D('',#3437,#1599,#1600);
#1449=AXIS2_PLACEMENT_3D('',#3482,#1601,#1602);
#1450=AXIS2_PLACEMENT_3D('',#3599,#1603,#1604);
#1451=AXIS2_PLACEMENT_3D('',#3702,#1605,#1606);
#1452=AXIS2_PLACEMENT_3D('',#3866,#1607,#1608);
#1453=AXIS2_PLACEMENT_3D('',#4061,#1609,#1610);
#1454=AXIS2_PLACEMENT_3D('',#4063,#1612,#1613);
#1455=AXIS2_PLACEMENT_3D('',#4065,#1615,#1616);
#1456=AXIS2_PLACEMENT_3D('',#4067,#1617,#1618);
#1457=AXIS2_PLACEMENT_3D('',#4069,#1619,#1620);
#1458=AXIS2_PLACEMENT_3D('',#4071,#1621,#1622);
#1459=AXIS2_PLACEMENT_3D('',#4073,#1623,#1624);
#1460=AXIS2_PLACEMENT_3D('',#4075,#1625,#1626);
#1461=AXIS2_PLACEMENT_3D('',#4077,#1627,#1628);
#1462=AXIS2_PLACEMENT_3D('',#4079,#1629,#1630);
#1463=AXIS2_PLACEMENT_3D('',#4081,#1631,#1632);
#1464=AXIS2_PLACEMENT_3D('',#4265,#1633,#1634);
#1465=AXIS2_PLACEMENT_3D('',#4267,#1636,#1637);
#1466=AXIS2_PLACEMENT_3D('',#4460,#1638,#1639);
#1467=AXIS2_PLACEMENT_3D('',#4462,#1641,#1642);
#1468=AXIS2_PLACEMENT_3D('',#4682,#1643,#1644);
#1469=AXIS2_PLACEMENT_3D('',#4684,#1646,#1647);
#1470=AXIS2_PLACEMENT_3D('',#4904,#1648,#1649);
#1471=AXIS2_PLACEMENT_3D('',#4906,#1651,#1652);
#1472=AXIS2_PLACEMENT_3D('',#5126,#1653,#1654);
#1473=AXIS2_PLACEMENT_3D('',#5128,#1656,#1657);
#1474=AXIS2_PLACEMENT_3D('',#5321,#1658,#1659);
#1475=AXIS2_PLACEMENT_3D('',#5323,#1661,#1662);
#1476=AXIS2_PLACEMENT_3D('',#5516,#1663,#1664);
#1477=AXIS2_PLACEMENT_3D('',#5518,#1666,#1667);
#1478=AXIS2_PLACEMENT_3D('',#5711,#1668,#1669);
#1479=AXIS2_PLACEMENT_3D('',#5713,#1671,#1672);
#1480=AXIS2_PLACEMENT_3D('',#5714,#1673,#1674);
#1481=AXIS2_PLACEMENT_3D('',#5717,#1676,#1677);
#1482=AXIS2_PLACEMENT_3D('',#5718,#1678,#1679);
#1483=AXIS2_PLACEMENT_3D('',#5721,#1681,#1682);
#1484=AXIS2_PLACEMENT_3D('',#5722,#1683,#1684);
#1485=AXIS2_PLACEMENT_3D('',#5723,#1685,#1686);
#1486=AXIS2_PLACEMENT_3D('',#5724,#1687,#1688);
#1487=AXIS2_PLACEMENT_3D('',#5727,#1690,#1691);
#1488=AXIS2_PLACEMENT_3D('',#5728,#1692,#1693);
#1489=AXIS2_PLACEMENT_3D('',#5729,#1694,#1695);
#1490=AXIS2_PLACEMENT_3D('',#5731,#1696,#1697);
#1491=AXIS2_PLACEMENT_3D('',#5734,#1699,#1700);
#1492=AXIS2_PLACEMENT_3D('',#5735,#1701,#1702);
#1493=AXIS2_PLACEMENT_3D('',#5736,#1703,#1704);
#1494=AXIS2_PLACEMENT_3D('',#5738,#1705,#1706);
#1495=AXIS2_PLACEMENT_3D('',#5741,#1708,#1709);
#1496=AXIS2_PLACEMENT_3D('',#5742,#1710,#1711);
#1497=AXIS2_PLACEMENT_3D('',#5743,#1712,#1713);
#1498=AXIS2_PLACEMENT_3D('',#5745,#1714,#1715);
#1499=AXIS2_PLACEMENT_3D('',#5748,#1717,#1718);
#1500=AXIS2_PLACEMENT_3D('',#5749,#1719,#1720);
#1501=AXIS2_PLACEMENT_3D('',#5750,#1721,#1722);
#1502=AXIS2_PLACEMENT_3D('',#5752,#1723,#1724);
#1503=AXIS2_PLACEMENT_3D('',#5755,#1726,#1727);
#1504=AXIS2_PLACEMENT_3D('',#5756,#1728,#1729);
#1505=AXIS2_PLACEMENT_3D('',#5757,#1730,#1731);
#1506=AXIS2_PLACEMENT_3D('',#5759,#1732,#1733);
#1507=AXIS2_PLACEMENT_3D('',#5762,#1735,#1736);
#1508=AXIS2_PLACEMENT_3D('',#5763,#1737,#1738);
#1509=AXIS2_PLACEMENT_3D('',#5764,#1739,#1740);
#1510=AXIS2_PLACEMENT_3D('',#5766,#1741,#1742);
#1511=AXIS2_PLACEMENT_3D('',#5769,#1744,#1745);
#1512=AXIS2_PLACEMENT_3D('',#5770,#1746,#1747);
#1513=AXIS2_PLACEMENT_3D('',#5771,#1748,#1749);
#1514=AXIS2_PLACEMENT_3D('',#5773,#1750,#1751);
#1515=AXIS2_PLACEMENT_3D('',#5776,#1753,#1754);
#1516=AXIS2_PLACEMENT_3D('',#5777,#1755,#1756);
#1517=AXIS2_PLACEMENT_3D('',#5778,#1757,#1758);
#1518=AXIS2_PLACEMENT_3D('',#5780,#1759,#1760);
#1519=AXIS2_PLACEMENT_3D('',#5783,#1762,#1763);
#1520=AXIS2_PLACEMENT_3D('',#5784,#1764,#1765);
#1521=AXIS2_PLACEMENT_3D('',#5785,#1766,#1767);
#1522=AXIS2_PLACEMENT_3D('',#5794,#1772,#1773);
#1523=AXIS2_PLACEMENT_3D('',#5800,#1777,#1778);
#1524=AXIS2_PLACEMENT_3D('',#5806,#1782,#1783);
#1525=AXIS2_PLACEMENT_3D('',#5809,#1786,#1787);
#1526=AXIS2_PLACEMENT_3D('',#5810,#1788,#1789);
#1527=AXIS2_PLACEMENT_3D('',#5812,#1791,#1792);
#1528=AXIS2_PLACEMENT_3D('',#5814,#1794,#1795);
#1529=AXIS2_PLACEMENT_3D('',#5815,#1796,#1797);
#1530=DIRECTION('axis',(0.,0.,1.));
#1531=DIRECTION('refdir',(1.,0.,0.));
#1532=DIRECTION('axis',(0.,0.,1.));
#1533=DIRECTION('refdir',(1.,0.,0.));
#1534=DIRECTION('center_axis',(1.,0.,0.));
#1535=DIRECTION('ref_axis',(0.,-0.707106781186567,0.707106781186528));
#1536=DIRECTION('center_axis',(1.,0.,0.));
#1537=DIRECTION('ref_axis',(0.,-0.707106781186567,0.707106781186528));
#1538=DIRECTION('center_axis',(0.,0.,-1.));
#1539=DIRECTION('ref_axis',(-0.707106781186544,-0.707106781186551,0.));
#1540=DIRECTION('center_axis',(0.,0.,-1.));
#1541=DIRECTION('ref_axis',(-0.707106781186544,-0.707106781186551,0.));
#1542=DIRECTION('center_axis',(0.,1.,0.));
#1543=DIRECTION('ref_axis',(-0.707106781186564,0.,0.707106781186532));
#1544=DIRECTION('center_axis',(0.,1.,0.));
#1545=DIRECTION('ref_axis',(0.707106781186571,0.,0.707106781186524));
#1546=DIRECTION('center_axis',(0.,1.,0.));
#1547=DIRECTION('ref_axis',(0.707106781186571,0.,0.707106781186524));
#1548=DIRECTION('center_axis',(0.,0.,-1.));
#1549=DIRECTION('ref_axis',(0.707106781186553,-0.707106781186542,0.));
#1550=DIRECTION('center_axis',(0.,0.,-1.));
#1551=DIRECTION('ref_axis',(0.707106781186553,-0.707106781186542,0.));
#1552=DIRECTION('center_axis',(-1.,0.,0.));
#1553=DIRECTION('ref_axis',(0.,-0.707106781186567,0.707106781186528));
#1554=DIRECTION('center_axis',(0.,0.,-1.));
#1555=DIRECTION('ref_axis',(-0.707106781186528,0.707106781186567,0.));
#1556=DIRECTION('center_axis',(0.,0.,-1.));
#1557=DIRECTION('ref_axis',(-0.707106781186528,0.707106781186567,0.));
#1558=DIRECTION('center_axis',(1.,0.,0.));
#1559=DIRECTION('ref_axis',(0.,0.707106781186567,0.707106781186528));
#1560=DIRECTION('center_axis',(1.,0.,0.));
#1561=DIRECTION('ref_axis',(0.,0.707106781186567,0.707106781186528));
#1562=DIRECTION('center_axis',(0.,-1.,0.));
#1563=DIRECTION('ref_axis',(-0.707106781186547,0.,0.707106781186547));
#1564=DIRECTION('center_axis',(0.,0.,-1.));
#1565=DIRECTION('ref_axis',(0.70710678118654,0.707106781186555,0.));
#1566=DIRECTION('center_axis',(0.,0.,-1.));
#1567=DIRECTION('ref_axis',(0.70710678118654,0.707106781186555,0.));
#1568=DIRECTION('center_axis',(0.,-1.,0.));
#1569=DIRECTION('ref_axis',(0.707106781186555,0.,0.70710678118654));
#1570=DIRECTION('center_axis',(0.,-1.,0.));
#1571=DIRECTION('ref_axis',(0.707106781186555,0.,0.70710678118654));
#1572=DIRECTION('center_axis',(-1.,0.,0.));
#1573=DIRECTION('ref_axis',(0.,0.707106781186563,0.707106781186532));
#1574=DIRECTION('center_axis',(0.,0.,-1.));
#1575=DIRECTION('ref_axis',(1.,0.,0.));
#1576=DIRECTION('',(0.,0.,1.));
#1577=DIRECTION('center_axis',(0.,0.,1.));
#1578=DIRECTION('ref_axis',(1.,0.,0.));
#1579=DIRECTION('center_axis',(0.,0.,-1.));
#1580=DIRECTION('ref_axis',(1.,0.,0.));
#1581=DIRECTION('center_axis',(0.,0.,1.));
#1582=DIRECTION('ref_axis',(1.,0.,0.));
#1583=DIRECTION('center_axis',(0.,0.,-1.));
#1584=DIRECTION('ref_axis',(1.,0.,0.));
#1585=DIRECTION('',(0.,0.,1.));
#1586=DIRECTION('center_axis',(0.,0.,1.));
#1587=DIRECTION('ref_axis',(1.,0.,0.));
#1588=DIRECTION('center_axis',(0.,0.,-1.));
#1589=DIRECTION('ref_axis',(1.,0.,0.));
#1590=DIRECTION('center_axis',(0.,0.,1.));
#1591=DIRECTION('ref_axis',(1.,0.,0.));
#1592=DIRECTION('center_axis',(0.,0.,-1.));
#1593=DIRECTION('ref_axis',(1.,0.,0.));
#1594=DIRECTION('',(0.,0.,1.));
#1595=DIRECTION('center_axis',(0.,0.,1.));
#1596=DIRECTION('ref_axis',(1.,0.,0.));
#1597=DIRECTION('center_axis',(0.,0.,-1.));
#1598=DIRECTION('ref_axis',(1.,0.,0.));
#1599=DIRECTION('center_axis',(0.,0.,1.));
#1600=DIRECTION('ref_axis',(1.,0.,0.));
#1601=DIRECTION('center_axis',(-1.,0.,0.));
#1602=DIRECTION('ref_axis',(0.,0.707106781186563,0.707106781186532));
#1603=DIRECTION('center_axis',(0.,-1.,0.));
#1604=DIRECTION('ref_axis',(-0.707106781186547,0.,0.707106781186547));
#1605=DIRECTION('center_axis',(-1.,0.,0.));
#1606=DIRECTION('ref_axis',(0.,-0.707106781186567,0.707106781186528));
#1607=DIRECTION('center_axis',(0.,1.,0.));
#1608=DIRECTION('ref_axis',(-0.707106781186564,0.,0.707106781186532));
#1609=DIRECTION('center_axis',(1.,0.,0.));
#1610=DIRECTION('ref_axis',(0.,1.,0.));
#1611=DIRECTION('',(0.,1.,0.));
#1612=DIRECTION('center_axis',(0.,-1.,0.));
#1613=DIRECTION('ref_axis',(1.,0.,0.));
#1614=DIRECTION('',(1.,0.,0.));
#1615=DIRECTION('center_axis',(0.,0.,1.));
#1616=DIRECTION('ref_axis',(1.,0.,0.));
#1617=DIRECTION('center_axis',(0.,0.,-1.));
#1618=DIRECTION('ref_axis',(-1.,0.,0.));
#1619=DIRECTION('center_axis',(0.,0.,-1.));
#1620=DIRECTION('ref_axis',(-1.,0.,0.));
#1621=DIRECTION('center_axis',(0.,0.,-1.));
#1622=DIRECTION('ref_axis',(-1.,0.,0.));
#1623=DIRECTION('center_axis',(0.,0.,-1.));
#1624=DIRECTION('ref_axis',(-1.,0.,0.));
#1625=DIRECTION('center_axis',(0.,0.,-1.));
#1626=DIRECTION('ref_axis',(-1.,0.,0.));
#1627=DIRECTION('center_axis',(0.,0.,-1.));
#1628=DIRECTION('ref_axis',(-1.,0.,0.));
#1629=DIRECTION('center_axis',(0.,0.,-1.));
#1630=DIRECTION('ref_axis',(-1.,0.,0.));
#1631=DIRECTION('center_axis',(0.,0.,-1.));
#1632=DIRECTION('ref_axis',(-1.,0.,0.));
#1633=DIRECTION('center_axis',(0.,0.,1.));
#1634=DIRECTION('ref_axis',(-1.,0.,0.));
#1635=DIRECTION('',(0.,0.,-1.));
#1636=DIRECTION('center_axis',(0.,0.,1.));
#1637=DIRECTION('ref_axis',(-1.,0.,0.));
#1638=DIRECTION('center_axis',(0.,0.,1.));
#1639=DIRECTION('ref_axis',(-1.,0.,0.));
#1640=DIRECTION('',(0.,0.,-1.));
#1641=DIRECTION('center_axis',(0.,0.,1.));
#1642=DIRECTION('ref_axis',(-1.,0.,0.));
#1643=DIRECTION('center_axis',(0.,0.,1.));
#1644=DIRECTION('ref_axis',(-1.,0.,0.));
#1645=DIRECTION('',(0.,0.,-1.));
#1646=DIRECTION('center_axis',(0.,0.,1.));
#1647=DIRECTION('ref_axis',(-1.,0.,0.));
#1648=DIRECTION('center_axis',(0.,0.,1.));
#1649=DIRECTION('ref_axis',(-1.,0.,0.));
#1650=DIRECTION('',(0.,0.,-1.));
#1651=DIRECTION('center_axis',(0.,0.,1.));
#1652=DIRECTION('ref_axis',(-1.,0.,0.));
#1653=DIRECTION('center_axis',(0.,0.,1.));
#1654=DIRECTION('ref_axis',(-1.,0.,0.));
#1655=DIRECTION('',(0.,0.,-1.));
#1656=DIRECTION('center_axis',(0.,0.,1.));
#1657=DIRECTION('ref_axis',(-1.,0.,0.));
#1658=DIRECTION('center_axis',(0.,0.,1.));
#1659=DIRECTION('ref_axis',(-1.,0.,0.));
#1660=DIRECTION('',(0.,0.,-1.));
#1661=DIRECTION('center_axis',(0.,0.,1.));
#1662=DIRECTION('ref_axis',(-1.,0.,0.));
#1663=DIRECTION('center_axis',(0.,0.,1.));
#1664=DIRECTION('ref_axis',(-1.,0.,0.));
#1665=DIRECTION('',(0.,0.,-1.));
#1666=DIRECTION('center_axis',(0.,0.,1.));
#1667=DIRECTION('ref_axis',(-1.,0.,0.));
#1668=DIRECTION('center_axis',(0.,0.,1.));
#1669=DIRECTION('ref_axis',(-1.,0.,0.));
#1670=DIRECTION('',(0.,0.,-1.));
#1671=DIRECTION('center_axis',(0.,0.,1.));
#1672=DIRECTION('ref_axis',(-1.,0.,0.));
#1673=DIRECTION('center_axis',(0.,0.,-1.));
#1674=DIRECTION('ref_axis',(1.,0.,0.));
#1675=DIRECTION('',(0.,0.,1.));
#1676=DIRECTION('center_axis',(0.,0.,-1.));
#1677=DIRECTION('ref_axis',(1.,0.,0.));
#1678=DIRECTION('center_axis',(0.,0.,-1.));
#1679=DIRECTION('ref_axis',(1.,0.,0.));
#1680=DIRECTION('',(0.,0.,1.));
#1681=DIRECTION('center_axis',(0.,0.,-1.));
#1682=DIRECTION('ref_axis',(1.,0.,0.));
#1683=DIRECTION('center_axis',(0.,0.,1.));
#1684=DIRECTION('ref_axis',(1.,0.,0.));
#1685=DIRECTION('center_axis',(0.,0.,1.));
#1686=DIRECTION('ref_axis',(1.,0.,0.));
#1687=DIRECTION('center_axis',(0.,0.,-1.));
#1688=DIRECTION('ref_axis',(1.,0.,0.));
#1689=DIRECTION('',(0.,0.,1.));
#1690=DIRECTION('center_axis',(0.,0.,-1.));
#1691=DIRECTION('ref_axis',(1.,0.,0.));
#1692=DIRECTION('center_axis',(0.,0.,1.));
#1693=DIRECTION('ref_axis',(1.,0.,0.));
#1694=DIRECTION('center_axis',(0.,0.,1.));
#1695=DIRECTION('ref_axis',(-1.,0.,0.));
#1696=DIRECTION('center_axis',(0.,0.,-1.));
#1697=DIRECTION('ref_axis',(-1.,0.,0.));
#1698=DIRECTION('',(0.,0.,1.));
#1699=DIRECTION('center_axis',(0.,0.,-1.));
#1700=DIRECTION('ref_axis',(-1.,0.,0.));
#1701=DIRECTION('center_axis',(0.,0.,1.));
#1702=DIRECTION('ref_axis',(-1.,0.,0.));
#1703=DIRECTION('center_axis',(0.,0.,1.));
#1704=DIRECTION('ref_axis',(-1.,0.,0.));
#1705=DIRECTION('center_axis',(0.,0.,-1.));
#1706=DIRECTION('ref_axis',(-1.,0.,0.));
#1707=DIRECTION('',(0.,0.,1.));
#1708=DIRECTION('center_axis',(0.,0.,-1.));
#1709=DIRECTION('ref_axis',(-1.,0.,0.));
#1710=DIRECTION('center_axis',(0.,0.,1.));
#1711=DIRECTION('ref_axis',(-1.,0.,0.));
#1712=DIRECTION('center_axis',(0.,0.,1.));
#1713=DIRECTION('ref_axis',(-1.,0.,0.));
#1714=DIRECTION('center_axis',(0.,0.,-1.));
#1715=DIRECTION('ref_axis',(-1.,0.,0.));
#1716=DIRECTION('',(0.,0.,1.));
#1717=DIRECTION('center_axis',(0.,0.,-1.));
#1718=DIRECTION('ref_axis',(-1.,0.,0.));
#1719=DIRECTION('center_axis',(0.,0.,1.));
#1720=DIRECTION('ref_axis',(-1.,0.,0.));
#1721=DIRECTION('center_axis',(0.,0.,1.));
#1722=DIRECTION('ref_axis',(-1.,0.,0.));
#1723=DIRECTION('center_axis',(0.,0.,-1.));
#1724=DIRECTION('ref_axis',(-1.,0.,0.));
#1725=DIRECTION('',(0.,0.,1.));
#1726=DIRECTION('center_axis',(0.,0.,-1.));
#1727=DIRECTION('ref_axis',(-1.,0.,0.));
#1728=DIRECTION('center_axis',(0.,0.,1.));
#1729=DIRECTION('ref_axis',(-1.,0.,0.));
#1730=DIRECTION('center_axis',(0.,0.,1.));
#1731=DIRECTION('ref_axis',(-1.,0.,0.));
#1732=DIRECTION('center_axis',(0.,0.,-1.));
#1733=DIRECTION('ref_axis',(-1.,0.,0.));
#1734=DIRECTION('',(0.,0.,1.));
#1735=DIRECTION('center_axis',(0.,0.,-1.));
#1736=DIRECTION('ref_axis',(-1.,0.,0.));
#1737=DIRECTION('center_axis',(0.,0.,1.));
#1738=DIRECTION('ref_axis',(-1.,0.,0.));
#1739=DIRECTION('center_axis',(0.,0.,1.));
#1740=DIRECTION('ref_axis',(-1.,0.,0.));
#1741=DIRECTION('center_axis',(0.,0.,-1.));
#1742=DIRECTION('ref_axis',(-1.,0.,0.));
#1743=DIRECTION('',(0.,0.,1.));
#1744=DIRECTION('center_axis',(0.,0.,-1.));
#1745=DIRECTION('ref_axis',(-1.,0.,0.));
#1746=DIRECTION('center_axis',(0.,0.,1.));
#1747=DIRECTION('ref_axis',(-1.,0.,0.));
#1748=DIRECTION('center_axis',(0.,0.,1.));
#1749=DIRECTION('ref_axis',(-1.,0.,0.));
#1750=DIRECTION('center_axis',(0.,0.,-1.));
#1751=DIRECTION('ref_axis',(-1.,0.,0.));
#1752=DIRECTION('',(0.,0.,1.));
#1753=DIRECTION('center_axis',(0.,0.,-1.));
#1754=DIRECTION('ref_axis',(-1.,0.,0.));
#1755=DIRECTION('center_axis',(0.,0.,1.));
#1756=DIRECTION('ref_axis',(-1.,0.,0.));
#1757=DIRECTION('center_axis',(0.,0.,1.));
#1758=DIRECTION('ref_axis',(-1.,0.,0.));
#1759=DIRECTION('center_axis',(0.,0.,-1.));
#1760=DIRECTION('ref_axis',(-1.,0.,0.));
#1761=DIRECTION('',(0.,0.,1.));
#1762=DIRECTION('center_axis',(0.,0.,-1.));
#1763=DIRECTION('ref_axis',(-1.,0.,0.));
#1764=DIRECTION('center_axis',(0.,0.,1.));
#1765=DIRECTION('ref_axis',(-1.,0.,0.));
#1766=DIRECTION('center_axis',(0.,1.,0.));
#1767=DIRECTION('ref_axis',(-1.,0.,0.));
#1768=DIRECTION('',(-1.,0.,0.));
#1769=DIRECTION('',(0.,0.,-1.));
#1770=DIRECTION('',(1.,0.,0.));
#1771=DIRECTION('',(0.,0.,1.));
#1772=DIRECTION('center_axis',(1.,0.,0.));
#1773=DIRECTION('ref_axis',(0.,1.,0.));
#1774=DIRECTION('',(0.,1.,0.));
#1775=DIRECTION('',(0.,0.,-1.));
#1776=DIRECTION('',(0.,-1.,0.));
#1777=DIRECTION('center_axis',(0.,-1.,0.));
#1778=DIRECTION('ref_axis',(1.,0.,0.));
#1779=DIRECTION('',(1.,0.,0.));
#1780=DIRECTION('',(0.,0.,-1.));
#1781=DIRECTION('',(-1.,0.,0.));
#1782=DIRECTION('center_axis',(-1.,0.,0.));
#1783=DIRECTION('ref_axis',(0.,-1.,0.));
#1784=DIRECTION('',(0.,-1.,0.));
#1785=DIRECTION('',(0.,1.,0.));
#1786=DIRECTION('center_axis',(0.,0.,1.));
#1787=DIRECTION('ref_axis',(1.,0.,0.));
#1788=DIRECTION('center_axis',(0.,1.,0.));
#1789=DIRECTION('ref_axis',(-1.,0.,0.));
#1790=DIRECTION('',(-1.,0.,0.));
#1791=DIRECTION('center_axis',(-1.,0.,0.));
#1792=DIRECTION('ref_axis',(0.,-1.,0.));
#1793=DIRECTION('',(0.,-1.,0.));
#1794=DIRECTION('center_axis',(0.,0.,1.));
#1795=DIRECTION('ref_axis',(1.,0.,0.));
#1796=DIRECTION('',(0.,0.,1.));
#1797=DIRECTION('',(1.,0.,0.));
#1798=CARTESIAN_POINT('',(0.,0.,0.));
#1799=CARTESIAN_POINT('',(0.,0.,0.));
#1800=CARTESIAN_POINT('Ctrl Pts',(0.12912255160603,0.129122551606034,9.47087744839397));
#1801=CARTESIAN_POINT('Ctrl Pts',(0.118565491449717,0.11856549144972,9.44976332808135));
#1802=CARTESIAN_POINT('Ctrl Pts',(0.101336173823937,0.101336173823941,9.40719186714831));
#1803=CARTESIAN_POINT('Ctrl Pts',(0.0888839700230474,0.0888839700230526,
9.31770099066508));
#1804=CARTESIAN_POINT('Ctrl Pts',(0.0876100656900706,0.0876100656900759,
9.23885212581602));
#1805=CARTESIAN_POINT('Ctrl Pts',(0.0876100656900707,0.0876100656900759,
9.20003020228046));
#1806=CARTESIAN_POINT('Ctrl Pts',(0.108008431293403,0.139679611762348,9.46032038823766));
#1807=CARTESIAN_POINT('Ctrl Pts',(0.0989648312245686,0.130131411402593,
9.44003882120562));
#1808=CARTESIAN_POINT('Ctrl Pts',(0.0844649324867729,0.114333214582218,
9.3990547485219));
#1809=CARTESIAN_POINT('Ctrl Pts',(0.0719432698138462,0.105642341996833,
9.31072099291858));
#1810=CARTESIAN_POINT('Ctrl Pts',(0.0692227679526484,0.105997363427499,
9.23669535228627));
#1811=CARTESIAN_POINT('Ctrl Pts',(0.0681411622033884,0.107078969176759,
9.20003020228046));
#1812=CARTESIAN_POINT('Ctrl Pts',(0.0679360335957725,0.16396683635285,9.43603316364716));
#1813=CARTESIAN_POINT('Ctrl Pts',(0.061541888072899,0.156006208145569,9.41778582919106));
#1814=CARTESIAN_POINT('Ctrl Pts',(0.0512303316325398,0.143774383538156,
9.38014121937507));
#1815=CARTESIAN_POINT('Ctrl Pts',(0.0371007317691104,0.143749376117598,
9.29424253232435));
#1816=CARTESIAN_POINT('Ctrl Pts',(0.0334260883624446,0.144899236808521,
9.23199680139821));
#1817=CARTESIAN_POINT('Ctrl Pts',(0.0313875574369984,0.147315082065376,
9.20003020228046));
#1818=CARTESIAN_POINT('Ctrl Pts',(0.0130001577384054,0.218166664246738,
9.38183333575327));
#1819=CARTESIAN_POINT('Ctrl Pts',(0.0110841560954948,0.210775156603375,
9.3677727338384));
#1820=CARTESIAN_POINT('Ctrl Pts',(0.00687589502708466,0.200070120288624,
9.33460670871264));
#1821=CARTESIAN_POINT('Ctrl Pts',(0.00380384407276027,0.189854373881114,
9.27001216937033));
#1822=CARTESIAN_POINT('Ctrl Pts',(0.0039987027200044,0.185240644475438,
9.2244267007176));
#1823=CARTESIAN_POINT('Ctrl Pts',(0.00353867317194384,0.186206229032178,
9.20003020228045));
#1824=CARTESIAN_POINT('Ctrl Pts',(0.,0.248697475997444,9.35130252400257));
#1825=CARTESIAN_POINT('Ctrl Pts',(0.,0.23798334630281,9.33949146967214));
#1826=CARTESIAN_POINT('Ctrl Pts',(-8.67526275825721E-20,0.219488527020765,
9.31170606937848));
#1827=CARTESIAN_POINT('Ctrl Pts',(3.03634196539002E-19,0.20130995702805,
9.25889008653641));
#1828=CARTESIAN_POINT('Ctrl Pts',(-6.50644706869291E-19,0.196682708927778,
9.21974653851142));
#1829=CARTESIAN_POINT('Ctrl Pts',(0.,0.196857303194738,9.20003020228045));
#1830=CARTESIAN_POINT('Ctrl Pts',(0.,0.258569797719564,9.34143020228045));
#1831=CARTESIAN_POINT('Ctrl Pts',(0.,0.246230319907965,9.32909072446885));
#1832=CARTESIAN_POINT('Ctrl Pts',(0.,0.22480145046553,9.30116399492988));
#1833=CARTESIAN_POINT('Ctrl Pts',(0.,0.204594680937467,9.25238053788349));
#1834=CARTESIAN_POINT('Ctrl Pts',(0.,0.200000000000011,9.21748085915422));
#1835=CARTESIAN_POINT('Ctrl Pts',(0.,0.200000000000011,9.20003020228045));
#1836=CARTESIAN_POINT('',(0.12912255160603,0.129122551606034,9.47087744839397));
#1837=CARTESIAN_POINT('',(0.0876100656900704,0.0876100656900762,9.20003020228045));
#1838=CARTESIAN_POINT('Ctrl Pts',(0.12912255160603,0.129122551606034,9.47087744839397));
#1839=CARTESIAN_POINT('Ctrl Pts',(0.118565491449717,0.11856549144972,9.44976332808135));
#1840=CARTESIAN_POINT('Ctrl Pts',(0.101336173823937,0.101336173823941,9.40719186714831));
#1841=CARTESIAN_POINT('Ctrl Pts',(0.0888839700230474,0.0888839700230526,
9.31770099066508));
#1842=CARTESIAN_POINT('Ctrl Pts',(0.0876100656900706,0.0876100656900759,
9.23885212581602));
#1843=CARTESIAN_POINT('Ctrl Pts',(0.0876100656900707,0.0876100656900759,
9.20003020228046));
#1844=CARTESIAN_POINT('',(3.54520744020441E-33,0.258569797719564,9.34143020228045));
#1845=CARTESIAN_POINT('Ctrl Pts',(0.12912255160603,0.129122551606034,9.47087744839397));
#1846=CARTESIAN_POINT('Ctrl Pts',(0.108008431293403,0.139679611762348,9.46032038823766));
#1847=CARTESIAN_POINT('Ctrl Pts',(0.0679360335957725,0.16396683635285,9.43603316364716));
#1848=CARTESIAN_POINT('Ctrl Pts',(0.0130001577384054,0.218166664246738,
9.38183333575327));
#1849=CARTESIAN_POINT('Ctrl Pts',(0.,0.248697475997444,9.35130252400257));
#1850=CARTESIAN_POINT('Ctrl Pts',(0.,0.258569797719564,9.34143020228045));
#1851=CARTESIAN_POINT('',(0.,0.2,9.20003020228045));
#1852=CARTESIAN_POINT('Origin',(0.,0.399969797719557,9.20003020228045));
#1853=CARTESIAN_POINT('Ctrl Pts',(0.0876028094698349,0.087602818682987,
9.20003020228045));
#1854=CARTESIAN_POINT('Ctrl Pts',(0.0792756095902636,0.0959337272343551,
9.20003020228045));
#1855=CARTESIAN_POINT('Ctrl Pts',(0.0545464203978658,0.121522609613417,
9.20003020228045));
#1856=CARTESIAN_POINT('Ctrl Pts',(0.00861736019377479,0.175489338523851,
9.20003020228046));
#1857=CARTESIAN_POINT('Ctrl Pts',(-2.80373653336388E-18,0.194612519762388,
9.20003020228045));
#1858=CARTESIAN_POINT('Ctrl Pts',(0.,0.2,9.20003020228045));
#1859=CARTESIAN_POINT('Ctrl Pts',(0.12912255160603,0.129122551606034,9.47087744839397));
#1860=CARTESIAN_POINT('Ctrl Pts',(0.108008431293403,0.139679611762348,9.46032038823766));
#1861=CARTESIAN_POINT('Ctrl Pts',(0.0679360335957725,0.16396683635285,9.43603316364716));
#1862=CARTESIAN_POINT('Ctrl Pts',(0.0130001577384054,0.218166664246738,
9.38183333575327));
#1863=CARTESIAN_POINT('Ctrl Pts',(0.,0.248697475997444,9.35130252400257));
#1864=CARTESIAN_POINT('Ctrl Pts',(0.,0.258569797719564,9.34143020228045));
#1865=CARTESIAN_POINT('Ctrl Pts',(0.118565491449716,0.150236671918661,9.48143450855029));
#1866=CARTESIAN_POINT('Ctrl Pts',(0.0989648312245685,0.159961178794385,
9.46986858859741));
#1867=CARTESIAN_POINT('Ctrl Pts',(0.0615418880728989,0.182214170808949,
9.44399379185444));
#1868=CARTESIAN_POINT('Ctrl Pts',(0.0110841560954948,0.232227266161602,
9.38922484339663));
#1869=CARTESIAN_POINT('Ctrl Pts',(0.,0.260508530327869,9.3620166536972));
#1870=CARTESIAN_POINT('Ctrl Pts',(0.,0.270909275531163,9.35376968009204));
#1871=CARTESIAN_POINT('Ctrl Pts',(0.101336173823936,0.192808132851709,9.49866382617606));
#1872=CARTESIAN_POINT('Ctrl Pts',(0.0844649324867724,0.200945251478116,
9.48566678541779));
#1873=CARTESIAN_POINT('Ctrl Pts',(0.0512303316325396,0.219858780624943,
9.45622561646185));
#1874=CARTESIAN_POINT('Ctrl Pts',(0.00687589502708441,0.265393291287365,
9.39992987971139));
#1875=CARTESIAN_POINT('Ctrl Pts',(0.,0.288293930621527,9.38051147297925));
#1876=CARTESIAN_POINT('Ctrl Pts',(0.,0.298836005070125,9.37519854953448));
#1877=CARTESIAN_POINT('Ctrl Pts',(0.0888839700230464,0.282299009334928,
9.51111602997695));
#1878=CARTESIAN_POINT('Ctrl Pts',(0.0719432698138453,0.289279007081426,
9.49435765800317));
#1879=CARTESIAN_POINT('Ctrl Pts',(0.0371007317691095,0.305757467675657,
9.45625062388242));
#1880=CARTESIAN_POINT('Ctrl Pts',(0.00380384407276033,0.329987830629684,
9.41014562611889));
#1881=CARTESIAN_POINT('Ctrl Pts',(0.,0.341109913463596,9.39869004297196));
#1882=CARTESIAN_POINT('Ctrl Pts',(0.,0.347619462116522,9.39540531906254));
#1883=CARTESIAN_POINT('Ctrl Pts',(0.0876100656900693,0.361147874183993,
9.51238993430993));
#1884=CARTESIAN_POINT('Ctrl Pts',(0.0692227679526473,0.363304647713747,
9.49400263657251));
#1885=CARTESIAN_POINT('Ctrl Pts',(0.033426088362444,0.368003198601802,9.45510076319149));
#1886=CARTESIAN_POINT('Ctrl Pts',(0.00399870272000431,0.375573299282403,
9.41475935552457));
#1887=CARTESIAN_POINT('Ctrl Pts',(0.,0.380253461488592,9.40331729107223));
#1888=CARTESIAN_POINT('Ctrl Pts',(0.,0.382519140845791,9.4));
#1889=CARTESIAN_POINT('Ctrl Pts',(0.0876100656900693,0.399969797719557,
9.51238993430993));
#1890=CARTESIAN_POINT('Ctrl Pts',(0.0681411622033872,0.399969797719557,
9.49292103082325));
#1891=CARTESIAN_POINT('Ctrl Pts',(0.0313875574369978,0.399969797719553,
9.45268491793463));
#1892=CARTESIAN_POINT('Ctrl Pts',(0.00353867317194376,0.399969797719559,
9.41379377096783));
#1893=CARTESIAN_POINT('Ctrl Pts',(0.,0.399969797719557,9.40314269680527));
#1894=CARTESIAN_POINT('Ctrl Pts',(0.,0.399969797719557,9.4));
#1895=CARTESIAN_POINT('',(0.0876100656900693,0.399969797719557,9.51238993430993));
#1896=CARTESIAN_POINT('Ctrl Pts',(0.12912255160603,0.129122551606034,9.47087744839397));
#1897=CARTESIAN_POINT('Ctrl Pts',(0.118565491449716,0.150236671918661,9.48143450855029));
#1898=CARTESIAN_POINT('Ctrl Pts',(0.101336173823936,0.192808132851709,9.49866382617606));
#1899=CARTESIAN_POINT('Ctrl Pts',(0.0888839700230465,0.282299009334929,
9.51111602997695));
#1900=CARTESIAN_POINT('Ctrl Pts',(0.0876100656900695,0.361147874183991,
9.51238993430993));
#1901=CARTESIAN_POINT('Ctrl Pts',(0.0876100656900695,0.399969797719555,
9.51238993430993));
#1902=CARTESIAN_POINT('',(0.,0.399969797719557,9.4));
#1903=CARTESIAN_POINT('Ctrl Pts',(0.,0.399969797719557,9.4));
#1904=CARTESIAN_POINT('Ctrl Pts',(-7.00934133340971E-19,0.399969797719557,
9.40404061017821));
#1905=CARTESIAN_POINT('Ctrl Pts',(0.00512124599034679,0.399969797719557,
9.41886596941406));
#1906=CARTESIAN_POINT('Ctrl Pts',(0.0461043252401736,0.399969797719557,
9.46978223767089));
#1907=CARTESIAN_POINT('Ctrl Pts',(0.0791329770596,0.399969797719557,9.50394861120995));
#1908=CARTESIAN_POINT('Ctrl Pts',(0.0875940042598074,0.399969797719557,
9.5124060075457));
#1909=CARTESIAN_POINT('Origin',(0.,0.399969797719557,9.20003020228045));
#1910=CARTESIAN_POINT('Ctrl Pts',(0.12912255160603,0.129122551606034,9.47087744839397));
#1911=CARTESIAN_POINT('Ctrl Pts',(0.118565491449716,0.150236671918661,9.48143450855029));
#1912=CARTESIAN_POINT('Ctrl Pts',(0.101336173823936,0.192808132851709,9.49866382617606));
#1913=CARTESIAN_POINT('Ctrl Pts',(0.0888839700230465,0.282299009334929,
9.51111602997695));
#1914=CARTESIAN_POINT('Ctrl Pts',(0.0876100656900695,0.361147874183991,
9.51238993430993));
#1915=CARTESIAN_POINT('Ctrl Pts',(0.0876100656900695,0.399969797719555,
9.51238993430993));
#1916=CARTESIAN_POINT('Ctrl Pts',(0.139679611762344,0.139679611762347,9.4919915687066));
#1917=CARTESIAN_POINT('Ctrl Pts',(0.130131411402589,0.159961178794385,9.50103516877543));
#1918=CARTESIAN_POINT('Ctrl Pts',(0.114333214582213,0.200945251478115,9.51553506751323));
#1919=CARTESIAN_POINT('Ctrl Pts',(0.105642341996826,0.289279007081426,9.52805673018615));
#1920=CARTESIAN_POINT('Ctrl Pts',(0.105997363427492,0.363304647713744,9.53077723204735));
#1921=CARTESIAN_POINT('Ctrl Pts',(0.107078969176752,0.399969797719555,9.53185883779661));
#1922=CARTESIAN_POINT('Ctrl Pts',(0.163966836352845,0.163966836352848,9.53206396640423));
#1923=CARTESIAN_POINT('Ctrl Pts',(0.156006208145563,0.182214170808946,9.5384581119271));
#1924=CARTESIAN_POINT('Ctrl Pts',(0.143774383538149,0.219858780624944,9.54876966836747));
#1925=CARTESIAN_POINT('Ctrl Pts',(0.143749376117589,0.305757467675661,9.56289926823087));
#1926=CARTESIAN_POINT('Ctrl Pts',(0.144899236808511,0.368003198601802,9.56657391163755));
#1927=CARTESIAN_POINT('Ctrl Pts',(0.147315082065365,0.399969797719554,9.568612442563));
#1928=CARTESIAN_POINT('Ctrl Pts',(0.218166664246729,0.218166664246731,9.5869998422616));
#1929=CARTESIAN_POINT('Ctrl Pts',(0.210775156603366,0.232227266161596,9.58891584390451));
#1930=CARTESIAN_POINT('Ctrl Pts',(0.200070120288613,0.265393291287359,9.5931241049729));
#1931=CARTESIAN_POINT('Ctrl Pts',(0.189854373881101,0.329987830629678,9.59619615592725));
#1932=CARTESIAN_POINT('Ctrl Pts',(0.185240644475425,0.375573299282401,9.59600129728));
#1933=CARTESIAN_POINT('Ctrl Pts',(0.186206229032165,0.399969797719558,9.59646132682806));
#1934=CARTESIAN_POINT('Ctrl Pts',(0.248697475997434,0.248697475997436,9.6));
#1935=CARTESIAN_POINT('Ctrl Pts',(0.237983346302799,0.260508530327862,9.6));
#1936=CARTESIAN_POINT('Ctrl Pts',(0.219488527020753,0.28829393062152,9.6));
#1937=CARTESIAN_POINT('Ctrl Pts',(0.201309957028037,0.341109913463596,9.6));
#1938=CARTESIAN_POINT('Ctrl Pts',(0.196682708927765,0.380253461488592,9.6));
#1939=CARTESIAN_POINT('Ctrl Pts',(0.196857303194724,0.399969797719557,9.6));
#1940=CARTESIAN_POINT('Ctrl Pts',(0.258569797719554,0.258569797719556,9.6));
#1941=CARTESIAN_POINT('Ctrl Pts',(0.246230319907954,0.270909275531156,9.6));
#1942=CARTESIAN_POINT('Ctrl Pts',(0.224801450465518,0.298836005070118,9.6));
#1943=CARTESIAN_POINT('Ctrl Pts',(0.204594680937454,0.347619462116523,9.6));
#1944=CARTESIAN_POINT('Ctrl Pts',(0.199999999999998,0.382519140845791,9.6));
#1945=CARTESIAN_POINT('Ctrl Pts',(0.199999999999998,0.399969797719557,9.6));
#1946=CARTESIAN_POINT('',(0.258569797719554,0.258569797719556,9.6));
#1947=CARTESIAN_POINT('Ctrl Pts',(0.12912255160603,0.129122551606034,9.47087744839397));
#1948=CARTESIAN_POINT('Ctrl Pts',(0.139679611762344,0.139679611762347,9.4919915687066));
#1949=CARTESIAN_POINT('Ctrl Pts',(0.163966836352845,0.163966836352848,9.53206396640423));
#1950=CARTESIAN_POINT('Ctrl Pts',(0.218166664246729,0.218166664246731,9.5869998422616));
#1951=CARTESIAN_POINT('Ctrl Pts',(0.248697475997434,0.248697475997436,9.6));
#1952=CARTESIAN_POINT('Ctrl Pts',(0.258569797719554,0.258569797719556,9.6));
#1953=CARTESIAN_POINT('',(0.2,0.399969797719557,9.6));
#1954=CARTESIAN_POINT('Origin',(0.399969797719555,0.399969797719557,9.6));
#1955=CARTESIAN_POINT('Ctrl Pts',(0.0875940042598074,0.399969797719557,
9.5124060075457));
#1956=CARTESIAN_POINT('Ctrl Pts',(0.0959276742257387,0.399969797719557,
9.52073610129975));
#1957=CARTESIAN_POINT('Ctrl Pts',(0.12151527145011,0.399969797719557,9.54546555760075));
#1958=CARTESIAN_POINT('Ctrl Pts',(0.175421816900405,0.399969797719557,9.59134564875719));
#1959=CARTESIAN_POINT('Ctrl Pts',(0.194612519762388,0.399969797719557,9.6));
#1960=CARTESIAN_POINT('Ctrl Pts',(0.2,0.399969797719557,9.6));
#1961=CARTESIAN_POINT('Ctrl Pts',(0.12912255160603,0.129122551606034,9.47087744839397));
#1962=CARTESIAN_POINT('Ctrl Pts',(0.139679611762344,0.139679611762347,9.4919915687066));
#1963=CARTESIAN_POINT('Ctrl Pts',(0.163966836352845,0.163966836352848,9.53206396640423));
#1964=CARTESIAN_POINT('Ctrl Pts',(0.218166664246729,0.218166664246731,9.5869998422616));
#1965=CARTESIAN_POINT('Ctrl Pts',(0.248697475997434,0.248697475997436,9.6));
#1966=CARTESIAN_POINT('Ctrl Pts',(0.258569797719554,0.258569797719556,9.6));
#1967=CARTESIAN_POINT('Ctrl Pts',(0.150236671918658,0.11856549144972,9.48143450855029));
#1968=CARTESIAN_POINT('Ctrl Pts',(0.159961178794381,0.130131411402592,9.50103516877543));
#1969=CARTESIAN_POINT('Ctrl Pts',(0.182214170808944,0.156006208145566,9.5384581119271));
#1970=CARTESIAN_POINT('Ctrl Pts',(0.232227266161594,0.210775156603368,9.58891584390451));
#1971=CARTESIAN_POINT('Ctrl Pts',(0.26050853032786,0.237983346302801,9.6));
#1972=CARTESIAN_POINT('Ctrl Pts',(0.270909275531154,0.246230319907956,9.6));
#1973=CARTESIAN_POINT('Ctrl Pts',(0.192808132851705,0.101336173823939,9.49866382617607));
#1974=CARTESIAN_POINT('Ctrl Pts',(0.200945251478112,0.114333214582215,9.51553506751323));
#1975=CARTESIAN_POINT('Ctrl Pts',(0.219858780624939,0.143774383538152,9.54876966836747));
#1976=CARTESIAN_POINT('Ctrl Pts',(0.265393291287357,0.200070120288615,9.59312410497292));
#1977=CARTESIAN_POINT('Ctrl Pts',(0.288293930621519,0.219488527020755,9.59999999999999));
#1978=CARTESIAN_POINT('Ctrl Pts',(0.298836005070117,0.22480145046552,9.59999999999999));
#1979=CARTESIAN_POINT('Ctrl Pts',(0.282299009334925,0.088883970023048,9.51111602997696));
#1980=CARTESIAN_POINT('Ctrl Pts',(0.289279007081422,0.105642341996828,9.52805673018616));
#1981=CARTESIAN_POINT('Ctrl Pts',(0.305757467675651,0.14374937611759,9.56289926823088));
#1982=CARTESIAN_POINT('Ctrl Pts',(0.329987830629679,0.189854373881103,9.59619615592723));
#1983=CARTESIAN_POINT('Ctrl Pts',(0.34110991346359,0.201309957028039,9.6));
#1984=CARTESIAN_POINT('Ctrl Pts',(0.347619462116517,0.204594680937456,9.6));
#1985=CARTESIAN_POINT('Ctrl Pts',(0.361147874183991,0.0876100656900705,
9.51238993430993));
#1986=CARTESIAN_POINT('Ctrl Pts',(0.363304647713744,0.105997363427493,9.53077723204736));
#1987=CARTESIAN_POINT('Ctrl Pts',(0.368003198601803,0.144899236808512,9.56657391163756));
#1988=CARTESIAN_POINT('Ctrl Pts',(0.375573299282398,0.185240644475428,9.59600129728));
#1989=CARTESIAN_POINT('Ctrl Pts',(0.380253461488589,0.196682708927767,9.6));
#1990=CARTESIAN_POINT('Ctrl Pts',(0.382519140845788,0.2,9.6));
#1991=CARTESIAN_POINT('Ctrl Pts',(0.399969797719555,0.0876100656900705,
9.51238993430993));
#1992=CARTESIAN_POINT('Ctrl Pts',(0.399969797719555,0.107078969176753,9.53185883779662));
#1993=CARTESIAN_POINT('Ctrl Pts',(0.399969797719555,0.147315082065367,9.568612442563));
#1994=CARTESIAN_POINT('Ctrl Pts',(0.399969797719555,0.186206229032167,9.59646132682806));
#1995=CARTESIAN_POINT('Ctrl Pts',(0.399969797719555,0.196857303194727,9.6));
#1996=CARTESIAN_POINT('Ctrl Pts',(0.399969797719555,0.2,9.6));
#1997=CARTESIAN_POINT('',(0.399969797719555,0.0876100656900705,9.51238993430993));
#1998=CARTESIAN_POINT('Ctrl Pts',(0.12912255160603,0.129122551606034,9.47087744839397));
#1999=CARTESIAN_POINT('Ctrl Pts',(0.150236671918658,0.11856549144972,9.48143450855029));
#2000=CARTESIAN_POINT('Ctrl Pts',(0.192808132851705,0.101336173823939,9.49866382617607));
#2001=CARTESIAN_POINT('Ctrl Pts',(0.282299009334925,0.088883970023048,9.51111602997696));
#2002=CARTESIAN_POINT('Ctrl Pts',(0.361147874183991,0.0876100656900705,
9.51238993430993));
#2003=CARTESIAN_POINT('Ctrl Pts',(0.399969797719555,0.0876100656900705,
9.51238993430993));
#2004=CARTESIAN_POINT('',(0.399969797719555,0.2,9.6));
#2005=CARTESIAN_POINT('Ctrl Pts',(0.399969797719555,0.2,9.6));
#2006=CARTESIAN_POINT('Ctrl Pts',(0.399969797719555,0.197306259881194,9.6));
#2007=CARTESIAN_POINT('Ctrl Pts',(0.399969797719555,0.18871474952856,9.59738437921123));
#2008=CARTESIAN_POINT('Ctrl Pts',(0.399969797719555,0.160071205137283,9.57828864445976));
#2009=CARTESIAN_POINT('Ctrl Pts',(0.399969797719555,0.121624860667131,9.54552980383658));
#2010=CARTESIAN_POINT('Ctrl Pts',(0.399969797719555,0.0960026336419067,
9.52076352741114));
#2011=CARTESIAN_POINT('Ctrl Pts',(0.399969797719555,0.0876186426760875,
9.51238135548634));
#2012=CARTESIAN_POINT('Origin',(0.399969797719555,0.399969797719557,9.6));
#2013=CARTESIAN_POINT('Ctrl Pts',(0.12912255160603,0.129122551606034,9.47087744839397));
#2014=CARTESIAN_POINT('Ctrl Pts',(0.150236671918658,0.11856549144972,9.48143450855029));
#2015=CARTESIAN_POINT('Ctrl Pts',(0.192808132851705,0.101336173823939,9.49866382617607));
#2016=CARTESIAN_POINT('Ctrl Pts',(0.282299009334925,0.088883970023048,9.51111602997696));
#2017=CARTESIAN_POINT('Ctrl Pts',(0.361147874183991,0.0876100656900705,
9.51238993430993));
#2018=CARTESIAN_POINT('Ctrl Pts',(0.399969797719555,0.0876100656900705,
9.51238993430993));
#2019=CARTESIAN_POINT('Ctrl Pts',(0.139679611762344,0.108008431293406,9.46032038823766));
#2020=CARTESIAN_POINT('Ctrl Pts',(0.159961178794381,0.0989648312245716,
9.46986858859742));
#2021=CARTESIAN_POINT('Ctrl Pts',(0.200945251478112,0.0844649324867749,
9.48566678541779));
#2022=CARTESIAN_POINT('Ctrl Pts',(0.289279007081422,0.0719432698138467,
9.49435765800318));
#2023=CARTESIAN_POINT('Ctrl Pts',(0.363304647713745,0.0692227679526483,
9.49400263657251));
#2024=CARTESIAN_POINT('Ctrl Pts',(0.399969797719555,0.0681411622033882,
9.49292103082325));
#2025=CARTESIAN_POINT('Ctrl Pts',(0.163966836352845,0.0679360335957757,
9.43603316364716));
#2026=CARTESIAN_POINT('Ctrl Pts',(0.182214170808944,0.0615418880729017,
9.44399379185444));
#2027=CARTESIAN_POINT('Ctrl Pts',(0.219858780624939,0.0512303316325416,
9.45622561646186));
#2028=CARTESIAN_POINT('Ctrl Pts',(0.305757467675651,0.0371007317691102,
9.45625062388241));
#2029=CARTESIAN_POINT('Ctrl Pts',(0.368003198601803,0.0334260883624445,
9.45510076319149));
#2030=CARTESIAN_POINT('Ctrl Pts',(0.399969797719555,0.0313875574369983,
9.45268491793464));
#2031=CARTESIAN_POINT('Ctrl Pts',(0.21816666424673,0.0130001577384058,9.38183333575328));
#2032=CARTESIAN_POINT('Ctrl Pts',(0.232227266161595,0.0110841560954949,
9.38922484339664));
#2033=CARTESIAN_POINT('Ctrl Pts',(0.265393291287358,0.00687589502708469,
9.3999298797114));
#2034=CARTESIAN_POINT('Ctrl Pts',(0.32998783062968,0.00380384407276025,
9.41014562611891));
#2035=CARTESIAN_POINT('Ctrl Pts',(0.375573299282399,0.00399870272000435,
9.41475935552458));
#2036=CARTESIAN_POINT('Ctrl Pts',(0.399969797719555,0.00353867317194379,
9.41379377096784));
#2037=CARTESIAN_POINT('Ctrl Pts',(0.248697475997435,0.,9.35130252400257));
#2038=CARTESIAN_POINT('Ctrl Pts',(0.260508530327861,0.,9.36201665369721));
#2039=CARTESIAN_POINT('Ctrl Pts',(0.28829393062152,-2.96735872912996E-33,
9.38051147297925));
#2040=CARTESIAN_POINT('Ctrl Pts',(0.341109913463591,1.03857555519549E-32,
9.39869004297197));
#2041=CARTESIAN_POINT('Ctrl Pts',(0.38025346148859,-2.22551904684747E-32,
9.40331729107224));
#2042=CARTESIAN_POINT('Ctrl Pts',(0.399969797719555,0.,9.40314269680528));
#2043=CARTESIAN_POINT('Ctrl Pts',(0.258569797719556,0.,9.34143020228045));
#2044=CARTESIAN_POINT('Ctrl Pts',(0.270909275531156,0.,9.35376968009205));
#2045=CARTESIAN_POINT('Ctrl Pts',(0.298836005070118,-5.7064590944807E-35,
9.37519854953449));
#2046=CARTESIAN_POINT('Ctrl Pts',(0.347619462116518,1.99726068306824E-34,
9.39540531906255));
#2047=CARTESIAN_POINT('Ctrl Pts',(0.382519140845789,-4.27984432086052E-34,
9.40000000000001));
#2048=CARTESIAN_POINT('Ctrl Pts',(0.399969797719555,0.,9.40000000000001));
#2049=CARTESIAN_POINT('',(0.258569797719556,4.21704934385886E-33,9.34143020228045));
#2050=CARTESIAN_POINT('Ctrl Pts',(0.12912255160603,0.129122551606034,9.47087744839397));
#2051=CARTESIAN_POINT('Ctrl Pts',(0.139679611762344,0.108008431293406,9.46032038823766));
#2052=CARTESIAN_POINT('Ctrl Pts',(0.163966836352845,0.0679360335957757,
9.43603316364716));
#2053=CARTESIAN_POINT('Ctrl Pts',(0.21816666424673,0.0130001577384058,9.38183333575328));
#2054=CARTESIAN_POINT('Ctrl Pts',(0.248697475997435,0.,9.35130252400257));
#2055=CARTESIAN_POINT('Ctrl Pts',(0.258569797719556,0.,9.34143020228045));
#2056=CARTESIAN_POINT('',(0.399969797719555,0.,9.4));
#2057=CARTESIAN_POINT('Origin',(0.399969797719555,0.,9.20003020228045));
#2058=CARTESIAN_POINT('Ctrl Pts',(0.399969797719555,0.0876186426760875,
9.51238135548634));
#2059=CARTESIAN_POINT('Ctrl Pts',(0.399969797719555,0.0792250158561083,
9.50398954979803));
#2060=CARTESIAN_POINT('Ctrl Pts',(0.399969797719555,0.0462800319506541,
9.46991617503397));
#2061=CARTESIAN_POINT('Ctrl Pts',(0.399969797719555,0.0169419816177321,
9.43350046864173));
#2062=CARTESIAN_POINT('Ctrl Pts',(0.399969797719555,0.00216347349708692,
9.40936086042414));
#2063=CARTESIAN_POINT('Ctrl Pts',(0.399969797719555,-4.67289422227314E-19,
9.4026937401188));
#2064=CARTESIAN_POINT('Ctrl Pts',(0.399969797719555,0.,9.4));
#2065=CARTESIAN_POINT('Ctrl Pts',(31.670877448394,0.12912255160603,9.47087744839397));
#2066=CARTESIAN_POINT('Ctrl Pts',(31.6814345085503,0.118565491449717,9.44976332808134));
#2067=CARTESIAN_POINT('Ctrl Pts',(31.6986638261761,0.101336173823937,9.40719186714831));
#2068=CARTESIAN_POINT('Ctrl Pts',(31.7111160299769,0.0888839700230474,9.31770099066508));
#2069=CARTESIAN_POINT('Ctrl Pts',(31.7123899343099,0.0876100656900706,9.23885212581602));
#2070=CARTESIAN_POINT('Ctrl Pts',(31.7123899343099,0.0876100656900707,9.20003020228045));
#2071=CARTESIAN_POINT('Ctrl Pts',(31.6603203882377,0.108008431293403,9.46032038823766));
#2072=CARTESIAN_POINT('Ctrl Pts',(31.6698685885974,0.0989648312245685,9.44003882120562));
#2073=CARTESIAN_POINT('Ctrl Pts',(31.6856667854178,0.0844649324867729,9.3990547485219));
#2074=CARTESIAN_POINT('Ctrl Pts',(31.6943576580032,0.0719432698138462,9.31072099291858));
#2075=CARTESIAN_POINT('Ctrl Pts',(31.6940026365725,0.0692227679526484,9.23669535228626));
#2076=CARTESIAN_POINT('Ctrl Pts',(31.6929210308232,0.0681411622033884,9.20003020228045));
#2077=CARTESIAN_POINT('Ctrl Pts',(31.6360331636472,0.0679360335957724,9.43603316364716));
#2078=CARTESIAN_POINT('Ctrl Pts',(31.6439937918544,0.0615418880728989,9.41778582919107));
#2079=CARTESIAN_POINT('Ctrl Pts',(31.6562256164618,0.0512303316325398,9.38014121937507));
#2080=CARTESIAN_POINT('Ctrl Pts',(31.6562506238824,0.0371007317691102,9.29424253232434));
#2081=CARTESIAN_POINT('Ctrl Pts',(31.6551007631915,0.0334260883624447,9.23199680139821));
#2082=CARTESIAN_POINT('Ctrl Pts',(31.6526849179346,0.0313875574369984,9.20003020228046));
#2083=CARTESIAN_POINT('Ctrl Pts',(31.5818333357532,0.0130001577384054,9.38183333575327));
#2084=CARTESIAN_POINT('Ctrl Pts',(31.5892248433966,0.0110841560954948,9.3677727338384));
#2085=CARTESIAN_POINT('Ctrl Pts',(31.5999298797114,0.00687589502708456,
9.33460670871265));
#2086=CARTESIAN_POINT('Ctrl Pts',(31.6101456261189,0.00380384407276034,
9.27001216937034));
#2087=CARTESIAN_POINT('Ctrl Pts',(31.6147593555246,0.00399870272000438,
9.2244267007176));
#2088=CARTESIAN_POINT('Ctrl Pts',(31.6137937709678,0.00353867317194383,
9.20003020228045));
#2089=CARTESIAN_POINT('Ctrl Pts',(31.5513025240026,0.,9.35130252400257));
#2090=CARTESIAN_POINT('Ctrl Pts',(31.5620166536972,0.,9.33949146967214));
#2091=CARTESIAN_POINT('Ctrl Pts',(31.5805114729792,-8.67526275825731E-20,
9.31170606937848));
#2092=CARTESIAN_POINT('Ctrl Pts',(31.598690042972,3.03634196539006E-19,
9.25889008653641));
#2093=CARTESIAN_POINT('Ctrl Pts',(31.6033172910722,-6.50644706869298E-19,
9.21974653851142));
#2094=CARTESIAN_POINT('Ctrl Pts',(31.6031426968053,0.,9.20003020228045));
#2095=CARTESIAN_POINT('Ctrl Pts',(31.5414302022804,0.,9.34143020228045));
#2096=CARTESIAN_POINT('Ctrl Pts',(31.553769680092,0.,9.32909072446885));
#2097=CARTESIAN_POINT('Ctrl Pts',(31.5751985495345,-9.13033455116912E-34,
9.30116399492988));
#2098=CARTESIAN_POINT('Ctrl Pts',(31.5954053190625,3.19561709290919E-33,
9.25238053788349));
#2099=CARTESIAN_POINT('Ctrl Pts',(31.6,-6.84775091337684E-33,9.21748085915422));
#2100=CARTESIAN_POINT('Ctrl Pts',(31.6,0.,9.20003020228045));
#2101=CARTESIAN_POINT('',(31.670877448394,0.12912255160603,9.47087744839397));
#2102=CARTESIAN_POINT('',(31.7123899343099,0.0876100656900704,9.20003020228045));
#2103=CARTESIAN_POINT('Ctrl Pts',(31.670877448394,0.12912255160603,9.47087744839397));
#2104=CARTESIAN_POINT('Ctrl Pts',(31.6814345085503,0.118565491449717,9.44976332808134));
#2105=CARTESIAN_POINT('Ctrl Pts',(31.6986638261761,0.101336173823937,9.40719186714831));
#2106=CARTESIAN_POINT('Ctrl Pts',(31.7111160299769,0.0888839700230474,9.31770099066508));
#2107=CARTESIAN_POINT('Ctrl Pts',(31.7123899343099,0.0876100656900706,9.23885212581602));
#2108=CARTESIAN_POINT('Ctrl Pts',(31.7123899343099,0.0876100656900707,9.20003020228045));
#2109=CARTESIAN_POINT('',(31.5414302022804,0.,9.34143020228045));
#2110=CARTESIAN_POINT('Ctrl Pts',(31.670877448394,0.12912255160603,9.47087744839397));
#2111=CARTESIAN_POINT('Ctrl Pts',(31.6603203882377,0.108008431293403,9.46032038823766));
#2112=CARTESIAN_POINT('Ctrl Pts',(31.6360331636472,0.0679360335957724,9.43603316364716));
#2113=CARTESIAN_POINT('Ctrl Pts',(31.5818333357532,0.0130001577384054,9.38183333575327));
#2114=CARTESIAN_POINT('Ctrl Pts',(31.5513025240026,0.,9.35130252400257));
#2115=CARTESIAN_POINT('Ctrl Pts',(31.5414302022804,0.,9.34143020228045));
#2116=CARTESIAN_POINT('',(31.6,0.,9.20003020228045));
#2117=CARTESIAN_POINT('Origin',(31.4000302022804,0.,9.20003020228045));
#2118=CARTESIAN_POINT('Ctrl Pts',(31.7123813573239,0.0876186445136318,9.20003020228046));
#2119=CARTESIAN_POINT('Ctrl Pts',(31.7039973663581,0.0792364725888435,9.20003020228046));
#2120=CARTESIAN_POINT('Ctrl Pts',(31.6783751393329,0.054470196163411,9.20003020228046));
#2121=CARTESIAN_POINT('Ctrl Pts',(31.6399287948627,0.0217113555402355,9.20003020228046));
#2122=CARTESIAN_POINT('Ctrl Pts',(31.6112852504715,0.00261562078876928,
9.20003020228046));
#2123=CARTESIAN_POINT('Ctrl Pts',(31.6026937401188,0.,9.20003020228045));
#2124=CARTESIAN_POINT('Ctrl Pts',(31.6,0.,9.20003020228045));
#2125=CARTESIAN_POINT('Ctrl Pts',(31.670877448394,0.12912255160603,9.47087744839397));
#2126=CARTESIAN_POINT('Ctrl Pts',(31.6603203882377,0.108008431293403,9.46032038823766));
#2127=CARTESIAN_POINT('Ctrl Pts',(31.6360331636472,0.0679360335957724,9.43603316364716));
#2128=CARTESIAN_POINT('Ctrl Pts',(31.5818333357532,0.0130001577384054,9.38183333575327));
#2129=CARTESIAN_POINT('Ctrl Pts',(31.5513025240026,0.,9.35130252400257));
#2130=CARTESIAN_POINT('Ctrl Pts',(31.5414302022804,0.,9.34143020228045));
#2131=CARTESIAN_POINT('Ctrl Pts',(31.6497633280813,0.118565491449716,9.48143450855028));
#2132=CARTESIAN_POINT('Ctrl Pts',(31.6400388212056,0.0989648312245683,9.46986858859741));
#2133=CARTESIAN_POINT('Ctrl Pts',(31.6177858291911,0.0615418880728987,9.44399379185444));
#2134=CARTESIAN_POINT('Ctrl Pts',(31.5677727338384,0.0110841560954947,9.38922484339663));
#2135=CARTESIAN_POINT('Ctrl Pts',(31.5394914696721,0.,9.3620166536972));
#2136=CARTESIAN_POINT('Ctrl Pts',(31.5290907244688,0.,9.35376968009204));
#2137=CARTESIAN_POINT('Ctrl Pts',(31.6071918671483,0.101336173823936,9.49866382617606));
#2138=CARTESIAN_POINT('Ctrl Pts',(31.5990547485219,0.0844649324867721,9.48566678541779));
#2139=CARTESIAN_POINT('Ctrl Pts',(31.5801412193751,0.0512303316325393,9.45622561646185));
#2140=CARTESIAN_POINT('Ctrl Pts',(31.5346067087126,0.0068758950270844,9.39992987971138));
#2141=CARTESIAN_POINT('Ctrl Pts',(31.5117060693785,0.,9.38051147297925));
#2142=CARTESIAN_POINT('Ctrl Pts',(31.5011639949299,0.,9.37519854953448));
#2143=CARTESIAN_POINT('Ctrl Pts',(31.5177009906651,0.088883970023046,9.51111602997695));
#2144=CARTESIAN_POINT('Ctrl Pts',(31.5107209929186,0.0719432698138449,9.49435765800317));
#2145=CARTESIAN_POINT('Ctrl Pts',(31.4942425323243,0.0371007317691092,9.45625062388242));
#2146=CARTESIAN_POINT('Ctrl Pts',(31.4700121693703,0.00380384407276028,
9.41014562611889));
#2147=CARTESIAN_POINT('Ctrl Pts',(31.4588900865364,0.,9.39869004297196));
#2148=CARTESIAN_POINT('Ctrl Pts',(31.4523805378835,0.,9.39540531906254));
#2149=CARTESIAN_POINT('Ctrl Pts',(31.438852125816,0.0876100656900688,9.51238993430993));
#2150=CARTESIAN_POINT('Ctrl Pts',(31.4366953522863,0.0692227679526469,9.49400263657251));
#2151=CARTESIAN_POINT('Ctrl Pts',(31.4319968013982,0.0334260883624437,9.45510076319149));
#2152=CARTESIAN_POINT('Ctrl Pts',(31.4244267007176,0.00399870272000431,
9.41475935552457));
#2153=CARTESIAN_POINT('Ctrl Pts',(31.4197465385114,0.,9.40331729107223));
#2154=CARTESIAN_POINT('Ctrl Pts',(31.4174808591542,0.,9.4));
#2155=CARTESIAN_POINT('Ctrl Pts',(31.4000302022804,0.0876100656900688,9.51238993430993));
#2156=CARTESIAN_POINT('Ctrl Pts',(31.4000302022804,0.0681411622033868,9.49292103082325));
#2157=CARTESIAN_POINT('Ctrl Pts',(31.4000302022804,0.0313875574369975,9.45268491793463));
#2158=CARTESIAN_POINT('Ctrl Pts',(31.4000302022805,0.00353867317194374,
9.41379377096783));
#2159=CARTESIAN_POINT('Ctrl Pts',(31.4000302022804,0.,9.40314269680527));
#2160=CARTESIAN_POINT('Ctrl Pts',(31.4000302022804,0.,9.4));
#2161=CARTESIAN_POINT('',(31.4000302022804,0.0876100656900688,9.51238993430993));
#2162=CARTESIAN_POINT('Ctrl Pts',(31.670877448394,0.12912255160603,9.47087744839397));
#2163=CARTESIAN_POINT('Ctrl Pts',(31.6497633280813,0.118565491449716,9.48143450855028));
#2164=CARTESIAN_POINT('Ctrl Pts',(31.6071918671483,0.101336173823936,9.49866382617606));
#2165=CARTESIAN_POINT('Ctrl Pts',(31.5177009906651,0.088883970023046,9.51111602997695));
#2166=CARTESIAN_POINT('Ctrl Pts',(31.438852125816,0.0876100656900689,9.51238993430993));
#2167=CARTESIAN_POINT('Ctrl Pts',(31.4000302022805,0.087610065690069,9.51238993430993));
#2168=CARTESIAN_POINT('',(31.4000302022804,0.,9.4));
#2169=CARTESIAN_POINT('Ctrl Pts',(31.4000302022804,0.,9.4));
#2170=CARTESIAN_POINT('Ctrl Pts',(31.4000302022804,-4.67289422227314E-19,
9.4026937401188));
#2171=CARTESIAN_POINT('Ctrl Pts',(31.4000302022804,0.00216347349708692,
9.40936086042414));
#2172=CARTESIAN_POINT('Ctrl Pts',(31.4000302022804,0.0169419816177321,9.43350046864173));
#2173=CARTESIAN_POINT('Ctrl Pts',(31.4000302022804,0.0462800319506501,9.46991617503396));
#2174=CARTESIAN_POINT('Ctrl Pts',(31.4000302022804,0.0792250158560971,9.50398954979802));
#2175=CARTESIAN_POINT('Ctrl Pts',(31.4000302022804,0.0876186426760704,9.51238135548632));
#2176=CARTESIAN_POINT('Origin',(31.4000302022804,0.,9.20003020228045));
#2177=CARTESIAN_POINT('Ctrl Pts',(31.670877448394,0.12912255160603,9.47087744839397));
#2178=CARTESIAN_POINT('Ctrl Pts',(31.6497633280813,0.118565491449716,9.48143450855028));
#2179=CARTESIAN_POINT('Ctrl Pts',(31.6071918671483,0.101336173823936,9.49866382617606));
#2180=CARTESIAN_POINT('Ctrl Pts',(31.5177009906651,0.088883970023046,9.51111602997695));
#2181=CARTESIAN_POINT('Ctrl Pts',(31.438852125816,0.0876100656900689,9.51238993430993));
#2182=CARTESIAN_POINT('Ctrl Pts',(31.4000302022805,0.087610065690069,9.51238993430993));
#2183=CARTESIAN_POINT('Ctrl Pts',(31.6603203882377,0.139679611762344,9.4919915687066));
#2184=CARTESIAN_POINT('Ctrl Pts',(31.6400388212056,0.130131411402588,9.50103516877543));
#2185=CARTESIAN_POINT('Ctrl Pts',(31.5990547485219,0.114333214582212,9.51553506751323));
#2186=CARTESIAN_POINT('Ctrl Pts',(31.5107209929186,0.105642341996825,9.52805673018615));
#2187=CARTESIAN_POINT('Ctrl Pts',(31.4366953522863,0.105997363427491,9.53077723204735));
#2188=CARTESIAN_POINT('Ctrl Pts',(31.4000302022805,0.107078969176751,9.53185883779661));
#2189=CARTESIAN_POINT('Ctrl Pts',(31.6360331636472,0.163966836352845,9.53206396640423));
#2190=CARTESIAN_POINT('Ctrl Pts',(31.6177858291911,0.156006208145563,9.5384581119271));
#2191=CARTESIAN_POINT('Ctrl Pts',(31.5801412193751,0.143774383538149,9.54876966836747));
#2192=CARTESIAN_POINT('Ctrl Pts',(31.4942425323243,0.143749376117588,9.56289926823088));
#2193=CARTESIAN_POINT('Ctrl Pts',(31.4319968013982,0.14489923680851,9.56657391163755));
#2194=CARTESIAN_POINT('Ctrl Pts',(31.4000302022804,0.147315082065365,9.568612442563));
#2195=CARTESIAN_POINT('Ctrl Pts',(31.5818333357533,0.218166664246729,9.5869998422616));
#2196=CARTESIAN_POINT('Ctrl Pts',(31.5677727338384,0.210775156603365,9.58891584390451));
#2197=CARTESIAN_POINT('Ctrl Pts',(31.5346067087126,0.200070120288612,9.59312410497291));
#2198=CARTESIAN_POINT('Ctrl Pts',(31.4700121693703,0.1898543738811,9.59619615592725));
#2199=CARTESIAN_POINT('Ctrl Pts',(31.4244267007176,0.185240644475424,9.59600129728));
#2200=CARTESIAN_POINT('Ctrl Pts',(31.4000302022804,0.186206229032164,9.59646132682806));
#2201=CARTESIAN_POINT('Ctrl Pts',(31.5513025240026,0.248697475997433,9.6));
#2202=CARTESIAN_POINT('Ctrl Pts',(31.5394914696721,0.237983346302798,9.6));
#2203=CARTESIAN_POINT('Ctrl Pts',(31.5117060693785,0.219488527020752,9.6));
#2204=CARTESIAN_POINT('Ctrl Pts',(31.4588900865364,0.201309957028035,9.6));
#2205=CARTESIAN_POINT('Ctrl Pts',(31.4197465385114,0.196682708927764,9.6));
#2206=CARTESIAN_POINT('Ctrl Pts',(31.4000302022804,0.196857303194723,9.6));
#2207=CARTESIAN_POINT('Ctrl Pts',(31.5414302022804,0.258569797719553,9.6));
#2208=CARTESIAN_POINT('Ctrl Pts',(31.5290907244688,0.246230319907953,9.6));
#2209=CARTESIAN_POINT('Ctrl Pts',(31.5011639949299,0.224801450465517,9.6));
#2210=CARTESIAN_POINT('Ctrl Pts',(31.4523805378835,0.204594680937453,9.6));
#2211=CARTESIAN_POINT('Ctrl Pts',(31.4174808591542,0.199999999999997,9.6));
#2212=CARTESIAN_POINT('Ctrl Pts',(31.4000302022804,0.199999999999997,9.6));
#2213=CARTESIAN_POINT('',(31.5414302022804,0.258569797719553,9.6));
#2214=CARTESIAN_POINT('Ctrl Pts',(31.670877448394,0.12912255160603,9.47087744839397));
#2215=CARTESIAN_POINT('Ctrl Pts',(31.6603203882377,0.139679611762344,9.4919915687066));
#2216=CARTESIAN_POINT('Ctrl Pts',(31.6360331636472,0.163966836352845,9.53206396640423));
#2217=CARTESIAN_POINT('Ctrl Pts',(31.5818333357533,0.218166664246729,9.5869998422616));
#2218=CARTESIAN_POINT('Ctrl Pts',(31.5513025240026,0.248697475997433,9.6));
#2219=CARTESIAN_POINT('Ctrl Pts',(31.5414302022804,0.258569797719553,9.6));
#2220=CARTESIAN_POINT('',(31.4000302022804,0.2,9.6));
#2221=CARTESIAN_POINT('Origin',(31.4000302022804,0.399969797719556,9.6));
#2222=CARTESIAN_POINT('Ctrl Pts',(31.4000302022804,0.0876186426760704,9.51238135548632));
#2223=CARTESIAN_POINT('Ctrl Pts',(31.4000302022804,0.0960026336418951,9.52076352741112));
#2224=CARTESIAN_POINT('Ctrl Pts',(31.4000302022804,0.121624860667125,9.54552980383658));
#2225=CARTESIAN_POINT('Ctrl Pts',(31.4000302022805,0.160071205137283,9.57828864445976));
#2226=CARTESIAN_POINT('Ctrl Pts',(31.4000302022804,0.18871474952856,9.59738437921123));
#2227=CARTESIAN_POINT('Ctrl Pts',(31.4000302022804,0.197306259881194,9.6));
#2228=CARTESIAN_POINT('Ctrl Pts',(31.4000302022804,0.2,9.6));
#2229=CARTESIAN_POINT('Ctrl Pts',(31.670877448394,0.12912255160603,9.47087744839397));
#2230=CARTESIAN_POINT('Ctrl Pts',(31.6603203882377,0.139679611762344,9.4919915687066));
#2231=CARTESIAN_POINT('Ctrl Pts',(31.6360331636472,0.163966836352845,9.53206396640423));
#2232=CARTESIAN_POINT('Ctrl Pts',(31.5818333357533,0.218166664246729,9.5869998422616));
#2233=CARTESIAN_POINT('Ctrl Pts',(31.5513025240026,0.248697475997433,9.6));
#2234=CARTESIAN_POINT('Ctrl Pts',(31.5414302022804,0.258569797719553,9.6));
#2235=CARTESIAN_POINT('Ctrl Pts',(31.6814345085503,0.150236671918658,9.48143450855029));
#2236=CARTESIAN_POINT('Ctrl Pts',(31.6698685885974,0.159961178794381,9.50103516877543));
#2237=CARTESIAN_POINT('Ctrl Pts',(31.6439937918544,0.182214170808944,9.5384581119271));
#2238=CARTESIAN_POINT('Ctrl Pts',(31.5892248433966,0.232227266161594,9.58891584390451));
#2239=CARTESIAN_POINT('Ctrl Pts',(31.5620166536972,0.26050853032786,9.6));
#2240=CARTESIAN_POINT('Ctrl Pts',(31.553769680092,0.270909275531154,9.6));
#2241=CARTESIAN_POINT('Ctrl Pts',(31.6986638261761,0.192808132851705,9.49866382617607));
#2242=CARTESIAN_POINT('Ctrl Pts',(31.6856667854178,0.200945251478112,9.51553506751323));
#2243=CARTESIAN_POINT('Ctrl Pts',(31.6562256164619,0.219858780624939,9.54876966836746));
#2244=CARTESIAN_POINT('Ctrl Pts',(31.5999298797114,0.265393291287357,9.59312410497292));
#2245=CARTESIAN_POINT('Ctrl Pts',(31.5805114729792,0.288293930621519,9.59999999999999));
#2246=CARTESIAN_POINT('Ctrl Pts',(31.5751985495345,0.298836005070117,9.59999999999999));
#2247=CARTESIAN_POINT('Ctrl Pts',(31.7111160299769,0.282299009334925,9.51111602997696));
#2248=CARTESIAN_POINT('Ctrl Pts',(31.6943576580032,0.289279007081423,9.52805673018615));
#2249=CARTESIAN_POINT('Ctrl Pts',(31.6562506238824,0.305757467675652,9.56289926823089));
#2250=CARTESIAN_POINT('Ctrl Pts',(31.6101456261189,0.329987830629679,9.59619615592724));
#2251=CARTESIAN_POINT('Ctrl Pts',(31.598690042972,0.341109913463591,9.6));
#2252=CARTESIAN_POINT('Ctrl Pts',(31.5954053190626,0.347619462116518,9.6));
#2253=CARTESIAN_POINT('Ctrl Pts',(31.7123899343099,0.361147874183992,9.51238993430993));
#2254=CARTESIAN_POINT('Ctrl Pts',(31.6940026365725,0.363304647713746,9.53077723204736));
#2255=CARTESIAN_POINT('Ctrl Pts',(31.6551007631915,0.368003198601804,9.56657391163756));
#2256=CARTESIAN_POINT('Ctrl Pts',(31.6147593555246,0.375573299282399,9.59600129727999));
#2257=CARTESIAN_POINT('Ctrl Pts',(31.6033172910722,0.38025346148859,9.6));
#2258=CARTESIAN_POINT('Ctrl Pts',(31.6,0.382519140845789,9.6));
#2259=CARTESIAN_POINT('Ctrl Pts',(31.7123899343099,0.399969797719557,9.51238993430993));
#2260=CARTESIAN_POINT('Ctrl Pts',(31.6929210308232,0.399969797719557,9.53185883779662));
#2261=CARTESIAN_POINT('Ctrl Pts',(31.6526849179346,0.399969797719556,9.568612442563));
#2262=CARTESIAN_POINT('Ctrl Pts',(31.6137937709678,0.399969797719556,9.59646132682805));
#2263=CARTESIAN_POINT('Ctrl Pts',(31.6031426968053,0.399969797719556,9.6));
#2264=CARTESIAN_POINT('Ctrl Pts',(31.6,0.399969797719556,9.6));
#2265=CARTESIAN_POINT('',(31.7123899343099,0.399969797719557,9.51238993430993));
#2266=CARTESIAN_POINT('Ctrl Pts',(31.670877448394,0.12912255160603,9.47087744839397));
#2267=CARTESIAN_POINT('Ctrl Pts',(31.6814345085503,0.150236671918658,9.48143450855029));
#2268=CARTESIAN_POINT('Ctrl Pts',(31.6986638261761,0.192808132851705,9.49866382617607));
#2269=CARTESIAN_POINT('Ctrl Pts',(31.7111160299769,0.282299009334925,9.51111602997696));
#2270=CARTESIAN_POINT('Ctrl Pts',(31.7123899343099,0.361147874183992,9.51238993430993));
#2271=CARTESIAN_POINT('Ctrl Pts',(31.7123899343099,0.399969797719557,9.51238993430993));
#2272=CARTESIAN_POINT('',(31.6,0.399969797719556,9.6));
#2273=CARTESIAN_POINT('Ctrl Pts',(31.6,0.399969797719555,9.6));
#2274=CARTESIAN_POINT('Ctrl Pts',(31.6026937401188,0.399969797719555,9.6));
#2275=CARTESIAN_POINT('Ctrl Pts',(31.6112815018098,0.399969797719555,9.59738798417105));
#2276=CARTESIAN_POINT('Ctrl Pts',(31.6399235289219,0.399969797719555,9.57829381168463));
#2277=CARTESIAN_POINT('Ctrl Pts',(31.6783705259585,0.399969797719555,9.54553452786097));
#2278=CARTESIAN_POINT('Ctrl Pts',(31.7039951390527,0.399969797719555,9.52076590383433));
#2279=CARTESIAN_POINT('Ctrl Pts',(31.7123813875132,0.399969797719555,9.51238138575562));
#2280=CARTESIAN_POINT('Origin',(31.4000302022804,0.399969797719556,9.6));
#2281=CARTESIAN_POINT('Ctrl Pts',(31.670877448394,0.12912255160603,9.47087744839397));
#2282=CARTESIAN_POINT('Ctrl Pts',(31.6814345085503,0.150236671918658,9.48143450855029));
#2283=CARTESIAN_POINT('Ctrl Pts',(31.6986638261761,0.192808132851705,9.49866382617607));
#2284=CARTESIAN_POINT('Ctrl Pts',(31.7111160299769,0.282299009334925,9.51111602997696));
#2285=CARTESIAN_POINT('Ctrl Pts',(31.7123899343099,0.361147874183992,9.51238993430993));
#2286=CARTESIAN_POINT('Ctrl Pts',(31.7123899343099,0.399969797719557,9.51238993430993));
#2287=CARTESIAN_POINT('Ctrl Pts',(31.6919915687066,0.139679611762344,9.46032038823766));
#2288=CARTESIAN_POINT('Ctrl Pts',(31.7010351687754,0.159961178794381,9.46986858859741));
#2289=CARTESIAN_POINT('Ctrl Pts',(31.7155350675132,0.200945251478113,9.48566678541779));
#2290=CARTESIAN_POINT('Ctrl Pts',(31.7280567301861,0.289279007081423,9.49435765800318));
#2291=CARTESIAN_POINT('Ctrl Pts',(31.7307772320474,0.363304647713746,9.49400263657251));
#2292=CARTESIAN_POINT('Ctrl Pts',(31.7318588377966,0.399969797719557,9.49292103082325));
#2293=CARTESIAN_POINT('Ctrl Pts',(31.7320639664042,0.163966836352845,9.43603316364716));
#2294=CARTESIAN_POINT('Ctrl Pts',(31.7384581119271,0.182214170808944,9.44399379185444));
#2295=CARTESIAN_POINT('Ctrl Pts',(31.7487696683675,0.21985878062494,9.45622561646186));
#2296=CARTESIAN_POINT('Ctrl Pts',(31.7628992682309,0.305757467675652,9.45625062388241));
#2297=CARTESIAN_POINT('Ctrl Pts',(31.7665739116376,0.368003198601805,9.4551007631915));
#2298=CARTESIAN_POINT('Ctrl Pts',(31.768612442563,0.399969797719557,9.45268491793464));
#2299=CARTESIAN_POINT('Ctrl Pts',(31.7869998422616,0.21816666424673,9.38183333575328));
#2300=CARTESIAN_POINT('Ctrl Pts',(31.7889158439045,0.232227266161596,9.38922484339664));
#2301=CARTESIAN_POINT('Ctrl Pts',(31.7931241049729,0.265393291287358,9.39992987971139));
#2302=CARTESIAN_POINT('Ctrl Pts',(31.7961961559273,0.329987830629682,9.41014562611891));
#2303=CARTESIAN_POINT('Ctrl Pts',(31.79600129728,0.3755732992824,9.41475935552458));
#2304=CARTESIAN_POINT('Ctrl Pts',(31.7964613268281,0.399969797719557,9.41379377096784));
#2305=CARTESIAN_POINT('Ctrl Pts',(31.8,0.248697475997436,9.35130252400258));
#2306=CARTESIAN_POINT('Ctrl Pts',(31.8,0.260508530327862,9.36201665369721));
#2307=CARTESIAN_POINT('Ctrl Pts',(31.8,0.288293930621521,9.38051147297925));
#2308=CARTESIAN_POINT('Ctrl Pts',(31.8,0.341109913463593,9.39869004297197));
#2309=CARTESIAN_POINT('Ctrl Pts',(31.8,0.380253461488592,9.40331729107224));
#2310=CARTESIAN_POINT('Ctrl Pts',(31.8,0.399969797719557,9.40314269680528));
#2311=CARTESIAN_POINT('Ctrl Pts',(31.8,0.258569797719556,9.34143020228046));
#2312=CARTESIAN_POINT('Ctrl Pts',(31.8,0.270909275531156,9.35376968009206));
#2313=CARTESIAN_POINT('Ctrl Pts',(31.8,0.29883600507012,9.37519854953449));
#2314=CARTESIAN_POINT('Ctrl Pts',(31.8,0.34761946211652,9.39540531906255));
#2315=CARTESIAN_POINT('Ctrl Pts',(31.8,0.382519140845791,9.40000000000001));
#2316=CARTESIAN_POINT('Ctrl Pts',(31.8,0.399969797719557,9.40000000000001));
#2317=CARTESIAN_POINT('',(31.8,0.258569797719556,9.34143020228046));
#2318=CARTESIAN_POINT('Ctrl Pts',(31.670877448394,0.12912255160603,9.47087744839397));
#2319=CARTESIAN_POINT('Ctrl Pts',(31.6919915687066,0.139679611762344,9.46032038823766));
#2320=CARTESIAN_POINT('Ctrl Pts',(31.7320639664042,0.163966836352845,9.43603316364716));
#2321=CARTESIAN_POINT('Ctrl Pts',(31.7869998422616,0.21816666424673,9.38183333575328));
#2322=CARTESIAN_POINT('Ctrl Pts',(31.8,0.248697475997436,9.35130252400258));
#2323=CARTESIAN_POINT('Ctrl Pts',(31.8,0.258569797719556,9.34143020228046));
#2324=CARTESIAN_POINT('',(31.8,0.399969797719557,9.4));
#2325=CARTESIAN_POINT('Origin',(31.8,0.399969797719557,9.20003020228045));
#2326=CARTESIAN_POINT('Ctrl Pts',(31.7123813875132,0.399969797719555,9.51238138575562));
#2327=CARTESIAN_POINT('Ctrl Pts',(31.7207725592259,0.399969797719555,9.50399194544052));
#2328=CARTESIAN_POINT('Ctrl Pts',(31.7537148025042,0.399969797719556,9.46992137007757));
#2329=CARTESIAN_POINT('Ctrl Pts',(31.7830529264257,0.399969797719556,9.43350594413049));
#2330=CARTESIAN_POINT('Ctrl Pts',(31.7978331879285,0.399969797719556,9.40936457706045));
#2331=CARTESIAN_POINT('Ctrl Pts',(31.8,0.399969797719556,9.4026937401188));
#2332=CARTESIAN_POINT('Ctrl Pts',(31.8,0.399969797719556,9.4));
#2333=CARTESIAN_POINT('Ctrl Pts',(0.12912255160603,15.670877448394,9.47087744839397));
#2334=CARTESIAN_POINT('Ctrl Pts',(0.150236671918657,15.6814345085503,9.48143450855029));
#2335=CARTESIAN_POINT('Ctrl Pts',(0.192808132851703,15.6986638261761,9.49866382617606));
#2336=CARTESIAN_POINT('Ctrl Pts',(0.282299009334921,15.7111160299769,9.51111602997696));
#2337=CARTESIAN_POINT('Ctrl Pts',(0.361147874183985,15.7123899343099,9.51238993430992));
#2338=CARTESIAN_POINT('Ctrl Pts',(0.399969797719548,15.7123899343099,9.51238993430992));
#2339=CARTESIAN_POINT('Ctrl Pts',(0.139679611762343,15.6603203882377,9.4919915687066));
#2340=CARTESIAN_POINT('Ctrl Pts',(0.15996117879438,15.6698685885974,9.50103516877543));
#2341=CARTESIAN_POINT('Ctrl Pts',(0.200945251478111,15.6856667854178,9.51553506751323));
#2342=CARTESIAN_POINT('Ctrl Pts',(0.289279007081418,15.6943576580032,9.52805673018616));
#2343=CARTESIAN_POINT('Ctrl Pts',(0.363304647713738,15.6940026365725,9.53077723204735));
#2344=CARTESIAN_POINT('Ctrl Pts',(0.399969797719548,15.6929210308232,9.53185883779661));
#2345=CARTESIAN_POINT('Ctrl Pts',(0.163966836352847,15.6360331636472,9.53206396640423));
#2346=CARTESIAN_POINT('Ctrl Pts',(0.182214170808946,15.6439937918544,9.53845811192711));
#2347=CARTESIAN_POINT('Ctrl Pts',(0.219858780624935,15.6562256164618,9.54876966836746));
#2348=CARTESIAN_POINT('Ctrl Pts',(0.305757467675656,15.6562506238824,9.56289926823088));
#2349=CARTESIAN_POINT('Ctrl Pts',(0.368003198601798,15.6551007631915,9.56657391163756));
#2350=CARTESIAN_POINT('Ctrl Pts',(0.399969797719549,15.6526849179346,9.56861244256301));
#2351=CARTESIAN_POINT('Ctrl Pts',(0.218166664246727,15.5818333357533,9.58699984226159));
#2352=CARTESIAN_POINT('Ctrl Pts',(0.232227266161592,15.5892248433966,9.5889158439045));
#2353=CARTESIAN_POINT('Ctrl Pts',(0.265393291287342,15.5999298797114,9.59312410497291));
#2354=CARTESIAN_POINT('Ctrl Pts',(0.329987830629688,15.6101456261189,9.59619615592725));
#2355=CARTESIAN_POINT('Ctrl Pts',(0.375573299282392,15.6147593555246,9.59600129727999));
#2356=CARTESIAN_POINT('Ctrl Pts',(0.399969797719548,15.6137937709678,9.59646132682806));
#2357=CARTESIAN_POINT('Ctrl Pts',(0.248697475997433,15.5513025240026,9.6));
#2358=CARTESIAN_POINT('Ctrl Pts',(0.260508530327859,15.5620166536972,9.6));
#2359=CARTESIAN_POINT('Ctrl Pts',(0.288293930621517,15.5805114729792,9.59999999999999));
#2360=CARTESIAN_POINT('Ctrl Pts',(0.341109913463586,15.598690042972,9.6));
#2361=CARTESIAN_POINT('Ctrl Pts',(0.380253461488584,15.6033172910722,9.6));
#2362=CARTESIAN_POINT('Ctrl Pts',(0.399969797719548,15.6031426968053,9.6));
#2363=CARTESIAN_POINT('Ctrl Pts',(0.258569797719554,15.5414302022804,9.6));
#2364=CARTESIAN_POINT('Ctrl Pts',(0.270909275531153,15.553769680092,9.6));
#2365=CARTESIAN_POINT('Ctrl Pts',(0.298836005070115,15.5751985495345,9.59999999999999));
#2366=CARTESIAN_POINT('Ctrl Pts',(0.347619462116513,15.5954053190625,9.6));
#2367=CARTESIAN_POINT('Ctrl Pts',(0.382519140845782,15.6,9.6));
#2368=CARTESIAN_POINT('Ctrl Pts',(0.399969797719548,15.6,9.6));
#2369=CARTESIAN_POINT('',(0.12912255160603,15.670877448394,9.47087744839397));
#2370=CARTESIAN_POINT('',(0.399969797719548,15.7123899343099,9.51238993430993));
#2371=CARTESIAN_POINT('Ctrl Pts',(0.12912255160603,15.670877448394,9.47087744839397));
#2372=CARTESIAN_POINT('Ctrl Pts',(0.150236671918657,15.6814345085503,9.48143450855029));
#2373=CARTESIAN_POINT('Ctrl Pts',(0.192808132851703,15.6986638261761,9.49866382617606));
#2374=CARTESIAN_POINT('Ctrl Pts',(0.282299009334921,15.7111160299769,9.51111602997696));
#2375=CARTESIAN_POINT('Ctrl Pts',(0.361147874183985,15.7123899343099,9.51238993430992));
#2376=CARTESIAN_POINT('Ctrl Pts',(0.399969797719548,15.7123899343099,9.51238993430992));
#2377=CARTESIAN_POINT('',(0.258569797719554,15.5414302022804,9.6));
#2378=CARTESIAN_POINT('Ctrl Pts',(0.12912255160603,15.670877448394,9.47087744839397));
#2379=CARTESIAN_POINT('Ctrl Pts',(0.139679611762343,15.6603203882377,9.4919915687066));
#2380=CARTESIAN_POINT('Ctrl Pts',(0.163966836352847,15.6360331636472,9.53206396640423));
#2381=CARTESIAN_POINT('Ctrl Pts',(0.218166664246727,15.5818333357533,9.58699984226159));
#2382=CARTESIAN_POINT('Ctrl Pts',(0.248697475997433,15.5513025240026,9.6));
#2383=CARTESIAN_POINT('Ctrl Pts',(0.258569797719554,15.5414302022804,9.6));
#2384=CARTESIAN_POINT('',(0.399969797719548,15.6,9.6));
#2385=CARTESIAN_POINT('Origin',(0.399969797719548,15.4000302022804,9.6));
#2386=CARTESIAN_POINT('Ctrl Pts',(0.399969797719544,15.7123813875133,9.51238138575559));
#2387=CARTESIAN_POINT('Ctrl Pts',(0.399969797719544,15.7039951390528,9.52076590383431));
#2388=CARTESIAN_POINT('Ctrl Pts',(0.399969797719544,15.6783705259585,9.54553452786097));
#2389=CARTESIAN_POINT('Ctrl Pts',(0.399969797719544,15.6399235289219,9.57829381168463));
#2390=CARTESIAN_POINT('Ctrl Pts',(0.399969797719544,15.6112815018098,9.59738798417105));
#2391=CARTESIAN_POINT('Ctrl Pts',(0.399969797719544,15.6026937401188,9.6));
#2392=CARTESIAN_POINT('Ctrl Pts',(0.399969797719544,15.6,9.6));
#2393=CARTESIAN_POINT('Ctrl Pts',(0.12912255160603,15.670877448394,9.47087744839397));
#2394=CARTESIAN_POINT('Ctrl Pts',(0.139679611762343,15.6603203882377,9.4919915687066));
#2395=CARTESIAN_POINT('Ctrl Pts',(0.163966836352847,15.6360331636472,9.53206396640423));
#2396=CARTESIAN_POINT('Ctrl Pts',(0.218166664246727,15.5818333357533,9.58699984226159));
#2397=CARTESIAN_POINT('Ctrl Pts',(0.248697475997433,15.5513025240026,9.6));
#2398=CARTESIAN_POINT('Ctrl Pts',(0.258569797719554,15.5414302022804,9.6));
#2399=CARTESIAN_POINT('Ctrl Pts',(0.118565491449716,15.6497633280813,9.48143450855029));
#2400=CARTESIAN_POINT('Ctrl Pts',(0.130131411402588,15.6400388212056,9.50103516877543));
#2401=CARTESIAN_POINT('Ctrl Pts',(0.156006208145566,15.6177858291911,9.5384581119271));
#2402=CARTESIAN_POINT('Ctrl Pts',(0.210775156603364,15.5677727338384,9.5889158439045));
#2403=CARTESIAN_POINT('Ctrl Pts',(0.237983346302799,15.5394914696721,9.6));
#2404=CARTESIAN_POINT('Ctrl Pts',(0.246230319907954,15.5290907244688,9.6));
#2405=CARTESIAN_POINT('Ctrl Pts',(0.101336173823936,15.6071918671483,9.49866382617607));
#2406=CARTESIAN_POINT('Ctrl Pts',(0.114333214582213,15.5990547485219,9.51553506751323));
#2407=CARTESIAN_POINT('Ctrl Pts',(0.143774383538147,15.5801412193751,9.54876966836747));
#2408=CARTESIAN_POINT('Ctrl Pts',(0.200070120288617,15.5346067087126,9.59312410497292));
#2409=CARTESIAN_POINT('Ctrl Pts',(0.219488527020756,15.5117060693785,9.6));
#2410=CARTESIAN_POINT('Ctrl Pts',(0.224801450465521,15.5011639949299,9.6));
#2411=CARTESIAN_POINT('Ctrl Pts',(0.0888839700230473,15.5177009906651,9.51111602997695));
#2412=CARTESIAN_POINT('Ctrl Pts',(0.105642341996827,15.5107209929186,9.52805673018615));
#2413=CARTESIAN_POINT('Ctrl Pts',(0.14374937611759,15.4942425323244,9.56289926823089));
#2414=CARTESIAN_POINT('Ctrl Pts',(0.189854373881102,15.4700121693703,9.59619615592723));
#2415=CARTESIAN_POINT('Ctrl Pts',(0.201309957028038,15.4588900865364,9.6));
#2416=CARTESIAN_POINT('Ctrl Pts',(0.204594680937455,15.4523805378835,9.6));
#2417=CARTESIAN_POINT('Ctrl Pts',(0.0876100656900706,15.438852125816,9.51238993430994));
#2418=CARTESIAN_POINT('Ctrl Pts',(0.105997363427493,15.4366953522863,9.53077723204736));
#2419=CARTESIAN_POINT('Ctrl Pts',(0.144899236808513,15.4319968013982,9.56657391163756));
#2420=CARTESIAN_POINT('Ctrl Pts',(0.185240644475428,15.4244267007176,9.59600129728));
#2421=CARTESIAN_POINT('Ctrl Pts',(0.196682708927767,15.4197465385114,9.6));
#2422=CARTESIAN_POINT('Ctrl Pts',(0.2,15.4174808591542,9.6));
#2423=CARTESIAN_POINT('Ctrl Pts',(0.0876100656900706,15.4000302022804,9.51238993430994));
#2424=CARTESIAN_POINT('Ctrl Pts',(0.107078969176753,15.4000302022804,9.53185883779662));
#2425=CARTESIAN_POINT('Ctrl Pts',(0.147315082065367,15.4000302022804,9.568612442563));
#2426=CARTESIAN_POINT('Ctrl Pts',(0.186206229032167,15.4000302022804,9.59646132682806));
#2427=CARTESIAN_POINT('Ctrl Pts',(0.196857303194727,15.4000302022804,9.6));
#2428=CARTESIAN_POINT('Ctrl Pts',(0.2,15.4000302022804,9.6));
#2429=CARTESIAN_POINT('',(0.0876100656900706,15.4000302022804,9.51238993430994));
#2430=CARTESIAN_POINT('Ctrl Pts',(0.12912255160603,15.670877448394,9.47087744839397));
#2431=CARTESIAN_POINT('Ctrl Pts',(0.118565491449716,15.6497633280813,9.48143450855029));
#2432=CARTESIAN_POINT('Ctrl Pts',(0.101336173823934,15.6071918671483,9.49866382617607));
#2433=CARTESIAN_POINT('Ctrl Pts',(0.0888839700230478,15.5177009906651,9.51111602997696));
#2434=CARTESIAN_POINT('Ctrl Pts',(0.0876100656900705,15.438852125816,9.51238993430993));
#2435=CARTESIAN_POINT('Ctrl Pts',(0.0876100656900705,15.4000302022804,9.51238993430993));
#2436=CARTESIAN_POINT('',(0.2,15.4000302022804,9.6));
#2437=CARTESIAN_POINT('Ctrl Pts',(0.2,15.4000302022804,9.6));
#2438=CARTESIAN_POINT('Ctrl Pts',(0.194612519762388,15.4000302022804,9.6));
#2439=CARTESIAN_POINT('Ctrl Pts',(0.175421816900405,15.4000302022804,9.59134564875719));
#2440=CARTESIAN_POINT('Ctrl Pts',(0.121515271450114,15.4000302022804,9.54546555760075));
#2441=CARTESIAN_POINT('Ctrl Pts',(0.0959276742257471,15.4000302022804,9.52073610129975));
#2442=CARTESIAN_POINT('Ctrl Pts',(0.0875940042598197,15.4000302022804,9.51240600754571));
#2443=CARTESIAN_POINT('Origin',(0.399969797719548,15.4000302022804,9.6));
#2444=CARTESIAN_POINT('Ctrl Pts',(0.12912255160603,15.670877448394,9.47087744839397));
#2445=CARTESIAN_POINT('Ctrl Pts',(0.118565491449716,15.6497633280813,9.48143450855029));
#2446=CARTESIAN_POINT('Ctrl Pts',(0.101336173823934,15.6071918671483,9.49866382617607));
#2447=CARTESIAN_POINT('Ctrl Pts',(0.0888839700230478,15.5177009906651,9.51111602997696));
#2448=CARTESIAN_POINT('Ctrl Pts',(0.0876100656900705,15.438852125816,9.51238993430993));
#2449=CARTESIAN_POINT('Ctrl Pts',(0.0876100656900705,15.4000302022804,9.51238993430993));
#2450=CARTESIAN_POINT('Ctrl Pts',(0.108008431293402,15.6603203882377,9.46032038823766));
#2451=CARTESIAN_POINT('Ctrl Pts',(0.0989648312245682,15.6400388212056,9.46986858859742));
#2452=CARTESIAN_POINT('Ctrl Pts',(0.0844649324867709,15.5990547485219,9.48566678541779));
#2453=CARTESIAN_POINT('Ctrl Pts',(0.0719432698138465,15.5107209929186,9.49435765800318));
#2454=CARTESIAN_POINT('Ctrl Pts',(0.0692227679526483,15.4366953522863,9.49400263657251));
#2455=CARTESIAN_POINT('Ctrl Pts',(0.0681411622033881,15.4000302022804,9.49292103082325));
#2456=CARTESIAN_POINT('Ctrl Pts',(0.0679360335957724,15.6360331636472,9.43603316364716));
#2457=CARTESIAN_POINT('Ctrl Pts',(0.0615418880728988,15.6177858291911,9.44399379185444));
#2458=CARTESIAN_POINT('Ctrl Pts',(0.0512303316325427,15.5801412193751,9.45622561646186));
#2459=CARTESIAN_POINT('Ctrl Pts',(0.0371007317691093,15.4942425323243,9.45625062388242));
#2460=CARTESIAN_POINT('Ctrl Pts',(0.0334260883624445,15.4319968013982,9.4551007631915));
#2461=CARTESIAN_POINT('Ctrl Pts',(0.0313875574369983,15.4000302022804,9.45268491793464));
#2462=CARTESIAN_POINT('Ctrl Pts',(0.0130001577384055,15.5818333357533,9.38183333575328));
#2463=CARTESIAN_POINT('Ctrl Pts',(0.0110841560954948,15.5677727338384,9.38922484339664));
#2464=CARTESIAN_POINT('Ctrl Pts',(0.00687589502708363,15.5346067087127,
9.39992987971139));
#2465=CARTESIAN_POINT('Ctrl Pts',(0.00380384407276063,15.4700121693703,
9.41014562611891));
#2466=CARTESIAN_POINT('Ctrl Pts',(0.00399870272000439,15.4244267007176,
9.41475935552458));
#2467=CARTESIAN_POINT('Ctrl Pts',(0.00353867317194383,15.4000302022804,
9.41379377096784));
#2468=CARTESIAN_POINT('Ctrl Pts',(0.,15.5513025240026,9.35130252400257));
#2469=CARTESIAN_POINT('Ctrl Pts',(0.,15.5394914696721,9.36201665369721));
#2470=CARTESIAN_POINT('Ctrl Pts',(3.29726112205686E-20,15.5117060693785,
9.38051147297926));
#2471=CARTESIAN_POINT('Ctrl Pts',(-1.1540413927199E-19,15.4588900865364,
9.39869004297197));
#2472=CARTESIAN_POINT('Ctrl Pts',(2.47294584154264E-19,15.4197465385114,
9.40331729107224));
#2473=CARTESIAN_POINT('Ctrl Pts',(0.,15.4000302022804,9.40314269680528));
#2474=CARTESIAN_POINT('Ctrl Pts',(0.,15.5414302022804,9.34143020228045));
#2475=CARTESIAN_POINT('Ctrl Pts',(0.,15.5290907244688,9.35376968009205));
#2476=CARTESIAN_POINT('Ctrl Pts',(0.,15.5011639949299,9.37519854953449));
#2477=CARTESIAN_POINT('Ctrl Pts',(0.,15.4523805378835,9.39540531906255));
#2478=CARTESIAN_POINT('Ctrl Pts',(0.,15.4174808591542,9.40000000000001));
#2479=CARTESIAN_POINT('Ctrl Pts',(0.,15.4000302022804,9.40000000000001));
#2480=CARTESIAN_POINT('',(1.68270579029712E-33,15.5414302022804,9.34143020228045));
#2481=CARTESIAN_POINT('Ctrl Pts',(0.12912255160603,15.670877448394,9.47087744839397));
#2482=CARTESIAN_POINT('Ctrl Pts',(0.108008431293402,15.6603203882377,9.46032038823766));
#2483=CARTESIAN_POINT('Ctrl Pts',(0.0679360335957724,15.6360331636472,9.43603316364716));
#2484=CARTESIAN_POINT('Ctrl Pts',(0.0130001577384055,15.5818333357533,9.38183333575328));
#2485=CARTESIAN_POINT('Ctrl Pts',(0.,15.5513025240026,9.35130252400257));
#2486=CARTESIAN_POINT('Ctrl Pts',(0.,15.5414302022804,9.34143020228045));
#2487=CARTESIAN_POINT('',(0.,15.4000302022804,9.4));
#2488=CARTESIAN_POINT('Origin',(0.,15.4000302022804,9.20003020228045));
#2489=CARTESIAN_POINT('Ctrl Pts',(0.0875940042598197,15.4000302022804,9.51240600754571));
#2490=CARTESIAN_POINT('Ctrl Pts',(0.0791329770596081,15.4000302022804,9.50394861120996));
#2491=CARTESIAN_POINT('Ctrl Pts',(0.0461043252401764,15.4000302022804,9.46978223767089));
#2492=CARTESIAN_POINT('Ctrl Pts',(0.00512124599034679,15.4000302022804,
9.41886596941406));
#2493=CARTESIAN_POINT('Ctrl Pts',(-7.00934133340971E-19,15.4000302022804,
9.40404061017821));
#2494=CARTESIAN_POINT('Ctrl Pts',(0.,15.4000302022804,9.4));
#2495=CARTESIAN_POINT('Ctrl Pts',(0.12912255160603,15.670877448394,9.47087744839397));
#2496=CARTESIAN_POINT('Ctrl Pts',(0.108008431293402,15.6603203882377,9.46032038823766));
#2497=CARTESIAN_POINT('Ctrl Pts',(0.0679360335957724,15.6360331636472,9.43603316364716));
#2498=CARTESIAN_POINT('Ctrl Pts',(0.0130001577384055,15.5818333357533,9.38183333575328));
#2499=CARTESIAN_POINT('Ctrl Pts',(0.,15.5513025240026,9.35130252400257));
#2500=CARTESIAN_POINT('Ctrl Pts',(0.,15.5414302022804,9.34143020228045));
#2501=CARTESIAN_POINT('Ctrl Pts',(0.118565491449716,15.6814345085503,9.44976332808135));
#2502=CARTESIAN_POINT('Ctrl Pts',(0.0989648312245682,15.6698685885974,9.44003882120562));
#2503=CARTESIAN_POINT('Ctrl Pts',(0.0615418880728988,15.6439937918544,9.41778582919106));
#2504=CARTESIAN_POINT('Ctrl Pts',(0.0110841560954948,15.5892248433966,9.36777273383841));
#2505=CARTESIAN_POINT('Ctrl Pts',(0.,15.5620166536972,9.33949146967215));
#2506=CARTESIAN_POINT('Ctrl Pts',(0.,15.553769680092,9.32909072446885));
#2507=CARTESIAN_POINT('Ctrl Pts',(0.101336173823936,15.6986638261761,9.4071918671483));
#2508=CARTESIAN_POINT('Ctrl Pts',(0.0844649324867725,15.6856667854178,9.3990547485219));
#2509=CARTESIAN_POINT('Ctrl Pts',(0.0512303316325395,15.6562256164618,9.38014121937506));
#2510=CARTESIAN_POINT('Ctrl Pts',(0.00687589502708461,15.5999298797114,
9.33460670871265));
#2511=CARTESIAN_POINT('Ctrl Pts',(0.,15.5805114729792,9.31170606937849));
#2512=CARTESIAN_POINT('Ctrl Pts',(0.,15.5751985495345,9.30116399492989));
#2513=CARTESIAN_POINT('Ctrl Pts',(0.0888839700230473,15.711116029977,9.31770099066508));
#2514=CARTESIAN_POINT('Ctrl Pts',(0.0719432698138461,15.6943576580032,9.31072099291858));
#2515=CARTESIAN_POINT('Ctrl Pts',(0.0371007317691106,15.6562506238824,9.29424253232435));
#2516=CARTESIAN_POINT('Ctrl Pts',(0.00380384407276028,15.6101456261189,
9.27001216937032));
#2517=CARTESIAN_POINT('Ctrl Pts',(0.,15.598690042972,9.25889008653642));
#2518=CARTESIAN_POINT('Ctrl Pts',(0.,15.5954053190625,9.25238053788349));
#2519=CARTESIAN_POINT('Ctrl Pts',(0.0876100656900705,15.7123899343099,9.23885212581602));
#2520=CARTESIAN_POINT('Ctrl Pts',(0.0692227679526483,15.6940026365725,9.23669535228626));
#2521=CARTESIAN_POINT('Ctrl Pts',(0.0334260883624447,15.6551007631915,9.2319968013982));
#2522=CARTESIAN_POINT('Ctrl Pts',(0.00399870272000427,15.6147593555246,
9.22442670071761));
#2523=CARTESIAN_POINT('Ctrl Pts',(0.,15.6033172910722,9.21974653851142));
#2524=CARTESIAN_POINT('Ctrl Pts',(0.,15.6,9.21748085915422));
#2525=CARTESIAN_POINT('Ctrl Pts',(0.0876100656900705,15.7123899343099,9.20003020228045));
#2526=CARTESIAN_POINT('Ctrl Pts',(0.0681411622033882,15.6929210308233,9.20003020228045));
#2527=CARTESIAN_POINT('Ctrl Pts',(0.0313875574369984,15.6526849179346,9.20003020228044));
#2528=CARTESIAN_POINT('Ctrl Pts',(0.00353867317194372,15.6137937709678,
9.20003020228045));
#2529=CARTESIAN_POINT('Ctrl Pts',(0.,15.6031426968053,9.20003020228045));
#2530=CARTESIAN_POINT('Ctrl Pts',(0.,15.6,9.20003020228045));
#2531=CARTESIAN_POINT('',(0.0876100656900705,15.7123899343099,9.20003020228045));
#2532=CARTESIAN_POINT('Ctrl Pts',(0.12912255160603,15.670877448394,9.47087744839397));
#2533=CARTESIAN_POINT('Ctrl Pts',(0.118565491449716,15.6814345085503,9.44976332808135));
#2534=CARTESIAN_POINT('Ctrl Pts',(0.101336173823936,15.6986638261761,9.4071918671483));
#2535=CARTESIAN_POINT('Ctrl Pts',(0.0888839700230473,15.711116029977,9.31770099066508));
#2536=CARTESIAN_POINT('Ctrl Pts',(0.0876100656900705,15.7123899343099,9.23885212581602));
#2537=CARTESIAN_POINT('Ctrl Pts',(0.0876100656900705,15.7123899343099,9.20003020228045));
#2538=CARTESIAN_POINT('',(0.,15.6,9.20003020228045));
#2539=CARTESIAN_POINT('Ctrl Pts',(0.,15.6,9.20003020228045));
#2540=CARTESIAN_POINT('Ctrl Pts',(-7.00934133340971E-19,15.6040406101782,
9.20003020228045));
#2541=CARTESIAN_POINT('Ctrl Pts',(0.00512124599034679,15.6188659694141,
9.20003020228045));
#2542=CARTESIAN_POINT('Ctrl Pts',(0.0461043252401777,15.6697822376709,9.20003020228045));
#2543=CARTESIAN_POINT('Ctrl Pts',(0.0791329770596116,15.70394861121,9.20003020228045));
#2544=CARTESIAN_POINT('Ctrl Pts',(0.0875940042598251,15.7124060075457,9.20003020228045));
#2545=CARTESIAN_POINT('Origin',(0.,15.4000302022804,9.20003020228045));
#2546=CARTESIAN_POINT('Ctrl Pts',(0.12912255160603,15.670877448394,9.47087744839397));
#2547=CARTESIAN_POINT('Ctrl Pts',(0.118565491449716,15.6814345085503,9.44976332808135));
#2548=CARTESIAN_POINT('Ctrl Pts',(0.101336173823936,15.6986638261761,9.4071918671483));
#2549=CARTESIAN_POINT('Ctrl Pts',(0.0888839700230473,15.711116029977,9.31770099066508));
#2550=CARTESIAN_POINT('Ctrl Pts',(0.0876100656900705,15.7123899343099,9.23885212581602));
#2551=CARTESIAN_POINT('Ctrl Pts',(0.0876100656900705,15.7123899343099,9.20003020228045));
#2552=CARTESIAN_POINT('Ctrl Pts',(0.139679611762343,15.6919915687066,9.46032038823766));
#2553=CARTESIAN_POINT('Ctrl Pts',(0.130131411402588,15.7010351687754,9.44003882120562));
#2554=CARTESIAN_POINT('Ctrl Pts',(0.114333214582213,15.7155350675132,9.39905474852189));
#2555=CARTESIAN_POINT('Ctrl Pts',(0.105642341996827,15.7280567301862,9.31072099291858));
#2556=CARTESIAN_POINT('Ctrl Pts',(0.105997363427493,15.7307772320474,9.23669535228626));
#2557=CARTESIAN_POINT('Ctrl Pts',(0.107078969176753,15.7318588377966,9.20003020228045));
#2558=CARTESIAN_POINT('Ctrl Pts',(0.163966836352844,15.7320639664042,9.43603316364716));
#2559=CARTESIAN_POINT('Ctrl Pts',(0.156006208145563,15.7384581119271,9.41778582919106));
#2560=CARTESIAN_POINT('Ctrl Pts',(0.143774383538149,15.7487696683675,9.38014121937506));
#2561=CARTESIAN_POINT('Ctrl Pts',(0.143749376117591,15.7628992682309,9.29424253232434));
#2562=CARTESIAN_POINT('Ctrl Pts',(0.144899236808512,15.7665739116376,9.2319968013982));
#2563=CARTESIAN_POINT('Ctrl Pts',(0.147315082065367,15.768612442563,9.20003020228045));
#2564=CARTESIAN_POINT('Ctrl Pts',(0.218166664246728,15.7869998422616,9.38183333575327));
#2565=CARTESIAN_POINT('Ctrl Pts',(0.210775156603365,15.7889158439045,9.3677727338384));
#2566=CARTESIAN_POINT('Ctrl Pts',(0.200070120288613,15.7931241049729,9.33460670871265));
#2567=CARTESIAN_POINT('Ctrl Pts',(0.189854373881103,15.7961961559272,9.27001216937033));
#2568=CARTESIAN_POINT('Ctrl Pts',(0.185240644475428,15.79600129728,9.22442670071761));
#2569=CARTESIAN_POINT('Ctrl Pts',(0.186206229032167,15.7964613268281,9.20003020228045));
#2570=CARTESIAN_POINT('Ctrl Pts',(0.248697475997433,15.8,9.35130252400257));
#2571=CARTESIAN_POINT('Ctrl Pts',(0.237983346302799,15.8,9.33949146967214));
#2572=CARTESIAN_POINT('Ctrl Pts',(0.219488527020754,15.8,9.31170606937848));
#2573=CARTESIAN_POINT('Ctrl Pts',(0.201309957028038,15.8,9.25889008653641));
#2574=CARTESIAN_POINT('Ctrl Pts',(0.196682708927767,15.8,9.21974653851142));
#2575=CARTESIAN_POINT('Ctrl Pts',(0.196857303194727,15.8,9.20003020228045));
#2576=CARTESIAN_POINT('Ctrl Pts',(0.258569797719553,15.8,9.34143020228045));
#2577=CARTESIAN_POINT('Ctrl Pts',(0.246230319907954,15.8,9.32909072446885));
#2578=CARTESIAN_POINT('Ctrl Pts',(0.224801450465519,15.8,9.30116399492988));
#2579=CARTESIAN_POINT('Ctrl Pts',(0.204594680937456,15.8,9.25238053788348));
#2580=CARTESIAN_POINT('Ctrl Pts',(0.2,15.8,9.21748085915422));
#2581=CARTESIAN_POINT('Ctrl Pts',(0.2,15.8,9.20003020228045));
#2582=CARTESIAN_POINT('',(0.258569797719553,15.8,9.34143020228045));
#2583=CARTESIAN_POINT('Ctrl Pts',(0.12912255160603,15.670877448394,9.47087744839397));
#2584=CARTESIAN_POINT('Ctrl Pts',(0.139679611762343,15.6919915687066,9.46032038823766));
#2585=CARTESIAN_POINT('Ctrl Pts',(0.163966836352844,15.7320639664042,9.43603316364716));
#2586=CARTESIAN_POINT('Ctrl Pts',(0.218166664246728,15.7869998422616,9.38183333575327));
#2587=CARTESIAN_POINT('Ctrl Pts',(0.248697475997433,15.8,9.35130252400257));
#2588=CARTESIAN_POINT('Ctrl Pts',(0.258569797719553,15.8,9.34143020228045));
#2589=CARTESIAN_POINT('',(0.2,15.8,9.20003020228045));
#2590=CARTESIAN_POINT('Origin',(0.399969797719548,15.8,9.20003020228045));
#2591=CARTESIAN_POINT('Ctrl Pts',(0.0875940042598251,15.7124060075457,9.20003020228045));
#2592=CARTESIAN_POINT('Ctrl Pts',(0.0959276742257507,15.7207361012998,9.20003020228045));
#2593=CARTESIAN_POINT('Ctrl Pts',(0.121515271450116,15.7454655576008,9.20003020228045));
#2594=CARTESIAN_POINT('Ctrl Pts',(0.175421816900405,15.7913456487572,9.20003020228045));
#2595=CARTESIAN_POINT('Ctrl Pts',(0.194612519762388,15.8,9.20003020228045));
#2596=CARTESIAN_POINT('Ctrl Pts',(0.2,15.8,9.20003020228045));
#2597=CARTESIAN_POINT('Ctrl Pts',(31.670877448394,15.670877448394,9.47087744839397));
#2598=CARTESIAN_POINT('Ctrl Pts',(31.6814345085503,15.6497633280813,9.48143450855028));
#2599=CARTESIAN_POINT('Ctrl Pts',(31.6986638261761,15.6071918671483,9.49866382617607));
#2600=CARTESIAN_POINT('Ctrl Pts',(31.711116029977,15.5177009906651,9.51111602997696));
#2601=CARTESIAN_POINT('Ctrl Pts',(31.7123899343099,15.438852125816,9.51238993430992));
#2602=CARTESIAN_POINT('Ctrl Pts',(31.7123899343099,15.4000302022804,9.51238993430992));
#2603=CARTESIAN_POINT('Ctrl Pts',(31.6603203882377,15.6603203882377,9.4919915687066));
#2604=CARTESIAN_POINT('Ctrl Pts',(31.6698685885974,15.6400388212056,9.50103516877543));
#2605=CARTESIAN_POINT('Ctrl Pts',(31.6856667854178,15.5990547485219,9.51553506751323));
#2606=CARTESIAN_POINT('Ctrl Pts',(31.6943576580032,15.5107209929186,9.52805673018616));
#2607=CARTESIAN_POINT('Ctrl Pts',(31.6940026365725,15.4366953522863,9.53077723204735));
#2608=CARTESIAN_POINT('Ctrl Pts',(31.6929210308232,15.4000302022804,9.53185883779661));
#2609=CARTESIAN_POINT('Ctrl Pts',(31.6360331636472,15.6360331636472,9.53206396640423));
#2610=CARTESIAN_POINT('Ctrl Pts',(31.6439937918545,15.6177858291911,9.53845811192711));
#2611=CARTESIAN_POINT('Ctrl Pts',(31.6562256164619,15.5801412193751,9.54876966836746));
#2612=CARTESIAN_POINT('Ctrl Pts',(31.6562506238824,15.4942425323243,9.56289926823088));
#2613=CARTESIAN_POINT('Ctrl Pts',(31.6551007631915,15.4319968013982,9.56657391163756));
#2614=CARTESIAN_POINT('Ctrl Pts',(31.6526849179346,15.4000302022805,9.56861244256301));
#2615=CARTESIAN_POINT('Ctrl Pts',(31.5818333357533,15.5818333357533,9.58699984226159));
#2616=CARTESIAN_POINT('Ctrl Pts',(31.5892248433966,15.5677727338384,9.5889158439045));
#2617=CARTESIAN_POINT('Ctrl Pts',(31.5999298797114,15.5346067087126,9.59312410497291));
#2618=CARTESIAN_POINT('Ctrl Pts',(31.6101456261189,15.4700121693703,9.59619615592725));
#2619=CARTESIAN_POINT('Ctrl Pts',(31.6147593555246,15.4244267007176,9.59600129727999));
#2620=CARTESIAN_POINT('Ctrl Pts',(31.6137937709678,15.4000302022804,9.59646132682806));
#2621=CARTESIAN_POINT('Ctrl Pts',(31.5513025240026,15.5513025240026,9.6));
#2622=CARTESIAN_POINT('Ctrl Pts',(31.5620166536972,15.5394914696721,9.6));
#2623=CARTESIAN_POINT('Ctrl Pts',(31.5805114729792,15.5117060693785,9.59999999999999));
#2624=CARTESIAN_POINT('Ctrl Pts',(31.598690042972,15.4588900865364,9.6));
#2625=CARTESIAN_POINT('Ctrl Pts',(31.6033172910722,15.4197465385114,9.6));
#2626=CARTESIAN_POINT('Ctrl Pts',(31.6031426968053,15.4000302022804,9.6));
#2627=CARTESIAN_POINT('Ctrl Pts',(31.5414302022804,15.5414302022804,9.6));
#2628=CARTESIAN_POINT('Ctrl Pts',(31.553769680092,15.5290907244688,9.6));
#2629=CARTESIAN_POINT('Ctrl Pts',(31.5751985495345,15.5011639949299,9.59999999999999));
#2630=CARTESIAN_POINT('Ctrl Pts',(31.5954053190626,15.4523805378835,9.6));
#2631=CARTESIAN_POINT('Ctrl Pts',(31.6,15.4174808591542,9.6));
#2632=CARTESIAN_POINT('Ctrl Pts',(31.6,15.4000302022804,9.6));
#2633=CARTESIAN_POINT('',(31.670877448394,15.670877448394,9.47087744839397));
#2634=CARTESIAN_POINT('',(31.7123899343099,15.4000302022804,9.51238993430993));
#2635=CARTESIAN_POINT('Ctrl Pts',(31.670877448394,15.670877448394,9.47087744839397));
#2636=CARTESIAN_POINT('Ctrl Pts',(31.6814345085503,15.6497633280813,9.48143450855028));
#2637=CARTESIAN_POINT('Ctrl Pts',(31.6986638261761,15.6071918671483,9.49866382617607));
#2638=CARTESIAN_POINT('Ctrl Pts',(31.711116029977,15.5177009906651,9.51111602997696));
#2639=CARTESIAN_POINT('Ctrl Pts',(31.7123899343099,15.438852125816,9.51238993430992));
#2640=CARTESIAN_POINT('Ctrl Pts',(31.7123899343099,15.4000302022804,9.51238993430992));
#2641=CARTESIAN_POINT('',(31.5414302022804,15.5414302022804,9.6));
#2642=CARTESIAN_POINT('Ctrl Pts',(31.670877448394,15.670877448394,9.47087744839397));
#2643=CARTESIAN_POINT('Ctrl Pts',(31.6603203882377,15.6603203882377,9.4919915687066));
#2644=CARTESIAN_POINT('Ctrl Pts',(31.6360331636472,15.6360331636472,9.53206396640423));
#2645=CARTESIAN_POINT('Ctrl Pts',(31.5818333357533,15.5818333357533,9.58699984226159));
#2646=CARTESIAN_POINT('Ctrl Pts',(31.5513025240026,15.5513025240026,9.6));
#2647=CARTESIAN_POINT('Ctrl Pts',(31.5414302022804,15.5414302022804,9.6));
#2648=CARTESIAN_POINT('',(31.6,15.4000302022804,9.6));
#2649=CARTESIAN_POINT('Origin',(31.4000302022805,15.4000302022804,9.6));
#2650=CARTESIAN_POINT('Ctrl Pts',(31.7123813875132,15.4000302022804,9.51238138575559));
#2651=CARTESIAN_POINT('Ctrl Pts',(31.7039951390528,15.4000302022804,9.52076590383431));
#2652=CARTESIAN_POINT('Ctrl Pts',(31.6783705259585,15.4000302022804,9.54553452786097));
#2653=CARTESIAN_POINT('Ctrl Pts',(31.6399235289219,15.4000302022804,9.57829381168463));
#2654=CARTESIAN_POINT('Ctrl Pts',(31.6112815018098,15.4000302022804,9.59738798417105));
#2655=CARTESIAN_POINT('Ctrl Pts',(31.6026937401188,15.4000302022804,9.6));
#2656=CARTESIAN_POINT('Ctrl Pts',(31.6,15.4000302022804,9.6));
#2657=CARTESIAN_POINT('Ctrl Pts',(31.670877448394,15.670877448394,9.47087744839397));
#2658=CARTESIAN_POINT('Ctrl Pts',(31.6603203882377,15.6603203882377,9.4919915687066));
#2659=CARTESIAN_POINT('Ctrl Pts',(31.6360331636472,15.6360331636472,9.53206396640423));
#2660=CARTESIAN_POINT('Ctrl Pts',(31.5818333357533,15.5818333357533,9.58699984226159));
#2661=CARTESIAN_POINT('Ctrl Pts',(31.5513025240026,15.5513025240026,9.6));
#2662=CARTESIAN_POINT('Ctrl Pts',(31.5414302022804,15.5414302022804,9.6));
#2663=CARTESIAN_POINT('Ctrl Pts',(31.6497633280813,15.6814345085503,9.48143450855028));
#2664=CARTESIAN_POINT('Ctrl Pts',(31.6400388212056,15.6698685885974,9.50103516877543));
#2665=CARTESIAN_POINT('Ctrl Pts',(31.6177858291911,15.6439937918544,9.53845811192711));
#2666=CARTESIAN_POINT('Ctrl Pts',(31.5677727338384,15.5892248433966,9.5889158439045));
#2667=CARTESIAN_POINT('Ctrl Pts',(31.5394914696721,15.5620166536972,9.6));
#2668=CARTESIAN_POINT('Ctrl Pts',(31.5290907244688,15.553769680092,9.6));
#2669=CARTESIAN_POINT('Ctrl Pts',(31.6071918671483,15.6986638261761,9.49866382617606));
#2670=CARTESIAN_POINT('Ctrl Pts',(31.5990547485219,15.6856667854178,9.51553506751323));
#2671=CARTESIAN_POINT('Ctrl Pts',(31.5801412193751,15.6562256164619,9.54876966836747));
#2672=CARTESIAN_POINT('Ctrl Pts',(31.5346067087126,15.5999298797114,9.59312410497292));
#2673=CARTESIAN_POINT('Ctrl Pts',(31.5117060693785,15.5805114729792,9.6));
#2674=CARTESIAN_POINT('Ctrl Pts',(31.5011639949299,15.5751985495345,9.6));
#2675=CARTESIAN_POINT('Ctrl Pts',(31.5177009906651,15.7111160299769,9.51111602997695));
#2676=CARTESIAN_POINT('Ctrl Pts',(31.5107209929186,15.6943576580032,9.52805673018615));
#2677=CARTESIAN_POINT('Ctrl Pts',(31.4942425323244,15.6562506238824,9.5628992682309));
#2678=CARTESIAN_POINT('Ctrl Pts',(31.4700121693703,15.6101456261189,9.59619615592723));
#2679=CARTESIAN_POINT('Ctrl Pts',(31.4588900865364,15.598690042972,9.6));
#2680=CARTESIAN_POINT('Ctrl Pts',(31.4523805378835,15.5954053190626,9.6));
#2681=CARTESIAN_POINT('Ctrl Pts',(31.438852125816,15.7123899343099,9.51238993430993));
#2682=CARTESIAN_POINT('Ctrl Pts',(31.4366953522863,15.6940026365725,9.53077723204735));
#2683=CARTESIAN_POINT('Ctrl Pts',(31.4319968013982,15.6551007631915,9.56657391163756));
#2684=CARTESIAN_POINT('Ctrl Pts',(31.4244267007176,15.6147593555246,9.59600129728));
#2685=CARTESIAN_POINT('Ctrl Pts',(31.4197465385114,15.6033172910722,9.6));
#2686=CARTESIAN_POINT('Ctrl Pts',(31.4174808591542,15.6,9.6));
#2687=CARTESIAN_POINT('Ctrl Pts',(31.4000302022805,15.7123899343099,9.51238993430993));
#2688=CARTESIAN_POINT('Ctrl Pts',(31.4000302022804,15.6929210308232,9.53185883779661));
#2689=CARTESIAN_POINT('Ctrl Pts',(31.4000302022805,15.6526849179346,9.568612442563));
#2690=CARTESIAN_POINT('Ctrl Pts',(31.4000302022804,15.6137937709678,9.59646132682806));
#2691=CARTESIAN_POINT('Ctrl Pts',(31.4000302022804,15.6031426968053,9.6));
#2692=CARTESIAN_POINT('Ctrl Pts',(31.4000302022804,15.6,9.6));
#2693=CARTESIAN_POINT('',(31.4000302022805,15.7123899343099,9.51238993430993));
#2694=CARTESIAN_POINT('Ctrl Pts',(31.670877448394,15.670877448394,9.47087744839397));
#2695=CARTESIAN_POINT('Ctrl Pts',(31.6497633280813,15.6814345085503,9.48143450855028));
#2696=CARTESIAN_POINT('Ctrl Pts',(31.6071918671483,15.6986638261761,9.49866382617606));
#2697=CARTESIAN_POINT('Ctrl Pts',(31.5177009906651,15.7111160299769,9.51111602997696));
#2698=CARTESIAN_POINT('Ctrl Pts',(31.438852125816,15.7123899343099,9.51238993430993));
#2699=CARTESIAN_POINT('Ctrl Pts',(31.4000302022805,15.7123899343099,9.51238993430993));
#2700=CARTESIAN_POINT('',(31.4000302022805,15.6,9.6));
#2701=CARTESIAN_POINT('Ctrl Pts',(31.4000302022805,15.6,9.6));
#2702=CARTESIAN_POINT('Ctrl Pts',(31.4000302022805,15.6026937401188,9.6));
#2703=CARTESIAN_POINT('Ctrl Pts',(31.4000302022804,15.6112815018098,9.59738798417105));
#2704=CARTESIAN_POINT('Ctrl Pts',(31.4000302022805,15.6399235289219,9.57829381168463));
#2705=CARTESIAN_POINT('Ctrl Pts',(31.4000302022805,15.6783705259585,9.54553452786096));
#2706=CARTESIAN_POINT('Ctrl Pts',(31.4000302022805,15.7039951390528,9.5207659038343));
#2707=CARTESIAN_POINT('Ctrl Pts',(31.4000302022805,15.7123813875133,9.51238138575557));
#2708=CARTESIAN_POINT('Origin',(31.4000302022805,15.4000302022804,9.6));
#2709=CARTESIAN_POINT('Ctrl Pts',(31.670877448394,15.670877448394,9.47087744839397));
#2710=CARTESIAN_POINT('Ctrl Pts',(31.6497633280813,15.6814345085503,9.48143450855028));
#2711=CARTESIAN_POINT('Ctrl Pts',(31.6071918671483,15.6986638261761,9.49866382617606));
#2712=CARTESIAN_POINT('Ctrl Pts',(31.5177009906651,15.7111160299769,9.51111602997696));
#2713=CARTESIAN_POINT('Ctrl Pts',(31.438852125816,15.7123899343099,9.51238993430993));
#2714=CARTESIAN_POINT('Ctrl Pts',(31.4000302022805,15.7123899343099,9.51238993430993));
#2715=CARTESIAN_POINT('Ctrl Pts',(31.6603203882377,15.6919915687066,9.46032038823766));
#2716=CARTESIAN_POINT('Ctrl Pts',(31.6400388212056,15.7010351687754,9.46986858859741));
#2717=CARTESIAN_POINT('Ctrl Pts',(31.5990547485219,15.7155350675132,9.48566678541779));
#2718=CARTESIAN_POINT('Ctrl Pts',(31.5107209929186,15.7280567301862,9.49435765800318));
#2719=CARTESIAN_POINT('Ctrl Pts',(31.4366953522863,15.7307772320473,9.49400263657251));
#2720=CARTESIAN_POINT('Ctrl Pts',(31.4000302022804,15.7318588377966,9.49292103082325));
#2721=CARTESIAN_POINT('Ctrl Pts',(31.6360331636472,15.7320639664042,9.43603316364716));
#2722=CARTESIAN_POINT('Ctrl Pts',(31.6177858291911,15.7384581119271,9.44399379185444));
#2723=CARTESIAN_POINT('Ctrl Pts',(31.5801412193751,15.7487696683675,9.45622561646185));
#2724=CARTESIAN_POINT('Ctrl Pts',(31.4942425323243,15.7628992682309,9.45625062388241));
#2725=CARTESIAN_POINT('Ctrl Pts',(31.4319968013982,15.7665739116375,9.45510076319149));
#2726=CARTESIAN_POINT('Ctrl Pts',(31.4000302022804,15.768612442563,9.45268491793464));
#2727=CARTESIAN_POINT('Ctrl Pts',(31.5818333357533,15.7869998422616,9.38183333575328));
#2728=CARTESIAN_POINT('Ctrl Pts',(31.5677727338384,15.7889158439045,9.38922484339664));
#2729=CARTESIAN_POINT('Ctrl Pts',(31.5346067087126,15.7931241049729,9.39992987971139));
#2730=CARTESIAN_POINT('Ctrl Pts',(31.4700121693703,15.7961961559272,9.41014562611891));
#2731=CARTESIAN_POINT('Ctrl Pts',(31.4244267007176,15.79600129728,9.41475935552458));
#2732=CARTESIAN_POINT('Ctrl Pts',(31.4000302022805,15.7964613268281,9.41379377096784));
#2733=CARTESIAN_POINT('Ctrl Pts',(31.5513025240026,15.8,9.35130252400257));
#2734=CARTESIAN_POINT('Ctrl Pts',(31.5394914696721,15.8,9.36201665369721));
#2735=CARTESIAN_POINT('Ctrl Pts',(31.5117060693785,15.8,9.38051147297925));
#2736=CARTESIAN_POINT('Ctrl Pts',(31.4588900865364,15.8,9.39869004297197));
#2737=CARTESIAN_POINT('Ctrl Pts',(31.4197465385114,15.8,9.40331729107224));
#2738=CARTESIAN_POINT('Ctrl Pts',(31.4000302022805,15.8,9.40314269680528));
#2739=CARTESIAN_POINT('Ctrl Pts',(31.5414302022804,15.8,9.34143020228045));
#2740=CARTESIAN_POINT('Ctrl Pts',(31.5290907244688,15.8,9.35376968009205));
#2741=CARTESIAN_POINT('Ctrl Pts',(31.5011639949299,15.8,9.37519854953449));
#2742=CARTESIAN_POINT('Ctrl Pts',(31.4523805378835,15.8,9.39540531906255));
#2743=CARTESIAN_POINT('Ctrl Pts',(31.4174808591542,15.8,9.40000000000001));
#2744=CARTESIAN_POINT('Ctrl Pts',(31.4000302022805,15.8,9.40000000000001));
#2745=CARTESIAN_POINT('',(31.5414302022804,15.8,9.34143020228045));
#2746=CARTESIAN_POINT('Ctrl Pts',(31.670877448394,15.670877448394,9.47087744839397));
#2747=CARTESIAN_POINT('Ctrl Pts',(31.6603203882377,15.6919915687066,9.46032038823766));
#2748=CARTESIAN_POINT('Ctrl Pts',(31.6360331636472,15.7320639664042,9.43603316364716));
#2749=CARTESIAN_POINT('Ctrl Pts',(31.5818333357533,15.7869998422616,9.38183333575328));
#2750=CARTESIAN_POINT('Ctrl Pts',(31.5513025240026,15.8,9.35130252400257));
#2751=CARTESIAN_POINT('Ctrl Pts',(31.5414302022804,15.8,9.34143020228045));
#2752=CARTESIAN_POINT('',(31.4000302022805,15.8,9.4));
#2753=CARTESIAN_POINT('Origin',(31.4000302022805,15.8,9.20003020228045));
#2754=CARTESIAN_POINT('Ctrl Pts',(31.4000302022805,15.7123813875133,9.51238138575557));
#2755=CARTESIAN_POINT('Ctrl Pts',(31.4000302022805,15.720772559226,9.50399194544049));
#2756=CARTESIAN_POINT('Ctrl Pts',(31.4000302022805,15.7537148025042,9.46992137007756));
#2757=CARTESIAN_POINT('Ctrl Pts',(31.4000302022805,15.7830529264257,9.43350594413049));
#2758=CARTESIAN_POINT('Ctrl Pts',(31.4000302022805,15.7978331879285,9.40936457706045));
#2759=CARTESIAN_POINT('Ctrl Pts',(31.4000302022805,15.8,9.4026937401188));
#2760=CARTESIAN_POINT('Ctrl Pts',(31.4000302022805,15.8,9.4));
#2761=CARTESIAN_POINT('Ctrl Pts',(31.670877448394,15.670877448394,9.47087744839397));
#2762=CARTESIAN_POINT('Ctrl Pts',(31.6603203882377,15.6919915687066,9.46032038823766));
#2763=CARTESIAN_POINT('Ctrl Pts',(31.6360331636472,15.7320639664042,9.43603316364716));
#2764=CARTESIAN_POINT('Ctrl Pts',(31.5818333357533,15.7869998422616,9.38183333575328));
#2765=CARTESIAN_POINT('Ctrl Pts',(31.5513025240026,15.8,9.35130252400257));
#2766=CARTESIAN_POINT('Ctrl Pts',(31.5414302022804,15.8,9.34143020228045));
#2767=CARTESIAN_POINT('Ctrl Pts',(31.6814345085503,15.6814345085503,9.44976332808135));
#2768=CARTESIAN_POINT('Ctrl Pts',(31.6698685885974,15.7010351687754,9.44003882120562));
#2769=CARTESIAN_POINT('Ctrl Pts',(31.6439937918544,15.7384581119271,9.41778582919106));
#2770=CARTESIAN_POINT('Ctrl Pts',(31.5892248433967,15.7889158439045,9.36777273383841));
#2771=CARTESIAN_POINT('Ctrl Pts',(31.5620166536972,15.8,9.33949146967215));
#2772=CARTESIAN_POINT('Ctrl Pts',(31.553769680092,15.8,9.32909072446885));
#2773=CARTESIAN_POINT('Ctrl Pts',(31.6986638261761,15.6986638261761,9.4071918671483));
#2774=CARTESIAN_POINT('Ctrl Pts',(31.6856667854178,15.7155350675132,9.3990547485219));
#2775=CARTESIAN_POINT('Ctrl Pts',(31.6562256164619,15.7487696683675,9.38014121937506));
#2776=CARTESIAN_POINT('Ctrl Pts',(31.5999298797114,15.7931241049729,9.33460670871264));
#2777=CARTESIAN_POINT('Ctrl Pts',(31.5805114729792,15.8,9.31170606937849));
#2778=CARTESIAN_POINT('Ctrl Pts',(31.5751985495345,15.8,9.30116399492989));
#2779=CARTESIAN_POINT('Ctrl Pts',(31.7111160299769,15.711116029977,9.31770099066508));
#2780=CARTESIAN_POINT('Ctrl Pts',(31.6943576580032,15.7280567301862,9.31072099291858));
#2781=CARTESIAN_POINT('Ctrl Pts',(31.6562506238824,15.7628992682309,9.29424253232436));
#2782=CARTESIAN_POINT('Ctrl Pts',(31.6101456261189,15.7961961559273,9.27001216937033));
#2783=CARTESIAN_POINT('Ctrl Pts',(31.598690042972,15.8,9.25889008653642));
#2784=CARTESIAN_POINT('Ctrl Pts',(31.5954053190626,15.8,9.25238053788349));
#2785=CARTESIAN_POINT('Ctrl Pts',(31.7123899343099,15.7123899343099,9.23885212581602));
#2786=CARTESIAN_POINT('Ctrl Pts',(31.6940026365725,15.7307772320474,9.23669535228626));
#2787=CARTESIAN_POINT('Ctrl Pts',(31.6551007631915,15.7665739116376,9.23199680139821));
#2788=CARTESIAN_POINT('Ctrl Pts',(31.6147593555246,15.79600129728,9.22442670071761));
#2789=CARTESIAN_POINT('Ctrl Pts',(31.6033172910722,15.8,9.21974653851142));
#2790=CARTESIAN_POINT('Ctrl Pts',(31.6,15.8,9.21748085915422));
#2791=CARTESIAN_POINT('Ctrl Pts',(31.7123899343099,15.7123899343099,9.20003020228045));
#2792=CARTESIAN_POINT('Ctrl Pts',(31.6929210308232,15.7318588377966,9.20003020228045));
#2793=CARTESIAN_POINT('Ctrl Pts',(31.6526849179346,15.768612442563,9.20003020228045));
#2794=CARTESIAN_POINT('Ctrl Pts',(31.6137937709678,15.796461326828,9.20003020228045));
#2795=CARTESIAN_POINT('Ctrl Pts',(31.6031426968053,15.8,9.20003020228045));
#2796=CARTESIAN_POINT('Ctrl Pts',(31.6,15.8,9.20003020228045));
#2797=CARTESIAN_POINT('',(31.7123899343099,15.7123899343099,9.20003020228045));
#2798=CARTESIAN_POINT('Ctrl Pts',(31.670877448394,15.670877448394,9.47087744839397));
#2799=CARTESIAN_POINT('Ctrl Pts',(31.6814345085503,15.6814345085503,9.44976332808135));
#2800=CARTESIAN_POINT('Ctrl Pts',(31.6986638261761,15.6986638261761,9.4071918671483));
#2801=CARTESIAN_POINT('Ctrl Pts',(31.7111160299769,15.711116029977,9.31770099066508));
#2802=CARTESIAN_POINT('Ctrl Pts',(31.7123899343099,15.7123899343099,9.23885212581602));
#2803=CARTESIAN_POINT('Ctrl Pts',(31.7123899343099,15.7123899343099,9.20003020228045));
#2804=CARTESIAN_POINT('',(31.6,15.8,9.20003020228045));
#2805=CARTESIAN_POINT('Ctrl Pts',(31.6,15.8,9.20003020228045));
#2806=CARTESIAN_POINT('Ctrl Pts',(31.6026937401188,15.8,9.20003020228045));
#2807=CARTESIAN_POINT('Ctrl Pts',(31.6093645770605,15.7978331879285,9.20003020228046));
#2808=CARTESIAN_POINT('Ctrl Pts',(31.6335059441305,15.7830529264257,9.20003020228046));
#2809=CARTESIAN_POINT('Ctrl Pts',(31.6699213700776,15.7537148025042,9.20003020228046));
#2810=CARTESIAN_POINT('Ctrl Pts',(31.7039919454405,15.720772559226,9.20003020228046));
#2811=CARTESIAN_POINT('Ctrl Pts',(31.7123813857556,15.7123813875133,9.20003020228046));
#2812=CARTESIAN_POINT('Origin',(31.4000302022805,15.8,9.20003020228045));
#2813=CARTESIAN_POINT('Ctrl Pts',(31.670877448394,15.670877448394,9.47087744839397));
#2814=CARTESIAN_POINT('Ctrl Pts',(31.6814345085503,15.6814345085503,9.44976332808135));
#2815=CARTESIAN_POINT('Ctrl Pts',(31.6986638261761,15.6986638261761,9.4071918671483));
#2816=CARTESIAN_POINT('Ctrl Pts',(31.7111160299769,15.711116029977,9.31770099066508));
#2817=CARTESIAN_POINT('Ctrl Pts',(31.7123899343099,15.7123899343099,9.23885212581602));
#2818=CARTESIAN_POINT('Ctrl Pts',(31.7123899343099,15.7123899343099,9.20003020228045));
#2819=CARTESIAN_POINT('Ctrl Pts',(31.6919915687066,15.6603203882377,9.46032038823766));
#2820=CARTESIAN_POINT('Ctrl Pts',(31.7010351687754,15.6698685885974,9.44003882120562));
#2821=CARTESIAN_POINT('Ctrl Pts',(31.7155350675132,15.6856667854178,9.39905474852189));
#2822=CARTESIAN_POINT('Ctrl Pts',(31.7280567301862,15.6943576580032,9.31072099291858));
#2823=CARTESIAN_POINT('Ctrl Pts',(31.7307772320474,15.6940026365725,9.23669535228626));
#2824=CARTESIAN_POINT('Ctrl Pts',(31.7318588377966,15.6929210308232,9.20003020228045));
#2825=CARTESIAN_POINT('Ctrl Pts',(31.7320639664042,15.6360331636472,9.43603316364716));
#2826=CARTESIAN_POINT('Ctrl Pts',(31.7384581119271,15.6439937918544,9.41778582919106));
#2827=CARTESIAN_POINT('Ctrl Pts',(31.7487696683675,15.6562256164618,9.38014121937506));
#2828=CARTESIAN_POINT('Ctrl Pts',(31.7628992682309,15.6562506238824,9.29424253232435));
#2829=CARTESIAN_POINT('Ctrl Pts',(31.7665739116376,15.6551007631915,9.23199680139821));
#2830=CARTESIAN_POINT('Ctrl Pts',(31.768612442563,15.6526849179346,9.20003020228046));
#2831=CARTESIAN_POINT('Ctrl Pts',(31.7869998422616,15.5818333357533,9.38183333575327));
#2832=CARTESIAN_POINT('Ctrl Pts',(31.7889158439045,15.5892248433966,9.3677727338384));
#2833=CARTESIAN_POINT('Ctrl Pts',(31.7931241049729,15.5999298797114,9.33460670871265));
#2834=CARTESIAN_POINT('Ctrl Pts',(31.7961961559272,15.6101456261189,9.27001216937032));
#2835=CARTESIAN_POINT('Ctrl Pts',(31.79600129728,15.6147593555246,9.22442670071761));
#2836=CARTESIAN_POINT('Ctrl Pts',(31.7964613268281,15.6137937709678,9.20003020228045));
#2837=CARTESIAN_POINT('Ctrl Pts',(31.8,15.5513025240026,9.35130252400257));
#2838=CARTESIAN_POINT('Ctrl Pts',(31.8,15.5620166536972,9.33949146967214));
#2839=CARTESIAN_POINT('Ctrl Pts',(31.8,15.5805114729792,9.31170606937848));
#2840=CARTESIAN_POINT('Ctrl Pts',(31.8,15.598690042972,9.25889008653641));
#2841=CARTESIAN_POINT('Ctrl Pts',(31.8,15.6033172910722,9.21974653851142));
#2842=CARTESIAN_POINT('Ctrl Pts',(31.8,15.6031426968053,9.20003020228045));
#2843=CARTESIAN_POINT('Ctrl Pts',(31.8,15.5414302022804,9.34143020228045));
#2844=CARTESIAN_POINT('Ctrl Pts',(31.8,15.553769680092,9.32909072446885));
#2845=CARTESIAN_POINT('Ctrl Pts',(31.8,15.5751985495345,9.30116399492989));
#2846=CARTESIAN_POINT('Ctrl Pts',(31.8,15.5954053190625,9.25238053788349));
#2847=CARTESIAN_POINT('Ctrl Pts',(31.8,15.6,9.21748085915422));
#2848=CARTESIAN_POINT('Ctrl Pts',(31.8,15.6,9.20003020228045));
#2849=CARTESIAN_POINT('',(31.8,15.5414302022804,9.34143020228045));
#2850=CARTESIAN_POINT('Ctrl Pts',(31.670877448394,15.670877448394,9.47087744839397));
#2851=CARTESIAN_POINT('Ctrl Pts',(31.6919915687066,15.6603203882377,9.46032038823766));
#2852=CARTESIAN_POINT('Ctrl Pts',(31.7320639664042,15.6360331636472,9.43603316364716));
#2853=CARTESIAN_POINT('Ctrl Pts',(31.7869998422616,15.5818333357533,9.38183333575327));
#2854=CARTESIAN_POINT('Ctrl Pts',(31.8,15.5513025240026,9.35130252400257));
#2855=CARTESIAN_POINT('Ctrl Pts',(31.8,15.5414302022804,9.34143020228045));
#2856=CARTESIAN_POINT('',(31.8,15.6,9.20003020228045));
#2857=CARTESIAN_POINT('Origin',(31.8,15.4000302022804,9.20003020228045));
#2858=CARTESIAN_POINT('Ctrl Pts',(31.7123813857556,15.7123813875133,9.20003020228046));
#2859=CARTESIAN_POINT('Ctrl Pts',(31.7207659038343,15.7039951390528,9.20003020228046));
#2860=CARTESIAN_POINT('Ctrl Pts',(31.745534527861,15.6783705259585,9.20003020228046));
#2861=CARTESIAN_POINT('Ctrl Pts',(31.7782938116846,15.6399235289219,9.20003020228045));
#2862=CARTESIAN_POINT('Ctrl Pts',(31.7973879841711,15.6112815018098,9.20003020228045));
#2863=CARTESIAN_POINT('Ctrl Pts',(31.8,15.6026937401188,9.20003020228045));
#2864=CARTESIAN_POINT('Ctrl Pts',(31.8,15.6,9.20003020228045));
#2865=CARTESIAN_POINT('Ctrl Pts',(4.94999999999947,7.89999999999998,0.0099999999999989));
#2866=CARTESIAN_POINT('Ctrl Pts',(4.94999999999947,8.34131693151173,0.0099999999999989));
#2867=CARTESIAN_POINT('Ctrl Pts',(5.15169519963804,9.22349209577242,0.0099999999999989));
#2868=CARTESIAN_POINT('Ctrl Pts',(5.99763900197269,10.2855630184351,0.0099999999999989));
#2869=CARTESIAN_POINT('Ctrl Pts',(7.2212347194334,10.8740906179433,0.0099999999999989));
#2870=CARTESIAN_POINT('Ctrl Pts',(8.57881304706463,10.8745424150768,0.0099999999999989));
#2871=CARTESIAN_POINT('Ctrl Pts',(9.80212682892003,10.2854005677745,0.0099999999999989));
#2872=CARTESIAN_POINT('Ctrl Pts',(10.5543088673033,9.34100867162515,0.0099999999999989));
#2873=CARTESIAN_POINT('Ctrl Pts',(10.948645606303,8.0642763427534,0.0099999999999989));
#2874=CARTESIAN_POINT('Ctrl Pts',(10.6820855684871,6.22916829638678,0.0099999999999989));
#2875=CARTESIAN_POINT('Ctrl Pts',(9.0368177902144,4.91728666827877,0.0099999999999989));
#2876=CARTESIAN_POINT('Ctrl Pts',(7.21936140260173,4.9286722330224,0.0099999999999989));
#2877=CARTESIAN_POINT('Ctrl Pts',(5.99881975003674,5.5128008395839,0.0099999999999989));
#2878=CARTESIAN_POINT('Ctrl Pts',(5.1512697639349,6.57712038624358,0.0099999999999989));
#2879=CARTESIAN_POINT('Ctrl Pts',(4.94999999999886,7.45868306848832,0.0099999999999989));
#2880=CARTESIAN_POINT('Ctrl Pts',(4.94999999999886,7.90000000000006,0.0099999999999989));
#2881=CARTESIAN_POINT('Ctrl Pts',(4.94461251976186,7.89999999999998,0.0100000000000061));
#2882=CARTESIAN_POINT('Ctrl Pts',(4.94461251976187,8.34203616052194,0.0100000000000062));
#2883=CARTESIAN_POINT('Ctrl Pts',(5.14671937503156,9.22583702272719,0.0100000000000083));
#2884=CARTESIAN_POINT('Ctrl Pts',(5.99423366853952,10.2897450649906,0.0100000000000026));
#2885=CARTESIAN_POINT('Ctrl Pts',(7.22001098717839,10.8794015321619,0.0100000000000005));
#2886=CARTESIAN_POINT('Ctrl Pts',(8.58000436138262,10.8797751147425,0.0100000000000001));
#2887=CARTESIAN_POINT('Ctrl Pts',(9.80552753791178,10.2896576757371,0.00999999999999952));
#2888=CARTESIAN_POINT('Ctrl Pts',(10.559023644666,9.34354029949668,0.00999999999999983));
#2889=CARTESIAN_POINT('Ctrl Pts',(10.9540587385855,8.064599632592,0.0100000000000007));
#2890=CARTESIAN_POINT('Ctrl Pts',(10.6870652051456,6.22623067943943,0.00999999999999932));
#2891=CARTESIAN_POINT('Ctrl Pts',(9.03873798580962,4.91201572256498,0.0100000000000007));
#2892=CARTESIAN_POINT('Ctrl Pts',(7.21814546060651,4.92335732360746,0.0100000000000001));
#2893=CARTESIAN_POINT('Ctrl Pts',(5.99542081987692,5.50859986302478,0.0100000000000041));
#2894=CARTESIAN_POINT('Ctrl Pts',(5.14629367660176,6.57477714985636,0.0100000000000066));
#2895=CARTESIAN_POINT('Ctrl Pts',(4.94461251976127,7.45796383947811,0.0100000000000143));
#2896=CARTESIAN_POINT('Ctrl Pts',(4.94461251976127,7.90000000000006,0.010000000000014));
#2897=CARTESIAN_POINT('Ctrl Pts',(4.92543873405902,7.89999999999998,0.0186442080779363));
#2898=CARTESIAN_POINT('Ctrl Pts',(4.92543873405902,8.34499415440633,0.0186442080779365));
#2899=CARTESIAN_POINT('Ctrl Pts',(5.12881177869707,9.23451369354184,0.018644208077943));
#2900=CARTESIAN_POINT('Ctrl Pts',(5.98179793455621,10.3054306697129,0.018644208077926));
#2901=CARTESIAN_POINT('Ctrl Pts',(7.21558289195938,10.8988564664,0.0186442080779197));
#2902=CARTESIAN_POINT('Ctrl Pts',(8.58446635273427,10.8993146524735,0.0186442080779184));
#2903=CARTESIAN_POINT('Ctrl Pts',(9.81796608618365,10.3052643615469,0.0186442080779167));
#2904=CARTESIAN_POINT('Ctrl Pts',(10.5764126631943,9.35300962304596,0.0186442080779176));
#2905=CARTESIAN_POINT('Ctrl Pts',(10.9740333167854,8.06564330963882,0.0186442080779202));
#2906=CARTESIAN_POINT('Ctrl Pts',(10.7052521671309,6.21525341586865,0.0186442080779161));
#2907=CARTESIAN_POINT('Ctrl Pts',(9.04628795125291,4.89244717633458,0.0186442080779201));
#2908=CARTESIAN_POINT('Ctrl Pts',(7.21369360549014,4.90392968818305,0.0186442080779185));
#2909=CARTESIAN_POINT('Ctrl Pts',(5.98298837218396,5.49292009595317,0.0186442080779303));
#2910=CARTESIAN_POINT('Ctrl Pts',(5.12838278378538,6.56610386889509,0.0186442080779378));
#2911=CARTESIAN_POINT('Ctrl Pts',(4.92543873405848,7.45500584559374,0.0186442080779609));
#2912=CARTESIAN_POINT('Ctrl Pts',(4.92543873405847,7.90000000000007,0.0186442080779599));
#2913=CARTESIAN_POINT('Ctrl Pts',(4.86376394274508,7.89999999999996,0.0711345193851968));
#2914=CARTESIAN_POINT('Ctrl Pts',(4.86376394274508,8.35420131293012,0.0711345193851972));
#2915=CARTESIAN_POINT('Ctrl Pts',(5.07136342003721,9.26216748752361,0.0711345193852058));
#2916=CARTESIAN_POINT('Ctrl Pts',(5.94204117525739,10.3552660311967,0.0711345193851831));
#2917=CARTESIAN_POINT('Ctrl Pts',(7.20139568063281,10.9610080491228,0.0711345193851746));
#2918=CARTESIAN_POINT('Ctrl Pts',(8.59864731975467,10.961458068821,0.0711345193851731));
#2919=CARTESIAN_POINT('Ctrl Pts',(9.85771701463056,10.3551131183449,0.0711345193851707));
#2920=CARTESIAN_POINT('Ctrl Pts',(10.6318759588996,9.38311408163193,0.0711345193851719));
#2921=CARTESIAN_POINT('Ctrl Pts',(11.0377360364955,8.06908297417916,0.0711345193851755));
#2922=CARTESIAN_POINT('Ctrl Pts',(10.7633938732729,6.18034717310974,0.0711345193851699));
#2923=CARTESIAN_POINT('Ctrl Pts',(9.07002032390127,4.83012773590008,0.0711345193851753));
#2924=CARTESIAN_POINT('Ctrl Pts',(7.19946972745483,4.84183385304934,0.0711345193851731));
#2925=CARTESIAN_POINT('Ctrl Pts',(5.94325724475772,5.44304697586347,0.0711345193851889));
#2926=CARTESIAN_POINT('Ctrl Pts',(5.07092564524842,6.53846300735506,0.0711345193851989));
#2927=CARTESIAN_POINT('Ctrl Pts',(4.86376394274471,7.44579868706997,0.0711345193852298));
#2928=CARTESIAN_POINT('Ctrl Pts',(4.86376394274471,7.90000000000012,0.0711345193852284));
#2929=CARTESIAN_POINT('Ctrl Pts',(4.80192274674586,7.89999999999995,0.132997527865536));
#2930=CARTESIAN_POINT('Ctrl Pts',(4.80192274674586,8.36344193640601,0.132997527865536));
#2931=CARTESIAN_POINT('Ctrl Pts',(5.01375575436339,9.28990306447029,0.132997527865543));
#2932=CARTESIAN_POINT('Ctrl Pts',(5.90217030000107,10.4052532147613,0.132997527865525));
#2933=CARTESIAN_POINT('Ctrl Pts',(7.18716861271147,11.0233393094851,0.132997527865518));
#2934=CARTESIAN_POINT('Ctrl Pts',(8.61287135825736,11.0237889990698,0.132997527865517));
#2935=CARTESIAN_POINT('Ctrl Pts',(9.89758246055646,10.4051062410999,0.132997527865515));
#2936=CARTESIAN_POINT('Ctrl Pts',(10.6875020926556,9.41330971073162,0.132997527865516));
#2937=CARTESIAN_POINT('Ctrl Pts',(11.1016259932622,8.07252960494593,0.132997527865519));
#2938=CARTESIAN_POINT('Ctrl Pts',(10.8217025117614,6.14533543922455,0.132997527865514));
#2939=CARTESIAN_POINT('Ctrl Pts',(9.09383223217342,4.76762262553647,0.132997527865519));
#2940=CARTESIAN_POINT('Ctrl Pts',(7.18520477922925,4.77955938955393,0.132997527865517));
#2941=CARTESIAN_POINT('Ctrl Pts',(5.90341164829374,5.39302351680257,0.13299752786553));
#2942=CARTESIAN_POINT('Ctrl Pts',(5.01330912488251,6.51074034087232,0.132997527865537));
#2943=CARTESIAN_POINT('Ctrl Pts',(4.80192274674568,7.43655806359414,0.132997527865562));
#2944=CARTESIAN_POINT('Ctrl Pts',(4.80192274674568,7.90000000000019,0.132997527865561));
#2945=CARTESIAN_POINT('Ctrl Pts',(4.75514251797935,7.89999999999993,0.191118705012164));
#2946=CARTESIAN_POINT('Ctrl Pts',(4.75514251797935,8.37048151186962,0.191118705012164));
#2947=CARTESIAN_POINT('Ctrl Pts',(4.97015332582486,9.31092495456574,0.191118705012167));
#2948=CARTESIAN_POINT('Ctrl Pts',(5.87197042010706,10.443165923622,0.19111870501216));
#2949=CARTESIAN_POINT('Ctrl Pts',(7.17639739480312,11.0705589715974,0.191118705012157));
#2950=CARTESIAN_POINT('Ctrl Pts',(8.623658812564,11.0710534642546,0.191118705012156));
#2951=CARTESIAN_POINT('Ctrl Pts',(9.92778062557177,10.4429804884186,0.191118705012156));
#2952=CARTESIAN_POINT('Ctrl Pts',(10.7296565268841,9.43620843728244,0.191118705012156));
#2953=CARTESIAN_POINT('Ctrl Pts',(11.1500440881107,8.07512356581296,0.191118705012157));
#2954=CARTESIAN_POINT('Ctrl Pts',(10.8658681884138,6.11878570937703,0.191118705012155));
#2955=CARTESIAN_POINT('Ctrl Pts',(9.11193380874412,4.72023969513646,0.191118705012157));
#2956=CARTESIAN_POINT('Ctrl Pts',(7.17439851594282,4.7323878451808,0.191118705012157));
#2957=CARTESIAN_POINT('Ctrl Pts',(5.87322846997696,5.355092454039,0.191118705012162));
#2958=CARTESIAN_POINT('Ctrl Pts',(4.96969970503372,6.48972789094352,0.191118705012165));
#2959=CARTESIAN_POINT('Ctrl Pts',(4.75514251797931,7.42951848813056,0.191118705012174));
#2960=CARTESIAN_POINT('Ctrl Pts',(4.75514251797931,7.90000000000023,0.191118705012174));
#2961=CARTESIAN_POINT('Ctrl Pts',(4.75,7.89999999999993,0.205959389821793));
#2962=CARTESIAN_POINT('Ctrl Pts',(4.75,8.37112062484448,0.205959389821793));
#2963=CARTESIAN_POINT('Ctrl Pts',(4.965427420315,9.31312383523692,0.205959389821794));
#2964=CARTESIAN_POINT('Ctrl Pts',(5.86875757785159,10.4470623576064,0.205959389821792));
#2965=CARTESIAN_POINT('Ctrl Pts',(7.17523798121378,11.0755624980126,0.205959389821791));
#2966=CARTESIAN_POINT('Ctrl Pts',(8.62476951279198,11.0759391242516,0.205959389821791));
#2967=CARTESIAN_POINT('Ctrl Pts',(9.93098675941858,10.4469897664614,0.20595938982179));
#2968=CARTESIAN_POINT('Ctrl Pts',(10.7340843905903,9.43857026942293,0.205959389821791));
#2969=CARTESIAN_POINT('Ctrl Pts',(11.1551266315699,8.07544488119511,0.205959389821791));
#2970=CARTESIAN_POINT('Ctrl Pts',(10.8705660913856,6.11604385291863,0.20595938982179));
#2971=CARTESIAN_POINT('Ctrl Pts',(9.11368145154209,4.71530477779924,0.205959389821791));
#2972=CARTESIAN_POINT('Ctrl Pts',(7.17325266729326,4.7273755628891,0.205959389821791));
#2973=CARTESIAN_POINT('Ctrl Pts',(5.87002406148416,5.35116923586051,0.205959389821792));
#2974=CARTESIAN_POINT('Ctrl Pts',(4.96497382985524,6.48753093667136,0.205959389821793));
#2975=CARTESIAN_POINT('Ctrl Pts',(4.74999999999998,7.42887937515571,0.205959389821796));
#2976=CARTESIAN_POINT('Ctrl Pts',(4.74999999999998,7.90000000000024,0.205959389821796));
#2977=CARTESIAN_POINT('Ctrl Pts',(4.75,7.89999999999993,0.209999999999999));
#2978=CARTESIAN_POINT('Ctrl Pts',(4.75,8.37123672347858,0.209999999999999));
#2979=CARTESIAN_POINT('Ctrl Pts',(4.96536945046162,9.31322037345165,0.209999999999999));
#2980=CARTESIAN_POINT('Ctrl Pts',(5.86866537498805,10.4472961044306,0.209999999999999));
#2981=CARTESIAN_POINT('Ctrl Pts',(7.17521673431034,11.0757238801767,0.209999999999999));
#2982=CARTESIAN_POINT('Ctrl Pts',(8.62483427059449,11.0762063076244,0.209999999999999));
#2983=CARTESIAN_POINT('Ctrl Pts',(9.93108458003324,10.4471226401659,0.209999999999999));
#2984=CARTESIAN_POINT('Ctrl Pts',(10.7342620108492,9.43870417478617,0.209999999999999));
#2985=CARTESIAN_POINT('Ctrl Pts',(11.1553334440183,8.07541372192312,0.209999999999999));
#2986=CARTESIAN_POINT('Ctrl Pts',(10.8707015392319,6.11589157071809,0.209999999999999));
#2987=CARTESIAN_POINT('Ctrl Pts',(9.11389018277141,4.71506881528074,0.209999999999999));
#2988=CARTESIAN_POINT('Ctrl Pts',(7.17321641294769,4.72722628271886,0.209999999999999));
#2989=CARTESIAN_POINT('Ctrl Pts',(5.86992617376844,5.35095682870831,0.209999999999999));
#2990=CARTESIAN_POINT('Ctrl Pts',(4.96491517165991,6.48743363276868,0.209999999999999));
#2991=CARTESIAN_POINT('Ctrl Pts',(4.74999999999998,7.42876327652161,0.209999999999999));
#2992=CARTESIAN_POINT('Ctrl Pts',(4.74999999999998,7.90000000000024,0.209999999999999));
#2993=CARTESIAN_POINT('',(4.94999999999886,7.90000000000006,0.0099999999999989));
#2994=CARTESIAN_POINT('',(4.75,7.89999999999993,0.209999999999999));
#2995=CARTESIAN_POINT('Ctrl Pts',(4.94999999999914,7.89999999999998,0.0099999999999989));
#2996=CARTESIAN_POINT('Ctrl Pts',(4.94461251976135,7.89999999999998,0.0100000000002373));
#2997=CARTESIAN_POINT('Ctrl Pts',(4.93182999595947,7.89999999999998,0.0157628053856824));
#2998=CARTESIAN_POINT('Ctrl Pts',(4.90701089092136,7.89999999999998,0.0351805109494753));
#2999=CARTESIAN_POINT('Ctrl Pts',(4.89460133840205,7.89999999999997,0.0448893637315666));
#3000=CARTESIAN_POINT('Ctrl Pts',(4.87918264057356,7.89999999999997,0.0580119415583817));
#3001=CARTESIAN_POINT('Ctrl Pts',(4.862638835088,7.89999999999996,0.0734108031118377));
#3002=CARTESIAN_POINT('Ctrl Pts',(4.84609502960244,7.89999999999996,0.0888096646652937));
#3003=CARTESIAN_POINT('Ctrl Pts',(4.82842611645981,7.89999999999996,0.106484809945391));
#3004=CARTESIAN_POINT('Ctrl Pts',(4.81314674569758,7.89999999999995,0.122902014828112));
#3005=CARTESIAN_POINT('Ctrl Pts',(4.79022768955423,7.89999999999995,0.147527822152193));
#3006=CARTESIAN_POINT('Ctrl Pts',(4.77268510376679,7.89999999999994,0.169323263582178));
#3007=CARTESIAN_POINT('Ctrl Pts',(4.76262818137823,7.89999999999994,0.183931155499578));
#3008=CARTESIAN_POINT('Ctrl Pts',(4.75257125898967,7.89999999999993,0.198539047416978));
#3009=CARTESIAN_POINT('Ctrl Pts',(4.75,7.89999999999993,0.205959389821793));
#3010=CARTESIAN_POINT('Ctrl Pts',(4.75,7.89999999999993,0.209999999999999));
#3011=CARTESIAN_POINT('Ctrl Pts',(4.75000000000001,7.9,0.209999999999999));
#3012=CARTESIAN_POINT('Ctrl Pts',(4.75000000000001,8.24722705940532,0.209999999999999));
#3013=CARTESIAN_POINT('Ctrl Pts',(4.80793032293701,8.59438729711727,0.209999999999999));
#3014=CARTESIAN_POINT('Ctrl Pts',(5.10106827302467,9.4482689752201,0.209999999999999));
#3015=CARTESIAN_POINT('Ctrl Pts',(5.4233934720438,9.92424658513355,0.209999999999999));
#3016=CARTESIAN_POINT('Ctrl Pts',(6.32820732918477,10.7035223918839,0.209999999999999));
#3017=CARTESIAN_POINT('Ctrl Pts',(6.94145458162621,10.9678102889006,0.209999999999999));
#3018=CARTESIAN_POINT('Ctrl Pts',(8.24410756238693,11.1022390029304,0.209999999999999));
#3019=CARTESIAN_POINT('Ctrl Pts',(8.93247317744757,10.9506956083058,0.209999999999999));
#3020=CARTESIAN_POINT('Ctrl Pts',(10.1218340945748,10.2438581065329,0.209999999999999));
#3021=CARTESIAN_POINT('Ctrl Pts',(10.6042089032215,9.66563638252682,0.209999999999999));
#3022=CARTESIAN_POINT('Ctrl Pts',(11.1230227761288,8.27024147214833,0.209999999999999));
#3023=CARTESIAN_POINT('Ctrl Pts',(11.111721725864,7.44196287124294,0.209999999999999));
#3024=CARTESIAN_POINT('Ctrl Pts',(10.5328871101504,6.0063213538607,0.209999999999999));
#3025=CARTESIAN_POINT('Ctrl Pts',(9.97140193408761,5.40452271873304,0.209999999999999));
#3026=CARTESIAN_POINT('Ctrl Pts',(8.528707460124,4.70310629509876,0.209999999999999));
#3027=CARTESIAN_POINT('Ctrl Pts',(7.63350961221244,4.65278816483153,0.209999999999999));
#3028=CARTESIAN_POINT('Ctrl Pts',(6.06762952916,5.20711108761331,0.209999999999999));
#3029=CARTESIAN_POINT('Ctrl Pts',(5.40578968486217,5.80520877416135,0.209999999999999));
#3030=CARTESIAN_POINT('Ctrl Pts',(4.85388270857942,6.97349798858609,0.209999999999999));
#3031=CARTESIAN_POINT('Ctrl Pts',(4.75000000000001,7.43660613072446,0.209999999999999));
#3032=CARTESIAN_POINT('Ctrl Pts',(4.75000000000001,7.9,0.209999999999999));
#3033=CARTESIAN_POINT('Ctrl Pts',(4.94999999999886,7.90000000000006,0.0099999999999989));
#3034=CARTESIAN_POINT('Ctrl Pts',(4.94999999999886,7.45868306848832,0.0099999999999989));
#3035=CARTESIAN_POINT('Ctrl Pts',(5.1512697639349,6.57712038624358,0.0099999999999989));
#3036=CARTESIAN_POINT('Ctrl Pts',(5.99881975003674,5.5128008395839,0.0099999999999989));
#3037=CARTESIAN_POINT('Ctrl Pts',(7.21936140260173,4.9286722330224,0.0099999999999989));
#3038=CARTESIAN_POINT('Ctrl Pts',(9.0368177902144,4.91728666827877,0.0099999999999989));
#3039=CARTESIAN_POINT('Ctrl Pts',(10.6820855684871,6.22916829638678,0.0099999999999989));
#3040=CARTESIAN_POINT('Ctrl Pts',(10.948645606303,8.0642763427534,0.0099999999999989));
#3041=CARTESIAN_POINT('Ctrl Pts',(10.5543088673033,9.34100867162515,0.0099999999999989));
#3042=CARTESIAN_POINT('Ctrl Pts',(9.80212682892003,10.2854005677745,0.0099999999999989));
#3043=CARTESIAN_POINT('Ctrl Pts',(8.57881304706463,10.8745424150768,0.0099999999999989));
#3044=CARTESIAN_POINT('Ctrl Pts',(7.2212347194334,10.8740906179433,0.0099999999999989));
#3045=CARTESIAN_POINT('Ctrl Pts',(5.99763900197269,10.2855630184351,0.0099999999999989));
#3046=CARTESIAN_POINT('Ctrl Pts',(5.15169519963804,9.22349209577242,0.0099999999999989));
#3047=CARTESIAN_POINT('Ctrl Pts',(4.94999999999947,8.34131693151173,0.0099999999999989));
#3048=CARTESIAN_POINT('Ctrl Pts',(4.94999999999947,7.89999999999998,0.0099999999999989));
#3049=CARTESIAN_POINT('Origin',(7.9,7.9,8.11));
#3050=CARTESIAN_POINT('',(4.75000000000001,7.9,8.11));
#3051=CARTESIAN_POINT('',(4.75000000000001,7.9,8.11));
#3052=CARTESIAN_POINT('Origin',(7.9,7.9,8.11));
#3053=CARTESIAN_POINT('Origin',(7.9,7.9,0.0099999999999989));
#3054=CARTESIAN_POINT('',(5.75000000000001,7.9,0.0099999999999989));
#3055=CARTESIAN_POINT('Origin',(7.9,7.9,0.0099999999999989));
#3056=CARTESIAN_POINT('Ctrl Pts',(12.9499999999995,7.89999999999998,0.0099999999999989));
#3057=CARTESIAN_POINT('Ctrl Pts',(12.9499999999995,8.34131693151173,0.0099999999999989));
#3058=CARTESIAN_POINT('Ctrl Pts',(13.1516022745915,9.22346466131193,0.00999999999999891));
#3059=CARTESIAN_POINT('Ctrl Pts',(13.9981803567105,10.2855449335701,0.0099999999999989));
#3060=CARTESIAN_POINT('Ctrl Pts',(15.2207516111149,10.8739236890228,0.00999999999999891));
#3061=CARTESIAN_POINT('Ctrl Pts',(16.5805019094607,10.8747998837408,0.0099999999999989));
#3062=CARTESIAN_POINT('Ctrl Pts',(17.7991415134513,10.2851185763114,0.0099999999999989));
#3063=CARTESIAN_POINT('Ctrl Pts',(18.9402025237451,8.87009209624018,0.0099999999999989));
#3064=CARTESIAN_POINT('Ctrl Pts',(18.9413488442063,6.92987005986264,0.0099999999999989));
#3065=CARTESIAN_POINT('Ctrl Pts',(17.798385268277,5.51502850094407,0.0099999999999989));
#3066=CARTESIAN_POINT('Ctrl Pts',(16.5806201253827,4.92525552679095,0.0099999999999989));
#3067=CARTESIAN_POINT('Ctrl Pts',(15.2207142839793,4.92598371011895,0.0099999999999989));
#3068=CARTESIAN_POINT('Ctrl Pts',(13.9980854758893,5.51438823748916,0.0099999999999989));
#3069=CARTESIAN_POINT('Ctrl Pts',(13.1516081483511,6.57652804457295,0.0099999999999989));
#3070=CARTESIAN_POINT('Ctrl Pts',(12.9499999999989,7.45868306848832,0.0099999999999989));
#3071=CARTESIAN_POINT('Ctrl Pts',(12.9499999999989,7.90000000000006,0.0099999999999989));
#3072=CARTESIAN_POINT('Ctrl Pts',(12.9446125197619,7.89999999999998,0.0100000000000061));
#3073=CARTESIAN_POINT('Ctrl Pts',(12.9446125197619,8.34203616052193,0.0100000000000062));
#3074=CARTESIAN_POINT('Ctrl Pts',(13.1466331078728,9.22579191132281,0.0100000000000077));
#3075=CARTESIAN_POINT('Ctrl Pts',(13.9948009526146,10.289711327206,0.0100000000000029));
#3076=CARTESIAN_POINT('Ctrl Pts',(15.2195486387269,10.8792168576197,0.0100000000000007));
#3077=CARTESIAN_POINT('Ctrl Pts',(16.5816811958192,10.8800229453266,0.0100000000000008));
#3078=CARTESIAN_POINT('Ctrl Pts',(17.8024983140828,10.2893566805971,0.0100000000000004));
#3079=CARTESIAN_POINT('Ctrl Pts',(18.9455020961705,8.8718766963146,0.0100000000000003));
#3080=CARTESIAN_POINT('Ctrl Pts',(18.946672150164,6.92812734200569,0.0100000000000005));
#3081=CARTESIAN_POINT('Ctrl Pts',(17.8017318127258,5.51081227181995,0.0099999999999999));
#3082=CARTESIAN_POINT('Ctrl Pts',(16.5817902940139,4.9200422424586,0.0100000000000012));
#3083=CARTESIAN_POINT('Ctrl Pts',(15.219483337638,4.92071485650859,0.0100000000000011));
#3084=CARTESIAN_POINT('Ctrl Pts',(13.9946796781667,5.51023019109302,0.010000000000005));
#3085=CARTESIAN_POINT('Ctrl Pts',(13.1466372302452,6.57420401905086,0.0100000000000075));
#3086=CARTESIAN_POINT('Ctrl Pts',(12.9446125197613,7.45796383947811,0.0100000000000143));
#3087=CARTESIAN_POINT('Ctrl Pts',(12.9446125197613,7.90000000000006,0.010000000000014));
#3088=CARTESIAN_POINT('Ctrl Pts',(12.9254120368092,7.89999999999998,0.0186602934008737));
#3089=CARTESIAN_POINT('Ctrl Pts',(12.9254120368092,8.34499415440632,0.018660293400874));
#3090=CARTESIAN_POINT('Ctrl Pts',(13.1286952888549,9.23449446116615,0.0186602934008785));
#3091=CARTESIAN_POINT('Ctrl Pts',(13.9823300765027,10.3054257821365,0.0186602934008642));
#3092=CARTESIAN_POINT('Ctrl Pts',(15.2150906223026,10.8987092863704,0.0186602934008575));
#3093=CARTESIAN_POINT('Ctrl Pts',(16.5861730135674,10.8995918656987,0.018660293400858));
#3094=CARTESIAN_POINT('Ctrl Pts',(17.8149692448551,10.304996799636,0.0186602934008565));
#3095=CARTESIAN_POINT('Ctrl Pts',(18.9655390805025,8.87817788547148,0.0186602934008563));
#3096=CARTESIAN_POINT('Ctrl Pts',(18.9666952325876,6.9217844924966,0.018660293400857));
#3097=CARTESIAN_POINT('Ctrl Pts',(17.8142065827834,5.49515178021949,0.0186602934008551));
#3098=CARTESIAN_POINT('Ctrl Pts',(16.5862920952675,4.90046413060034,0.0186602934008589));
#3099=CARTESIAN_POINT('Ctrl Pts',(15.2150526266464,4.90119765453155,0.0186602934008588));
#3100=CARTESIAN_POINT('Ctrl Pts',(13.9822340690428,5.49450694038022,0.0186602934008704));
#3101=CARTESIAN_POINT('Ctrl Pts',(13.1287011890036,6.56549822539113,0.0186602934008778));
#3102=CARTESIAN_POINT('Ctrl Pts',(12.9254120368087,7.45500584559374,0.0186602934008982));
#3103=CARTESIAN_POINT('Ctrl Pts',(12.9254120368087,7.90000000000007,0.0186602934008971));
#3104=CARTESIAN_POINT('Ctrl Pts',(12.8637377735344,7.89999999999996,0.0711521770535392));
#3105=CARTESIAN_POINT('Ctrl Pts',(12.8637377735344,8.35420131293012,0.0711521770535396));
#3106=CARTESIAN_POINT('Ctrl Pts',(13.0712469550845,9.26214359873662,0.0711521770535456));
#3107=CARTESIAN_POINT('Ctrl Pts',(13.9425904475108,10.3552570312967,0.0711521770535265));
#3108=CARTESIAN_POINT('Ctrl Pts',(15.2008982205863,10.9608530862987,0.0711521770535175));
#3109=CARTESIAN_POINT('Ctrl Pts',(16.6003858577776,10.9617380710166,0.0711521770535182));
#3110=CARTESIAN_POINT('Ctrl Pts',(17.8546489528017,10.3548352215091,0.0711521770535163));
#3111=CARTESIAN_POINT('Ctrl Pts',(19.0290431009448,8.89846201987486,0.071152177053516));
#3112=CARTESIAN_POINT('Ctrl Pts',(19.0302280208351,6.90150887648183,0.0711521770535169));
#3113=CARTESIAN_POINT('Ctrl Pts',(17.8538685107665,5.44532122801205,0.0711521770535144));
#3114=CARTESIAN_POINT('Ctrl Pts',(16.6005053397045,4.838321230974,0.0711521770535195));
#3115=CARTESIAN_POINT('Ctrl Pts',(15.2008532518746,4.83905735199694,0.0711521770535193));
#3116=CARTESIAN_POINT('Ctrl Pts',(13.9424866377686,5.44467617350922,0.0711521770535348));
#3117=CARTESIAN_POINT('Ctrl Pts',(13.0712525869959,6.53784965384021,0.0711521770535447));
#3118=CARTESIAN_POINT('Ctrl Pts',(12.8637377735341,7.44579868706998,0.0711521770535719));
#3119=CARTESIAN_POINT('Ctrl Pts',(12.8637377735341,7.90000000000012,0.0711521770535705));
#3120=CARTESIAN_POINT('Ctrl Pts',(12.8018998494051,7.89999999999995,0.133012600082172));
#3121=CARTESIAN_POINT('Ctrl Pts',(12.8018998494051,8.363441936406,0.133012600082172));
#3122=CARTESIAN_POINT('Ctrl Pts',(13.0136409533981,9.28987545339456,0.133012600082177));
#3123=CARTESIAN_POINT('Ctrl Pts',(13.9027355933166,10.4052403266171,0.133012600082162));
#3124=CARTESIAN_POINT('Ctrl Pts',(15.1866642505578,11.0231761649996,0.133012600082155));
#3125=CARTESIAN_POINT('Ctrl Pts',(16.6146430296789,11.0240710292557,0.133012600082155));
#3126=CARTESIAN_POINT('Ctrl Pts',(17.8944455715657,10.4048181593592,0.133012600082154));
#3127=CARTESIAN_POINT('Ctrl Pts',(19.0927419484641,8.9187986317242,0.133012600082154));
#3128=CARTESIAN_POINT('Ctrl Pts',(19.0939534588499,6.88117643670877,0.133012600082154));
#3129=CARTESIAN_POINT('Ctrl Pts',(17.8936482266584,5.39534393054951,0.133012600082152));
#3130=CARTESIAN_POINT('Ctrl Pts',(16.6147638849214,4.77599057950952,0.133012600082157));
#3131=CARTESIAN_POINT('Ctrl Pts',(15.1866151964653,4.77673523013469,0.133012600082156));
#3132=CARTESIAN_POINT('Ctrl Pts',(13.9026266912408,5.39469247974508,0.133012600082169));
#3133=CARTESIAN_POINT('Ctrl Pts',(13.0136464998714,6.51011802951017,0.133012600082176));
#3134=CARTESIAN_POINT('Ctrl Pts',(12.8018998494049,7.43655806359414,0.133012600082198));
#3135=CARTESIAN_POINT('Ctrl Pts',(12.8018998494049,7.90000000000019,0.133012600082197));
#3136=CARTESIAN_POINT('Ctrl Pts',(12.7551090592114,7.89999999999993,0.19114275478979));
#3137=CARTESIAN_POINT('Ctrl Pts',(12.7551090592114,8.37048151186961,0.19114275478979));
#3138=CARTESIAN_POINT('Ctrl Pts',(12.9700248736104,9.31090840563748,0.191142754789792));
#3139=CARTESIAN_POINT('Ctrl Pts',(13.8725273216679,10.4431652618793,0.191142754789786));
#3140=CARTESIAN_POINT('Ctrl Pts',(15.1758733172778,11.0704096184032,0.191142754789783));
#3141=CARTESIAN_POINT('Ctrl Pts',(16.6254657416296,11.0713512208526,0.191142754789784));
#3142=CARTESIAN_POINT('Ctrl Pts',(17.9246194766424,10.4427031332326,0.191142754789783));
#3143=CARTESIAN_POINT('Ctrl Pts',(19.1410791719124,8.93417960544384,0.191142754789783));
#3144=CARTESIAN_POINT('Ctrl Pts',(19.1422989536538,6.86577564976791,0.191142754789783));
#3145=CARTESIAN_POINT('Ctrl Pts',(17.9238142013443,5.35745139408763,0.191142754789782));
#3146=CARTESIAN_POINT('Ctrl Pts',(16.625592746562,4.72870683533059,0.191142754789784));
#3147=CARTESIAN_POINT('Ctrl Pts',(15.1758364514852,4.72948909467704,0.191142754789784));
#3148=CARTESIAN_POINT('Ctrl Pts',(13.8724289231173,5.35676260570608,0.191142754789789));
#3149=CARTESIAN_POINT('Ctrl Pts',(12.9700313202663,6.48908347871352,0.191142754789792));
#3150=CARTESIAN_POINT('Ctrl Pts',(12.7551090592114,7.42951848813056,0.191142754789801));
#3151=CARTESIAN_POINT('Ctrl Pts',(12.7551090592114,7.90000000000023,0.1911427547898));
#3152=CARTESIAN_POINT('Ctrl Pts',(12.75,7.89999999999993,0.205959389821793));
#3153=CARTESIAN_POINT('Ctrl Pts',(12.75,8.37112062484447,0.205959389821793));
#3154=CARTESIAN_POINT('Ctrl Pts',(12.9653373345721,9.31307094580697,0.205959389821794));
#3155=CARTESIAN_POINT('Ctrl Pts',(13.8693690197988,10.4470221381131,0.205959389821792));
#3156=CARTESIAN_POINT('Ctrl Pts',(15.1747510896234,11.0753609059494,0.205959389821791));
#3157=CARTESIAN_POINT('Ctrl Pts',(16.6265526452936,11.0762005176297,0.205959389821791));
#3158=CARTESIAN_POINT('Ctrl Pts',(17.9277475725833,10.4466639082756,0.205959389821791));
#3159=CARTESIAN_POINT('Ctrl Pts',(19.1459797672676,8.93587839371317,0.205959389821791));
#3160=CARTESIAN_POINT('Ctrl Pts',(19.1472327713902,6.86413735207738,0.205959389821791));
#3161=CARTESIAN_POINT('Ctrl Pts',(17.9269281765119,5.35352206251211,0.205959389821791));
#3162=CARTESIAN_POINT('Ctrl Pts',(16.6266663820199,4.72387160176535,0.205959389821791));
#3163=CARTESIAN_POINT('Ctrl Pts',(15.1746738776011,4.72457298919045,0.205959389821791));
#3164=CARTESIAN_POINT('Ctrl Pts',(13.8692326082423,5.35291783902193,0.205959389821793));
#3165=CARTESIAN_POINT('Ctrl Pts',(12.9653412478149,6.48692559964158,0.205959389821793));
#3166=CARTESIAN_POINT('Ctrl Pts',(12.75,7.42887937515571,0.205959389821796));
#3167=CARTESIAN_POINT('Ctrl Pts',(12.75,7.90000000000024,0.205959389821796));
#3168=CARTESIAN_POINT('Ctrl Pts',(12.75,7.89999999999993,0.209999999999999));
#3169=CARTESIAN_POINT('Ctrl Pts',(12.75,8.37123672347857,0.209999999999999));
#3170=CARTESIAN_POINT('Ctrl Pts',(12.9652702254118,9.31319107902778,0.209999999999999));
#3171=CARTESIAN_POINT('Ctrl Pts',(13.869243431742,10.4472767934731,0.209999999999999));
#3172=CARTESIAN_POINT('Ctrl Pts',(15.1747008728855,11.0755456340412,0.209999999999999));
#3173=CARTESIAN_POINT('Ctrl Pts',(16.6266376321361,11.076481231791,0.209999999999999));
#3174=CARTESIAN_POINT('Ctrl Pts',(17.9278968702955,10.4468215306375,0.209999999999999));
#3175=CARTESIAN_POINT('Ctrl Pts',(19.1463179490837,8.93586105191746,0.209999999999999));
#3176=CARTESIAN_POINT('Ctrl Pts',(19.1475419861864,6.8640985384974,0.209999999999999));
#3177=CARTESIAN_POINT('Ctrl Pts',(17.9270893542619,5.35333551795725,0.209999999999999));
#3178=CARTESIAN_POINT('Ctrl Pts',(16.6267638626969,4.72357793538698,0.209999999999999));
#3179=CARTESIAN_POINT('Ctrl Pts',(15.1746610150967,4.7243554870762,0.209999999999999));
#3180=CARTESIAN_POINT('Ctrl Pts',(13.869142118323,5.35265184681054,0.209999999999999));
#3181=CARTESIAN_POINT('Ctrl Pts',(12.9652764973926,6.48680113234073,0.209999999999999));
#3182=CARTESIAN_POINT('Ctrl Pts',(12.75,7.42876327652161,0.209999999999999));
#3183=CARTESIAN_POINT('Ctrl Pts',(12.75,7.90000000000024,0.209999999999999));
#3184=CARTESIAN_POINT('',(12.9499999999989,7.90000000000006,0.0099999999999989));
#3185=CARTESIAN_POINT('',(12.75,7.89999999999993,0.209999999999999));
#3186=CARTESIAN_POINT('Ctrl Pts',(12.9499999999991,7.89999999999998,0.0099999999999989));
#3187=CARTESIAN_POINT('Ctrl Pts',(12.9446125197613,7.89999999999998,0.0100000000002409));
#3188=CARTESIAN_POINT('Ctrl Pts',(12.9318121977929,7.89999999999998,0.0157735289343128));
#3189=CARTESIAN_POINT('Ctrl Pts',(12.9069873360457,7.89999999999997,0.0351953331294436));
#3190=CARTESIAN_POINT('Ctrl Pts',(12.8945749051718,7.89999999999997,0.0449062352272065));
#3191=CARTESIAN_POINT('Ctrl Pts',(12.8791563393531,7.89999999999997,0.0580292061403729));
#3192=CARTESIAN_POINT('Ctrl Pts',(12.8626130672824,7.89999999999996,0.0734278948867608));
#3193=CARTESIAN_POINT('Ctrl Pts',(12.8460697952118,7.89999999999996,0.0888265836331486));
#3194=CARTESIAN_POINT('Ctrl Pts',(12.8284018168891,7.89999999999996,0.106500990212758));
#3195=CARTESIAN_POINT('Ctrl Pts',(12.8131219508761,7.89999999999995,0.122918649631285));
#3196=CARTESIAN_POINT('Ctrl Pts',(12.7902021518567,7.89999999999995,0.147545138759077));
#3197=CARTESIAN_POINT('Ctrl Pts',(12.7726556055341,7.89999999999994,0.169343946774433));
#3198=CARTESIAN_POINT('Ctrl Pts',(12.7626050675699,7.89999999999994,0.183947509540112));
#3199=CARTESIAN_POINT('Ctrl Pts',(12.7525545296057,7.89999999999993,0.198551072305792));
#3200=CARTESIAN_POINT('Ctrl Pts',(12.75,7.89999999999993,0.205959389821793));
#3201=CARTESIAN_POINT('Ctrl Pts',(12.75,7.89999999999993,0.209999999999999));
#3202=CARTESIAN_POINT('Ctrl Pts',(12.75,7.9,0.209999999999999));
#3203=CARTESIAN_POINT('Ctrl Pts',(12.75,8.24722705940532,0.209999999999999));
#3204=CARTESIAN_POINT('Ctrl Pts',(12.807930322937,8.59438729711726,0.209999999999999));
#3205=CARTESIAN_POINT('Ctrl Pts',(13.1010682730247,9.4482689752201,0.209999999999999));
#3206=CARTESIAN_POINT('Ctrl Pts',(13.4233934720438,9.92424658513355,0.209999999999999));
#3207=CARTESIAN_POINT('Ctrl Pts',(14.3282073291843,10.7035223918836,0.209999999999999));
#3208=CARTESIAN_POINT('Ctrl Pts',(14.9414545816251,10.9678102889002,0.209999999999999));
#3209=CARTESIAN_POINT('Ctrl Pts',(16.2441075623851,11.1022390029306,0.209999999999999));
#3210=CARTESIAN_POINT('Ctrl Pts',(16.9324731774459,10.9506956083064,0.209999999999999));
#3211=CARTESIAN_POINT('Ctrl Pts',(18.1218340945733,10.2438581065342,0.209999999999999));
#3212=CARTESIAN_POINT('Ctrl Pts',(18.6042089032203,9.66563638252869,0.209999999999999));
#3213=CARTESIAN_POINT('Ctrl Pts',(19.1230227761285,8.27024147215075,0.209999999999999));
#3214=CARTESIAN_POINT('Ctrl Pts',(19.1117217258643,7.44196287124522,0.209999999999999));
#3215=CARTESIAN_POINT('Ctrl Pts',(18.5328871101519,6.00632135386293,0.209999999999999));
#3216=CARTESIAN_POINT('Ctrl Pts',(17.97140193409,5.40452271873519,0.209999999999999));
#3217=CARTESIAN_POINT('Ctrl Pts',(16.5287074601275,4.70310629509939,0.209999999999999));
#3218=CARTESIAN_POINT('Ctrl Pts',(15.6335096122157,4.65278816483122,0.209999999999999));
#3219=CARTESIAN_POINT('Ctrl Pts',(14.0676295291628,5.20711108761149,0.209999999999999));
#3220=CARTESIAN_POINT('Ctrl Pts',(13.4057896848645,5.80520877415868,0.209999999999999));
#3221=CARTESIAN_POINT('Ctrl Pts',(12.85388270858,6.97349798858369,0.209999999999999));
#3222=CARTESIAN_POINT('Ctrl Pts',(12.75,7.43660613072326,0.209999999999999));
#3223=CARTESIAN_POINT('Ctrl Pts',(12.75,7.9,0.209999999999999));
#3224=CARTESIAN_POINT('Ctrl Pts',(12.9499999999989,7.90000000000006,0.0099999999999989));
#3225=CARTESIAN_POINT('Ctrl Pts',(12.9499999999989,7.45868306848832,0.0099999999999989));
#3226=CARTESIAN_POINT('Ctrl Pts',(13.1516081483511,6.57652804457295,0.0099999999999989));
#3227=CARTESIAN_POINT('Ctrl Pts',(13.9980854758893,5.51438823748916,0.0099999999999989));
#3228=CARTESIAN_POINT('Ctrl Pts',(15.2207142839793,4.92598371011895,0.0099999999999989));
#3229=CARTESIAN_POINT('Ctrl Pts',(16.5806201253827,4.92525552679095,0.0099999999999989));
#3230=CARTESIAN_POINT('Ctrl Pts',(17.798385268277,5.51502850094407,0.0099999999999989));
#3231=CARTESIAN_POINT('Ctrl Pts',(18.9413488442063,6.92987005986264,0.0099999999999989));
#3232=CARTESIAN_POINT('Ctrl Pts',(18.9402025237451,8.87009209624018,0.0099999999999989));
#3233=CARTESIAN_POINT('Ctrl Pts',(17.7991415134513,10.2851185763114,0.0099999999999989));
#3234=CARTESIAN_POINT('Ctrl Pts',(16.5805019094607,10.8747998837408,0.0099999999999989));
#3235=CARTESIAN_POINT('Ctrl Pts',(15.2207516111149,10.8739236890228,0.00999999999999891));
#3236=CARTESIAN_POINT('Ctrl Pts',(13.9981803567105,10.2855449335701,0.0099999999999989));
#3237=CARTESIAN_POINT('Ctrl Pts',(13.1516022745915,9.22346466131193,0.00999999999999891));
#3238=CARTESIAN_POINT('Ctrl Pts',(12.9499999999995,8.34131693151173,0.0099999999999989));
#3239=CARTESIAN_POINT('Ctrl Pts',(12.9499999999995,7.89999999999998,0.0099999999999989));
#3240=CARTESIAN_POINT('Origin',(15.9,7.9,8.11));
#3241=CARTESIAN_POINT('',(12.75,7.9,8.11));
#3242=CARTESIAN_POINT('',(12.75,7.9,8.11));
#3243=CARTESIAN_POINT('Origin',(15.9,7.9,8.11));
#3244=CARTESIAN_POINT('Origin',(15.9,7.9,0.0099999999999989));
#3245=CARTESIAN_POINT('',(13.75,7.9,0.0099999999999989));
#3246=CARTESIAN_POINT('Origin',(15.9,7.9,0.0099999999999989));
#3247=CARTESIAN_POINT('Ctrl Pts',(20.9499999999995,7.89999999999999,0.0099999999999989));
#3248=CARTESIAN_POINT('Ctrl Pts',(20.9499999999995,8.34131693151173,0.0099999999999989));
#3249=CARTESIAN_POINT('Ctrl Pts',(21.151637003063,9.22345772016164,0.0099999999999989));
#3250=CARTESIAN_POINT('Ctrl Pts',(21.9981956352437,10.2855416915166,0.0099999999999989));
#3251=CARTESIAN_POINT('Ctrl Pts',(23.2207837008,10.8739095316232,0.0099999999999989));
#3252=CARTESIAN_POINT('Ctrl Pts',(24.580497455803,10.8748033445849,0.0099999999999989));
#3253=CARTESIAN_POINT('Ctrl Pts',(25.7991365629196,10.285122982861,0.0099999999999989));
#3254=CARTESIAN_POINT('Ctrl Pts',(26.9401612910036,8.87009784961192,0.0099999999999989));
#3255=CARTESIAN_POINT('Ctrl Pts',(26.9412901866514,6.92987171823778,0.0099999999999989));
#3256=CARTESIAN_POINT('Ctrl Pts',(25.7983510177848,5.51503977050916,0.0099999999999989));
#3257=CARTESIAN_POINT('Ctrl Pts',(24.5805966670262,4.92525899399236,0.0099999999999989));
#3258=CARTESIAN_POINT('Ctrl Pts',(23.2207356001593,4.92599411342004,0.0099999999999989));
#3259=CARTESIAN_POINT('Ctrl Pts',(21.9980928932944,5.51438948029873,0.0099999999999989));
#3260=CARTESIAN_POINT('Ctrl Pts',(21.1516391587357,6.57653224507955,0.0099999999999989));
#3261=CARTESIAN_POINT('Ctrl Pts',(20.9499999999989,7.45868306848832,0.0099999999999989));
#3262=CARTESIAN_POINT('Ctrl Pts',(20.9499999999989,7.90000000000006,0.0099999999999989));
#3263=CARTESIAN_POINT('Ctrl Pts',(20.9446125197619,7.89999999999998,0.0100000000000061));
#3264=CARTESIAN_POINT('Ctrl Pts',(20.9446125197619,8.34203616052194,0.0100000000000062));
#3265=CARTESIAN_POINT('Ctrl Pts',(21.1466722645952,9.22576893341093,0.0100000000000078));
#3266=CARTESIAN_POINT('Ctrl Pts',(21.9948151557154,10.2896857453499,0.0100000000000029));
#3267=CARTESIAN_POINT('Ctrl Pts',(23.2195775588982,10.8791687843138,0.0100000000000009));
#3268=CARTESIAN_POINT('Ctrl Pts',(24.5816596483141,10.8799988461337,0.0100000000000006));
#3269=CARTESIAN_POINT('Ctrl Pts',(25.8024648462186,10.2893373445023,0.00999999999999976));
#3270=CARTESIAN_POINT('Ctrl Pts',(26.9454227558919,8.87187194278936,0.0100000000000002));
#3271=CARTESIAN_POINT('Ctrl Pts',(26.9465734018039,6.92814341426474,0.0100000000000005));
#3272=CARTESIAN_POINT('Ctrl Pts',(25.8016678720783,5.51085148549009,0.0100000000000002));
#3273=CARTESIAN_POINT('Ctrl Pts',(24.5817478200856,4.92007731136885,0.0100000000000015));
#3274=CARTESIAN_POINT('Ctrl Pts',(23.2194983079941,4.92076159687883,0.0100000000000018));
#3275=CARTESIAN_POINT('Ctrl Pts',(21.9946848152517,5.51025573568562,0.0100000000000056));
#3276=CARTESIAN_POINT('Ctrl Pts',(21.1466713452186,6.57422497672852,0.0100000000000082));
#3277=CARTESIAN_POINT('Ctrl Pts',(20.9446125197613,7.45796383947812,0.0100000000000143));
#3278=CARTESIAN_POINT('Ctrl Pts',(20.9446125197613,7.90000000000006,0.010000000000014));
#3279=CARTESIAN_POINT('Ctrl Pts',(20.9253926616579,7.89999999999998,0.0186722076398303));
#3280=CARTESIAN_POINT('Ctrl Pts',(20.9253926616579,8.34499415440632,0.0186722076398306));
#3281=CARTESIAN_POINT('Ctrl Pts',(21.1287141331628,9.23449241446633,0.0186722076398357));
#3282=CARTESIAN_POINT('Ctrl Pts',(21.9823360760301,10.3054307908309,0.0186722076398209));
#3283=CARTESIAN_POINT('Ctrl Pts',(23.2151196229427,10.8987083646456,0.0186722076398148));
#3284=CARTESIAN_POINT('Ctrl Pts',(24.5861700806124,10.8996066108808,0.0186722076398139));
#3285=CARTESIAN_POINT('Ctrl Pts',(25.8149716811203,10.3050118749523,0.0186722076398115));
#3286=CARTESIAN_POINT('Ctrl Pts',(26.9655072703142,8.8781900050236,0.0186722076398129));
#3287=CARTESIAN_POINT('Ctrl Pts',(26.9666464927445,6.92178142821517,0.0186722076398137));
#3288=CARTESIAN_POINT('Ctrl Pts',(25.8141791213793,5.49515342770808,0.0186722076398127));
#3289=CARTESIAN_POINT('Ctrl Pts',(24.5862696007137,4.90045688122797,0.0186722076398168));
#3290=CARTESIAN_POINT('Ctrl Pts',(23.2150696851689,4.90119572070519,0.0186722076398175));
#3291=CARTESIAN_POINT('Ctrl Pts',(21.9822312099563,5.49450028922463,0.0186722076398289));
#3292=CARTESIAN_POINT('Ctrl Pts',(21.1287161644867,6.5654976502757,0.0186722076398366));
#3293=CARTESIAN_POINT('Ctrl Pts',(20.9253926616573,7.45500584559374,0.018672207639855));
#3294=CARTESIAN_POINT('Ctrl Pts',(20.9253926616573,7.90000000000007,0.0186722076398539));
#3295=CARTESIAN_POINT('Ctrl Pts',(20.8637180038222,7.89999999999997,0.0711654836670604));
#3296=CARTESIAN_POINT('Ctrl Pts',(20.8637180038222,8.35420131293013,0.0711654836670608));
#3297=CARTESIAN_POINT('Ctrl Pts',(21.0712671635566,9.26213795598747,0.0711654836670676));
#3298=CARTESIAN_POINT('Ctrl Pts',(21.9425963303485,10.3552571904134,0.0711654836670479));
#3299=CARTESIAN_POINT('Ctrl Pts',(23.2009271082359,10.9608446287035,0.0711654836670397));
#3300=CARTESIAN_POINT('Ctrl Pts',(24.600379076339,10.9617470076014,0.0711654836670385));
#3301=CARTESIAN_POINT('Ctrl Pts',(25.8546451178917,10.3548453410564,0.0711654836670352));
#3302=CARTESIAN_POINT('Ctrl Pts',(27.029002197652,8.89847205716358,0.0711654836670371));
#3303=CARTESIAN_POINT('Ctrl Pts',(27.0301694040928,6.90150894462337,0.0711654836670382));
#3304=CARTESIAN_POINT('Ctrl Pts',(25.853833910329,5.44532910257716,0.0711654836670369));
#3305=CARTESIAN_POINT('Ctrl Pts',(24.600478172967,4.83832083847014,0.0711654836670423));
#3306=CARTESIAN_POINT('Ctrl Pts',(23.2008692505237,4.83906343266854,0.0711654836670432));
#3307=CARTESIAN_POINT('Ctrl Pts',(21.9424832147802,5.44467477342687,0.0711654836670584));
#3308=CARTESIAN_POINT('Ctrl Pts',(21.0712685545839,6.537852781152,0.0711654836670688));
#3309=CARTESIAN_POINT('Ctrl Pts',(20.8637180038218,7.44579868706998,0.0711654836670933));
#3310=CARTESIAN_POINT('Ctrl Pts',(20.8637180038218,7.90000000000013,0.0711654836670919));
#3311=CARTESIAN_POINT('Ctrl Pts',(20.801882631737,7.89999999999995,0.13302400199336));
#3312=CARTESIAN_POINT('Ctrl Pts',(20.801882631737,8.36344193640601,0.13302400199336));
#3313=CARTESIAN_POINT('Ctrl Pts',(21.0136645441802,9.28986708919725,0.133024001993365));
#3314=CARTESIAN_POINT('Ctrl Pts',(21.9027429029509,10.4052366463324,0.13302400199335));
#3315=CARTESIAN_POINT('Ctrl Pts',(23.1866938654565,11.0231615833272,0.133024001993343));
#3316=CARTESIAN_POINT('Ctrl Pts',(24.6146338986017,11.0240752465846,0.133024001993342));
#3317=CARTESIAN_POINT('Ctrl Pts',(25.8944372321436,10.4048241196533,0.13302400199334));
#3318=CARTESIAN_POINT('Ctrl Pts',(27.0926943288135,8.9188066948122,0.133024001993341));
#3319=CARTESIAN_POINT('Ctrl Pts',(27.0938874418746,6.88117889346956,0.133024001993342));
#3320=CARTESIAN_POINT('Ctrl Pts',(25.8936084197142,5.39535667324929,0.133024001993341));
#3321=CARTESIAN_POINT('Ctrl Pts',(24.6147337961271,4.77599546798049,0.133024001993345));
#3322=CARTESIAN_POINT('Ctrl Pts',(23.1866314596834,4.77674752519069,0.133024001993346));
#3323=CARTESIAN_POINT('Ctrl Pts',(21.9026245101001,5.39469506393474,0.133024001993358));
#3324=CARTESIAN_POINT('Ctrl Pts',(21.0136656295173,6.51012388924399,0.133024001993366));
#3325=CARTESIAN_POINT('Ctrl Pts',(20.8018826317369,7.43655806359414,0.133024001993386));
#3326=CARTESIAN_POINT('Ctrl Pts',(20.8018826317368,7.90000000000019,0.133024001993385));
#3327=CARTESIAN_POINT('Ctrl Pts',(20.755085134669,7.89999999999994,0.191159778574774));
#3328=CARTESIAN_POINT('Ctrl Pts',(20.755085134669,8.37048151186962,0.191159778574774));
#3329=CARTESIAN_POINT('Ctrl Pts',(20.9700413982281,9.31090905541655,0.191159778574776));
#3330=CARTESIAN_POINT('Ctrl Pts',(21.87253212775,10.4431747231312,0.19115977857477));
#3331=CARTESIAN_POINT('Ctrl Pts',(23.1759037720083,11.0704151059588,0.191159778574768));
#3332=CARTESIAN_POINT('Ctrl Pts',(24.6254649798689,11.0713721363778,0.191159778574767));
#3333=CARTESIAN_POINT('Ctrl Pts',(25.9246268126678,10.4427238264855,0.191159778574766));
#3334=CARTESIAN_POINT('Ctrl Pts',(27.1410518656243,8.93419481030928,0.191159778574767));
#3335=CARTESIAN_POINT('Ctrl Pts',(27.1422540977178,6.86576982945343,0.191159778574767));
#3336=CARTESIAN_POINT('Ctrl Pts',(25.923790000335,5.35744803998084,0.191159778574767));
#3337=CARTESIAN_POINT('Ctrl Pts',(24.6255714602882,4.72869344895858,0.191159778574769));
#3338=CARTESIAN_POINT('Ctrl Pts',(23.1758544698897,4.72948046007725,0.191159778574769));
#3339=CARTESIAN_POINT('Ctrl Pts',(21.8724243416498,5.35675123698119,0.191159778574774));
#3340=CARTESIAN_POINT('Ctrl Pts',(20.9700438922646,6.48907999459845,0.191159778574777));
#3341=CARTESIAN_POINT('Ctrl Pts',(20.7550851346689,7.42951848813056,0.191159778574785));
#3342=CARTESIAN_POINT('Ctrl Pts',(20.7550851346689,7.90000000000023,0.191159778574784));
#3343=CARTESIAN_POINT('Ctrl Pts',(20.75,7.89999999999993,0.205959389821793));
#3344=CARTESIAN_POINT('Ctrl Pts',(20.75,8.37112062484447,0.205959389821793));
#3345=CARTESIAN_POINT('Ctrl Pts',(20.9653802602041,9.31304208448771,0.205959389821794));
#3346=CARTESIAN_POINT('Ctrl Pts',(21.8693838572583,10.4469887804847,0.205959389821792));
#3347=CARTESIAN_POINT('Ctrl Pts',(23.1747810337735,11.0753004240491,0.205959389821791));
#3348=CARTESIAN_POINT('Ctrl Pts',(24.6265250190315,11.0761673132249,0.205959389821791));
#3349=CARTESIAN_POINT('Ctrl Pts',(25.9277041256821,10.4466368212804,0.205959389821791));
#3350=CARTESIAN_POINT('Ctrl Pts',(27.1458848297481,8.93587045871611,0.205959389821791));
#3351=CARTESIAN_POINT('Ctrl Pts',(27.14711661554,6.86415841302368,0.205959389821791));
#3352=CARTESIAN_POINT('Ctrl Pts',(25.9268519449175,5.35357147409509,0.205959389821791));
#3353=CARTESIAN_POINT('Ctrl Pts',(24.6266159366744,4.72391759709412,0.205959389821791));
#3354=CARTESIAN_POINT('Ctrl Pts',(23.1746880924185,4.72463271258402,0.205959389821791));
#3355=CARTESIAN_POINT('Ctrl Pts',(21.86923745799,5.35295169302721,0.205959389821793));
#3356=CARTESIAN_POINT('Ctrl Pts',(20.9653784405429,6.48695250553918,0.205959389821794));
#3357=CARTESIAN_POINT('Ctrl Pts',(20.75,7.42887937515571,0.205959389821796));
#3358=CARTESIAN_POINT('Ctrl Pts',(20.75,7.90000000000024,0.205959389821796));
#3359=CARTESIAN_POINT('Ctrl Pts',(20.75,7.89999999999993,0.209999999999999));
#3360=CARTESIAN_POINT('Ctrl Pts',(20.75,8.37123672347858,0.209999999999999));
#3361=CARTESIAN_POINT('Ctrl Pts',(20.965307308356,9.31318366729106,0.209999999999999));
#3362=CARTESIAN_POINT('Ctrl Pts',(21.869259746108,10.4472733316194,0.209999999999999));
#3363=CARTESIAN_POINT('Ctrl Pts',(23.1747351381425,11.0755305168179,0.209999999999999));
#3364=CARTESIAN_POINT('Ctrl Pts',(24.6266328765355,11.0764849272686,0.209999999999999));
#3365=CARTESIAN_POINT('Ctrl Pts',(25.9278915841345,10.4468262359363,0.209999999999999));
#3366=CARTESIAN_POINT('Ctrl Pts',(27.1462739209021,8.93586719534831,0.209999999999999));
#3367=CARTESIAN_POINT('Ctrl Pts',(27.1474793518481,6.86410030930476,0.209999999999999));
#3368=CARTESIAN_POINT('Ctrl Pts',(25.9270527817025,5.35334755156065,0.209999999999999));
#3369=CARTESIAN_POINT('Ctrl Pts',(24.6267388139434,4.7235816376529,0.209999999999999));
#3370=CARTESIAN_POINT('Ctrl Pts',(23.1746837764415,4.72436659568585,0.209999999999999));
#3371=CARTESIAN_POINT('Ctrl Pts',(21.869150038603,5.35265317387839,0.209999999999999));
#3372=CARTESIAN_POINT('Ctrl Pts',(20.9653096101761,6.48680561762744,0.209999999999999));
#3373=CARTESIAN_POINT('Ctrl Pts',(20.75,7.42876327652161,0.209999999999999));
#3374=CARTESIAN_POINT('Ctrl Pts',(20.75,7.90000000000024,0.209999999999999));
#3375=CARTESIAN_POINT('',(20.9499999999989,7.90000000000006,0.0099999999999989));
#3376=CARTESIAN_POINT('',(20.75,7.89999999999993,0.209999999999999));
#3377=CARTESIAN_POINT('Ctrl Pts',(20.9499999999991,7.89999999999999,0.0099999999999989));
#3378=CARTESIAN_POINT('Ctrl Pts',(20.9446125197613,7.89999999999998,0.0100000000002412));
#3379=CARTESIAN_POINT('Ctrl Pts',(20.9317992810254,7.89999999999998,0.0157814717602839));
#3380=CARTESIAN_POINT('Ctrl Pts',(20.9069699821686,7.89999999999998,0.0352063876889266));
#3381=CARTESIAN_POINT('Ctrl Pts',(20.89455533274,7.89999999999997,0.0449188456534454));
#3382=CARTESIAN_POINT('Ctrl Pts',(20.8791366682811,7.89999999999997,0.0580421646602529));
#3383=CARTESIAN_POINT('Ctrl Pts',(20.8625937114681,7.89999999999997,0.073440755353128));
#3384=CARTESIAN_POINT('Ctrl Pts',(20.846050754655,7.89999999999996,0.088839346046003));
#3385=CARTESIAN_POINT('Ctrl Pts',(20.8283835054878,7.89999999999996,0.106513208424946));
#3386=CARTESIAN_POINT('Ctrl Pts',(20.8131034062807,7.89999999999995,0.122931103510453));
#3387=CARTESIAN_POINT('Ctrl Pts',(20.79018325747,7.89999999999995,0.147557946138713));
#3388=CARTESIAN_POINT('Ctrl Pts',(20.7726341960695,7.89999999999994,0.169358862356744));
#3389=CARTESIAN_POINT('Ctrl Pts',(20.762588381702,7.89999999999994,0.183959223277514));
#3390=CARTESIAN_POINT('Ctrl Pts',(20.7525425673345,7.89999999999994,0.198559584198284));
#3391=CARTESIAN_POINT('Ctrl Pts',(20.75,7.89999999999993,0.205959389821793));
#3392=CARTESIAN_POINT('Ctrl Pts',(20.75,7.89999999999993,0.209999999999999));
#3393=CARTESIAN_POINT('Ctrl Pts',(20.75,7.9,0.209999999999999));
#3394=CARTESIAN_POINT('Ctrl Pts',(20.75,8.24722705940532,0.209999999999999));
#3395=CARTESIAN_POINT('Ctrl Pts',(20.807930322937,8.59438729711727,0.209999999999999));
#3396=CARTESIAN_POINT('Ctrl Pts',(21.1010682730247,9.44826897522012,0.209999999999999));
#3397=CARTESIAN_POINT('Ctrl Pts',(21.4233934720438,9.92424658513355,0.209999999999999));
#3398=CARTESIAN_POINT('Ctrl Pts',(22.3282073291849,10.7035223918841,0.209999999999999));
#3399=CARTESIAN_POINT('Ctrl Pts',(22.9414545816265,10.9678102889008,0.209999999999999));
#3400=CARTESIAN_POINT('Ctrl Pts',(24.2441075623868,11.1022390029303,0.209999999999999));
#3401=CARTESIAN_POINT('Ctrl Pts',(24.9324731774466,10.950695608306,0.209999999999999));
#3402=CARTESIAN_POINT('Ctrl Pts',(26.1218340945748,10.2438581065333,0.209999999999999));
#3403=CARTESIAN_POINT('Ctrl Pts',(26.6042089032225,9.66563638252587,0.209999999999999));
#3404=CARTESIAN_POINT('Ctrl Pts',(27.1230227761288,8.27024147214646,0.209999999999999));
#3405=CARTESIAN_POINT('Ctrl Pts',(27.1117217258637,7.44196287124215,0.209999999999999));
#3406=CARTESIAN_POINT('Ctrl Pts',(26.53288711015,6.00632135385962,0.209999999999999));
#3407=CARTESIAN_POINT('Ctrl Pts',(25.9714019340859,5.40452271873129,0.209999999999999));
#3408=CARTESIAN_POINT('Ctrl Pts',(24.5287074601208,4.7031062950982,0.209999999999999));
#3409=CARTESIAN_POINT('Ctrl Pts',(23.6335096122095,4.65278816483186,0.209999999999999));
#3410=CARTESIAN_POINT('Ctrl Pts',(22.0676295291583,5.20711108761463,0.209999999999999));
#3411=CARTESIAN_POINT('Ctrl Pts',(21.4057896848613,5.80520877416259,0.209999999999999));
#3412=CARTESIAN_POINT('Ctrl Pts',(20.8538827085793,6.97349798858671,0.209999999999999));
#3413=CARTESIAN_POINT('Ctrl Pts',(20.75,7.43660613072478,0.209999999999999));
#3414=CARTESIAN_POINT('Ctrl Pts',(20.75,7.9,0.209999999999999));
#3415=CARTESIAN_POINT('Ctrl Pts',(20.9499999999989,7.90000000000006,0.0099999999999989));
#3416=CARTESIAN_POINT('Ctrl Pts',(20.9499999999989,7.45868306848832,0.0099999999999989));
#3417=CARTESIAN_POINT('Ctrl Pts',(21.1516391587357,6.57653224507955,0.0099999999999989));
#3418=CARTESIAN_POINT('Ctrl Pts',(21.9980928932944,5.51438948029873,0.0099999999999989));
#3419=CARTESIAN_POINT('Ctrl Pts',(23.2207356001593,4.92599411342004,0.0099999999999989));
#3420=CARTESIAN_POINT('Ctrl Pts',(24.5805966670262,4.92525899399236,0.0099999999999989));
#3421=CARTESIAN_POINT('Ctrl Pts',(25.7983510177848,5.51503977050916,0.0099999999999989));
#3422=CARTESIAN_POINT('Ctrl Pts',(26.9412901866514,6.92987171823778,0.0099999999999989));
#3423=CARTESIAN_POINT('Ctrl Pts',(26.9401612910036,8.87009784961192,0.0099999999999989));
#3424=CARTESIAN_POINT('Ctrl Pts',(25.7991365629196,10.285122982861,0.0099999999999989));
#3425=CARTESIAN_POINT('Ctrl Pts',(24.580497455803,10.8748033445849,0.0099999999999989));
#3426=CARTESIAN_POINT('Ctrl Pts',(23.2207837008,10.8739095316232,0.0099999999999989));
#3427=CARTESIAN_POINT('Ctrl Pts',(21.9981956352437,10.2855416915166,0.0099999999999989));
#3428=CARTESIAN_POINT('Ctrl Pts',(21.151637003063,9.22345772016164,0.0099999999999989));
#3429=CARTESIAN_POINT('Ctrl Pts',(20.9499999999995,8.34131693151173,0.0099999999999989));
#3430=CARTESIAN_POINT('Ctrl Pts',(20.9499999999995,7.89999999999999,0.0099999999999989));
#3431=CARTESIAN_POINT('Origin',(23.9,7.9,8.11));
#3432=CARTESIAN_POINT('',(20.75,7.9,8.11));
#3433=CARTESIAN_POINT('',(20.75,7.9,8.11));
#3434=CARTESIAN_POINT('Origin',(23.9,7.9,8.11));
#3435=CARTESIAN_POINT('Origin',(23.9,7.9,0.0099999999999989));
#3436=CARTESIAN_POINT('',(21.75,7.9,0.0099999999999989));
#3437=CARTESIAN_POINT('Origin',(23.9,7.9,0.0099999999999989));
#3438=CARTESIAN_POINT('Ctrl Pts',(31.670877448394,15.670877448394,9.47087744839397));
#3439=CARTESIAN_POINT('Ctrl Pts',(31.6919915687066,15.6603203882377,9.46032038823766));
#3440=CARTESIAN_POINT('Ctrl Pts',(31.7320639664042,15.6360331636472,9.43603316364716));
#3441=CARTESIAN_POINT('Ctrl Pts',(31.7869998422616,15.5818333357533,9.38183333575327));
#3442=CARTESIAN_POINT('Ctrl Pts',(31.8,15.5513025240026,9.35130252400256));
#3443=CARTESIAN_POINT('Ctrl Pts',(31.8,15.5414302022804,9.34143020228045));
#3444=CARTESIAN_POINT('Ctrl Pts',(31.6814345085503,15.6497633280813,9.48143450855028));
#3445=CARTESIAN_POINT('Ctrl Pts',(31.7010351687754,15.6400388212056,9.46986858859741));
#3446=CARTESIAN_POINT('Ctrl Pts',(31.7384581119271,15.6177858291911,9.44399379185444));
#3447=CARTESIAN_POINT('Ctrl Pts',(31.7889158439045,15.5677727338384,9.38922484339663));
#3448=CARTESIAN_POINT('Ctrl Pts',(31.8,15.5394914696721,9.3620166536972));
#3449=CARTESIAN_POINT('Ctrl Pts',(31.8,15.5290907244688,9.35376968009204));
#3450=CARTESIAN_POINT('Ctrl Pts',(31.6986638261761,15.6071918671483,9.49866382617606));
#3451=CARTESIAN_POINT('Ctrl Pts',(31.7155350675132,15.5990547485219,9.48566678541779));
#3452=CARTESIAN_POINT('Ctrl Pts',(31.7487696683675,15.5801412193751,9.45622561646185));
#3453=CARTESIAN_POINT('Ctrl Pts',(31.7931241049729,15.5346067087126,9.39992987971139));
#3454=CARTESIAN_POINT('Ctrl Pts',(31.8,15.5117060693785,9.38051147297925));
#3455=CARTESIAN_POINT('Ctrl Pts',(31.8,15.5011639949299,9.37519854953448));
#3456=CARTESIAN_POINT('Ctrl Pts',(31.711116029977,15.5177009906651,9.51111602997695));
#3457=CARTESIAN_POINT('Ctrl Pts',(31.7280567301862,15.5107209929186,9.49435765800317));
#3458=CARTESIAN_POINT('Ctrl Pts',(31.7628992682309,15.4942425323243,9.45625062388241));
#3459=CARTESIAN_POINT('Ctrl Pts',(31.7961961559273,15.4700121693703,9.4101456261189));
#3460=CARTESIAN_POINT('Ctrl Pts',(31.8,15.4588900865364,9.39869004297196));
#3461=CARTESIAN_POINT('Ctrl Pts',(31.8,15.4523805378835,9.39540531906254));
#3462=CARTESIAN_POINT('Ctrl Pts',(31.7123899343099,15.438852125816,9.51238993430993));
#3463=CARTESIAN_POINT('Ctrl Pts',(31.7307772320473,15.4366953522863,9.49400263657251));
#3464=CARTESIAN_POINT('Ctrl Pts',(31.7665739116376,15.4319968013982,9.45510076319148));
#3465=CARTESIAN_POINT('Ctrl Pts',(31.79600129728,15.4244267007176,9.41475935552458));
#3466=CARTESIAN_POINT('Ctrl Pts',(31.8,15.4197465385114,9.40331729107223));
#3467=CARTESIAN_POINT('Ctrl Pts',(31.8,15.4174808591542,9.4));
#3468=CARTESIAN_POINT('Ctrl Pts',(31.7123899343099,15.4000302022804,9.51238993430993));
#3469=CARTESIAN_POINT('Ctrl Pts',(31.7318588377966,15.4000302022804,9.49292103082325));
#3470=CARTESIAN_POINT('Ctrl Pts',(31.768612442563,15.4000302022805,9.45268491793463));
#3471=CARTESIAN_POINT('Ctrl Pts',(31.796461326828,15.4000302022804,9.41379377096783));
#3472=CARTESIAN_POINT('Ctrl Pts',(31.8,15.4000302022804,9.40314269680527));
#3473=CARTESIAN_POINT('Ctrl Pts',(31.8,15.4000302022804,9.4));
#3474=CARTESIAN_POINT('',(31.8,15.4000302022804,9.4));
#3475=CARTESIAN_POINT('Ctrl Pts',(31.8,15.4000302022804,9.4));
#3476=CARTESIAN_POINT('Ctrl Pts',(31.8,15.4000302022804,9.4026937401188));
#3477=CARTESIAN_POINT('Ctrl Pts',(31.7978331879285,15.4000302022805,9.40936457706045));
#3478=CARTESIAN_POINT('Ctrl Pts',(31.7830529264257,15.4000302022804,9.43350594413049));
#3479=CARTESIAN_POINT('Ctrl Pts',(31.7537148025042,15.4000302022804,9.46992137007756));
#3480=CARTESIAN_POINT('Ctrl Pts',(31.7207725592259,15.4000302022804,9.5039919454405));
#3481=CARTESIAN_POINT('Ctrl Pts',(31.7123813875132,15.4000302022804,9.51238138575559));
#3482=CARTESIAN_POINT('Origin',(31.8,15.4000302022804,9.20003020228045));
#3483=CARTESIAN_POINT('Ctrl Pts',(31.8,15.6,0.));
#3484=CARTESIAN_POINT('Ctrl Pts',(31.8,15.6,3.06667673409348));
#3485=CARTESIAN_POINT('Ctrl Pts',(31.8,15.6,6.13335346818697));
#3486=CARTESIAN_POINT('Ctrl Pts',(31.8,15.6,9.20003020228045));
#3487=CARTESIAN_POINT('Ctrl Pts',(31.8,15.6026937401188,0.));
#3488=CARTESIAN_POINT('Ctrl Pts',(31.8,15.6026937401188,3.06667673409349));
#3489=CARTESIAN_POINT('Ctrl Pts',(31.8,15.6026937401188,6.13335346818697));
#3490=CARTESIAN_POINT('Ctrl Pts',(31.8,15.6026937401188,9.20003020228045));
#3491=CARTESIAN_POINT('Ctrl Pts',(31.7973879841711,15.6112815018098,0.));
#3492=CARTESIAN_POINT('Ctrl Pts',(31.7973879841711,15.6112815018098,3.06667673409348));
#3493=CARTESIAN_POINT('Ctrl Pts',(31.7973879841711,15.6112815018098,6.13335346818697));
#3494=CARTESIAN_POINT('Ctrl Pts',(31.7973879841711,15.6112815018098,9.20003020228045));
#3495=CARTESIAN_POINT('Ctrl Pts',(31.7782938116846,15.6399235289219,0.));
#3496=CARTESIAN_POINT('Ctrl Pts',(31.7782938116846,15.6399235289219,3.06667673409349));
#3497=CARTESIAN_POINT('Ctrl Pts',(31.7782938116846,15.6399235289219,6.13335346818696));
#3498=CARTESIAN_POINT('Ctrl Pts',(31.7782938116846,15.6399235289219,9.20003020228045));
#3499=CARTESIAN_POINT('Ctrl Pts',(31.7389803638283,15.6860626332249,0.));
#3500=CARTESIAN_POINT('Ctrl Pts',(31.7389803638283,15.6860626332249,3.06667673409348));
#3501=CARTESIAN_POINT('Ctrl Pts',(31.7389803638283,15.6860626332249,6.13335346818697));
#3502=CARTESIAN_POINT('Ctrl Pts',(31.7389803638283,15.6860626332249,9.20003020228046));
#3503=CARTESIAN_POINT('Ctrl Pts',(31.6772018907944,15.7478492437897,0.));
#3504=CARTESIAN_POINT('Ctrl Pts',(31.6772018907944,15.7478492437897,3.06667673409348));
#3505=CARTESIAN_POINT('Ctrl Pts',(31.6772018907944,15.7478492437897,6.13335346818697));
#3506=CARTESIAN_POINT('Ctrl Pts',(31.6772018907944,15.7478492437897,9.20003020228046));
#3507=CARTESIAN_POINT('Ctrl Pts',(31.6335059441305,15.7830529264257,0.));
#3508=CARTESIAN_POINT('Ctrl Pts',(31.6335059441305,15.7830529264257,3.06667673409349));
#3509=CARTESIAN_POINT('Ctrl Pts',(31.6335059441305,15.7830529264257,6.13335346818697));
#3510=CARTESIAN_POINT('Ctrl Pts',(31.6335059441305,15.7830529264257,9.20003020228046));
#3511=CARTESIAN_POINT('Ctrl Pts',(31.6093645770605,15.7978331879285,0.));
#3512=CARTESIAN_POINT('Ctrl Pts',(31.6093645770605,15.7978331879285,3.06667673409348));
#3513=CARTESIAN_POINT('Ctrl Pts',(31.6093645770605,15.7978331879285,6.13335346818697));
#3514=CARTESIAN_POINT('Ctrl Pts',(31.6093645770605,15.7978331879285,9.20003020228046));
#3515=CARTESIAN_POINT('Ctrl Pts',(31.6026937401188,15.8,0.));
#3516=CARTESIAN_POINT('Ctrl Pts',(31.6026937401188,15.8,3.06667673409349));
#3517=CARTESIAN_POINT('Ctrl Pts',(31.6026937401188,15.8,6.13335346818697));
#3518=CARTESIAN_POINT('Ctrl Pts',(31.6026937401188,15.8,9.20003020228045));
#3519=CARTESIAN_POINT('Ctrl Pts',(31.6,15.8,0.));
#3520=CARTESIAN_POINT('Ctrl Pts',(31.6,15.8,3.06667673409348));
#3521=CARTESIAN_POINT('Ctrl Pts',(31.6,15.8,6.13335346818697));
#3522=CARTESIAN_POINT('Ctrl Pts',(31.6,15.8,9.20003020228045));
#3523=CARTESIAN_POINT('',(31.8,15.6,0.));
#3524=CARTESIAN_POINT('',(31.6,15.8,0.));
#3525=CARTESIAN_POINT('Ctrl Pts',(31.8,15.6,0.));
#3526=CARTESIAN_POINT('Ctrl Pts',(31.8,15.6026937401188,0.));
#3527=CARTESIAN_POINT('Ctrl Pts',(31.7986939920855,15.6069876209643,0.));
#3528=CARTESIAN_POINT('Ctrl Pts',(31.7948586260472,15.6139082325724,0.));
#3529=CARTESIAN_POINT('Ctrl Pts',(31.7910232600089,15.6208288441805,0.));
#3530=CARTESIAN_POINT('Ctrl Pts',(31.7846585358468,15.6303761865512,0.));
#3531=CARTESIAN_POINT('Ctrl Pts',(31.7749239324563,15.6428397084537,0.));
#3532=CARTESIAN_POINT('Ctrl Pts',(31.7651893290658,15.6553032303563,0.));
#3533=CARTESIAN_POINT('Ctrl Pts',(31.7520848464471,15.6706829317906,0.));
#3534=CARTESIAN_POINT('Ctrl Pts',(31.73670710899,15.6871994411599,0.));
#3535=CARTESIAN_POINT('Ctrl Pts',(31.7213293715329,15.7037159505291,0.));
#3536=CARTESIAN_POINT('Ctrl Pts',(31.7036783792375,15.7213692678334,0.));
#3537=CARTESIAN_POINT('Ctrl Pts',(31.6872616576384,15.7366550825674,0.));
#3538=CARTESIAN_POINT('Ctrl Pts',(31.6626365752398,15.7595838046684,0.));
#3539=CARTESIAN_POINT('Ctrl Pts',(31.6407886019078,15.7771856459864,0.));
#3540=CARTESIAN_POINT('Ctrl Pts',(31.6262735959236,15.7871287043795,0.));
#3541=CARTESIAN_POINT('Ctrl Pts',(31.6214352605955,15.7904430571771,0.));
#3542=CARTESIAN_POINT('Ctrl Pts',(31.6174116994171,15.7929064340943,0.));
#3543=CARTESIAN_POINT('Ctrl Pts',(31.6139881211936,15.7947894422692,0.));
#3544=CARTESIAN_POINT('Ctrl Pts',(31.6071409647466,15.798555458619,0.));
#3545=CARTESIAN_POINT('Ctrl Pts',(31.6026937401188,15.8,0.));
#3546=CARTESIAN_POINT('Ctrl Pts',(31.6,15.8,0.));
#3547=CARTESIAN_POINT('Ctrl Pts',(31.6,15.8,0.));
#3548=CARTESIAN_POINT('Ctrl Pts',(31.6,15.8,3.06667673409348));
#3549=CARTESIAN_POINT('Ctrl Pts',(31.6,15.8,6.13335346818697));
#3550=CARTESIAN_POINT('Ctrl Pts',(31.6,15.8,9.20003020228045));
#3551=CARTESIAN_POINT('Ctrl Pts',(31.8,15.6,9.20003020228045));
#3552=CARTESIAN_POINT('Ctrl Pts',(31.8,15.6,6.13335346818697));
#3553=CARTESIAN_POINT('Ctrl Pts',(31.8,15.6,3.06667673409348));
#3554=CARTESIAN_POINT('Ctrl Pts',(31.8,15.6,0.));
#3555=CARTESIAN_POINT('Ctrl Pts',(0.12912255160603,15.670877448394,9.47087744839397));
#3556=CARTESIAN_POINT('Ctrl Pts',(0.139679611762343,15.6919915687066,9.46032038823766));
#3557=CARTESIAN_POINT('Ctrl Pts',(0.163966836352844,15.7320639664042,9.43603316364716));
#3558=CARTESIAN_POINT('Ctrl Pts',(0.218166664246728,15.7869998422616,9.38183333575327));
#3559=CARTESIAN_POINT('Ctrl Pts',(0.248697475997433,15.8,9.35130252400256));
#3560=CARTESIAN_POINT('Ctrl Pts',(0.258569797719553,15.8,9.34143020228045));
#3561=CARTESIAN_POINT('Ctrl Pts',(0.150236671918657,15.6814345085503,9.48143450855029));
#3562=CARTESIAN_POINT('Ctrl Pts',(0.15996117879438,15.7010351687754,9.46986858859741));
#3563=CARTESIAN_POINT('Ctrl Pts',(0.182214170808942,15.7384581119271,9.44399379185444));
#3564=CARTESIAN_POINT('Ctrl Pts',(0.232227266161593,15.7889158439045,9.38922484339663));
#3565=CARTESIAN_POINT('Ctrl Pts',(0.260508530327859,15.8,9.3620166536972));
#3566=CARTESIAN_POINT('Ctrl Pts',(0.270909275531153,15.8,9.35376968009204));
#3567=CARTESIAN_POINT('Ctrl Pts',(0.192808132851703,15.6986638261761,9.49866382617606));
#3568=CARTESIAN_POINT('Ctrl Pts',(0.200945251478111,15.7155350675132,9.48566678541779));
#3569=CARTESIAN_POINT('Ctrl Pts',(0.219858780624936,15.7487696683675,9.45622561646185));
#3570=CARTESIAN_POINT('Ctrl Pts',(0.265393291287358,15.7931241049729,9.39992987971138));
#3571=CARTESIAN_POINT('Ctrl Pts',(0.288293930621517,15.8,9.38051147297925));
#3572=CARTESIAN_POINT('Ctrl Pts',(0.298836005070115,15.8,9.37519854953448));
#3573=CARTESIAN_POINT('Ctrl Pts',(0.282299009334921,15.7111160299769,9.51111602997695));
#3574=CARTESIAN_POINT('Ctrl Pts',(0.289279007081418,15.7280567301861,9.49435765800317));
#3575=CARTESIAN_POINT('Ctrl Pts',(0.30575746767565,15.7628992682309,9.45625062388241));
#3576=CARTESIAN_POINT('Ctrl Pts',(0.32998783062966,15.7961961559272,9.4101456261189));
#3577=CARTESIAN_POINT('Ctrl Pts',(0.341109913463586,15.8,9.39869004297196));
#3578=CARTESIAN_POINT('Ctrl Pts',(0.347619462116512,15.8,9.39540531906254));
#3579=CARTESIAN_POINT('Ctrl Pts',(0.361147874183985,15.7123899343099,9.51238993430993));
#3580=CARTESIAN_POINT('Ctrl Pts',(0.363304647713739,15.7307772320473,9.49400263657251));
#3581=CARTESIAN_POINT('Ctrl Pts',(0.368003198601797,15.7665739116375,9.45510076319148));
#3582=CARTESIAN_POINT('Ctrl Pts',(0.375573299282392,15.79600129728,9.41475935552458));
#3583=CARTESIAN_POINT('Ctrl Pts',(0.380253461488583,15.8,9.40331729107223));
#3584=CARTESIAN_POINT('Ctrl Pts',(0.382519140845782,15.8,9.4));
#3585=CARTESIAN_POINT('Ctrl Pts',(0.399969797719548,15.7123899343099,9.51238993430993));
#3586=CARTESIAN_POINT('Ctrl Pts',(0.399969797719548,15.7318588377966,9.49292103082325));
#3587=CARTESIAN_POINT('Ctrl Pts',(0.399969797719548,15.768612442563,9.45268491793463));
#3588=CARTESIAN_POINT('Ctrl Pts',(0.399969797719548,15.7964613268281,9.41379377096783));
#3589=CARTESIAN_POINT('Ctrl Pts',(0.399969797719548,15.8,9.40314269680527));
#3590=CARTESIAN_POINT('Ctrl Pts',(0.399969797719548,15.8,9.4));
#3591=CARTESIAN_POINT('',(0.399969797719548,15.8,9.4));
#3592=CARTESIAN_POINT('Ctrl Pts',(0.399969797719544,15.8,9.4));
#3593=CARTESIAN_POINT('Ctrl Pts',(0.399969797719544,15.8,9.4026937401188));
#3594=CARTESIAN_POINT('Ctrl Pts',(0.399969797719544,15.7978331879285,9.40936457706045));
#3595=CARTESIAN_POINT('Ctrl Pts',(0.399969797719544,15.7830529264257,9.43350594413049));
#3596=CARTESIAN_POINT('Ctrl Pts',(0.399969797719544,15.7537148025042,9.46992137007756));
#3597=CARTESIAN_POINT('Ctrl Pts',(0.399969797719544,15.7207725592259,9.5039919454405));
#3598=CARTESIAN_POINT('Ctrl Pts',(0.399969797719544,15.7123813875133,9.51238138575559));
#3599=CARTESIAN_POINT('Origin',(0.399969797719548,15.8,9.20003020228045));
#3600=CARTESIAN_POINT('Ctrl Pts',(0.2,15.8,0.));
#3601=CARTESIAN_POINT('Ctrl Pts',(0.2,15.8,3.06667673409348));
#3602=CARTESIAN_POINT('Ctrl Pts',(0.2,15.8,6.13335346818697));
#3603=CARTESIAN_POINT('Ctrl Pts',(0.2,15.8,9.20003020228045));
#3604=CARTESIAN_POINT('Ctrl Pts',(0.194612519762388,15.8,0.));
#3605=CARTESIAN_POINT('Ctrl Pts',(0.194612519762388,15.8,3.06667673409348));
#3606=CARTESIAN_POINT('Ctrl Pts',(0.194612519762388,15.8,6.13335346818697));
#3607=CARTESIAN_POINT('Ctrl Pts',(0.194612519762388,15.8,9.20003020228045));
#3608=CARTESIAN_POINT('Ctrl Pts',(0.175421816900405,15.7913456487572,0.));
#3609=CARTESIAN_POINT('Ctrl Pts',(0.175421816900405,15.7913456487572,3.06667673409349));
#3610=CARTESIAN_POINT('Ctrl Pts',(0.175421816900405,15.7913456487572,6.13335346818697));
#3611=CARTESIAN_POINT('Ctrl Pts',(0.175421816900405,15.7913456487572,9.20003020228045));
#3612=CARTESIAN_POINT('Ctrl Pts',(0.113747523907468,15.7388543944784,0.));
#3613=CARTESIAN_POINT('Ctrl Pts',(0.113747523907468,15.7388543944784,3.06667673409348));
#3614=CARTESIAN_POINT('Ctrl Pts',(0.113747523907468,15.7388543944784,6.13335346818697));
#3615=CARTESIAN_POINT('Ctrl Pts',(0.113747523907468,15.7388543944784,9.20003020228045));
#3616=CARTESIAN_POINT('Ctrl Pts',(0.0519083658166718,15.676993020569,0.));
#3617=CARTESIAN_POINT('Ctrl Pts',(0.0519083658166718,15.676993020569,3.06667673409348));
#3618=CARTESIAN_POINT('Ctrl Pts',(0.0519083658166718,15.676993020569,6.13335346818697));
#3619=CARTESIAN_POINT('Ctrl Pts',(0.0519083658166718,15.676993020569,9.20003020228045));
#3620=CARTESIAN_POINT('Ctrl Pts',(0.00512124599034679,15.6188659694141,
0.));
#3621=CARTESIAN_POINT('Ctrl Pts',(0.00512124599034679,15.6188659694141,
3.06667673409348));
#3622=CARTESIAN_POINT('Ctrl Pts',(0.00512124599034679,15.6188659694141,
6.13335346818697));
#3623=CARTESIAN_POINT('Ctrl Pts',(0.00512124599034679,15.6188659694141,
9.20003020228045));
#3624=CARTESIAN_POINT('Ctrl Pts',(-7.00934133340971E-19,15.6040406101782,
0.));
#3625=CARTESIAN_POINT('Ctrl Pts',(-7.00934133340971E-19,15.6040406101782,
3.06667673409349));
#3626=CARTESIAN_POINT('Ctrl Pts',(-7.00934133340971E-19,15.6040406101782,
6.13335346818697));
#3627=CARTESIAN_POINT('Ctrl Pts',(-7.00934133340971E-19,15.6040406101782,
9.20003020228045));
#3628=CARTESIAN_POINT('Ctrl Pts',(0.,15.6,0.));
#3629=CARTESIAN_POINT('Ctrl Pts',(0.,15.6,3.06667673409348));
#3630=CARTESIAN_POINT('Ctrl Pts',(0.,15.6,6.13335346818697));
#3631=CARTESIAN_POINT('Ctrl Pts',(0.,15.6,9.20003020228045));
#3632=CARTESIAN_POINT('',(0.2,15.8,0.));
#3633=CARTESIAN_POINT('',(0.,15.6,0.));
#3634=CARTESIAN_POINT('Ctrl Pts',(0.2,15.8,0.));
#3635=CARTESIAN_POINT('Ctrl Pts',(0.194612519762388,15.8,0.));
#3636=CARTESIAN_POINT('Ctrl Pts',(0.1818187178544,15.7942304325048,0.));
#3637=CARTESIAN_POINT('Ctrl Pts',(0.156996019554091,15.7748101585801,0.));
#3638=CARTESIAN_POINT('Ctrl Pts',(0.144584670403937,15.7651000216178,0.));
#3639=CARTESIAN_POINT('Ctrl Pts',(0.129166097155702,15.7519772080481,0.));
#3640=CARTESIAN_POINT('Ctrl Pts',(0.112622645090043,15.7365784621333,0.));
#3641=CARTESIAN_POINT('Ctrl Pts',(0.0960791930243831,15.7211797162185,0.));
#3642=CARTESIAN_POINT('Ctrl Pts',(0.0784108621412986,15.7035050379587,0.));
#3643=CARTESIAN_POINT('Ctrl Pts',(0.0631311516288154,15.6870875258873,0.));
#3644=CARTESIAN_POINT('Ctrl Pts',(0.0402115858600905,15.6624612577803,0.));
#3645=CARTESIAN_POINT('Ctrl Pts',(0.0226664159252187,15.6406636135972,0.));
#3646=CARTESIAN_POINT('Ctrl Pts',(0.012613519460196,15.6260584516966,0.));
#3647=CARTESIAN_POINT('Ctrl Pts',(0.0025606229951734,15.6114532897961,0.));
#3648=CARTESIAN_POINT('Ctrl Pts',(0.,15.6040406101782,0.));
#3649=CARTESIAN_POINT('Ctrl Pts',(0.,15.6,0.));
#3650=CARTESIAN_POINT('Ctrl Pts',(0.,15.6,0.));
#3651=CARTESIAN_POINT('Ctrl Pts',(0.,15.6,3.06667673409348));
#3652=CARTESIAN_POINT('Ctrl Pts',(0.,15.6,6.13335346818697));
#3653=CARTESIAN_POINT('Ctrl Pts',(0.,15.6,9.20003020228045));
#3654=CARTESIAN_POINT('Ctrl Pts',(0.2,15.8,9.20003020228045));
#3655=CARTESIAN_POINT('Ctrl Pts',(0.2,15.8,6.13335346818697));
#3656=CARTESIAN_POINT('Ctrl Pts',(0.2,15.8,3.06667673409348));
#3657=CARTESIAN_POINT('Ctrl Pts',(0.2,15.8,0.));
#3658=CARTESIAN_POINT('Ctrl Pts',(31.670877448394,0.12912255160603,9.47087744839397));
#3659=CARTESIAN_POINT('Ctrl Pts',(31.6919915687066,0.139679611762344,9.46032038823766));
#3660=CARTESIAN_POINT('Ctrl Pts',(31.7320639664042,0.163966836352845,9.43603316364716));
#3661=CARTESIAN_POINT('Ctrl Pts',(31.7869998422616,0.21816666424673,9.38183333575328));
#3662=CARTESIAN_POINT('Ctrl Pts',(31.8,0.248697475997436,9.35130252400257));
#3663=CARTESIAN_POINT('Ctrl Pts',(31.8,0.258569797719556,9.34143020228045));
#3664=CARTESIAN_POINT('Ctrl Pts',(31.6814345085503,0.118565491449717,9.44976332808134));
#3665=CARTESIAN_POINT('Ctrl Pts',(31.7010351687754,0.130131411402589,9.44003882120562));
#3666=CARTESIAN_POINT('Ctrl Pts',(31.7384581119271,0.156006208145564,9.41778582919106));
#3667=CARTESIAN_POINT('Ctrl Pts',(31.7889158439045,0.210775156603367,9.36777273383842));
#3668=CARTESIAN_POINT('Ctrl Pts',(31.8,0.237983346302801,9.33949146967215));
#3669=CARTESIAN_POINT('Ctrl Pts',(31.8,0.246230319907956,9.32909072446885));
#3670=CARTESIAN_POINT('Ctrl Pts',(31.6986638261761,0.101336173823937,9.4071918671483));
#3671=CARTESIAN_POINT('Ctrl Pts',(31.7155350675132,0.114333214582213,9.39905474852189));
#3672=CARTESIAN_POINT('Ctrl Pts',(31.7487696683675,0.14377438353815,9.38014121937506));
#3673=CARTESIAN_POINT('Ctrl Pts',(31.7931241049729,0.200070120288614,9.33460670871265));
#3674=CARTESIAN_POINT('Ctrl Pts',(31.8,0.219488527020755,9.31170606937849));
#3675=CARTESIAN_POINT('Ctrl Pts',(31.8,0.22480145046552,9.30116399492989));
#3676=CARTESIAN_POINT('Ctrl Pts',(31.7111160299769,0.0888839700230473,9.31770099066508));
#3677=CARTESIAN_POINT('Ctrl Pts',(31.7280567301862,0.105642341996827,9.31072099291859));
#3678=CARTESIAN_POINT('Ctrl Pts',(31.7628992682309,0.14374937611759,9.29424253232435));
#3679=CARTESIAN_POINT('Ctrl Pts',(31.7961961559273,0.189854373881103,9.27001216937033));
#3680=CARTESIAN_POINT('Ctrl Pts',(31.8,0.201309957028039,9.25889008653642));
#3681=CARTESIAN_POINT('Ctrl Pts',(31.8,0.204594680937456,9.25238053788349));
#3682=CARTESIAN_POINT('Ctrl Pts',(31.7123899343099,0.0876100656900704,9.23885212581602));
#3683=CARTESIAN_POINT('Ctrl Pts',(31.7307772320473,0.105997363427493,9.23669535228626));
#3684=CARTESIAN_POINT('Ctrl Pts',(31.7665739116375,0.144899236808512,9.2319968013982));
#3685=CARTESIAN_POINT('Ctrl Pts',(31.79600129728,0.185240644475428,9.22442670071761));
#3686=CARTESIAN_POINT('Ctrl Pts',(31.8,0.196682708927767,9.21974653851142));
#3687=CARTESIAN_POINT('Ctrl Pts',(31.8,0.2,9.21748085915422));
#3688=CARTESIAN_POINT('Ctrl Pts',(31.7123899343099,0.0876100656900704,9.20003020228045));
#3689=CARTESIAN_POINT('Ctrl Pts',(31.7318588377966,0.107078969176753,9.20003020228045));
#3690=CARTESIAN_POINT('Ctrl Pts',(31.768612442563,0.147315082065367,9.20003020228045));
#3691=CARTESIAN_POINT('Ctrl Pts',(31.7964613268281,0.186206229032167,9.20003020228045));
#3692=CARTESIAN_POINT('Ctrl Pts',(31.8,0.196857303194726,9.20003020228045));
#3693=CARTESIAN_POINT('Ctrl Pts',(31.8,0.2,9.20003020228045));
#3694=CARTESIAN_POINT('',(31.8,0.2,9.20003020228045));
#3695=CARTESIAN_POINT('Ctrl Pts',(31.8,0.2,9.20003020228045));
#3696=CARTESIAN_POINT('Ctrl Pts',(31.8,0.197306259881194,9.20003020228045));
#3697=CARTESIAN_POINT('Ctrl Pts',(31.7978365265029,0.190639139575854,9.20003020228045));
#3698=CARTESIAN_POINT('Ctrl Pts',(31.7830580183823,0.166499531358269,9.20003020228046));
#3699=CARTESIAN_POINT('Ctrl Pts',(31.7537199680493,0.130083824966025,9.20003020228046));
#3700=CARTESIAN_POINT('Ctrl Pts',(31.7207749841439,0.0960104502019478,9.20003020228046));
#3701=CARTESIAN_POINT('Ctrl Pts',(31.7123813573239,0.0876186445136318,9.20003020228046));
#3702=CARTESIAN_POINT('Origin',(31.8,0.399969797719557,9.20003020228045));
#3703=CARTESIAN_POINT('Ctrl Pts',(31.6,0.,0.));
#3704=CARTESIAN_POINT('Ctrl Pts',(31.6,0.,3.06667673409348));
#3705=CARTESIAN_POINT('Ctrl Pts',(31.6,0.,6.13335346818697));
#3706=CARTESIAN_POINT('Ctrl Pts',(31.6,0.,9.20003020228045));
#3707=CARTESIAN_POINT('Ctrl Pts',(31.6026937401188,0.,0.));
#3708=CARTESIAN_POINT('Ctrl Pts',(31.6026937401188,0.,3.06667673409349));
#3709=CARTESIAN_POINT('Ctrl Pts',(31.6026937401188,0.,6.13335346818697));
#3710=CARTESIAN_POINT('Ctrl Pts',(31.6026937401188,0.,9.20003020228045));
#3711=CARTESIAN_POINT('Ctrl Pts',(31.6112852504715,0.00261562078876928,
0.));
#3712=CARTESIAN_POINT('Ctrl Pts',(31.6112852504715,0.00261562078876928,
3.06667673409348));
#3713=CARTESIAN_POINT('Ctrl Pts',(31.6112852504715,0.00261562078876928,
6.13335346818698));
#3714=CARTESIAN_POINT('Ctrl Pts',(31.6112852504715,0.00261562078876928,
9.20003020228046));
#3715=CARTESIAN_POINT('Ctrl Pts',(31.6399287948627,0.0217113555402355,0.));
#3716=CARTESIAN_POINT('Ctrl Pts',(31.6399287948627,0.0217113555402355,3.06667673409349));
#3717=CARTESIAN_POINT('Ctrl Pts',(31.6399287948627,0.0217113555402355,6.13335346818697));
#3718=CARTESIAN_POINT('Ctrl Pts',(31.6399287948627,0.0217113555402355,9.20003020228046));
#3719=CARTESIAN_POINT('Ctrl Pts',(31.6860697082298,0.0610264802427372,0.));
#3720=CARTESIAN_POINT('Ctrl Pts',(31.6860697082298,0.0610264802427372,3.06667673409348));
#3721=CARTESIAN_POINT('Ctrl Pts',(31.6860697082298,0.0610264802427372,6.13335346818698));
#3722=CARTESIAN_POINT('Ctrl Pts',(31.6860697082298,0.0610264802427372,9.20003020228046));
#3723=CARTESIAN_POINT('Ctrl Pts',(31.747856401437,0.122805702604658,0.));
#3724=CARTESIAN_POINT('Ctrl Pts',(31.747856401437,0.122805702604658,3.06667673409348));
#3725=CARTESIAN_POINT('Ctrl Pts',(31.747856401437,0.122805702604658,6.13335346818697));
#3726=CARTESIAN_POINT('Ctrl Pts',(31.747856401437,0.122805702604658,9.20003020228046));
#3727=CARTESIAN_POINT('Ctrl Pts',(31.7830580183823,0.166499531358269,0.));
#3728=CARTESIAN_POINT('Ctrl Pts',(31.7830580183823,0.166499531358269,3.06667673409349));
#3729=CARTESIAN_POINT('Ctrl Pts',(31.7830580183823,0.166499531358269,6.13335346818697));
#3730=CARTESIAN_POINT('Ctrl Pts',(31.7830580183823,0.166499531358269,9.20003020228046));
#3731=CARTESIAN_POINT('Ctrl Pts',(31.7978365265029,0.190639139575854,0.));
#3732=CARTESIAN_POINT('Ctrl Pts',(31.7978365265029,0.190639139575854,3.06667673409348));
#3733=CARTESIAN_POINT('Ctrl Pts',(31.7978365265029,0.190639139575854,6.13335346818697));
#3734=CARTESIAN_POINT('Ctrl Pts',(31.7978365265029,0.190639139575854,9.20003020228045));
#3735=CARTESIAN_POINT('Ctrl Pts',(31.8,0.197306259881194,0.));
#3736=CARTESIAN_POINT('Ctrl Pts',(31.8,0.197306259881194,3.06667673409349));
#3737=CARTESIAN_POINT('Ctrl Pts',(31.8,0.197306259881194,6.13335346818697));
#3738=CARTESIAN_POINT('Ctrl Pts',(31.8,0.197306259881194,9.20003020228045));
#3739=CARTESIAN_POINT('Ctrl Pts',(31.8,0.2,0.));
#3740=CARTESIAN_POINT('Ctrl Pts',(31.8,0.2,3.06667673409348));
#3741=CARTESIAN_POINT('Ctrl Pts',(31.8,0.2,6.13335346818697));
#3742=CARTESIAN_POINT('Ctrl Pts',(31.8,0.2,9.20003020228045));
#3743=CARTESIAN_POINT('',(31.6,0.,0.));
#3744=CARTESIAN_POINT('',(31.8,0.2,0.));
#3745=CARTESIAN_POINT('Ctrl Pts',(31.6,0.,0.));
#3746=CARTESIAN_POINT('Ctrl Pts',(31.6026937401188,0.,0.));
#3747=CARTESIAN_POINT('Ctrl Pts',(31.6069894952951,0.00130781039438464,
0.));
#3748=CARTESIAN_POINT('Ctrl Pts',(31.6139112969485,0.00514433805015466,
0.));
#3749=CARTESIAN_POINT('Ctrl Pts',(31.6208330986019,0.00898086570592468,
0.));
#3750=CARTESIAN_POINT('Ctrl Pts',(31.6303809467323,0.0153461106230801,0.));
#3751=CARTESIAN_POINT('Ctrl Pts',(31.6428450230254,0.0250812538654081,0.));
#3752=CARTESIAN_POINT('Ctrl Pts',(31.6553090993184,0.034816397107736,0.));
#3753=CARTESIAN_POINT('Ctrl Pts',(31.6706894037741,0.0479214386752366,0.));
#3754=CARTESIAN_POINT('Ctrl Pts',(31.6872062264601,0.063299562653547,0.));
#3755=CARTESIAN_POINT('Ctrl Pts',(31.7037230491461,0.0786776866318574,0.));
#3756=CARTESIAN_POINT('Ctrl Pts',(31.7213763900625,0.0963288930209777,0.));
#3757=CARTESIAN_POINT('Ctrl Pts',(31.7366619435383,0.112745460688265,0.));
#3758=CARTESIAN_POINT('Ctrl Pts',(31.7595902737521,0.137370312189195,0.));
#3759=CARTESIAN_POINT('Ctrl Pts',(31.7771910822247,0.159217226566001,0.));
#3760=CARTESIAN_POINT('Ctrl Pts',(31.7871332248881,0.173731308241796,0.));
#3761=CARTESIAN_POINT('Ctrl Pts',(31.7904472724426,0.178569335467061,0.));
#3762=CARTESIAN_POINT('Ctrl Pts',(31.7929103571294,0.182592603503326,0.));
#3763=CARTESIAN_POINT('Ctrl Pts',(31.7947927995313,0.186015573339206,0.));
#3764=CARTESIAN_POINT('Ctrl Pts',(31.7985576843353,0.192861513010967,0.));
#3765=CARTESIAN_POINT('Ctrl Pts',(31.8,0.197306259881194,0.));
#3766=CARTESIAN_POINT('Ctrl Pts',(31.8,0.2,0.));
#3767=CARTESIAN_POINT('Ctrl Pts',(31.8,0.2,0.));
#3768=CARTESIAN_POINT('Ctrl Pts',(31.8,0.2,3.06667673409348));
#3769=CARTESIAN_POINT('Ctrl Pts',(31.8,0.2,6.13335346818697));
#3770=CARTESIAN_POINT('Ctrl Pts',(31.8,0.2,9.20003020228045));
#3771=CARTESIAN_POINT('Ctrl Pts',(31.6,0.,9.20003020228045));
#3772=CARTESIAN_POINT('Ctrl Pts',(31.6,0.,6.13335346818697));
#3773=CARTESIAN_POINT('Ctrl Pts',(31.6,0.,3.06667673409348));
#3774=CARTESIAN_POINT('Ctrl Pts',(31.6,0.,0.));
#3775=CARTESIAN_POINT('Ctrl Pts',(31.6,0.399969797719555,9.6));
#3776=CARTESIAN_POINT('Ctrl Pts',(31.6,5.39998993257318,9.6));
#3777=CARTESIAN_POINT('Ctrl Pts',(31.6,10.4000100674268,9.6));
#3778=CARTESIAN_POINT('Ctrl Pts',(31.6,15.4000302022804,9.6));
#3779=CARTESIAN_POINT('Ctrl Pts',(31.6026937401188,0.399969797719555,9.6));
#3780=CARTESIAN_POINT('Ctrl Pts',(31.6026937401188,5.39998993257319,9.6));
#3781=CARTESIAN_POINT('Ctrl Pts',(31.6026937401188,10.4000100674268,9.6));
#3782=CARTESIAN_POINT('Ctrl Pts',(31.6026937401188,15.4000302022804,9.6));
#3783=CARTESIAN_POINT('Ctrl Pts',(31.6112815018098,0.399969797719555,9.59738798417105));
#3784=CARTESIAN_POINT('Ctrl Pts',(31.6112815018098,5.39998993257318,9.59738798417105));
#3785=CARTESIAN_POINT('Ctrl Pts',(31.6112815018098,10.4000100674268,9.59738798417105));
#3786=CARTESIAN_POINT('Ctrl Pts',(31.6112815018098,15.4000302022804,9.59738798417105));
#3787=CARTESIAN_POINT('Ctrl Pts',(31.6399235289219,0.399969797719555,9.57829381168463));
#3788=CARTESIAN_POINT('Ctrl Pts',(31.6399235289219,5.39998993257319,9.57829381168463));
#3789=CARTESIAN_POINT('Ctrl Pts',(31.6399235289219,10.4000100674268,9.57829381168463));
#3790=CARTESIAN_POINT('Ctrl Pts',(31.6399235289219,15.4000302022804,9.57829381168463));
#3791=CARTESIAN_POINT('Ctrl Pts',(31.6860626332249,0.399969797719555,9.53898036382828));
#3792=CARTESIAN_POINT('Ctrl Pts',(31.6860626332249,5.39998993257318,9.53898036382828));
#3793=CARTESIAN_POINT('Ctrl Pts',(31.6860626332249,10.4000100674268,9.53898036382828));
#3794=CARTESIAN_POINT('Ctrl Pts',(31.6860626332249,15.4000302022804,9.53898036382828));
#3795=CARTESIAN_POINT('Ctrl Pts',(31.7478492437897,0.399969797719556,9.47720189079444));
#3796=CARTESIAN_POINT('Ctrl Pts',(31.7478492437897,5.39998993257318,9.47720189079444));
#3797=CARTESIAN_POINT('Ctrl Pts',(31.7478492437897,10.4000100674268,9.47720189079444));
#3798=CARTESIAN_POINT('Ctrl Pts',(31.7478492437897,15.4000302022804,9.47720189079444));
#3799=CARTESIAN_POINT('Ctrl Pts',(31.7830529264257,0.399969797719556,9.43350594413049));
#3800=CARTESIAN_POINT('Ctrl Pts',(31.7830529264257,5.39998993257319,9.43350594413049));
#3801=CARTESIAN_POINT('Ctrl Pts',(31.7830529264257,10.4000100674268,9.43350594413049));
#3802=CARTESIAN_POINT('Ctrl Pts',(31.7830529264257,15.4000302022804,9.43350594413049));
#3803=CARTESIAN_POINT('Ctrl Pts',(31.7978331879285,0.399969797719556,9.40936457706045));
#3804=CARTESIAN_POINT('Ctrl Pts',(31.7978331879285,5.39998993257318,9.40936457706045));
#3805=CARTESIAN_POINT('Ctrl Pts',(31.7978331879285,10.4000100674268,9.40936457706045));
#3806=CARTESIAN_POINT('Ctrl Pts',(31.7978331879285,15.4000302022805,9.40936457706045));
#3807=CARTESIAN_POINT('Ctrl Pts',(31.8,0.399969797719556,9.4026937401188));
#3808=CARTESIAN_POINT('Ctrl Pts',(31.8,5.39998993257319,9.4026937401188));
#3809=CARTESIAN_POINT('Ctrl Pts',(31.8,10.4000100674268,9.4026937401188));
#3810=CARTESIAN_POINT('Ctrl Pts',(31.8,15.4000302022804,9.4026937401188));
#3811=CARTESIAN_POINT('Ctrl Pts',(31.8,0.399969797719556,9.4));
#3812=CARTESIAN_POINT('Ctrl Pts',(31.8,5.39998993257319,9.4));
#3813=CARTESIAN_POINT('Ctrl Pts',(31.8,10.4000100674268,9.4));
#3814=CARTESIAN_POINT('Ctrl Pts',(31.8,15.4000302022804,9.4));
#3815=CARTESIAN_POINT('Ctrl Pts',(31.6,15.4000302022804,9.6));
#3816=CARTESIAN_POINT('Ctrl Pts',(31.6,10.4000100674268,9.6));
#3817=CARTESIAN_POINT('Ctrl Pts',(31.6,5.39998993257318,9.6));
#3818=CARTESIAN_POINT('Ctrl Pts',(31.6,0.399969797719555,9.6));
#3819=CARTESIAN_POINT('Ctrl Pts',(31.8,0.399969797719556,9.4));
#3820=CARTESIAN_POINT('Ctrl Pts',(31.8,5.39998993257319,9.4));
#3821=CARTESIAN_POINT('Ctrl Pts',(31.8,10.4000100674268,9.4));
#3822=CARTESIAN_POINT('Ctrl Pts',(31.8,15.4000302022804,9.4));
#3823=CARTESIAN_POINT('Ctrl Pts',(0.12912255160603,0.129122551606034,9.47087744839397));
#3824=CARTESIAN_POINT('Ctrl Pts',(0.139679611762344,0.108008431293406,9.46032038823766));
#3825=CARTESIAN_POINT('Ctrl Pts',(0.163966836352845,0.0679360335957755,
9.43603316364716));
#3826=CARTESIAN_POINT('Ctrl Pts',(0.21816666424673,0.0130001577384064,9.38183333575328));
#3827=CARTESIAN_POINT('Ctrl Pts',(0.248697475997435,0.,9.35130252400257));
#3828=CARTESIAN_POINT('Ctrl Pts',(0.258569797719556,0.,9.34143020228045));
#3829=CARTESIAN_POINT('Ctrl Pts',(0.118565491449717,0.11856549144972,9.44976332808135));
#3830=CARTESIAN_POINT('Ctrl Pts',(0.130131411402589,0.0989648312245723,
9.44003882120562));
#3831=CARTESIAN_POINT('Ctrl Pts',(0.156006208145564,0.061541888072902,9.41778582919106));
#3832=CARTESIAN_POINT('Ctrl Pts',(0.210775156603367,0.0110841560954957,
9.36777273383842));
#3833=CARTESIAN_POINT('Ctrl Pts',(0.2379833463028,0.,9.33949146967215));
#3834=CARTESIAN_POINT('Ctrl Pts',(0.246230319907956,0.,9.32909072446885));
#3835=CARTESIAN_POINT('Ctrl Pts',(0.101336173823937,0.101336173823941,9.4071918671483));
#3836=CARTESIAN_POINT('Ctrl Pts',(0.114333214582213,0.0844649324867766,
9.39905474852189));
#3837=CARTESIAN_POINT('Ctrl Pts',(0.14377438353815,0.0512303316325432,9.38014121937507));
#3838=CARTESIAN_POINT('Ctrl Pts',(0.200070120288614,0.00687589502708481,
9.33460670871264));
#3839=CARTESIAN_POINT('Ctrl Pts',(0.219488527020755,0.,9.31170606937849));
#3840=CARTESIAN_POINT('Ctrl Pts',(0.22480145046552,0.,9.30116399492989));
#3841=CARTESIAN_POINT('Ctrl Pts',(0.0888839700230473,0.088883970023053,
9.31770099066508));
#3842=CARTESIAN_POINT('Ctrl Pts',(0.105642341996827,0.0719432698138511,
9.31072099291859));
#3843=CARTESIAN_POINT('Ctrl Pts',(0.14374937611759,0.0371007317691132,9.29424253232435));
#3844=CARTESIAN_POINT('Ctrl Pts',(0.189854373881103,0.00380384407276052,
9.27001216937033));
#3845=CARTESIAN_POINT('Ctrl Pts',(0.201309957028039,0.,9.25889008653642));
#3846=CARTESIAN_POINT('Ctrl Pts',(0.204594680937456,0.,9.25238053788349));
#3847=CARTESIAN_POINT('Ctrl Pts',(0.0876100656900704,0.0876100656900762,
9.23885212581602));
#3848=CARTESIAN_POINT('Ctrl Pts',(0.105997363427493,0.069222767952653,9.23669535228626));
#3849=CARTESIAN_POINT('Ctrl Pts',(0.144899236808512,0.0334260883624473,
9.2319968013982));
#3850=CARTESIAN_POINT('Ctrl Pts',(0.185240644475428,0.00399870272000447,
9.22442670071761));
#3851=CARTESIAN_POINT('Ctrl Pts',(0.196682708927767,0.,9.21974653851142));
#3852=CARTESIAN_POINT('Ctrl Pts',(0.2,0.,9.21748085915422));
#3853=CARTESIAN_POINT('Ctrl Pts',(0.0876100656900704,0.0876100656900762,
9.20003020228045));
#3854=CARTESIAN_POINT('Ctrl Pts',(0.107078969176753,0.0681411622033928,
9.20003020228045));
#3855=CARTESIAN_POINT('Ctrl Pts',(0.147315082065367,0.0313875574370008,
9.20003020228045));
#3856=CARTESIAN_POINT('Ctrl Pts',(0.186206229032167,0.00353867317194386,
9.20003020228045));
#3857=CARTESIAN_POINT('Ctrl Pts',(0.196857303194726,0.,9.20003020228045));
#3858=CARTESIAN_POINT('Ctrl Pts',(0.2,0.,9.20003020228045));
#3859=CARTESIAN_POINT('',(0.2,0.,9.20003020228045));
#3860=CARTESIAN_POINT('Ctrl Pts',(0.2,0.,9.20003020228045));
#3861=CARTESIAN_POINT('Ctrl Pts',(0.195959389821791,-7.00934133340971E-19,
9.20003020228045));
#3862=CARTESIAN_POINT('Ctrl Pts',(0.180937995103665,0.00534652085312247,
9.20003020228045));
#3863=CARTESIAN_POINT('Ctrl Pts',(0.13019260724417,0.0461477332748175,9.20003020228046));
#3864=CARTESIAN_POINT('Ctrl Pts',(0.0960556787903787,0.0791461847214469,
9.20003020228045));
#3865=CARTESIAN_POINT('Ctrl Pts',(0.0876028094698349,0.087602818682987,
9.20003020228045));
#3866=CARTESIAN_POINT('Origin',(0.399969797719555,0.,9.20003020228045));
#3867=CARTESIAN_POINT('Ctrl Pts',(0.,0.2,0.));
#3868=CARTESIAN_POINT('Ctrl Pts',(0.,0.2,3.06667673409348));
#3869=CARTESIAN_POINT('Ctrl Pts',(0.,0.2,6.13335346818697));
#3870=CARTESIAN_POINT('Ctrl Pts',(0.,0.2,9.20003020228045));
#3871=CARTESIAN_POINT('Ctrl Pts',(-2.80373653336388E-18,0.194612519762388,
0.));
#3872=CARTESIAN_POINT('Ctrl Pts',(-2.80373653336388E-18,0.194612519762388,
3.06667673409348));
#3873=CARTESIAN_POINT('Ctrl Pts',(-2.80373653336388E-18,0.194612519762388,
6.13335346818697));
#3874=CARTESIAN_POINT('Ctrl Pts',(-2.80373653336388E-18,0.194612519762388,
9.20003020228045));
#3875=CARTESIAN_POINT('Ctrl Pts',(0.00861736019377479,0.175489338523851,
0.));
#3876=CARTESIAN_POINT('Ctrl Pts',(0.00861736019377479,0.175489338523851,
3.06667673409349));
#3877=CARTESIAN_POINT('Ctrl Pts',(0.00861736019377479,0.175489338523851,
6.13335346818697));
#3878=CARTESIAN_POINT('Ctrl Pts',(0.00861736019377479,0.175489338523851,
9.20003020228046));
#3879=CARTESIAN_POINT('Ctrl Pts',(0.0611639336066005,0.113747019609832,
0.));
#3880=CARTESIAN_POINT('Ctrl Pts',(0.0611639336066005,0.113747019609832,
3.06667673409348));
#3881=CARTESIAN_POINT('Ctrl Pts',(0.0611639336066005,0.113747019609832,
6.13335346818697));
#3882=CARTESIAN_POINT('Ctrl Pts',(0.0611639336066005,0.113747019609832,
9.20003020228045));
#3883=CARTESIAN_POINT('Ctrl Pts',(0.123005247612678,0.0519266424416481,
0.));
#3884=CARTESIAN_POINT('Ctrl Pts',(0.123005247612678,0.0519266424416481,
3.06667673409349));
#3885=CARTESIAN_POINT('Ctrl Pts',(0.123005247612678,0.0519266424416481,
6.13335346818697));
#3886=CARTESIAN_POINT('Ctrl Pts',(0.123005247612678,0.0519266424416481,
9.20003020228046));
#3887=CARTESIAN_POINT('Ctrl Pts',(0.180937995103665,0.00534652085312247,
0.));
#3888=CARTESIAN_POINT('Ctrl Pts',(0.180937995103665,0.00534652085312247,
3.06667673409348));
#3889=CARTESIAN_POINT('Ctrl Pts',(0.180937995103665,0.00534652085312247,
6.13335346818697));
#3890=CARTESIAN_POINT('Ctrl Pts',(0.180937995103665,0.00534652085312247,
9.20003020228045));
#3891=CARTESIAN_POINT('Ctrl Pts',(0.195959389821791,-7.00934133340971E-19,
0.));
#3892=CARTESIAN_POINT('Ctrl Pts',(0.195959389821791,-7.00934133340971E-19,
3.06667673409349));
#3893=CARTESIAN_POINT('Ctrl Pts',(0.195959389821791,-7.00934133340971E-19,
6.13335346818696));
#3894=CARTESIAN_POINT('Ctrl Pts',(0.195959389821791,-7.00934133340971E-19,
9.20003020228045));
#3895=CARTESIAN_POINT('Ctrl Pts',(0.2,0.,0.));
#3896=CARTESIAN_POINT('Ctrl Pts',(0.2,0.,3.06667673409348));
#3897=CARTESIAN_POINT('Ctrl Pts',(0.2,0.,6.13335346818697));
#3898=CARTESIAN_POINT('Ctrl Pts',(0.2,0.,9.20003020228045));
#3899=CARTESIAN_POINT('',(0.,0.2,0.));
#3900=CARTESIAN_POINT('',(0.2,0.,0.));
#3901=CARTESIAN_POINT('Ctrl Pts',(0.,0.2,0.));
#3902=CARTESIAN_POINT('Ctrl Pts',(-2.80373653336388E-18,0.194612519762388,
0.));
#3903=CARTESIAN_POINT('Ctrl Pts',(0.00574490679584986,0.18186373227003,
0.));
#3904=CARTESIAN_POINT('Ctrl Pts',(0.0251754001987417,0.157033363467904,
0.));
#3905=CARTESIAN_POINT('Ctrl Pts',(0.0348906469001876,0.144618179066841,
0.));
#3906=CARTESIAN_POINT('Ctrl Pts',(0.0480272902533941,0.129182599338337,
0.));
#3907=CARTESIAN_POINT('Ctrl Pts',(0.063430085359437,0.112633327021486,0.));
#3908=CARTESIAN_POINT('Ctrl Pts',(0.0788328804654799,0.0960840547046364,
0.));
#3909=CARTESIAN_POINT('Ctrl Pts',(0.0965018273243593,0.0784210897994411,
0.));
#3910=CARTESIAN_POINT('Ctrl Pts',(0.112896470188786,0.0631652986974713,
0.));
#3911=CARTESIAN_POINT('Ctrl Pts',(0.137488434485425,0.0402816120445167,
0.));
#3912=CARTESIAN_POINT('Ctrl Pts',(0.159213214794545,0.0228140664488196,
0.));
#3913=CARTESIAN_POINT('Ctrl Pts',(0.173830953628636,0.0127436634376904,
0.));
#3914=CARTESIAN_POINT('Ctrl Pts',(0.188448692462728,0.00267326042656123,
0.));
#3915=CARTESIAN_POINT('Ctrl Pts',(0.195959389821791,-7.22801448323669E-19,
0.));
#3916=CARTESIAN_POINT('Ctrl Pts',(0.2,-2.16840434497101E-18,0.));
#3917=CARTESIAN_POINT('Ctrl Pts',(0.2,0.,0.));
#3918=CARTESIAN_POINT('Ctrl Pts',(0.2,0.,3.06667673409348));
#3919=CARTESIAN_POINT('Ctrl Pts',(0.2,0.,6.13335346818697));
#3920=CARTESIAN_POINT('Ctrl Pts',(0.2,0.,9.20003020228045));
#3921=CARTESIAN_POINT('Ctrl Pts',(0.,0.2,9.20003020228045));
#3922=CARTESIAN_POINT('Ctrl Pts',(0.,0.2,6.13335346818697));
#3923=CARTESIAN_POINT('Ctrl Pts',(0.,0.2,3.06667673409348));
#3924=CARTESIAN_POINT('Ctrl Pts',(0.,0.2,0.));
#3925=CARTESIAN_POINT('Ctrl Pts',(0.399969797719555,0.2,9.6));
#3926=CARTESIAN_POINT('Ctrl Pts',(10.7333232659065,0.2,9.6));
#3927=CARTESIAN_POINT('Ctrl Pts',(21.0666767340935,0.2,9.6));
#3928=CARTESIAN_POINT('Ctrl Pts',(31.4000302022804,0.2,9.6));
#3929=CARTESIAN_POINT('Ctrl Pts',(0.399969797719555,0.197306259881194,9.6));
#3930=CARTESIAN_POINT('Ctrl Pts',(10.7333232659065,0.197306259881194,9.6));
#3931=CARTESIAN_POINT('Ctrl Pts',(21.0666767340935,0.197306259881194,9.6));
#3932=CARTESIAN_POINT('Ctrl Pts',(31.4000302022804,0.197306259881194,9.6));
#3933=CARTESIAN_POINT('Ctrl Pts',(0.399969797719555,0.18871474952856,9.59738437921123));
#3934=CARTESIAN_POINT('Ctrl Pts',(10.7333232659065,0.18871474952856,9.59738437921123));
#3935=CARTESIAN_POINT('Ctrl Pts',(21.0666767340935,0.18871474952856,9.59738437921123));
#3936=CARTESIAN_POINT('Ctrl Pts',(31.4000302022804,0.18871474952856,9.59738437921123));
#3937=CARTESIAN_POINT('Ctrl Pts',(0.399969797719555,0.160071205137283,9.57828864445976));
#3938=CARTESIAN_POINT('Ctrl Pts',(10.7333232659065,0.160071205137283,9.57828864445976));
#3939=CARTESIAN_POINT('Ctrl Pts',(21.0666767340935,0.160071205137283,9.57828864445976));
#3940=CARTESIAN_POINT('Ctrl Pts',(31.4000302022805,0.160071205137283,9.57828864445976));
#3941=CARTESIAN_POINT('Ctrl Pts',(0.399969797719555,0.113930291770231,9.53897351975726));
#3942=CARTESIAN_POINT('Ctrl Pts',(10.7333232659065,0.113930291770231,9.53897351975726));
#3943=CARTESIAN_POINT('Ctrl Pts',(21.0666767340935,0.113930291770231,9.53897351975726));
#3944=CARTESIAN_POINT('Ctrl Pts',(31.4000302022804,0.113930291770231,9.53897351975726));
#3945=CARTESIAN_POINT('Ctrl Pts',(0.399969797719555,0.0521435985630198,
9.47719429739534));
#3946=CARTESIAN_POINT('Ctrl Pts',(10.7333232659065,0.0521435985630198,9.47719429739534));
#3947=CARTESIAN_POINT('Ctrl Pts',(21.0666767340935,0.0521435985630198,9.47719429739534));
#3948=CARTESIAN_POINT('Ctrl Pts',(31.4000302022804,0.0521435985630198,9.47719429739534));
#3949=CARTESIAN_POINT('Ctrl Pts',(0.399969797719555,0.0169419816177321,
9.43350046864173));
#3950=CARTESIAN_POINT('Ctrl Pts',(10.7333232659065,0.0169419816177321,9.43350046864173));
#3951=CARTESIAN_POINT('Ctrl Pts',(21.0666767340935,0.0169419816177321,9.43350046864173));
#3952=CARTESIAN_POINT('Ctrl Pts',(31.4000302022804,0.0169419816177321,9.43350046864173));
#3953=CARTESIAN_POINT('Ctrl Pts',(0.399969797719555,0.00216347349708692,
9.40936086042414));
#3954=CARTESIAN_POINT('Ctrl Pts',(10.7333232659065,0.00216347349708692,
9.40936086042414));
#3955=CARTESIAN_POINT('Ctrl Pts',(21.0666767340935,0.00216347349708692,
9.40936086042414));
#3956=CARTESIAN_POINT('Ctrl Pts',(31.4000302022804,0.00216347349708692,
9.40936086042414));
#3957=CARTESIAN_POINT('Ctrl Pts',(0.399969797719555,-4.67289422227314E-19,
9.4026937401188));
#3958=CARTESIAN_POINT('Ctrl Pts',(10.7333232659065,-4.67289422227314E-19,
9.4026937401188));
#3959=CARTESIAN_POINT('Ctrl Pts',(21.0666767340935,-4.67289422227314E-19,
9.4026937401188));
#3960=CARTESIAN_POINT('Ctrl Pts',(31.4000302022804,-4.67289422227314E-19,
9.4026937401188));
#3961=CARTESIAN_POINT('Ctrl Pts',(0.399969797719555,0.,9.4));
#3962=CARTESIAN_POINT('Ctrl Pts',(10.7333232659065,0.,9.4));
#3963=CARTESIAN_POINT('Ctrl Pts',(21.0666767340935,0.,9.4));
#3964=CARTESIAN_POINT('Ctrl Pts',(31.4000302022804,0.,9.4));
#3965=CARTESIAN_POINT('Ctrl Pts',(31.4000302022804,0.2,9.6));
#3966=CARTESIAN_POINT('Ctrl Pts',(21.0666767340935,0.2,9.6));
#3967=CARTESIAN_POINT('Ctrl Pts',(10.7333232659065,0.2,9.6));
#3968=CARTESIAN_POINT('Ctrl Pts',(0.399969797719555,0.2,9.6));
#3969=CARTESIAN_POINT('Ctrl Pts',(0.399969797719555,0.,9.4));
#3970=CARTESIAN_POINT('Ctrl Pts',(10.7333232659065,0.,9.4));
#3971=CARTESIAN_POINT('Ctrl Pts',(21.0666767340935,0.,9.4));
#3972=CARTESIAN_POINT('Ctrl Pts',(31.4000302022804,0.,9.4));
#3973=CARTESIAN_POINT('Ctrl Pts',(0.2,15.4000302022804,9.6));
#3974=CARTESIAN_POINT('Ctrl Pts',(0.2,10.4000100674268,9.6));
#3975=CARTESIAN_POINT('Ctrl Pts',(0.2,5.39998993257319,9.6));
#3976=CARTESIAN_POINT('Ctrl Pts',(0.2,0.399969797719557,9.6));
#3977=CARTESIAN_POINT('Ctrl Pts',(0.194612519762388,15.4000302022804,9.6));
#3978=CARTESIAN_POINT('Ctrl Pts',(0.194612519762388,10.4000100674268,9.6));
#3979=CARTESIAN_POINT('Ctrl Pts',(0.194612519762388,5.39998993257319,9.6));
#3980=CARTESIAN_POINT('Ctrl Pts',(0.194612519762388,0.399969797719557,9.6));
#3981=CARTESIAN_POINT('Ctrl Pts',(0.175421816900405,15.4000302022804,9.59134564875719));
#3982=CARTESIAN_POINT('Ctrl Pts',(0.175421816900405,10.4000100674268,9.59134564875719));
#3983=CARTESIAN_POINT('Ctrl Pts',(0.175421816900405,5.39998993257319,9.59134564875719));
#3984=CARTESIAN_POINT('Ctrl Pts',(0.175421816900405,0.399969797719557,9.59134564875719));
#3985=CARTESIAN_POINT('Ctrl Pts',(0.113747523907468,15.4000302022804,9.53885439447836));
#3986=CARTESIAN_POINT('Ctrl Pts',(0.113747523907468,10.4000100674268,9.53885439447836));
#3987=CARTESIAN_POINT('Ctrl Pts',(0.113747523907468,5.39998993257318,9.53885439447836));
#3988=CARTESIAN_POINT('Ctrl Pts',(0.113747523907468,0.399969797719557,9.53885439447836));
#3989=CARTESIAN_POINT('Ctrl Pts',(0.0519083658166718,15.4000302022804,9.476993020569));
#3990=CARTESIAN_POINT('Ctrl Pts',(0.0519083658166718,10.4000100674268,9.476993020569));
#3991=CARTESIAN_POINT('Ctrl Pts',(0.0519083658166718,5.39998993257319,9.476993020569));
#3992=CARTESIAN_POINT('Ctrl Pts',(0.0519083658166718,0.399969797719557,
9.476993020569));
#3993=CARTESIAN_POINT('Ctrl Pts',(0.00512124599034679,15.4000302022804,
9.41886596941406));
#3994=CARTESIAN_POINT('Ctrl Pts',(0.00512124599034679,10.4000100674268,
9.41886596941406));
#3995=CARTESIAN_POINT('Ctrl Pts',(0.00512124599034679,5.39998993257318,
9.41886596941406));
#3996=CARTESIAN_POINT('Ctrl Pts',(0.00512124599034679,0.399969797719557,
9.41886596941406));
#3997=CARTESIAN_POINT('Ctrl Pts',(-7.00934133340971E-19,15.4000302022804,
9.40404061017821));
#3998=CARTESIAN_POINT('Ctrl Pts',(-7.00934133340971E-19,10.4000100674268,
9.40404061017821));
#3999=CARTESIAN_POINT('Ctrl Pts',(-7.00934133340971E-19,5.39998993257319,
9.40404061017821));
#4000=CARTESIAN_POINT('Ctrl Pts',(-7.00934133340971E-19,0.399969797719557,
9.40404061017821));
#4001=CARTESIAN_POINT('Ctrl Pts',(0.,15.4000302022804,9.4));
#4002=CARTESIAN_POINT('Ctrl Pts',(0.,10.4000100674268,9.4));
#4003=CARTESIAN_POINT('Ctrl Pts',(0.,5.39998993257319,9.4));
#4004=CARTESIAN_POINT('Ctrl Pts',(0.,0.399969797719557,9.4));
#4005=CARTESIAN_POINT('Ctrl Pts',(0.2,0.399969797719557,9.6));
#4006=CARTESIAN_POINT('Ctrl Pts',(0.2,5.39998993257319,9.6));
#4007=CARTESIAN_POINT('Ctrl Pts',(0.2,10.4000100674268,9.6));
#4008=CARTESIAN_POINT('Ctrl Pts',(0.2,15.4000302022804,9.6));
#4009=CARTESIAN_POINT('Ctrl Pts',(0.,15.4000302022804,9.4));
#4010=CARTESIAN_POINT('Ctrl Pts',(0.,10.4000100674268,9.4));
#4011=CARTESIAN_POINT('Ctrl Pts',(0.,5.39998993257319,9.4));
#4012=CARTESIAN_POINT('Ctrl Pts',(0.,0.399969797719557,9.4));
#4013=CARTESIAN_POINT('Ctrl Pts',(31.4000302022805,15.6,9.6));
#4014=CARTESIAN_POINT('Ctrl Pts',(21.0666767340935,15.6,9.6));
#4015=CARTESIAN_POINT('Ctrl Pts',(10.7333232659065,15.6,9.6));
#4016=CARTESIAN_POINT('Ctrl Pts',(0.399969797719544,15.6,9.6));
#4017=CARTESIAN_POINT('Ctrl Pts',(31.4000302022805,15.6026937401188,9.6));
#4018=CARTESIAN_POINT('Ctrl Pts',(21.0666767340935,15.6026937401188,9.6));
#4019=CARTESIAN_POINT('Ctrl Pts',(10.7333232659065,15.6026937401188,9.6));
#4020=CARTESIAN_POINT('Ctrl Pts',(0.399969797719544,15.6026937401188,9.6));
#4021=CARTESIAN_POINT('Ctrl Pts',(31.4000302022804,15.6112815018098,9.59738798417105));
#4022=CARTESIAN_POINT('Ctrl Pts',(21.0666767340935,15.6112815018098,9.59738798417105));
#4023=CARTESIAN_POINT('Ctrl Pts',(10.7333232659065,15.6112815018098,9.59738798417105));
#4024=CARTESIAN_POINT('Ctrl Pts',(0.399969797719544,15.6112815018098,9.59738798417105));
#4025=CARTESIAN_POINT('Ctrl Pts',(31.4000302022805,15.6399235289219,9.57829381168463));
#4026=CARTESIAN_POINT('Ctrl Pts',(21.0666767340935,15.6399235289219,9.57829381168463));
#4027=CARTESIAN_POINT('Ctrl Pts',(10.7333232659065,15.6399235289219,9.57829381168463));
#4028=CARTESIAN_POINT('Ctrl Pts',(0.399969797719544,15.6399235289219,9.57829381168463));
#4029=CARTESIAN_POINT('Ctrl Pts',(31.4000302022805,15.6860626332249,9.53898036382829));
#4030=CARTESIAN_POINT('Ctrl Pts',(21.0666767340935,15.6860626332249,9.53898036382829));
#4031=CARTESIAN_POINT('Ctrl Pts',(10.7333232659065,15.6860626332249,9.53898036382829));
#4032=CARTESIAN_POINT('Ctrl Pts',(0.399969797719544,15.6860626332249,9.53898036382829));
#4033=CARTESIAN_POINT('Ctrl Pts',(31.4000302022805,15.7478492437897,9.47720189079444));
#4034=CARTESIAN_POINT('Ctrl Pts',(21.0666767340935,15.7478492437897,9.47720189079444));
#4035=CARTESIAN_POINT('Ctrl Pts',(10.7333232659065,15.7478492437897,9.47720189079444));
#4036=CARTESIAN_POINT('Ctrl Pts',(0.399969797719544,15.7478492437897,9.47720189079444));
#4037=CARTESIAN_POINT('Ctrl Pts',(31.4000302022805,15.7830529264257,9.43350594413049));
#4038=CARTESIAN_POINT('Ctrl Pts',(21.0666767340935,15.7830529264257,9.43350594413049));
#4039=CARTESIAN_POINT('Ctrl Pts',(10.7333232659065,15.7830529264257,9.43350594413049));
#4040=CARTESIAN_POINT('Ctrl Pts',(0.399969797719544,15.7830529264257,9.43350594413049));
#4041=CARTESIAN_POINT('Ctrl Pts',(31.4000302022805,15.7978331879285,9.40936457706045));
#4042=CARTESIAN_POINT('Ctrl Pts',(21.0666767340935,15.7978331879285,9.40936457706045));
#4043=CARTESIAN_POINT('Ctrl Pts',(10.7333232659065,15.7978331879285,9.40936457706045));
#4044=CARTESIAN_POINT('Ctrl Pts',(0.399969797719544,15.7978331879285,9.40936457706045));
#4045=CARTESIAN_POINT('Ctrl Pts',(31.4000302022805,15.8,9.4026937401188));
#4046=CARTESIAN_POINT('Ctrl Pts',(21.0666767340935,15.8,9.4026937401188));
#4047=CARTESIAN_POINT('Ctrl Pts',(10.7333232659065,15.8,9.4026937401188));
#4048=CARTESIAN_POINT('Ctrl Pts',(0.399969797719544,15.8,9.4026937401188));
#4049=CARTESIAN_POINT('Ctrl Pts',(31.4000302022805,15.8,9.4));
#4050=CARTESIAN_POINT('Ctrl Pts',(21.0666767340935,15.8,9.4));
#4051=CARTESIAN_POINT('Ctrl Pts',(10.7333232659065,15.8,9.4));
#4052=CARTESIAN_POINT('Ctrl Pts',(0.399969797719544,15.8,9.4));
#4053=CARTESIAN_POINT('Ctrl Pts',(0.399969797719544,15.6,9.6));
#4054=CARTESIAN_POINT('Ctrl Pts',(10.7333232659065,15.6,9.6));
#4055=CARTESIAN_POINT('Ctrl Pts',(21.0666767340935,15.6,9.6));
#4056=CARTESIAN_POINT('Ctrl Pts',(31.4000302022805,15.6,9.6));
#4057=CARTESIAN_POINT('Ctrl Pts',(31.4000302022805,15.8,9.4));
#4058=CARTESIAN_POINT('Ctrl Pts',(21.0666767340935,15.8,9.4));
#4059=CARTESIAN_POINT('Ctrl Pts',(10.7333232659065,15.8,9.4));
#4060=CARTESIAN_POINT('Ctrl Pts',(0.399969797719544,15.8,9.4));
#4061=CARTESIAN_POINT('Origin',(31.8,0.,0.));
#4062=CARTESIAN_POINT('',(31.8,0.,0.));
#4063=CARTESIAN_POINT('Origin',(0.,0.,0.));
#4064=CARTESIAN_POINT('',(0.,0.,0.));
#4065=CARTESIAN_POINT('Origin',(15.9,7.9,9.6));
#4066=CARTESIAN_POINT('',(30.4,3.9,9.6));
#4067=CARTESIAN_POINT('Origin',(27.9,3.9,9.6));
#4068=CARTESIAN_POINT('',(22.4,3.9,9.6));
#4069=CARTESIAN_POINT('Origin',(19.9,3.9,9.6));
#4070=CARTESIAN_POINT('',(14.4,3.9,9.6));
#4071=CARTESIAN_POINT('Origin',(11.9,3.9,9.6));
#4072=CARTESIAN_POINT('',(6.4,3.9,9.6));
#4073=CARTESIAN_POINT('Origin',(3.9,3.9,9.6));
#4074=CARTESIAN_POINT('',(30.4,11.9,9.6));
#4075=CARTESIAN_POINT('Origin',(27.9,11.9,9.6));
#4076=CARTESIAN_POINT('',(22.4,11.9,9.6));
#4077=CARTESIAN_POINT('Origin',(19.9,11.9,9.6));
#4078=CARTESIAN_POINT('',(14.4,11.9,9.6));
#4079=CARTESIAN_POINT('Origin',(11.9,11.9,9.6));
#4080=CARTESIAN_POINT('',(6.4,11.9,9.6));
#4081=CARTESIAN_POINT('Origin',(3.9,11.9,9.6));
#4082=CARTESIAN_POINT('Ctrl Pts',(14.2000000000004,3.89999999999999,11.3));
#4083=CARTESIAN_POINT('Ctrl Pts',(14.2000000000004,4.24407756483497,11.3));
#4084=CARTESIAN_POINT('Ctrl Pts',(14.0426827075375,4.93184971914454,11.3));
#4085=CARTESIAN_POINT('Ctrl Pts',(13.3831143833151,5.75995249766914,11.3));
#4086=CARTESIAN_POINT('Ctrl Pts',(12.4291805794788,6.2186763618664,11.3));
#4087=CARTESIAN_POINT('Ctrl Pts',(11.3705604479917,6.21945997289013,11.3));
#4088=CARTESIAN_POINT('Ctrl Pts',(10.4171309714896,5.75944206194359,11.3));
#4089=CARTESIAN_POINT('Ctrl Pts',(9.75666618462444,4.93217827811575,11.3));
#4090=CARTESIAN_POINT('Ctrl Pts',(9.52164620843222,3.89999512454725,11.3));
#4091=CARTESIAN_POINT('Ctrl Pts',(9.7566451814714,2.86781431305887,11.3));
#4092=CARTESIAN_POINT('Ctrl Pts',(10.4171061256434,2.04052834525398,11.3));
#4093=CARTESIAN_POINT('Ctrl Pts',(11.370598151284,1.58069785402237,11.3));
#4094=CARTESIAN_POINT('Ctrl Pts',(12.4291843957338,1.58128595899714,11.3));
#4095=CARTESIAN_POINT('Ctrl Pts',(13.3831349511652,2.04002910460967,11.3));
#4096=CARTESIAN_POINT('Ctrl Pts',(14.042682355624,2.8681462863385,11.3));
#4097=CARTESIAN_POINT('Ctrl Pts',(14.2000000000001,3.55592243516502,11.3));
#4098=CARTESIAN_POINT('Ctrl Pts',(14.2000000000001,3.9,11.3));
#4099=CARTESIAN_POINT('Ctrl Pts',(14.205387480238,3.89999999999999,11.3));
#4100=CARTESIAN_POINT('Ctrl Pts',(14.205387480238,4.24479679375574,11.3));
#4101=CARTESIAN_POINT('Ctrl Pts',(14.0476456621655,4.93414169573745,11.3));
#4102=CARTESIAN_POINT('Ctrl Pts',(13.3865050259157,5.76406070033198,11.3));
#4103=CARTESIAN_POINT('Ctrl Pts',(12.4304055992029,6.22389074313055,11.3));
#4104=CARTESIAN_POINT('Ctrl Pts',(11.369438262578,6.22459836480199,11.3));
#4105=CARTESIAN_POINT('Ctrl Pts',(10.4138310839246,5.76363587664843,11.3));
#4106=CARTESIAN_POINT('Ctrl Pts',(9.75196087542845,4.93448016512785,11.3));
#4107=CARTESIAN_POINT('Ctrl Pts',(9.51633516981239,3.90000421544657,11.3));
#4108=CARTESIAN_POINT('Ctrl Pts',(9.75192838824031,2.86553585060323,11.3));
#4109=CARTESIAN_POINT('Ctrl Pts',(10.4138095502135,2.03636765593849,11.3));
#4110=CARTESIAN_POINT('Ctrl Pts',(11.3694797389897,1.57556895649947,11.3));
#4111=CARTESIAN_POINT('Ctrl Pts',(12.4304306836469,1.5761002778309,11.3));
#4112=CARTESIAN_POINT('Ctrl Pts',(13.3865501021663,2.03592947809684,11.3));
#4113=CARTESIAN_POINT('Ctrl Pts',(14.0476475816544,2.86585920516952,11.3));
#4114=CARTESIAN_POINT('Ctrl Pts',(14.2053874802377,3.55520320624425,11.3));
#4115=CARTESIAN_POINT('Ctrl Pts',(14.2053874802377,3.9,11.3));
#4116=CARTESIAN_POINT('Ctrl Pts',(14.2245932532084,3.89999999999998,11.2913364713687));
#4117=CARTESIAN_POINT('Ctrl Pts',(14.2245932532084,4.24775478727232,11.2913364713687));
#4118=CARTESIAN_POINT('Ctrl Pts',(14.0655925823715,4.94288025631023,11.2913364713686));
#4119=CARTESIAN_POINT('Ctrl Pts',(13.3989710796886,5.77983499621993,11.2913364713687));
#4120=CARTESIAN_POINT('Ctrl Pts',(12.43483864007,6.24346456031826,11.2913364713687));
#4121=CARTESIAN_POINT('Ctrl Pts',(11.3649018869328,6.24425484342947,11.2913364713687));
#4122=CARTESIAN_POINT('Ctrl Pts',(10.401278876449,5.77932100640333,11.2913364713687));
#4123=CARTESIAN_POINT('Ctrl Pts',(9.73375503177237,4.94321252894515,11.2913364713687));
#4124=CARTESIAN_POINT('Ctrl Pts',(9.49622084192871,3.89999527204628,11.2913364713687));
#4125=CARTESIAN_POINT('Ctrl Pts',(9.73373355325116,2.85678049713388,11.2913364713687));
#4126=CARTESIAN_POINT('Ctrl Pts',(10.4012538388509,2.02064981238868,11.2913364713687));
#4127=CARTESIAN_POINT('Ctrl Pts',(11.3649400741905,1.55590487120348,11.2913364713687));
#4128=CARTESIAN_POINT('Ctrl Pts',(12.4348429633862,1.55649798903533,11.2913364713687));
#4129=CARTESIAN_POINT('Ctrl Pts',(13.3989924039233,2.02014659837334,11.2913364713687));
#4130=CARTESIAN_POINT('Ctrl Pts',(14.0655922765294,2.85711581403155,11.2913364713687));
#4131=CARTESIAN_POINT('Ctrl Pts',(14.2245932532081,3.55224521272767,11.2913364713687));
#4132=CARTESIAN_POINT('Ctrl Pts',(14.2245932532081,3.9,11.2913364713687));
#4133=CARTESIAN_POINT('Ctrl Pts',(14.2862675684066,3.89999999999997,11.2388442253691));
#4134=CARTESIAN_POINT('Ctrl Pts',(14.2862675684066,4.25696194465126,11.2388442253691));
#4135=CARTESIAN_POINT('Ctrl Pts',(14.1230360085489,4.97052147092139,11.2388442253691));
#4136=CARTESIAN_POINT('Ctrl Pts',(13.438722162329,5.82965430122427,11.2388442253691));
#4137=CARTESIAN_POINT('Ctrl Pts',(12.4490253504779,6.30559154011412,11.2388442253691));
#4138=CARTESIAN_POINT('Ctrl Pts',(11.350731196415,6.30638555832066,11.2388442253691));
#4139=CARTESIAN_POINT('Ctrl Pts',(10.3615543932992,5.82914589569843,11.2388442253691));
#4140=CARTESIAN_POINT('Ctrl Pts',(9.67635168289204,4.97086458312764,11.2388442253691));
#4141=CARTESIAN_POINT('Ctrl Pts',(9.43250319165447,3.89999716205561,11.2388442253691));
#4142=CARTESIAN_POINT('Ctrl Pts',(9.67632710260222,2.82913344846392,11.2388442253691));
#4143=CARTESIAN_POINT('Ctrl Pts',(10.3615294376866,1.97083149889668,11.2388442253691));
#4144=CARTESIAN_POINT('Ctrl Pts',(11.3507712127217,1.49378041414054,11.2388442253691));
#4145=CARTESIAN_POINT('Ctrl Pts',(12.4490344957486,1.49437638998426,11.2388442253691));
#4146=CARTESIAN_POINT('Ctrl Pts',(13.4387494683372,1.97032871353557,11.2388442253691));
#4147=CARTESIAN_POINT('Ctrl Pts',(14.123036197712,2.82947558118474,11.2388442253691));
#4148=CARTESIAN_POINT('Ctrl Pts',(14.2862675684064,3.54303805534872,11.2388442253691));
#4149=CARTESIAN_POINT('Ctrl Pts',(14.2862675684064,3.9,11.2388442253691));
#4150=CARTESIAN_POINT('Ctrl Pts',(14.3481048093604,3.89999999999996,11.1769843193808));
#4151=CARTESIAN_POINT('Ctrl Pts',(14.3481048093604,4.26620256697811,11.1769843193808));
#4152=CARTESIAN_POINT('Ctrl Pts',(14.1806370895261,4.99824888274514,11.1769843193808));
#4153=CARTESIAN_POINT('Ctrl Pts',(13.4785870446711,5.87963141024904,11.1769843193808));
#4154=CARTESIAN_POINT('Ctrl Pts',(12.463251069,6.36790549880109,11.1769843193808));
#4155=CARTESIAN_POINT('Ctrl Pts',(11.3365106365991,6.36871146533598,11.1769843193808));
#4156=CARTESIAN_POINT('Ctrl Pts',(10.3217066749861,5.87911945353993,11.1769843193808));
#4157=CARTESIAN_POINT('Ctrl Pts',(9.61876346642521,4.99860189964315,11.1769843193808));
#4158=CARTESIAN_POINT('Ctrl Pts',(9.36858981414564,3.89999809760025,11.1769843193808));
#4159=CARTESIAN_POINT('Ctrl Pts',(9.61873698149649,2.80139867971847,11.1769843193808));
#4160=CARTESIAN_POINT('Ctrl Pts',(10.3216814463154,1.92086103524105,11.1769843193808));
#4161=CARTESIAN_POINT('Ctrl Pts',(11.3365520983789,1.43145981966844,11.1769843193808));
#4162=CARTESIAN_POINT('Ctrl Pts',(12.4632628080678,1.43206479173254,11.1769843193808));
#4163=CARTESIAN_POINT('Ctrl Pts',(13.478617769951,1.92035211989148,11.1769843193808));
#4164=CARTESIAN_POINT('Ctrl Pts',(14.1806375354913,2.80174863671564,11.1769843193808));
#4165=CARTESIAN_POINT('Ctrl Pts',(14.3481048093603,3.53379743302185,11.1769843193808));
#4166=CARTESIAN_POINT('Ctrl Pts',(14.3481048093603,3.9,11.1769843193808));
#4167=CARTESIAN_POINT('Ctrl Pts',(14.3948975007934,3.89999999999995,11.118852564368));
#4168=CARTESIAN_POINT('Ctrl Pts',(14.3948975007934,4.27324214156639,11.118852564368));
#4169=CARTESIAN_POINT('Ctrl Pts',(14.2242546921876,5.01929834511709,11.118852564368));
#4170=CARTESIAN_POINT('Ctrl Pts',(13.5087983980427,5.91758449179111,11.118852564368));
#4171=CARTESIAN_POINT('Ctrl Pts',(12.4740236658335,6.41517675485421,11.118852564368));
#4172=CARTESIAN_POINT('Ctrl Pts',(11.3256857361607,6.41603405088275,11.118852564368));
#4173=CARTESIAN_POINT('Ctrl Pts',(10.2914593080077,5.91702267873359,11.118852564368));
#4174=CARTESIAN_POINT('Ctrl Pts',(9.57501477156073,5.01965389007877,11.118852564368));
#4175=CARTESIAN_POINT('Ctrl Pts',(9.32008483041288,3.89999385955874,11.118852564368));
#4176=CARTESIAN_POINT('Ctrl Pts',(9.57499305878544,2.78033587944533,11.118852564368));
#4177=CARTESIAN_POINT('Ctrl Pts',(10.2914320413562,1.88294211425878,11.118852564368));
#4178=CARTESIAN_POINT('Ctrl Pts',(11.3257262895092,1.38413629602703,11.118852564368));
#4179=CARTESIAN_POINT('Ctrl Pts',(12.4740258158966,1.38477967895788,11.118852564368));
#4180=CARTESIAN_POINT('Ctrl Pts',(13.5088184196313,1.88239474485774,11.118852564368));
#4181=CARTESIAN_POINT('Ctrl Pts',(14.224254097805,2.78069686285805,11.118852564368));
#4182=CARTESIAN_POINT('Ctrl Pts',(14.3948975007934,3.52675785843356,11.118852564368));
#4183=CARTESIAN_POINT('Ctrl Pts',(14.3948975007934,3.9,11.118852564368));
#4184=CARTESIAN_POINT('Ctrl Pts',(14.4,3.89999999999995,11.1040406101782));
#4185=CARTESIAN_POINT('Ctrl Pts',(14.4,4.27388125446178,11.1040406101782));
#4186=CARTESIAN_POINT('Ctrl Pts',(14.2289279443898,5.02140844483542,11.1040406101782));
#4187=CARTESIAN_POINT('Ctrl Pts',(13.511969241788,5.92135483538821,11.1040406101782));
#4188=CARTESIAN_POINT('Ctrl Pts',(12.4751768408285,6.42001012655258,11.1040406101782));
#4189=CARTESIAN_POINT('Ctrl Pts',(11.3246801316463,6.42075770254804,11.1040406101782));
#4190=CARTESIAN_POINT('Ctrl Pts',(10.2884181621428,5.92091621330774,11.1040406101782));
#4191=CARTESIAN_POINT('Ctrl Pts',(9.57071125126003,5.02177780989102,11.1040406101782));
#4192=CARTESIAN_POINT('Ctrl Pts',(9.31518083518875,3.90000688481319,11.1040406101782));
#4193=CARTESIAN_POINT('Ctrl Pts',(9.5706731152562,2.77824551600232,11.1040406101782));
#4194=CARTESIAN_POINT('Ctrl Pts',(10.2883956672625,1.87909605450314,11.1040406101782));
#4195=CARTESIAN_POINT('Ctrl Pts',(11.324726045905,1.37942606261754,11.1040406101782));
#4196=CARTESIAN_POINT('Ctrl Pts',(12.4752094462216,1.3799874534954,11.1040406101782));
#4197=CARTESIAN_POINT('Ctrl Pts',(13.5120243402075,1.87863670467067,11.1040406101782));
#4198=CARTESIAN_POINT('Ctrl Pts',(14.2289306034417,2.77859377875853,11.1040406101782));
#4199=CARTESIAN_POINT('Ctrl Pts',(14.4,3.52611874553817,11.1040406101782));
#4200=CARTESIAN_POINT('Ctrl Pts',(14.4,3.9,11.1040406101782));
#4201=CARTESIAN_POINT('Ctrl Pts',(14.4,3.89999999999995,11.1));
#4202=CARTESIAN_POINT('Ctrl Pts',(14.4,4.27399735308145,11.1));
#4203=CARTESIAN_POINT('Ctrl Pts',(14.2290029429749,5.02157578167864,11.1));
#4204=CARTESIAN_POINT('Ctrl Pts',(13.5120808514292,5.92168749746638,11.1));
#4205=CARTESIAN_POINT('Ctrl Pts',(12.4751962820421,6.42030039333298,11.1));
#4206=CARTESIAN_POINT('Ctrl Pts',(11.3245222260778,6.42115214444574,11.1));
#4207=CARTESIAN_POINT('Ctrl Pts',(10.2881858385757,5.92113267602558,11.1));
#4208=CARTESIAN_POINT('Ctrl Pts',(9.57028933111355,5.02193291099533,11.1));
#4209=CARTESIAN_POINT('Ctrl Pts',(9.31483283525248,3.89999470059483,11.1));
#4210=CARTESIAN_POINT('Ctrl Pts',(9.57026650159938,2.77805903593354,11.1));
#4211=CARTESIAN_POINT('Ctrl Pts',(10.2881588322211,1.87883515788476,11.1));
#4212=CARTESIAN_POINT('Ctrl Pts',(11.3245632079174,1.37901940654605,11.1));
#4213=CARTESIAN_POINT('Ctrl Pts',(12.4752004301454,1.37965865108385,11.1));
#4214=CARTESIAN_POINT('Ctrl Pts',(13.5121032077882,1.87829250501052,11.1));
#4215=CARTESIAN_POINT('Ctrl Pts',(14.2290025604609,2.7784198764549,11.1));
#4216=CARTESIAN_POINT('Ctrl Pts',(14.4,3.5260026469185,11.1));
#4217=CARTESIAN_POINT('Ctrl Pts',(14.4,3.9,11.1));
#4218=CARTESIAN_POINT('',(14.2000000000001,3.9,11.3));
#4219=CARTESIAN_POINT('',(14.4,3.89999999999995,11.1));
#4220=CARTESIAN_POINT('Ctrl Pts',(14.2000000000004,3.89999999999999,11.3));
#4221=CARTESIAN_POINT('Ctrl Pts',(14.205387480238,3.89999999999999,11.3));
#4222=CARTESIAN_POINT('Ctrl Pts',(14.2245932532084,3.89999999999998,11.2913364713687));
#4223=CARTESIAN_POINT('Ctrl Pts',(14.2862675684066,3.89999999999997,11.2388442253691));
#4224=CARTESIAN_POINT('Ctrl Pts',(14.3481048093604,3.89999999999996,11.1769843193808));
#4225=CARTESIAN_POINT('Ctrl Pts',(14.3948975007934,3.89999999999995,11.118852564368));
#4226=CARTESIAN_POINT('Ctrl Pts',(14.4,3.89999999999995,11.1040406101782));
#4227=CARTESIAN_POINT('Ctrl Pts',(14.4,3.89999999999995,11.1));
#4228=CARTESIAN_POINT('Ctrl Pts',(14.4,3.9,11.1));
#4229=CARTESIAN_POINT('Ctrl Pts',(14.4,4.17557699700742,11.1));
#4230=CARTESIAN_POINT('Ctrl Pts',(14.3540235631123,4.45110100050819,11.1));
#4231=CARTESIAN_POINT('Ctrl Pts',(14.1213743710363,5.12878494621555,11.1));
#4232=CARTESIAN_POINT('Ctrl Pts',(13.865560753942,5.50654489057124,11.1));
#4233=CARTESIAN_POINT('Ctrl Pts',(13.1246131639379,6.14468999949535,11.1));
#4234=CARTESIAN_POINT('Ctrl Pts',(12.6022746036057,6.35868268828708,11.1));
#4235=CARTESIAN_POINT('Ctrl Pts',(11.5165209880294,6.43116433173782,11.1));
#4236=CARTESIAN_POINT('Ctrl Pts',(10.9556722909726,6.27951551829556,11.1));
#4237=CARTESIAN_POINT('Ctrl Pts',(10.0028456606893,5.63488350877208,11.1));
#4238=CARTESIAN_POINT('Ctrl Pts',(9.63437093033142,5.11488276332865,11.1));
#4239=CARTESIAN_POINT('Ctrl Pts',(9.31608958052845,3.9036736656159,11.1));
#4240=CARTESIAN_POINT('Ctrl Pts',(9.41057232650784,3.20764448275059,11.1));
#4241=CARTESIAN_POINT('Ctrl Pts',(10.0787734829496,2.05882511720176,11.1));
#4242=CARTESIAN_POINT('Ctrl Pts',(10.6652718753947,1.62354709108682,11.1));
#4243=CARTESIAN_POINT('Ctrl Pts',(11.9887964509116,1.30953257789701,11.1));
#4244=CARTESIAN_POINT('Ctrl Pts',(12.718106302767,1.44050626060925,11.1));
#4245=CARTESIAN_POINT('Ctrl Pts',(13.9685046146305,2.27470261022393,11.1));
#4246=CARTESIAN_POINT('Ctrl Pts',(14.4,3.08128470854164,11.1));
#4247=CARTESIAN_POINT('Ctrl Pts',(14.4,3.9,11.1));
#4248=CARTESIAN_POINT('Ctrl Pts',(14.2000000000001,3.9,11.3));
#4249=CARTESIAN_POINT('Ctrl Pts',(14.2000000000001,3.55592243516502,11.3));
#4250=CARTESIAN_POINT('Ctrl Pts',(14.042682355624,2.8681462863385,11.3));
#4251=CARTESIAN_POINT('Ctrl Pts',(13.3831349511652,2.04002910460967,11.3));
#4252=CARTESIAN_POINT('Ctrl Pts',(12.4291843957338,1.58128595899714,11.3));
#4253=CARTESIAN_POINT('Ctrl Pts',(11.370598151284,1.58069785402237,11.3));
#4254=CARTESIAN_POINT('Ctrl Pts',(10.4171061256434,2.04052834525398,11.3));
#4255=CARTESIAN_POINT('Ctrl Pts',(9.7566451814714,2.86781431305887,11.3));
#4256=CARTESIAN_POINT('Ctrl Pts',(9.52164620843222,3.89999512454725,11.3));
#4257=CARTESIAN_POINT('Ctrl Pts',(9.75666618462444,4.93217827811575,11.3));
#4258=CARTESIAN_POINT('Ctrl Pts',(10.4171309714896,5.75944206194359,11.3));
#4259=CARTESIAN_POINT('Ctrl Pts',(11.3705604479917,6.21945997289013,11.3));
#4260=CARTESIAN_POINT('Ctrl Pts',(12.4291805794788,6.2186763618664,11.3));
#4261=CARTESIAN_POINT('Ctrl Pts',(13.3831143833151,5.75995249766914,11.3));
#4262=CARTESIAN_POINT('Ctrl Pts',(14.0426827075375,4.93184971914454,11.3));
#4263=CARTESIAN_POINT('Ctrl Pts',(14.2000000000004,4.24407756483497,11.3));
#4264=CARTESIAN_POINT('Ctrl Pts',(14.2000000000004,3.89999999999999,11.3));
#4265=CARTESIAN_POINT('Origin',(11.9,3.9,9.6));
#4266=CARTESIAN_POINT('',(14.4,3.9,9.6));
#4267=CARTESIAN_POINT('Origin',(11.9,3.9,11.3));
#4268=CARTESIAN_POINT('Ctrl Pts',(22.2000000000004,3.89999999999999,11.3));
#4269=CARTESIAN_POINT('Ctrl Pts',(22.2000000000004,4.24407756483497,11.3));
#4270=CARTESIAN_POINT('Ctrl Pts',(22.042664712503,4.93182572079014,11.3));
#4271=CARTESIAN_POINT('Ctrl Pts',(21.3832208458182,5.75999927783216,11.3));
#4272=CARTESIAN_POINT('Ctrl Pts',(20.4291613806409,6.21858747218986,11.3));
#4273=CARTESIAN_POINT('Ctrl Pts',(19.3707618698994,6.21912662485922,11.3));
#4274=CARTESIAN_POINT('Ctrl Pts',(18.4168272010375,5.75962491586732,11.3));
#4275=CARTESIAN_POINT('Ctrl Pts',(17.8672072235019,5.07002858825209,11.3));
#4276=CARTESIAN_POINT('Ctrl Pts',(17.5810246350926,4.25261075504983,11.3));
#4277=CARTESIAN_POINT('Ctrl Pts',(17.5810326544309,3.54743569324557,11.3));
#4278=CARTESIAN_POINT('Ctrl Pts',(17.8672115312671,2.7299824806133,11.3));
#4279=CARTESIAN_POINT('Ctrl Pts',(18.4168925169921,2.04058331310114,11.3));
#4280=CARTESIAN_POINT('Ctrl Pts',(19.3707497052273,1.58072184131765,11.3));
#4281=CARTESIAN_POINT('Ctrl Pts',(20.4291599149754,1.58130596308168,11.3));
#4282=CARTESIAN_POINT('Ctrl Pts',(21.3831713910819,2.04003834730193,11.3));
#4283=CARTESIAN_POINT('Ctrl Pts',(22.0426666018144,2.86815091914131,11.3));
#4284=CARTESIAN_POINT('Ctrl Pts',(22.2000000000001,3.55592243516502,11.3));
#4285=CARTESIAN_POINT('Ctrl Pts',(22.2000000000001,3.9,11.3));
#4286=CARTESIAN_POINT('Ctrl Pts',(22.205387480238,3.89999999999999,11.3));
#4287=CARTESIAN_POINT('Ctrl Pts',(22.205387480238,4.24479679375574,11.3));
#4288=CARTESIAN_POINT('Ctrl Pts',(22.0476301766208,4.93410238277046,11.3));
#4289=CARTESIAN_POINT('Ctrl Pts',(21.3865981339436,5.76410091491859,11.3));
#4290=CARTESIAN_POINT('Ctrl Pts',(20.4304109530011,6.22375956676613,11.3));
#4291=CARTESIAN_POINT('Ctrl Pts',(19.3696333018952,6.22424342409003,11.3));
#4292=CARTESIAN_POINT('Ctrl Pts',(18.4135806541032,5.76377352140783,11.3));
#4293=CARTESIAN_POINT('Ctrl Pts',(17.86272795213,5.07261005705845,11.3));
#4294=CARTESIAN_POINT('Ctrl Pts',(17.5758992632539,4.25339078101741,11.3));
#4295=CARTESIAN_POINT('Ctrl Pts',(17.5759023991755,3.54667143896278,11.3));
#4296=CARTESIAN_POINT('Ctrl Pts',(17.8627317241252,2.72741708460907,11.3));
#4297=CARTESIAN_POINT('Ctrl Pts',(18.4136070834348,2.03646488720689,11.3));
#4298=CARTESIAN_POINT('Ctrl Pts',(19.3696374021454,1.57562481160138,11.3));
#4299=CARTESIAN_POINT('Ctrl Pts',(20.4304103836992,1.57615599694184,11.3));
#4300=CARTESIAN_POINT('Ctrl Pts',(21.3865874296041,2.03596073685166,11.3));
#4301=CARTESIAN_POINT('Ctrl Pts',(22.0476305922318,2.86587749204619,11.3));
#4302=CARTESIAN_POINT('Ctrl Pts',(22.2053874802377,3.55520320624425,11.3));
#4303=CARTESIAN_POINT('Ctrl Pts',(22.2053874802377,3.9,11.3));
#4304=CARTESIAN_POINT('Ctrl Pts',(22.2246113095144,3.89999999999999,11.2913253297437));
#4305=CARTESIAN_POINT('Ctrl Pts',(22.2246113095144,4.24775478727232,11.2913253297437));
#4306=CARTESIAN_POINT('Ctrl Pts',(22.0655896065349,4.94285939857494,11.2913253297437));
#4307=CARTESIAN_POINT('Ctrl Pts',(21.3990870058917,5.77988878448023,11.2913253297437));
#4308=CARTESIAN_POINT('Ctrl Pts',(20.4348242433755,6.24338393555987,11.2913253297437));
#4309=CARTESIAN_POINT('Ctrl Pts',(19.3651046178687,6.24392585558525,11.2913253297437));
#4310=CARTESIAN_POINT('Ctrl Pts',(18.4009684883363,5.77951295606832,11.2913253297437));
#4311=CARTESIAN_POINT('Ctrl Pts',(17.8454701671513,5.08254011135712,11.2913253297437));
#4312=CARTESIAN_POINT('Ctrl Pts',(17.5562265491293,4.25638145346126,11.2913253297437));
#4313=CARTESIAN_POINT('Ctrl Pts',(17.55623439409,3.54366632318035,11.2913253297437));
#4314=CARTESIAN_POINT('Ctrl Pts',(17.8454744920399,2.71747192765506,11.2913253297437));
#4315=CARTESIAN_POINT('Ctrl Pts',(18.4010324311428,2.02069907699511,11.2913253297437));
#4316=CARTESIAN_POINT('Ctrl Pts',(19.3650931878168,1.55592205721915,11.2913253297437));
#4317=CARTESIAN_POINT('Ctrl Pts',(20.4348228097841,1.55650954714547,11.2913253297437));
#4318=CARTESIAN_POINT('Ctrl Pts',(21.3990390848254,2.0201505138238,11.2913253297437));
#4319=CARTESIAN_POINT('Ctrl Pts',(22.06559143761,2.85711716598938,11.2913253297437));
#4320=CARTESIAN_POINT('Ctrl Pts',(22.224611309514,3.55224521272767,11.2913253297437));
#4321=CARTESIAN_POINT('Ctrl Pts',(22.224611309514,3.9,11.2913253297437));
#4322=CARTESIAN_POINT('Ctrl Pts',(22.2862861124091,3.89999999999997,11.2388317479626));
#4323=CARTESIAN_POINT('Ctrl Pts',(22.2862861124091,4.25696194465126,11.2388317479626));
#4324=CARTESIAN_POINT('Ctrl Pts',(22.1230335259999,4.97049668305544,11.2388317479626));
#4325=CARTESIAN_POINT('Ctrl Pts',(21.4388381561406,5.82970804171612,11.2388317479626));
#4326=CARTESIAN_POINT('Ctrl Pts',(20.4490160203946,6.30549946406132,11.2388317479626));
#4327=CARTESIAN_POINT('Ctrl Pts',(19.3509377880095,6.30604323784716,11.2388317479626));
#4328=CARTESIAN_POINT('Ctrl Pts',(18.3612477363342,5.82933283680841,11.2388317479626));
#4329=CARTESIAN_POINT('Ctrl Pts',(17.7910234717449,5.11387910834088,11.2388317479626));
#4330=CARTESIAN_POINT('Ctrl Pts',(17.4941112336094,4.26582652352824,11.2388317479626));
#4331=CARTESIAN_POINT('Ctrl Pts',(17.4941182011816,3.53422598901693,11.2388317479626));
#4332=CARTESIAN_POINT('Ctrl Pts',(17.7910277905049,2.6861368034407,11.2388317479626));
#4333=CARTESIAN_POINT('Ctrl Pts',(18.3613047308358,1.97089139661493,11.2388317479626));
#4334=CARTESIAN_POINT('Ctrl Pts',(19.3509296626571,1.49380509618232,11.2388317479626));
#4335=CARTESIAN_POINT('Ctrl Pts',(20.4490147480159,1.49439614792056,11.2388317479626));
#4336=CARTESIAN_POINT('Ctrl Pts',(21.4387975700632,1.97033760007258,11.2388317479626));
#4337=CARTESIAN_POINT('Ctrl Pts',(22.1230350783453,2.82947998817525,11.2388317479626));
#4338=CARTESIAN_POINT('Ctrl Pts',(22.2862861124089,3.54303805534871,11.2388317479626));
#4339=CARTESIAN_POINT('Ctrl Pts',(22.2862861124089,3.9,11.2388317479626));
#4340=CARTESIAN_POINT('Ctrl Pts',(22.3481209452934,3.89999999999996,11.1769736240018));
#4341=CARTESIAN_POINT('Ctrl Pts',(22.3481209452934,4.26620256697811,11.1769736240018));
#4342=CARTESIAN_POINT('Ctrl Pts',(22.1806324009473,4.99822116396166,11.1769736240018));
#4343=CARTESIAN_POINT('Ctrl Pts',(21.4787031565929,5.87968473880982,11.1769736240018));
#4344=CARTESIAN_POINT('Ctrl Pts',(20.4632435092627,6.36780474997446,11.1769736240018));
#4345=CARTESIAN_POINT('Ctrl Pts',(19.3367219329714,6.36835662604996,11.1769736240018));
#4346=CARTESIAN_POINT('Ctrl Pts',(18.3213987923206,5.87930487716053,11.1769736240018));
#4347=CARTESIAN_POINT('Ctrl Pts',(17.7364043362281,5.14531699507927,11.1769736240018));
#4348=CARTESIAN_POINT('Ctrl Pts',(17.4318009029938,4.27530117076993,11.1769736240018));
#4349=CARTESIAN_POINT('Ctrl Pts',(17.4318075320769,3.52475436087095,11.1769736240018));
#4350=CARTESIAN_POINT('Ctrl Pts',(17.7364087091035,2.65470102803391,11.1769736240018));
#4351=CARTESIAN_POINT('Ctrl Pts',(18.3214531302473,1.9209283104578,11.1769736240018));
#4352=CARTESIAN_POINT('Ctrl Pts',(19.3367153221899,1.43148990866743,11.1769736240018));
#4353=CARTESIAN_POINT('Ctrl Pts',(20.4632422991825,1.43209052639515,11.1769736240018));
#4354=CARTESIAN_POINT('Ctrl Pts',(21.478665633918,1.92036462024422,11.1769736240018));
#4355=CARTESIAN_POINT('Ctrl Pts',(22.1806338370166,2.80175525105805,11.1769736240018));
#4356=CARTESIAN_POINT('Ctrl Pts',(22.3481209452933,3.53379743302185,11.1769736240018));
#4357=CARTESIAN_POINT('Ctrl Pts',(22.3481209452933,3.9,11.1769736240018));
#4358=CARTESIAN_POINT('Ctrl Pts',(22.3949197357004,3.89999999999995,11.1188367710284));
#4359=CARTESIAN_POINT('Ctrl Pts',(22.3949197357004,4.2732421415664,11.1188367710284));
#4360=CARTESIAN_POINT('Ctrl Pts',(22.2242535964718,5.01927833666984,11.1188367710284));
#4361=CARTESIAN_POINT('Ctrl Pts',(21.5089257744863,5.91764405494457,11.1188367710284));
#4362=CARTESIAN_POINT('Ctrl Pts',(20.4740060400628,6.41509675525788,11.1188367710284));
#4363=CARTESIAN_POINT('Ctrl Pts',(19.3259040125584,6.41568472386385,11.1188367710284));
#4364=CARTESIAN_POINT('Ctrl Pts',(18.2911191289866,5.91723532393292,11.1188367710284));
#4365=CARTESIAN_POINT('Ctrl Pts',(17.6949170952241,5.16919462571324,11.1188367710284));
#4366=CARTESIAN_POINT('Ctrl Pts',(17.3844798480989,4.28249624604245,11.1188367710284));
#4367=CARTESIAN_POINT('Ctrl Pts',(17.3844888178297,3.51755327350374,11.1188367710284));
#4368=CARTESIAN_POINT('Ctrl Pts',(17.694921798213,2.63081649486765,11.1188367710284));
#4369=CARTESIAN_POINT('Ctrl Pts',(18.2911921366633,1.88298891193895,11.1188367710284));
#4370=CARTESIAN_POINT('Ctrl Pts',(19.3258899169951,1.38414978859807,11.1188367710284));
#4371=CARTESIAN_POINT('Ctrl Pts',(20.4740044004855,1.38478641285018,11.1188367710284));
#4372=CARTESIAN_POINT('Ctrl Pts',(21.5088699818067,1.88239543659565,11.1188367710284));
#4373=CARTESIAN_POINT('Ctrl Pts',(22.2242557275424,2.78069614184859,11.1188367710284));
#4374=CARTESIAN_POINT('Ctrl Pts',(22.3949197357004,3.52675785843356,11.1188367710284));
#4375=CARTESIAN_POINT('Ctrl Pts',(22.3949197357004,3.9,11.1188367710284));
#4376=CARTESIAN_POINT('Ctrl Pts',(22.4,3.89999999999995,11.1040406101782));
#4377=CARTESIAN_POINT('Ctrl Pts',(22.4,4.27388125446178,11.1040406101782));
#4378=CARTESIAN_POINT('Ctrl Pts',(22.2289118001553,5.02136193501996,11.1040406101782));
#4379=CARTESIAN_POINT('Ctrl Pts',(21.5120667520039,5.92139674813853,11.1040406101782));
#4380=CARTESIAN_POINT('Ctrl Pts',(20.4751888984874,6.4198571817706,11.1040406101782));
#4381=CARTESIAN_POINT('Ctrl Pts',(19.3248898933161,6.4203675093212,11.1040406101782));
#4382=CARTESIAN_POINT('Ctrl Pts',(18.2881603302433,5.92105387797891,11.1040406101782));
#4383=CARTESIAN_POINT('Ctrl Pts',(17.6908205262289,5.17155712089629,11.1040406101782));
#4384=CARTESIAN_POINT('Ctrl Pts',(17.379784954243,4.283211087554,11.1040406101782));
#4385=CARTESIAN_POINT('Ctrl Pts',(17.3797871089077,3.51686036580948,11.1040406101782));
#4386=CARTESIAN_POINT('Ctrl Pts',(17.6908244779024,2.62847639056716,11.1040406101782));
#4387=CARTESIAN_POINT('Ctrl Pts',(18.2881790680419,1.87921220294816,11.1040406101782));
#4388=CARTESIAN_POINT('Ctrl Pts',(19.3248984809517,1.37949471828603,11.1040406101782));
#4389=CARTESIAN_POINT('Ctrl Pts',(20.4751885098262,1.38005694190272,11.1040406101782));
#4390=CARTESIAN_POINT('Ctrl Pts',(21.5120650225776,1.87867619244205,11.1040406101782));
#4391=CARTESIAN_POINT('Ctrl Pts',(22.2289118751596,2.77861707701121,11.1040406101782));
#4392=CARTESIAN_POINT('Ctrl Pts',(22.4,3.52611874553817,11.1040406101782));
#4393=CARTESIAN_POINT('Ctrl Pts',(22.4,3.9,11.1040406101782));
#4394=CARTESIAN_POINT('Ctrl Pts',(22.4,3.89999999999995,11.1));
#4395=CARTESIAN_POINT('Ctrl Pts',(22.4,4.27399735308145,11.1));
#4396=CARTESIAN_POINT('Ctrl Pts',(22.2289833831549,5.02154969651084,11.1));
#4397=CARTESIAN_POINT('Ctrl Pts',(21.5121965715412,5.92173834546967,11.1));
#4398=CARTESIAN_POINT('Ctrl Pts',(20.47517541374,6.42020377411935,11.1));
#4399=CARTESIAN_POINT('Ctrl Pts',(19.3247411629341,6.42078980962955,11.1));
#4400=CARTESIAN_POINT('Ctrl Pts',(18.2878556533016,5.92133143029051,11.1));
#4401=CARTESIAN_POINT('Ctrl Pts',(17.6904426342413,5.1717702046218,11.1));
#4402=CARTESIAN_POINT('Ctrl Pts',(17.3793746033616,4.28327255983675,11.1));
#4403=CARTESIAN_POINT('Ctrl Pts',(17.3793833200336,3.51677792744082,11.1));
#4404=CARTESIAN_POINT('Ctrl Pts',(17.6904473165947,2.62824182675358,11.1));
#4405=CARTESIAN_POINT('Ctrl Pts',(18.2879266489044,1.87889490554471,11.1));
#4406=CARTESIAN_POINT('Ctrl Pts',(19.3247279404644,1.37904547969309,11.1));
#4407=CARTESIAN_POINT('Ctrl Pts',(20.4751738206254,1.379680394654,11.1));
#4408=CARTESIAN_POINT('Ctrl Pts',(21.5121428163934,1.87830255141514,11.1));
#4409=CARTESIAN_POINT('Ctrl Pts',(22.2289854367547,2.77842491211012,11.1));
#4410=CARTESIAN_POINT('Ctrl Pts',(22.4,3.5260026469185,11.1));
#4411=CARTESIAN_POINT('Ctrl Pts',(22.4,3.9,11.1));
#4412=CARTESIAN_POINT('',(22.2000000000001,3.9,11.3));
#4413=CARTESIAN_POINT('',(22.4,3.89999999999995,11.1));
#4414=CARTESIAN_POINT('Ctrl Pts',(22.2000000000004,3.89999999999999,11.3));
#4415=CARTESIAN_POINT('Ctrl Pts',(22.205387480238,3.89999999999999,11.3));
#4416=CARTESIAN_POINT('Ctrl Pts',(22.2246113095144,3.89999999999999,11.2913253297437));
#4417=CARTESIAN_POINT('Ctrl Pts',(22.2862861124091,3.89999999999997,11.2388317479626));
#4418=CARTESIAN_POINT('Ctrl Pts',(22.3481209452934,3.89999999999996,11.1769736240018));
#4419=CARTESIAN_POINT('Ctrl Pts',(22.3949197357004,3.89999999999995,11.1188367710284));
#4420=CARTESIAN_POINT('Ctrl Pts',(22.4,3.89999999999995,11.1040406101782));
#4421=CARTESIAN_POINT('Ctrl Pts',(22.4,3.89999999999995,11.1));
#4422=CARTESIAN_POINT('Ctrl Pts',(22.4,3.9,11.1));
#4423=CARTESIAN_POINT('Ctrl Pts',(22.4,4.17557699700742,11.1));
#4424=CARTESIAN_POINT('Ctrl Pts',(22.3540235631123,4.45110100050819,11.1));
#4425=CARTESIAN_POINT('Ctrl Pts',(22.1213743710363,5.12878494621556,11.1));
#4426=CARTESIAN_POINT('Ctrl Pts',(21.865560753942,5.50654489057125,11.1));
#4427=CARTESIAN_POINT('Ctrl Pts',(21.1246131639379,6.14468999949534,11.1));
#4428=CARTESIAN_POINT('Ctrl Pts',(20.6022746036056,6.35868268828709,11.1));
#4429=CARTESIAN_POINT('Ctrl Pts',(19.5165209880291,6.43116433173784,11.1));
#4430=CARTESIAN_POINT('Ctrl Pts',(18.955672290972,6.2795155182954,11.1));
#4431=CARTESIAN_POINT('Ctrl Pts',(18.0028456606883,5.63488350877112,11.1));
#4432=CARTESIAN_POINT('Ctrl Pts',(17.6343709303303,5.11488276332687,11.1));
#4433=CARTESIAN_POINT('Ctrl Pts',(17.3160895805285,3.90367366561329,11.1));
#4434=CARTESIAN_POINT('Ctrl Pts',(17.4105723265085,3.20764448274813,11.1));
#4435=CARTESIAN_POINT('Ctrl Pts',(18.0787734829517,2.05882511719955,11.1));
#4436=CARTESIAN_POINT('Ctrl Pts',(18.6652718753979,1.62354709108496,11.1));
#4437=CARTESIAN_POINT('Ctrl Pts',(19.9887964509156,1.30953257789719,11.1));
#4438=CARTESIAN_POINT('Ctrl Pts',(20.7181063027705,1.44050626061046,11.1));
#4439=CARTESIAN_POINT('Ctrl Pts',(21.9685046146318,2.27470261022618,11.1));
#4440=CARTESIAN_POINT('Ctrl Pts',(22.4,3.0812847085428,11.1));
#4441=CARTESIAN_POINT('Ctrl Pts',(22.4,3.9,11.1));
#4442=CARTESIAN_POINT('Ctrl Pts',(22.2000000000001,3.9,11.3));
#4443=CARTESIAN_POINT('Ctrl Pts',(22.2000000000001,3.55592243516502,11.3));
#4444=CARTESIAN_POINT('Ctrl Pts',(22.0426666018144,2.86815091914131,11.3));
#4445=CARTESIAN_POINT('Ctrl Pts',(21.3831713910819,2.04003834730193,11.3));
#4446=CARTESIAN_POINT('Ctrl Pts',(20.4291599149754,1.58130596308168,11.3));
#4447=CARTESIAN_POINT('Ctrl Pts',(19.3707497052273,1.58072184131765,11.3));
#4448=CARTESIAN_POINT('Ctrl Pts',(18.4168925169921,2.04058331310114,11.3));
#4449=CARTESIAN_POINT('Ctrl Pts',(17.8672115312671,2.7299824806133,11.3));
#4450=CARTESIAN_POINT('Ctrl Pts',(17.5810326544309,3.54743569324557,11.3));
#4451=CARTESIAN_POINT('Ctrl Pts',(17.5810246350926,4.25261075504983,11.3));
#4452=CARTESIAN_POINT('Ctrl Pts',(17.8672072235019,5.07002858825209,11.3));
#4453=CARTESIAN_POINT('Ctrl Pts',(18.4168272010375,5.75962491586732,11.3));
#4454=CARTESIAN_POINT('Ctrl Pts',(19.3707618698994,6.21912662485922,11.3));
#4455=CARTESIAN_POINT('Ctrl Pts',(20.4291613806409,6.21858747218986,11.3));
#4456=CARTESIAN_POINT('Ctrl Pts',(21.3832208458182,5.75999927783216,11.3));
#4457=CARTESIAN_POINT('Ctrl Pts',(22.042664712503,4.93182572079014,11.3));
#4458=CARTESIAN_POINT('Ctrl Pts',(22.2000000000004,4.24407756483497,11.3));
#4459=CARTESIAN_POINT('Ctrl Pts',(22.2000000000004,3.89999999999999,11.3));
#4460=CARTESIAN_POINT('Origin',(19.9,3.9,9.6));
#4461=CARTESIAN_POINT('',(22.4,3.9,9.6));
#4462=CARTESIAN_POINT('Origin',(19.9,3.9,11.3));
#4463=CARTESIAN_POINT('Ctrl Pts',(30.2000000000004,3.89999999999999,11.3));
#4464=CARTESIAN_POINT('Ctrl Pts',(30.2000000000004,4.24407756483497,11.3));
#4465=CARTESIAN_POINT('Ctrl Pts',(30.0426545828232,4.93182294668051,11.3));
#4466=CARTESIAN_POINT('Ctrl Pts',(29.3832899135199,5.75999707701787,11.3));
#4467=CARTESIAN_POINT('Ctrl Pts',(28.4291604917981,6.21857976340616,11.3));
#4468=CARTESIAN_POINT('Ctrl Pts',(27.3709743213899,6.21912726522118,11.3));
#4469=CARTESIAN_POINT('Ctrl Pts',(26.4167415969599,5.75963372905127,11.3));
#4470=CARTESIAN_POINT('Ctrl Pts',(25.8678840044098,5.07003681351288,11.3));
#4471=CARTESIAN_POINT('Ctrl Pts',(25.5225118567365,4.08917598640797,11.3));
#4472=CARTESIAN_POINT('Ctrl Pts',(25.6442106557113,3.00572492096076,11.3));
#4473=CARTESIAN_POINT('Ctrl Pts',(26.4175932393796,2.04055506150685,11.3));
#4474=CARTESIAN_POINT('Ctrl Pts',(27.3700277890981,1.58071403174993,11.3));
#4475=CARTESIAN_POINT('Ctrl Pts',(28.4291540281479,1.58130230095628,11.3));
#4476=CARTESIAN_POINT('Ctrl Pts',(29.3829560064625,2.04003590052991,11.3));
#4477=CARTESIAN_POINT('Ctrl Pts',(30.042658118622,2.86815142043443,11.3));
#4478=CARTESIAN_POINT('Ctrl Pts',(30.2,3.55592243516502,11.3));
#4479=CARTESIAN_POINT('Ctrl Pts',(30.2,3.9,11.3));
#4480=CARTESIAN_POINT('Ctrl Pts',(30.2026937401192,3.89999999999999,11.3));
#4481=CARTESIAN_POINT('Ctrl Pts',(30.2026937401192,4.24448725140425,11.3));
#4482=CARTESIAN_POINT('Ctrl Pts',(30.0451681504398,4.93304323491021,11.3));
#4483=CARTESIAN_POINT('Ctrl Pts',(29.3850338260125,5.76219678353957,11.3));
#4484=CARTESIAN_POINT('Ctrl Pts',(28.4297783658983,6.22131763462159,11.3));
#4485=CARTESIAN_POINT('Ctrl Pts',(27.3703438653768,6.22186957650893,11.3));
#4486=CARTESIAN_POINT('Ctrl Pts',(26.4149840313898,5.76182916421559,11.3));
#4487=CARTESIAN_POINT('Ctrl Pts',(25.8654783201704,5.07141983520213,11.3));
#4488=CARTESIAN_POINT('Ctrl Pts',(25.5196999386044,4.08939744001096,11.3));
#4489=CARTESIAN_POINT('Ctrl Pts',(25.6415393951388,3.00466518039219,11.3));
#4490=CARTESIAN_POINT('Ctrl Pts',(26.4158381285261,2.03835776860321,11.3));
#4491=CARTESIAN_POINT('Ctrl Pts',(27.3693945673351,1.57796971526309,11.3));
#4492=CARTESIAN_POINT('Ctrl Pts',(28.4297712850224,1.57856251591258,11.3));
#4493=CARTESIAN_POINT('Ctrl Pts',(29.384696418856,2.03783434980983,11.3));
#4494=CARTESIAN_POINT('Ctrl Pts',(30.045171665865,2.86693080861898,11.3));
#4495=CARTESIAN_POINT('Ctrl Pts',(30.2026937401188,3.55551274859574,11.3));
#4496=CARTESIAN_POINT('Ctrl Pts',(30.2026937401188,3.9,11.3));
#4497=CARTESIAN_POINT('Ctrl Pts',(30.2112838096348,3.89999999999999,11.2973857613119));
#4498=CARTESIAN_POINT('Ctrl Pts',(30.2112838096348,4.24576201434886,11.2973857613119));
#4499=CARTESIAN_POINT('Ctrl Pts',(30.0531642514236,4.93687873188171,11.2973857613119));
#4500=CARTESIAN_POINT('Ctrl Pts',(29.390563348808,5.76911081020965,11.2973857613119));
#4501=CARTESIAN_POINT('Ctrl Pts',(28.4317575604881,6.22994272777555,11.2973857613119));
#4502=CARTESIAN_POINT('Ctrl Pts',(27.3683847466159,6.23049087826826,11.2973857613119));
#4503=CARTESIAN_POINT('Ctrl Pts',(26.4094756583767,5.76874774221251,11.2973857613119));
#4504=CARTESIAN_POINT('Ctrl Pts',(25.8579282113884,5.07577021605968,11.2973857613119));
#4505=CARTESIAN_POINT('Ctrl Pts',(25.5108625980973,4.09010414233829,11.2973857613119));
#4506=CARTESIAN_POINT('Ctrl Pts',(25.6331594574881,3.00134423965147,11.2973857613119));
#4507=CARTESIAN_POINT('Ctrl Pts',(26.4103306973993,2.03144308946647,11.2973857613119));
#4508=CARTESIAN_POINT('Ctrl Pts',(27.3674344593994,1.56935061583388,11.2973857613119));
#4509=CARTESIAN_POINT('Ctrl Pts',(28.4317513920934,1.5699397103266,11.2973857613119));
#4510=CARTESIAN_POINT('Ctrl Pts',(29.390229471014,2.0309233389075,11.2973857613119));
#4511=CARTESIAN_POINT('Ctrl Pts',(30.0531678177167,2.86309566692073,11.2973857613119));
#4512=CARTESIAN_POINT('Ctrl Pts',(30.2112838096344,3.55423798565112,11.2973857613119));
#4513=CARTESIAN_POINT('Ctrl Pts',(30.2112838096344,3.9,11.2973857613119));
#4514=CARTESIAN_POINT('Ctrl Pts',(30.2399267538305,3.89999999999998,11.2782906439849));
#4515=CARTESIAN_POINT('Ctrl Pts',(30.2399267538305,4.25006400395686,11.2782906439849));
#4516=CARTESIAN_POINT('Ctrl Pts',(30.0798581403246,4.94975853421575,11.2782906439848));
#4517=CARTESIAN_POINT('Ctrl Pts',(29.4090524422711,5.79232829299427,11.2782906439848));
#4518=CARTESIAN_POINT('Ctrl Pts',(28.4383426754343,6.25887388395363,11.2782906439848));
#4519=CARTESIAN_POINT('Ctrl Pts',(27.3617689467098,6.25943850321087,11.2782906439848));
#4520=CARTESIAN_POINT('Ctrl Pts',(26.3909521796739,5.79195093027671,11.2782906439848));
#4521=CARTESIAN_POINT('Ctrl Pts',(25.8325560923714,5.09037343952251,11.2782906439848));
#4522=CARTESIAN_POINT('Ctrl Pts',(25.4811849902526,4.0924597632427,11.2782906439848));
#4523=CARTESIAN_POINT('Ctrl Pts',(25.6049926567842,2.99017599323605,11.2782906439849));
#4524=CARTESIAN_POINT('Ctrl Pts',(26.3918215266209,2.00823697144541,11.2782906439849));
#4525=CARTESIAN_POINT('Ctrl Pts',(27.3608026620439,1.54039639272084,11.2782906439849));
#4526=CARTESIAN_POINT('Ctrl Pts',(28.4383348777925,1.54100257449525,11.2782906439849));
#4527=CARTESIAN_POINT('Ctrl Pts',(29.4087065080868,2.00770148373957,11.2782906439849));
#4528=CARTESIAN_POINT('Ctrl Pts',(30.079861688374,2.85021479960494,11.2782906439849));
#4529=CARTESIAN_POINT('Ctrl Pts',(30.2399267538302,3.54993599604312,11.2782906439849));
#4530=CARTESIAN_POINT('Ctrl Pts',(30.2399267538302,3.9,11.2782906439849));
#4531=CARTESIAN_POINT('Ctrl Pts',(30.2860669760306,3.89999999999997,11.2389761552005));
#4532=CARTESIAN_POINT('Ctrl Pts',(30.2860669760306,4.25696039251971,11.2389761552005));
#4533=CARTESIAN_POINT('Ctrl Pts',(30.1228380992082,4.97044707162468,11.2389761552005));
#4534=CARTESIAN_POINT('Ctrl Pts',(29.4388025401365,5.82962213493456,11.2389761552005));
#4535=CARTESIAN_POINT('Ctrl Pts',(28.4489598620545,6.30536635191971,11.2389761552005));
#4536=CARTESIAN_POINT('Ctrl Pts',(27.3511661289572,6.30593847642554,11.2389761552005));
#4537=CARTESIAN_POINT('Ctrl Pts',(26.3612152482929,5.82924100427224,11.2389761552005));
#4538=CARTESIAN_POINT('Ctrl Pts',(25.7918134012796,5.11383389454098,11.2389761552005));
#4539=CARTESIAN_POINT('Ctrl Pts',(25.4335153905786,4.09625491489442,11.2389761552005));
#4540=CARTESIAN_POINT('Ctrl Pts',(25.5597661693433,2.97224729996702,11.2389761552005));
#4541=CARTESIAN_POINT('Ctrl Pts',(26.3621003457444,1.97095258813537,11.2389761552005));
#4542=CARTESIAN_POINT('Ctrl Pts',(27.350182373229,1.49389490152024,11.2389761552006));
#4543=CARTESIAN_POINT('Ctrl Pts',(28.4489524929377,1.49450936643473,11.2389761552006));
#4544=CARTESIAN_POINT('Ctrl Pts',(29.4384527540378,1.97041002724519,11.2389761552006));
#4545=CARTESIAN_POINT('Ctrl Pts',(30.1228417406346,2.8295260167592,11.2389761552006));
#4546=CARTESIAN_POINT('Ctrl Pts',(30.2860669760303,3.54303960748026,11.2389761552006));
#4547=CARTESIAN_POINT('Ctrl Pts',(30.2860669760303,3.9,11.2389761552006));
#4548=CARTESIAN_POINT('Ctrl Pts',(30.3478536171104,3.89999999999996,11.1771972558424));
#4549=CARTESIAN_POINT('Ctrl Pts',(30.3478536171104,4.26619997448447,11.1771972558424));
#4550=CARTESIAN_POINT('Ctrl Pts',(30.180395624401,4.99815930360538,11.1771972558424));
#4551=CARTESIAN_POINT('Ctrl Pts',(29.478645651072,5.87957710456207,11.1771972558424));
#4552=CARTESIAN_POINT('Ctrl Pts',(28.4631761165418,6.36763999194535,11.1771972558424));
#4553=CARTESIAN_POINT('Ctrl Pts',(27.3369604001318,6.36822476570267,11.1771972558424));
#4554=CARTESIAN_POINT('Ctrl Pts',(26.3213804028495,5.87918829716351,11.1771972558423));
#4555=CARTESIAN_POINT('Ctrl Pts',(25.7372370518314,5.1452586049669,11.1771972558424));
#4556=CARTESIAN_POINT('Ctrl Pts',(25.3696619890249,4.10133695097506,11.1771972558424));
#4557=CARTESIAN_POINT('Ctrl Pts',(25.4991830708805,2.94823041702758,11.1771972558424));
#4558=CARTESIAN_POINT('Ctrl Pts',(26.3222875888729,1.92101149345648,11.1771972558424));
#4559=CARTESIAN_POINT('Ctrl Pts',(27.335952115064,1.43160533482995,11.1771972558424));
#4560=CARTESIAN_POINT('Ctrl Pts',(28.4631689041772,1.43223352052003,11.1771972558424));
#4561=CARTESIAN_POINT('Ctrl Pts',(29.4782885798495,1.92045696387433,11.1771972558424));
#4562=CARTESIAN_POINT('Ctrl Pts',(30.1803993740977,2.80181325527414,11.1771972558424));
#4563=CARTESIAN_POINT('Ctrl Pts',(30.3478536171103,3.53380002551549,11.1771972558424));
#4564=CARTESIAN_POINT('Ctrl Pts',(30.3478536171103,3.9,11.1771972558424));
#4565=CARTESIAN_POINT('Ctrl Pts',(30.3830560311282,3.89999999999995,11.1335026091785));
#4566=CARTESIAN_POINT('Ctrl Pts',(30.3830560311282,4.27148847910501,11.1335026091785));
#4567=CARTESIAN_POINT('Ctrl Pts',(30.2132034447246,5.0139910215529,11.1335026091785));
#4568=CARTESIAN_POINT('Ctrl Pts',(29.5013702211044,5.9081157861506,11.1335026091785));
#4569=CARTESIAN_POINT('Ctrl Pts',(28.4712689069569,6.40320103769793,11.1335026091785));
#4570=CARTESIAN_POINT('Ctrl Pts',(27.3288273823135,6.40380680174233,11.1335026091784));
#4571=CARTESIAN_POINT('Ctrl Pts',(26.2986108701374,5.90770865111042,11.1335026091784));
#4572=CARTESIAN_POINT('Ctrl Pts',(25.7060494371363,5.16320859117353,11.1335026091785));
#4573=CARTESIAN_POINT('Ctrl Pts',(25.3331825501907,4.10423200718296,11.1335026091785));
#4574=CARTESIAN_POINT('Ctrl Pts',(25.4645600562468,2.93450210734124,11.1335026091785));
#4575=CARTESIAN_POINT('Ctrl Pts',(26.2995359284417,1.89248712812242,11.1335026091785));
#4576=CARTESIAN_POINT('Ctrl Pts',(27.3277991090568,1.39601483037828,11.1335026091785));
#4577=CARTESIAN_POINT('Ctrl Pts',(28.4712595718645,1.39666477513125,11.1335026091785));
#4578=CARTESIAN_POINT('Ctrl Pts',(29.5009977186351,1.89191253684829,11.1335026091785));
#4579=CARTESIAN_POINT('Ctrl Pts',(30.2132071671596,2.78598017049414,11.1335026091785));
#4580=CARTESIAN_POINT('Ctrl Pts',(30.3830560311282,3.52851152089493,11.1335026091785));
#4581=CARTESIAN_POINT('Ctrl Pts',(30.3830560311282,3.9,11.1335026091785));
#4582=CARTESIAN_POINT('Ctrl Pts',(30.3978352366166,3.89999999999995,11.1093623016709));
#4583=CARTESIAN_POINT('Ctrl Pts',(30.3978352366166,4.27365576495663,11.1093623016709));
#4584=CARTESIAN_POINT('Ctrl Pts',(30.226944831558,5.02054423952157,11.1093623016709));
#4585=CARTESIAN_POINT('Ctrl Pts',(29.5108578544155,5.91992898364699,11.1093623016709));
#4586=CARTESIAN_POINT('Ctrl Pts',(28.4746813592678,6.41795395827024,11.1093623016709));
#4587=CARTESIAN_POINT('Ctrl Pts',(27.3254987556532,6.41853850302096,11.1093623016709));
#4588=CARTESIAN_POINT('Ctrl Pts',(26.2892125860684,5.91954455704969,11.1093623016708));
#4589=CARTESIAN_POINT('Ctrl Pts',(25.6931588578433,5.17064434484477,11.1093623016709));
#4590=CARTESIAN_POINT('Ctrl Pts',(25.3180840099106,4.10544830434682,11.1093623016709));
#4591=CARTESIAN_POINT('Ctrl Pts',(25.4502557308052,2.92883629976788,11.1093623016709));
#4592=CARTESIAN_POINT('Ctrl Pts',(26.2901336272528,1.88066597240359,11.1093623016709));
#4593=CARTESIAN_POINT('Ctrl Pts',(27.3244751914866,1.38129395645636,11.1093623016709));
#4594=CARTESIAN_POINT('Ctrl Pts',(28.4746759526119,1.38192265980185,11.1093623016709));
#4595=CARTESIAN_POINT('Ctrl Pts',(29.5105034518038,1.88011181185976,11.1093623016709));
#4596=CARTESIAN_POINT('Ctrl Pts',(30.2269487363488,2.77942869945722,11.1093623016709));
#4597=CARTESIAN_POINT('Ctrl Pts',(30.3978352366166,3.52634423504332,11.1093623016709));
#4598=CARTESIAN_POINT('Ctrl Pts',(30.3978352366166,3.9,11.1093623016709));
#4599=CARTESIAN_POINT('Ctrl Pts',(30.4,3.89999999999995,11.1026937401188));
#4600=CARTESIAN_POINT('Ctrl Pts',(30.4,4.27403015575782,11.1026937401188));
#4601=CARTESIAN_POINT('Ctrl Pts',(30.2289924727197,5.02160452996467,11.1026937401188));
#4602=CARTESIAN_POINT('Ctrl Pts',(29.5123044002006,5.9218401154339,11.1026937401188));
#4603=CARTESIAN_POINT('Ctrl Pts',(28.4751652802624,6.42030482354797,11.1026937401188));
#4604=CARTESIAN_POINT('Ctrl Pts',(27.3249189375954,6.42091851669173,11.1026937401188));
#4605=CARTESIAN_POINT('Ctrl Pts',(26.2876628842037,5.92142635978344,11.1026937401188));
#4606=CARTESIAN_POINT('Ctrl Pts',(25.691052612063,5.17184119372289,11.1026937401188));
#4607=CARTESIAN_POINT('Ctrl Pts',(25.3156396068963,4.10562554546742,11.1026937401188));
#4608=CARTESIAN_POINT('Ctrl Pts',(25.4479117382455,2.92790134506616,11.1026937401188));
#4609=CARTESIAN_POINT('Ctrl Pts',(26.2885957109391,1.87876867841441,11.1026937401188));
#4610=CARTESIAN_POINT('Ctrl Pts',(27.3238819918642,1.3789000805661,11.1026937401188));
#4611=CARTESIAN_POINT('Ctrl Pts',(28.4751552723554,1.37955829948599,11.1026937401188));
#4612=CARTESIAN_POINT('Ctrl Pts',(29.5119262495703,1.87818651968959,11.1026937401188));
#4613=CARTESIAN_POINT('Ctrl Pts',(30.2289961960631,2.77836617219795,11.1026937401188));
#4614=CARTESIAN_POINT('Ctrl Pts',(30.4,3.52596984424213,11.1026937401188));
#4615=CARTESIAN_POINT('Ctrl Pts',(30.4,3.9,11.1026937401188));
#4616=CARTESIAN_POINT('Ctrl Pts',(30.4,3.89999999999995,11.1));
#4617=CARTESIAN_POINT('Ctrl Pts',(30.4,4.27399735308145,11.1));
#4618=CARTESIAN_POINT('Ctrl Pts',(30.2289723726334,5.02154668117423,11.1));
#4619=CARTESIAN_POINT('Ctrl Pts',(29.5122716451303,5.92173595327988,11.1));
#4620=CARTESIAN_POINT('Ctrl Pts',(28.4751744476068,6.42019539500617,11.1));
#4621=CARTESIAN_POINT('Ctrl Pts',(27.3249720884677,6.42079050567432,11.1));
#4622=CARTESIAN_POINT('Ctrl Pts',(26.287762605392,5.92134100983704,11.1));
#4623=CARTESIAN_POINT('Ctrl Pts',(25.6911782656632,5.17177914512203,11.1));
#4624=CARTESIAN_POINT('Ctrl Pts',(25.3157737573226,4.10562607218206,11.1));
#4625=CARTESIAN_POINT('Ctrl Pts',(25.448055060556,2.92796187060919,11.1));
#4626=CARTESIAN_POINT('Ctrl Pts',(26.2886883036736,1.87886419728987,11.1));
#4627=CARTESIAN_POINT('Ctrl Pts',(27.3239432490198,1.3790369910324,11.1));
#4628=CARTESIAN_POINT('Ctrl Pts',(28.4751674219,1.37967641408284,11.1));
#4629=CARTESIAN_POINT('Ctrl Pts',(29.5119087026766,1.87829989188029,11.1));
#4630=CARTESIAN_POINT('Ctrl Pts',(30.2289762158935,2.77842545699393,11.1));
#4631=CARTESIAN_POINT('Ctrl Pts',(30.4,3.5260026469185,11.1));
#4632=CARTESIAN_POINT('Ctrl Pts',(30.4,3.9,11.1));
#4633=CARTESIAN_POINT('',(30.2,3.9,11.3));
#4634=CARTESIAN_POINT('',(30.4,3.89999999999995,11.1));
#4635=CARTESIAN_POINT('Ctrl Pts',(30.2000000000004,3.89999999999999,11.3));
#4636=CARTESIAN_POINT('Ctrl Pts',(30.2026937401192,3.89999999999999,11.3));
#4637=CARTESIAN_POINT('Ctrl Pts',(30.2112838096348,3.89999999999999,11.2973857613119));
#4638=CARTESIAN_POINT('Ctrl Pts',(30.2399267538305,3.89999999999998,11.2782906439849));
#4639=CARTESIAN_POINT('Ctrl Pts',(30.2860669760306,3.89999999999997,11.2389761552005));
#4640=CARTESIAN_POINT('Ctrl Pts',(30.3478536171104,3.89999999999996,11.1771972558424));
#4641=CARTESIAN_POINT('Ctrl Pts',(30.3830560311282,3.89999999999995,11.1335026091785));
#4642=CARTESIAN_POINT('Ctrl Pts',(30.3978352366166,3.89999999999995,11.1093623016709));
#4643=CARTESIAN_POINT('Ctrl Pts',(30.4,3.89999999999995,11.1026937401188));
#4644=CARTESIAN_POINT('Ctrl Pts',(30.4,3.89999999999995,11.1));
#4645=CARTESIAN_POINT('Ctrl Pts',(30.4,3.9,11.1));
#4646=CARTESIAN_POINT('Ctrl Pts',(30.4,4.17557699700742,11.1));
#4647=CARTESIAN_POINT('Ctrl Pts',(30.3540235631123,4.45110100050819,11.1));
#4648=CARTESIAN_POINT('Ctrl Pts',(30.1213743710363,5.12878494621554,11.1));
#4649=CARTESIAN_POINT('Ctrl Pts',(29.865560753942,5.50654489057125,11.1));
#4650=CARTESIAN_POINT('Ctrl Pts',(29.1246131639383,6.14468999949503,11.1));
#4651=CARTESIAN_POINT('Ctrl Pts',(28.6022746036066,6.35868268828671,11.1));
#4652=CARTESIAN_POINT('Ctrl Pts',(27.516520988031,6.43116433173803,11.1));
#4653=CARTESIAN_POINT('Ctrl Pts',(26.9556722909741,6.27951551829616,11.1));
#4654=CARTESIAN_POINT('Ctrl Pts',(26.0028456606906,5.63488350877345,11.1));
#4655=CARTESIAN_POINT('Ctrl Pts',(25.6343709303325,5.11488276333051,11.1));
#4656=CARTESIAN_POINT('Ctrl Pts',(25.3160895805284,3.90367366561786,11.1));
#4657=CARTESIAN_POINT('Ctrl Pts',(25.4105723265073,3.2076444827521,11.1));
#4658=CARTESIAN_POINT('Ctrl Pts',(26.0787734829485,2.05882511720305,11.1));
#4659=CARTESIAN_POINT('Ctrl Pts',(26.6652718753929,1.62354709108796,11.1));
#4660=CARTESIAN_POINT('Ctrl Pts',(27.9887964509089,1.30953257789695,11.1));
#4661=CARTESIAN_POINT('Ctrl Pts',(28.7181063027642,1.44050626060837,11.1));
#4662=CARTESIAN_POINT('Ctrl Pts',(29.9685046146294,2.27470261022206,11.1));
#4663=CARTESIAN_POINT('Ctrl Pts',(30.4,3.08128470854068,11.1));
#4664=CARTESIAN_POINT('Ctrl Pts',(30.4,3.9,11.1));
#4665=CARTESIAN_POINT('Ctrl Pts',(30.2,3.9,11.3));
#4666=CARTESIAN_POINT('Ctrl Pts',(30.2,3.55592243516502,11.3));
#4667=CARTESIAN_POINT('Ctrl Pts',(30.042658118622,2.86815142043443,11.3));
#4668=CARTESIAN_POINT('Ctrl Pts',(29.3829560064625,2.04003590052991,11.3));
#4669=CARTESIAN_POINT('Ctrl Pts',(28.4291540281479,1.58130230095628,11.3));
#4670=CARTESIAN_POINT('Ctrl Pts',(27.3700277890981,1.58071403174993,11.3));
#4671=CARTESIAN_POINT('Ctrl Pts',(26.4175932393796,2.04055506150685,11.3));
#4672=CARTESIAN_POINT('Ctrl Pts',(25.6442106557113,3.00572492096076,11.3));
#4673=CARTESIAN_POINT('Ctrl Pts',(25.5225118567365,4.08917598640797,11.3));
#4674=CARTESIAN_POINT('Ctrl Pts',(25.8678840044098,5.07003681351288,11.3));
#4675=CARTESIAN_POINT('Ctrl Pts',(26.4167415969599,5.75963372905127,11.3));
#4676=CARTESIAN_POINT('Ctrl Pts',(27.3709743213899,6.21912726522118,11.3));
#4677=CARTESIAN_POINT('Ctrl Pts',(28.4291604917981,6.21857976340616,11.3));
#4678=CARTESIAN_POINT('Ctrl Pts',(29.3832899135199,5.75999707701787,11.3));
#4679=CARTESIAN_POINT('Ctrl Pts',(30.0426545828232,4.93182294668051,11.3));
#4680=CARTESIAN_POINT('Ctrl Pts',(30.2000000000004,4.24407756483497,11.3));
#4681=CARTESIAN_POINT('Ctrl Pts',(30.2000000000004,3.89999999999999,11.3));
#4682=CARTESIAN_POINT('Origin',(27.9,3.9,9.6));
#4683=CARTESIAN_POINT('',(30.4,3.9,9.6));
#4684=CARTESIAN_POINT('Origin',(27.9,3.9,11.3));
#4685=CARTESIAN_POINT('Ctrl Pts',(30.2000000000004,11.9,11.3));
#4686=CARTESIAN_POINT('Ctrl Pts',(30.2000000000004,12.244077564835,11.3));
#4687=CARTESIAN_POINT('Ctrl Pts',(30.0426496722391,12.9318205413779,11.3));
#4688=CARTESIAN_POINT('Ctrl Pts',(29.3832908171985,13.7599940941172,11.3));
#4689=CARTESIAN_POINT('Ctrl Pts',(28.4291628426114,14.2185719728246,11.3));
#4690=CARTESIAN_POINT('Ctrl Pts',(27.3709783658412,14.2191247206984,11.3));
#4691=CARTESIAN_POINT('Ctrl Pts',(26.4167486488219,13.7596321424472,11.3));
#4692=CARTESIAN_POINT('Ctrl Pts',(25.8678850917432,13.0700383213381,11.3));
#4693=CARTESIAN_POINT('Ctrl Pts',(25.5225146507082,12.089179224502,11.3));
#4694=CARTESIAN_POINT('Ctrl Pts',(25.6442047950238,11.0057281926404,11.3));
#4695=CARTESIAN_POINT('Ctrl Pts',(26.4175750612095,10.0405604878794,11.3));
#4696=CARTESIAN_POINT('Ctrl Pts',(27.3700111719427,9.58071744358435,11.3));
#4697=CARTESIAN_POINT('Ctrl Pts',(28.4291329989632,9.58130709323514,11.3));
#4698=CARTESIAN_POINT('Ctrl Pts',(29.3829431761424,10.0400377583679,11.3));
#4699=CARTESIAN_POINT('Ctrl Pts',(30.0426462703883,10.8681530997795,11.3));
#4700=CARTESIAN_POINT('Ctrl Pts',(30.2,11.555922435165,11.3));
#4701=CARTESIAN_POINT('Ctrl Pts',(30.2,11.9,11.3));
#4702=CARTESIAN_POINT('Ctrl Pts',(30.2026937401192,11.9,11.3));
#4703=CARTESIAN_POINT('Ctrl Pts',(30.2026937401192,12.2444872514042,11.3));
#4704=CARTESIAN_POINT('Ctrl Pts',(30.0451631542487,12.9330415658735,11.3));
#4705=CARTESIAN_POINT('Ctrl Pts',(29.3850340663979,13.7621950531598,11.3));
#4706=CARTESIAN_POINT('Ctrl Pts',(28.4297797584483,14.2213117343525,11.3));
#4707=CARTESIAN_POINT('Ctrl Pts',(27.3703462189944,14.2218685856996,11.3));
#4708=CARTESIAN_POINT('Ctrl Pts',(26.4149889058605,13.7618290831887,11.3));
#4709=CARTESIAN_POINT('Ctrl Pts',(25.8654768520235,13.071422084063,11.3));
#4710=CARTESIAN_POINT('Ctrl Pts',(25.5196998750885,12.0894008472709,11.3));
#4711=CARTESIAN_POINT('Ctrl Pts',(25.641530892934,11.004667853999,11.3));
#4712=CARTESIAN_POINT('Ctrl Pts',(26.4158176166895,10.0383616055416,11.3));
#4713=CARTESIAN_POINT('Ctrl Pts',(27.3693762569871,9.57797150072263,11.3));
#4714=CARTESIAN_POINT('Ctrl Pts',(28.4297491793478,9.57856536693836,11.3));
#4715=CARTESIAN_POINT('Ctrl Pts',(29.3846829678446,10.0378349822675,11.3));
#4716=CARTESIAN_POINT('Ctrl Pts',(30.0451596802099,10.8669317204563,11.3));
#4717=CARTESIAN_POINT('Ctrl Pts',(30.2026937401188,11.5555127485957,11.3));
#4718=CARTESIAN_POINT('Ctrl Pts',(30.2026937401188,11.9,11.3));
#4719=CARTESIAN_POINT('Ctrl Pts',(30.2112819520859,11.9,11.2973875496488));
#4720=CARTESIAN_POINT('Ctrl Pts',(30.2112819520859,12.2457620143489,11.2973875496488));
#4721=CARTESIAN_POINT('Ctrl Pts',(30.0531577960761,12.9368756057619,11.2973875496488));
#4722=CARTESIAN_POINT('Ctrl Pts',(29.390563665224,13.7691065713274,11.2973875496488));
#4723=CARTESIAN_POINT('Ctrl Pts',(28.4317598933876,14.2299330134661,11.2973875496488));
#4724=CARTESIAN_POINT('Ctrl Pts',(27.3683896269893,14.2304867623441,11.2973875496488));
#4725=CARTESIAN_POINT('Ctrl Pts',(26.4094841795877,13.7687446229807,11.2973875496488));
#4726=CARTESIAN_POINT('Ctrl Pts',(25.8579311460507,13.075770946123,11.2973875496488));
#4727=CARTESIAN_POINT('Ctrl Pts',(25.5108676051662,12.0901071572306,11.2973875496488));
#4728=CARTESIAN_POINT('Ctrl Pts',(25.6331554795638,11.0013480347482,11.2973875496488));
#4729=CARTESIAN_POINT('Ctrl Pts',(26.4103139872342,10.0314500247275,11.2973875496488));
#4730=CARTESIAN_POINT('Ctrl Pts',(27.3674184981013,9.5693555645216,11.2973875496488));
#4731=CARTESIAN_POINT('Ctrl Pts',(28.4317302500091,9.56994636160894,11.2973875496488));
#4732=CARTESIAN_POINT('Ctrl Pts',(29.3902158284547,10.0309263550759,11.2973875496488));
#4733=CARTESIAN_POINT('Ctrl Pts',(30.0531544112909,10.8630980664176,11.2973875496488));
#4734=CARTESIAN_POINT('Ctrl Pts',(30.2112819520855,11.5542379856511,11.2973875496488));
#4735=CARTESIAN_POINT('Ctrl Pts',(30.2112819520855,11.9,11.2973875496488));
#4736=CARTESIAN_POINT('Ctrl Pts',(30.2399241542571,11.9,11.2782931966829));
#4737=CARTESIAN_POINT('Ctrl Pts',(30.2399241542571,12.2500640039569,11.2782931966829));
#4738=CARTESIAN_POINT('Ctrl Pts',(30.0798507963978,12.9497571308003,11.2782931966829));
#4739=CARTESIAN_POINT('Ctrl Pts',(29.4090507035501,13.7923269809211,11.2782931966829));
#4740=CARTESIAN_POINT('Ctrl Pts',(28.4383423786201,14.2588685516397,11.2782931966829));
#4741=CARTESIAN_POINT('Ctrl Pts',(27.3617695328097,14.2594380209508,11.2782931966829));
#4742=CARTESIAN_POINT('Ctrl Pts',(26.3909553412222,13.7919513345625,11.2782931966829));
#4743=CARTESIAN_POINT('Ctrl Pts',(25.8325527335256,13.0903759111202,11.2782931966829));
#4744=CARTESIAN_POINT('Ctrl Pts',(25.4811830304151,12.0924631784929,11.2782931966829));
#4745=CARTESIAN_POINT('Ctrl Pts',(25.604982112013,10.9901783737388,11.2782931966829));
#4746=CARTESIAN_POINT('Ctrl Pts',(26.3917988424195,10.0082401706179,11.2782931966829));
#4747=CARTESIAN_POINT('Ctrl Pts',(27.3607821778863,9.54039750009312,11.2782931966829));
#4748=CARTESIAN_POINT('Ctrl Pts',(28.4383105724693,9.5410046558153,11.2782931966829));
#4749=CARTESIAN_POINT('Ctrl Pts',(29.4086907380598,10.007701600676,11.2782931966829));
#4750=CARTESIAN_POINT('Ctrl Pts',(30.0798471948568,10.8502153847967,11.2782931966829));
#4751=CARTESIAN_POINT('Ctrl Pts',(30.2399241542568,11.5499359960431,11.2782931966829));
#4752=CARTESIAN_POINT('Ctrl Pts',(30.2399241542568,11.9,11.2782931966829));
#4753=CARTESIAN_POINT('Ctrl Pts',(30.2860634775745,11.9,11.2389795438257));
#4754=CARTESIAN_POINT('Ctrl Pts',(30.2860634775745,12.2569603925197,11.2389795438257));
#4755=CARTESIAN_POINT('Ctrl Pts',(30.1228299732951,12.9704447919751,11.2389795438257));
#4756=CARTESIAN_POINT('Ctrl Pts',(29.438800969072,13.8296193383032,11.2389795438257));
#4757=CARTESIAN_POINT('Ctrl Pts',(28.4489602286346,14.3053587047634,11.2389795438257));
#4758=CARTESIAN_POINT('Ctrl Pts',(27.3511683034957,14.3059361674634,11.2389795438257));
#4759=CARTESIAN_POINT('Ctrl Pts',(26.3612206795136,13.8292396498777,11.2389795438257));
#4760=CARTESIAN_POINT('Ctrl Pts',(25.7918126329857,13.1138355314373,11.2389795438257));
#4761=CARTESIAN_POINT('Ctrl Pts',(25.4335164279225,12.0962581709127,11.2389795438257));
#4762=CARTESIAN_POINT('Ctrl Pts',(25.5597581604886,10.9722503865068,11.2389795438257));
#4763=CARTESIAN_POINT('Ctrl Pts',(26.3620795674636,9.97095766038006,11.2389795438257));
#4764=CARTESIAN_POINT('Ctrl Pts',(27.3501630106071,9.49389788255354,11.2389795438257));
#4765=CARTESIAN_POINT('Ctrl Pts',(28.4489284511236,9.49451370936221,11.2389795438257));
#4766=CARTESIAN_POINT('Ctrl Pts',(29.4384367613852,9.97041154291658,11.2389795438257));
#4767=CARTESIAN_POINT('Ctrl Pts',(30.12282636459,10.8295274849619,11.2389795438257));
#4768=CARTESIAN_POINT('Ctrl Pts',(30.2860634775742,11.5430396074803,11.2389795438257));
#4769=CARTESIAN_POINT('Ctrl Pts',(30.2860634775742,11.9,11.2389795438257));
#4770=CARTESIAN_POINT('Ctrl Pts',(30.3478500894313,11.9,11.1772009956282));
#4771=CARTESIAN_POINT('Ctrl Pts',(30.3478500894313,12.2661999744845,11.1772009956282));
#4772=CARTESIAN_POINT('Ctrl Pts',(30.1803873852504,12.9981565538913,11.1772009956282));
#4773=CARTESIAN_POINT('Ctrl Pts',(29.4786444494013,13.8795735381964,11.1772009956282));
#4774=CARTESIAN_POINT('Ctrl Pts',(28.4631770585049,14.3676310925079,11.1772009956282));
#4775=CARTESIAN_POINT('Ctrl Pts',(27.3369636007311,14.3682215333769,11.1772009956282));
#4776=CARTESIAN_POINT('Ctrl Pts',(26.3213872121078,13.8791860719538,11.1772009956282));
#4777=CARTESIAN_POINT('Ctrl Pts',(25.737237705733,13.1452598756227,11.1772009956282));
#4778=CARTESIAN_POINT('Ctrl Pts',(25.3696646622185,12.1013402019941,11.1772009956282));
#4779=CARTESIAN_POINT('Ctrl Pts',(25.499176340224,10.9482339205502,11.1772009956282));
#4780=CARTESIAN_POINT('Ctrl Pts',(26.32226758039,9.92101758613389,11.1772009956282));
#4781=CARTESIAN_POINT('Ctrl Pts',(27.3359332105653,9.43160930122214,11.1772009956282));
#4782=CARTESIAN_POINT('Ctrl Pts',(28.4631448584463,9.43223905969935,11.1772009956282));
#4783=CARTESIAN_POINT('Ctrl Pts',(29.4782725538556,9.92045920242512,11.1772009956282));
#4784=CARTESIAN_POINT('Ctrl Pts',(30.1803837220761,10.8018151902987,11.1772009956282));
#4785=CARTESIAN_POINT('Ctrl Pts',(30.3478500894312,11.5338000255155,11.1772009956282));
#4786=CARTESIAN_POINT('Ctrl Pts',(30.3478500894312,11.9,11.1772009956282));
#4787=CARTESIAN_POINT('Ctrl Pts',(30.3830535252882,11.9,11.1335053017002));
#4788=CARTESIAN_POINT('Ctrl Pts',(30.3830535252882,12.271488479105,11.1335053017002));
#4789=CARTESIAN_POINT('Ctrl Pts',(30.2131957254106,13.0139908604499,11.1335053017002));
#4790=CARTESIAN_POINT('Ctrl Pts',(29.5013673493918,13.9081166558772,11.1335053017002));
#4791=CARTESIAN_POINT('Ctrl Pts',(28.4712669944545,14.4031988011857,11.1335053017002));
#4792=CARTESIAN_POINT('Ctrl Pts',(27.3288250675482,14.4038090963337,11.1335053017002));
#4793=CARTESIAN_POINT('Ctrl Pts',(26.2986103874566,13.907711799751,11.1335053017002));
#4794=CARTESIAN_POINT('Ctrl Pts',(25.706041361364,13.1632125527833,11.1335053017002));
#4795=CARTESIAN_POINT('Ctrl Pts',(25.3331754037452,12.1042359394654,11.1335053017002));
#4796=CARTESIAN_POINT('Ctrl Pts',(25.4645442157189,10.9345035613443,11.1335053017002));
#4797=CARTESIAN_POINT('Ctrl Pts',(26.2995077912233,9.89248766190905,11.1335053017002));
#4798=CARTESIAN_POINT('Ctrl Pts',(27.3277744823071,9.39601308163318,11.1335053017002));
#4799=CARTESIAN_POINT('Ctrl Pts',(28.4712320282195,9.39666348955665,11.1335053017002));
#4800=CARTESIAN_POINT('Ctrl Pts',(29.5009800765914,9.89191045884233,11.1335053017002));
#4801=CARTESIAN_POINT('Ctrl Pts',(30.2131917853151,10.7859794122824,11.1335053017002));
#4802=CARTESIAN_POINT('Ctrl Pts',(30.3830535252881,11.5285115208949,11.1335053017002));
#4803=CARTESIAN_POINT('Ctrl Pts',(30.3830535252881,11.9,11.1335053017002));
#4804=CARTESIAN_POINT('Ctrl Pts',(30.3978335860508,11.9,11.1093641361056));
#4805=CARTESIAN_POINT('Ctrl Pts',(30.3978335860508,12.2736557649566,11.1093641361056));
#4806=CARTESIAN_POINT('Ctrl Pts',(30.2269383205808,13.0205393941322,11.1093641361056));
#4807=CARTESIAN_POINT('Ctrl Pts',(29.5108597511375,13.9199219166614,11.1093641361056));
#4808=CARTESIAN_POINT('Ctrl Pts',(28.4746859707101,14.4179397020082,11.1093641361056));
#4809=CARTESIAN_POINT('Ctrl Pts',(27.3255075510809,14.4185309777187,11.1093641361056));
#4810=CARTESIAN_POINT('Ctrl Pts',(26.2892262603817,13.919538209188,11.1093641361056));
#4811=CARTESIAN_POINT('Ctrl Pts',(25.6931672214301,13.1706436811094,11.1093641361056));
#4812=CARTESIAN_POINT('Ctrl Pts',(25.3180952039394,12.1054512498004,11.1093641361056));
#4813=CARTESIAN_POINT('Ctrl Pts',(25.4502567794858,10.9288416093149,11.1093641361056));
#4814=CARTESIAN_POINT('Ctrl Pts',(26.2901202850452,9.88067664413457,11.1093641361056));
#4815=CARTESIAN_POINT('Ctrl Pts',(27.32446143079,9.38130254901081,11.1093641361056));
#4816=CARTESIAN_POINT('Ctrl Pts',(28.4746553875922,9.38193371830086,11.1093641361056));
#4817=CARTESIAN_POINT('Ctrl Pts',(29.5104901658554,9.88011751341477,11.1093641361056));
#4818=CARTESIAN_POINT('Ctrl Pts',(30.2269348040573,10.7794328249432,11.1093641361056));
#4819=CARTESIAN_POINT('Ctrl Pts',(30.3978335860507,11.5263442350433,11.1093641361056));
#4820=CARTESIAN_POINT('Ctrl Pts',(30.3978335860507,11.9,11.1093641361056));
#4821=CARTESIAN_POINT('Ctrl Pts',(30.4,11.8999999999999,11.1026937401188));
#4822=CARTESIAN_POINT('Ctrl Pts',(30.4,12.2740301557578,11.1026937401188));
#4823=CARTESIAN_POINT('Ctrl Pts',(30.2289867445049,13.0216055308144,11.1026937401188));
#4824=CARTESIAN_POINT('Ctrl Pts',(29.5123021327083,13.9218430170896,11.1026937401188));
#4825=CARTESIAN_POINT('Ctrl Pts',(28.4751631345711,14.4203056468373,11.1026937401188));
#4826=CARTESIAN_POINT('Ctrl Pts',(27.3249150396605,14.420923365652,11.1026937401188));
#4827=CARTESIAN_POINT('Ctrl Pts',(26.2876598579111,13.9214320090078,11.1026937401188));
#4828=CARTESIAN_POINT('Ctrl Pts',(25.6910412872929,13.1718464488863,11.1026937401188));
#4829=CARTESIAN_POINT('Ctrl Pts',(25.3156286500868,12.1056298740786,11.1026937401188));
#4830=CARTESIAN_POINT('Ctrl Pts',(25.4478924802238,10.9279019569549,11.1026937401188));
#4831=CARTESIAN_POINT('Ctrl Pts',(26.2885646408042,9.87876677065838,11.1026937401188));
#4832=CARTESIAN_POINT('Ctrl Pts',(27.3238557424931,9.37889581393631,11.1026937401188));
#4833=CARTESIAN_POINT('Ctrl Pts',(28.4751272692492,9.37955398516781,11.1026937401188));
#4834=CARTESIAN_POINT('Ctrl Pts',(29.5119093408928,9.87818253434659,11.1026937401188));
#4835=CARTESIAN_POINT('Ctrl Pts',(30.2289827132147,10.7783642336,11.1026937401188));
#4836=CARTESIAN_POINT('Ctrl Pts',(30.4,11.5259698442421,11.1026937401188));
#4837=CARTESIAN_POINT('Ctrl Pts',(30.4,11.9,11.1026937401188));
#4838=CARTESIAN_POINT('Ctrl Pts',(30.4,11.8999999999999,11.1));
#4839=CARTESIAN_POINT('Ctrl Pts',(30.4,12.2739973530814,11.1));
#4840=CARTESIAN_POINT('Ctrl Pts',(30.2289670350419,13.021544066715,11.1));
#4841=CARTESIAN_POINT('Ctrl Pts',(29.5122726273894,13.9217327109968,11.1));
#4842=CARTESIAN_POINT('Ctrl Pts',(28.4751770028383,14.4201869269832,11.1));
#4843=CARTESIAN_POINT('Ctrl Pts',(27.3249764846098,14.4207877398895,11.1));
#4844=CARTESIAN_POINT('Ctrl Pts',(26.2877702704585,13.9213392852687,11.1));
#4845=CARTESIAN_POINT('Ctrl Pts',(25.6911794475469,13.1717807840631,11.1));
#4846=CARTESIAN_POINT('Ctrl Pts',(25.315776794248,12.10562959185,11.1));
#4847=CARTESIAN_POINT('Ctrl Pts',(25.4480486902433,10.927965426783,11.1));
#4848=CARTESIAN_POINT('Ctrl Pts',(26.2886685447929,9.87887009552111,11.1));
#4849=CARTESIAN_POINT('Ctrl Pts',(27.3239251868943,9.3790406995482,11.1));
#4850=CARTESIAN_POINT('Ctrl Pts',(28.4751445640904,9.37968162308168,11.1));
#4851=CARTESIAN_POINT('Ctrl Pts',(29.5118947566765,9.87830191126951,11.1));
#4852=CARTESIAN_POINT('Ctrl Pts',(30.2289633373786,10.778427282369,11.1));
#4853=CARTESIAN_POINT('Ctrl Pts',(30.4,11.5260026469185,11.1));
#4854=CARTESIAN_POINT('Ctrl Pts',(30.4,11.9,11.1));
#4855=CARTESIAN_POINT('',(30.2,11.9,11.3));
#4856=CARTESIAN_POINT('',(30.4,11.8999999999999,11.1));
#4857=CARTESIAN_POINT('Ctrl Pts',(30.2000000000004,11.9,11.3));
#4858=CARTESIAN_POINT('Ctrl Pts',(30.2026937401192,11.9,11.3));
#4859=CARTESIAN_POINT('Ctrl Pts',(30.2112819520859,11.9,11.2973875496488));
#4860=CARTESIAN_POINT('Ctrl Pts',(30.2399241542571,11.9,11.2782931966829));
#4861=CARTESIAN_POINT('Ctrl Pts',(30.2860634775745,11.9,11.2389795438257));
#4862=CARTESIAN_POINT('Ctrl Pts',(30.3478500894313,11.9,11.1772009956282));
#4863=CARTESIAN_POINT('Ctrl Pts',(30.3830535252882,11.9,11.1335053017002));
#4864=CARTESIAN_POINT('Ctrl Pts',(30.3978335860508,11.9,11.1093641361056));
#4865=CARTESIAN_POINT('Ctrl Pts',(30.4,11.8999999999999,11.1026937401188));
#4866=CARTESIAN_POINT('Ctrl Pts',(30.4,11.8999999999999,11.1));
#4867=CARTESIAN_POINT('Ctrl Pts',(30.4,11.9,11.1));
#4868=CARTESIAN_POINT('Ctrl Pts',(30.4,12.1755769970074,11.1));
#4869=CARTESIAN_POINT('Ctrl Pts',(30.3540235631123,12.4511010005082,11.1));
#4870=CARTESIAN_POINT('Ctrl Pts',(30.1213743710363,13.1287849462155,11.1));
#4871=CARTESIAN_POINT('Ctrl Pts',(29.8655607539419,13.5065448905713,11.1));
#4872=CARTESIAN_POINT('Ctrl Pts',(29.1246131639383,14.1446899994951,11.1));
#4873=CARTESIAN_POINT('Ctrl Pts',(28.6022746036065,14.3586826882867,11.1));
#4874=CARTESIAN_POINT('Ctrl Pts',(27.5165209880304,14.4311643317381,11.1));
#4875=CARTESIAN_POINT('Ctrl Pts',(26.9556722909731,14.2795155182959,11.1));
#4876=CARTESIAN_POINT('Ctrl Pts',(26.0028456606918,13.6348835087738,11.1));
#4877=CARTESIAN_POINT('Ctrl Pts',(25.6343709303348,13.1148827633336,11.1));
#4878=CARTESIAN_POINT('Ctrl Pts',(25.3160895805285,11.9036736656245,11.1));
#4879=CARTESIAN_POINT('Ctrl Pts',(25.4105723265055,11.2076444827588,11.1));
#4880=CARTESIAN_POINT('Ctrl Pts',(26.0787734829425,10.0588251172095,11.1));
#4881=CARTESIAN_POINT('Ctrl Pts',(26.6652718753838,9.62354709109338,11.1));
#4882=CARTESIAN_POINT('Ctrl Pts',(27.9887964508963,9.30953257789663,11.1));
#4883=CARTESIAN_POINT('Ctrl Pts',(28.718106302752,9.44050626060441,11.1));
#4884=CARTESIAN_POINT('Ctrl Pts',(29.9685046146247,10.2747026102139,11.1));
#4885=CARTESIAN_POINT('Ctrl Pts',(30.4,11.0812847085365,11.1));
#4886=CARTESIAN_POINT('Ctrl Pts',(30.4,11.9,11.1));
#4887=CARTESIAN_POINT('Ctrl Pts',(30.2,11.9,11.3));
#4888=CARTESIAN_POINT('Ctrl Pts',(30.2,11.555922435165,11.3));
#4889=CARTESIAN_POINT('Ctrl Pts',(30.0426462703883,10.8681530997795,11.3));
#4890=CARTESIAN_POINT('Ctrl Pts',(29.3829431761424,10.0400377583679,11.3));
#4891=CARTESIAN_POINT('Ctrl Pts',(28.4291329989632,9.58130709323514,11.3));
#4892=CARTESIAN_POINT('Ctrl Pts',(27.3700111719427,9.58071744358435,11.3));
#4893=CARTESIAN_POINT('Ctrl Pts',(26.4175750612095,10.0405604878794,11.3));
#4894=CARTESIAN_POINT('Ctrl Pts',(25.6442047950238,11.0057281926404,11.3));
#4895=CARTESIAN_POINT('Ctrl Pts',(25.5225146507082,12.089179224502,11.3));
#4896=CARTESIAN_POINT('Ctrl Pts',(25.8678850917432,13.0700383213381,11.3));
#4897=CARTESIAN_POINT('Ctrl Pts',(26.4167486488219,13.7596321424472,11.3));
#4898=CARTESIAN_POINT('Ctrl Pts',(27.3709783658412,14.2191247206984,11.3));
#4899=CARTESIAN_POINT('Ctrl Pts',(28.4291628426114,14.2185719728246,11.3));
#4900=CARTESIAN_POINT('Ctrl Pts',(29.3832908171985,13.7599940941172,11.3));
#4901=CARTESIAN_POINT('Ctrl Pts',(30.0426496722391,12.9318205413779,11.3));
#4902=CARTESIAN_POINT('Ctrl Pts',(30.2000000000004,12.244077564835,11.3));
#4903=CARTESIAN_POINT('Ctrl Pts',(30.2000000000004,11.9,11.3));
#4904=CARTESIAN_POINT('Origin',(27.9,11.9,9.6));
#4905=CARTESIAN_POINT('',(30.4,11.9,9.6));
#4906=CARTESIAN_POINT('Origin',(27.9,11.9,11.3));
#4907=CARTESIAN_POINT('Ctrl Pts',(22.2000000000004,11.9,11.3));
#4908=CARTESIAN_POINT('Ctrl Pts',(22.2000000000004,12.244077564835,11.3));
#4909=CARTESIAN_POINT('Ctrl Pts',(22.0426567622687,12.9318456914447,11.3));
#4910=CARTESIAN_POINT('Ctrl Pts',(21.3830984800062,13.7599515670848,11.3));
#4911=CARTESIAN_POINT('Ctrl Pts',(20.4291576326637,14.2186702867989,11.3));
#4912=CARTESIAN_POINT('Ctrl Pts',(19.3705471410157,14.2194618847146,11.3));
#4913=CARTESIAN_POINT('Ctrl Pts',(18.4171268492014,13.7594386224543,11.3));
#4914=CARTESIAN_POINT('Ctrl Pts',(17.7566605335171,12.9321788188289,11.3));
#4915=CARTESIAN_POINT('Ctrl Pts',(17.5216499449567,11.8999960105308,11.3));
#4916=CARTESIAN_POINT('Ctrl Pts',(17.7566394750551,10.8678165511265,11.3));
#4917=CARTESIAN_POINT('Ctrl Pts',(18.4171018263206,10.0405367487033,11.3));
#4918=CARTESIAN_POINT('Ctrl Pts',(19.3705861496808,9.58070142791485,11.3));
#4919=CARTESIAN_POINT('Ctrl Pts',(20.4291643855212,9.58129573452054,11.3));
#4920=CARTESIAN_POINT('Ctrl Pts',(21.3831202919992,10.0400313400893,11.3));
#4921=CARTESIAN_POINT('Ctrl Pts',(22.0426574928568,10.868150294993,11.3));
#4922=CARTESIAN_POINT('Ctrl Pts',(22.2,11.555922435165,11.3));
#4923=CARTESIAN_POINT('Ctrl Pts',(22.2,11.9,11.3));
#4924=CARTESIAN_POINT('Ctrl Pts',(22.2026937401192,11.9,11.3));
#4925=CARTESIAN_POINT('Ctrl Pts',(22.2026937401192,12.2444872514042,11.3));
#4926=CARTESIAN_POINT('Ctrl Pts',(22.0451705565592,12.933065950598,11.3));
#4927=CARTESIAN_POINT('Ctrl Pts',(21.3848407098925,13.7621523330172,11.3));
#4928=CARTESIAN_POINT('Ctrl Pts',(20.4297765018243,14.2214078700272,11.3));
#4929=CARTESIAN_POINT('Ctrl Pts',(19.3699142657547,14.2222052424322,11.3));
#4930=CARTESIAN_POINT('Ctrl Pts',(18.4153712867276,13.7616330277418,11.3));
#4931=CARTESIAN_POINT('Ctrl Pts',(17.7541199636197,12.9333984669563,11.3));
#4932=CARTESIAN_POINT('Ctrl Pts',(17.5188371977723,11.8999951090835,11.3));
#4933=CARTESIAN_POINT('Ctrl Pts',(17.7540995994208,10.8665948064689,11.3));
#4934=CARTESIAN_POINT('Ctrl Pts',(18.4153458408537,10.0383395793649,11.3));
#4935=CARTESIAN_POINT('Ctrl Pts',(19.3699528850498,9.57795716023514,11.3));
#4936=CARTESIAN_POINT('Ctrl Pts',(20.4297814148617,9.57855581781543,11.3));
#4937=CARTESIAN_POINT('Ctrl Pts',(21.3848606659095,10.0378297176256,11.3));
#4938=CARTESIAN_POINT('Ctrl Pts',(22.0451710068592,10.8669296013798,11.3));
#4939=CARTESIAN_POINT('Ctrl Pts',(22.2026937401188,11.5555127485957,11.3));
#4940=CARTESIAN_POINT('Ctrl Pts',(22.2026937401188,11.9,11.3));
#4941=CARTESIAN_POINT('Ctrl Pts',(22.2112838096348,11.9,11.2973857613119));
#4942=CARTESIAN_POINT('Ctrl Pts',(22.2112838096348,12.2457620143489,11.2973857613119));
#4943=CARTESIAN_POINT('Ctrl Pts',(22.0531663213623,12.9369016181124,11.2973857613119));
#4944=CARTESIAN_POINT('Ctrl Pts',(21.3903717582799,13.7690644802431,11.2973857613119));
#4945=CARTESIAN_POINT('Ctrl Pts',(20.4317541518671,14.2300339065878,11.2973857613119));
#4946=CARTESIAN_POINT('Ctrl Pts',(19.367956499644,14.2308267883754,11.2973857613119));
#4947=CARTESIAN_POINT('Ctrl Pts',(18.4098619683675,13.7685521082067,11.2973857613119));
#4948=CARTESIAN_POINT('Ctrl Pts',(17.7461615563536,12.9372369167677,11.2973857613119));
#4949=CARTESIAN_POINT('Ctrl Pts',(17.5099963610179,11.8999964719104,11.2973857613119));
#4950=CARTESIAN_POINT('Ctrl Pts',(17.7461400090091,10.8627595519606,11.2973857613119));
#4951=CARTESIAN_POINT('Ctrl Pts',(18.4098370338635,10.0314246090479,11.2973857613119));
#4952=CARTESIAN_POINT('Ctrl Pts',(19.3679959330122,9.56933791607165,11.2973857613119));
#4953=CARTESIAN_POINT('Ctrl Pts',(20.4317619288152,9.56993317816306,11.2973857613119));
#4954=CARTESIAN_POINT('Ctrl Pts',(21.3903946863671,10.0309187917058,11.2973857613119));
#4955=CARTESIAN_POINT('Ctrl Pts',(22.0531672063157,10.8630945791202,11.2973857613119));
#4956=CARTESIAN_POINT('Ctrl Pts',(22.2112838096344,11.5542379856511,11.2973857613119));
#4957=CARTESIAN_POINT('Ctrl Pts',(22.2112838096344,11.9,11.2973857613119));
#4958=CARTESIAN_POINT('Ctrl Pts',(22.2399267538305,11.9,11.2782906439848));
#4959=CARTESIAN_POINT('Ctrl Pts',(22.2399267538305,12.2500640039569,11.2782906439848));
#4960=CARTESIAN_POINT('Ctrl Pts',(22.0798608067565,12.9497815621608,11.2782906439848));
#4961=CARTESIAN_POINT('Ctrl Pts',(21.4088547628529,13.7922842229737,11.2782906439849));
#4962=CARTESIAN_POINT('Ctrl Pts',(20.4383417675379,14.2589651891693,11.2782906439849));
#4963=CARTESIAN_POINT('Ctrl Pts',(19.3613305050499,14.2597802432274,11.2782906439849));
#4964=CARTESIAN_POINT('Ctrl Pts',(18.3913472297698,13.7917508307427,11.2782906439849));
#4965=CARTESIAN_POINT('Ctrl Pts',(17.7193925801436,12.9501184660279,11.2782906439849));
#4966=CARTESIAN_POINT('Ctrl Pts',(17.4803084777063,11.8999941440855,11.2782906439849));
#4967=CARTESIAN_POINT('Ctrl Pts',(17.7193725968898,10.8498726328484,11.2782906439849));
#4968=CARTESIAN_POINT('Ctrl Pts',(18.3913209835339,10.0082186313562,11.2782906439849));
#4969=CARTESIAN_POINT('Ctrl Pts',(19.3613693190051,9.54038369748536,11.2782906439849));
#4970=CARTESIAN_POINT('Ctrl Pts',(20.4383449346623,9.54099564562477,11.2782906439849));
#4971=CARTESIAN_POINT('Ctrl Pts',(21.4088731828081,10.0076967110577,11.2782906439849));
#4972=CARTESIAN_POINT('Ctrl Pts',(22.0798609865986,10.8502134933403,11.2782906439849));
#4973=CARTESIAN_POINT('Ctrl Pts',(22.2399267538302,11.5499359960431,11.2782906439849));
#4974=CARTESIAN_POINT('Ctrl Pts',(22.2399267538302,11.9,11.2782906439849));
#4975=CARTESIAN_POINT('Ctrl Pts',(22.2860669760306,11.9,11.2389761552005));
#4976=CARTESIAN_POINT('Ctrl Pts',(22.2860669760306,12.2569603925197,11.2389761552005));
#4977=CARTESIAN_POINT('Ctrl Pts',(22.1228406041596,12.9704706068634,11.2389761552005));
#4978=CARTESIAN_POINT('Ctrl Pts',(21.4386023556683,13.8295761331579,11.2389761552005));
#4979=CARTESIAN_POINT('Ctrl Pts',(20.448957982672,14.3054598338698,11.2389761552005));
#4980=CARTESIAN_POINT('Ctrl Pts',(19.3507208745985,14.3062863299575,11.2389761552005));
#4981=CARTESIAN_POINT('Ctrl Pts',(18.3616166060303,13.8290377244343,11.2389761552005));
#4982=CARTESIAN_POINT('Ctrl Pts',(17.6764228703185,12.9708151102556,11.2389761552005));
#4983=CARTESIAN_POINT('Ctrl Pts',(17.4326214220671,11.8999948851272,11.2389761552005));
#4984=CARTESIAN_POINT('Ctrl Pts',(17.6764018063726,10.8291778103258,11.2389761552006));
#4985=CARTESIAN_POINT('Ctrl Pts',(18.3615902182652,9.97093374790186,11.2389761552006));
#4986=CARTESIAN_POINT('Ctrl Pts',(19.3507608694368,9.49388189523714,11.2389761552006));
#4987=CARTESIAN_POINT('Ctrl Pts',(20.4489629770198,9.49450241934118,11.2389761552006));
#4988=CARTESIAN_POINT('Ctrl Pts',(21.4386229358881,9.97040522387362,11.2389761552006));
#4989=CARTESIAN_POINT('Ctrl Pts',(22.1228410560693,10.8295247616032,11.2389761552006));
#4990=CARTESIAN_POINT('Ctrl Pts',(22.2860669760303,11.5430396074803,11.2389761552006));
#4991=CARTESIAN_POINT('Ctrl Pts',(22.2860669760303,11.9,11.2389761552006));
#4992=CARTESIAN_POINT('Ctrl Pts',(22.3478536171104,11.9,11.1771972558424));
#4993=CARTESIAN_POINT('Ctrl Pts',(22.3478536171104,12.2661999744845,11.1771972558424));
#4994=CARTESIAN_POINT('Ctrl Pts',(22.1803980664426,12.9981834800475,11.1771972558424));
#4995=CARTESIAN_POINT('Ctrl Pts',(21.4784411143304,13.8795292772068,11.1771972558424));
#4996=CARTESIAN_POINT('Ctrl Pts',(20.463173619285,14.3677361192181,11.1771972558424));
#4997=CARTESIAN_POINT('Ctrl Pts',(19.3365047100317,14.3685812536647,11.1771972558424));
#4998=CARTESIAN_POINT('Ctrl Pts',(18.3217912688934,13.8789802103154,11.1771972558424));
#4999=CARTESIAN_POINT('Ctrl Pts',(17.6188611452055,12.9985374750626,11.1771972558424));
#5000=CARTESIAN_POINT('Ctrl Pts',(17.3687447685546,11.8999952639436,11.1771972558424));
#5001=CARTESIAN_POINT('Ctrl Pts',(17.6188391259429,10.8014564543708,11.1771972558424));
#5002=CARTESIAN_POINT('Ctrl Pts',(18.32176442227,9.92099208268556,11.1771972558424));
#5003=CARTESIAN_POINT('Ctrl Pts',(19.3365459885592,9.43159195551082,11.1771972558424));
#5004=CARTESIAN_POINT('Ctrl Pts',(20.4631797963785,9.43222646421079,11.1771972558424));
#5005=CARTESIAN_POINT('Ctrl Pts',(21.4784633001542,9.92045207397766,11.1771972558424));
#5006=CARTESIAN_POINT('Ctrl Pts',(22.1803986903388,10.8018120134989,11.1771972558424));
#5007=CARTESIAN_POINT('Ctrl Pts',(22.3478536171102,11.5338000255155,11.1771972558424));
#5008=CARTESIAN_POINT('Ctrl Pts',(22.3478536171102,11.9,11.1771972558424));
#5009=CARTESIAN_POINT('Ctrl Pts',(22.3830560311282,11.8999999999999,11.1335026091785));
#5010=CARTESIAN_POINT('Ctrl Pts',(22.3830560311282,12.271488479105,11.1335026091785));
#5011=CARTESIAN_POINT('Ctrl Pts',(22.2132066641116,13.0140153611628,11.1335026091785));
#5012=CARTESIAN_POINT('Ctrl Pts',(21.5011579131214,13.9080709559803,11.1335026091785));
#5013=CARTESIAN_POINT('Ctrl Pts',(20.4712696802363,14.4032972425291,11.1335026091785));
#5014=CARTESIAN_POINT('Ctrl Pts',(19.3283587839846,14.40417058394,11.1335026091785));
#5015=CARTESIAN_POINT('Ctrl Pts',(18.2990327842466,13.9074949178698,11.1335026091785));
#5016=CARTESIAN_POINT('Ctrl Pts',(17.5859558690283,13.0143711313239,11.1335026091785));
#5017=CARTESIAN_POINT('Ctrl Pts',(17.3322527367073,11.8999922259693,11.1335026091785));
#5018=CARTESIAN_POINT('Ctrl Pts',(17.5859359139901,10.7856157856508,11.1335026091785));
#5019=CARTESIAN_POINT('Ctrl Pts',(18.2990042477648,9.89246791844866,11.1335026091785));
#5020=CARTESIAN_POINT('Ctrl Pts',(19.3283992153513,9.39600146917352,11.1335026091785));
#5021=CARTESIAN_POINT('Ctrl Pts',(20.4712698270046,9.39665720678924,11.1335026091785));
#5022=CARTESIAN_POINT('Ctrl Pts',(21.501174186928,9.89190735672411,11.1335026091785));
#5023=CARTESIAN_POINT('Ctrl Pts',(22.2132063659114,10.785978644335,11.1335026091785));
#5024=CARTESIAN_POINT('Ctrl Pts',(22.3830560311282,11.5285115208949,11.1335026091785));
#5025=CARTESIAN_POINT('Ctrl Pts',(22.3830560311282,11.9,11.1335026091785));
#5026=CARTESIAN_POINT('Ctrl Pts',(22.3978352366166,11.8999999999999,11.1093623016709));
#5027=CARTESIAN_POINT('Ctrl Pts',(22.3978352366166,12.2736557649566,11.1093623016709));
#5028=CARTESIAN_POINT('Ctrl Pts',(22.2269466055109,13.020569088089,11.1093623016709));
#5029=CARTESIAN_POINT('Ctrl Pts',(21.5106538131816,13.9198766152591,11.1093623016709));
#5030=CARTESIAN_POINT('Ctrl Pts',(20.4746756127106,14.4180533104884,11.1093623016709));
#5031=CARTESIAN_POINT('Ctrl Pts',(19.3250399081603,14.4189001732361,11.1093623016709));
#5032=CARTESIAN_POINT('Ctrl Pts',(18.2896268700592,13.9193347884831,11.1093623016709));
#5033=CARTESIAN_POINT('Ctrl Pts',(17.5723806920971,13.0209335183613,11.1093623016709));
#5034=CARTESIAN_POINT('Ctrl Pts',(17.3171474831982,11.8999980399748,11.1093623016709));
#5035=CARTESIAN_POINT('Ctrl Pts',(17.5723559202191,10.7790669857876,11.1093623016709));
#5036=CARTESIAN_POINT('Ctrl Pts',(18.289600736405,9.88064570075741,11.1093623016709));
#5037=CARTESIAN_POINT('Ctrl Pts',(19.3250834231985,9.38128010031479,11.1093623016709));
#5038=CARTESIAN_POINT('Ctrl Pts',(20.4746878349588,9.3819158565421,11.1093623016709));
#5039=CARTESIAN_POINT('Ctrl Pts',(21.5106824792876,9.88010703483262,11.1093623016709));
#5040=CARTESIAN_POINT('Ctrl Pts',(22.2269481427639,10.779427690136,11.1093623016709));
#5041=CARTESIAN_POINT('Ctrl Pts',(22.3978352366166,11.5263442350433,11.1093623016709));
#5042=CARTESIAN_POINT('Ctrl Pts',(22.3978352366166,11.9,11.1093623016709));
#5043=CARTESIAN_POINT('Ctrl Pts',(22.4,11.8999999999999,11.1026937401188));
#5044=CARTESIAN_POINT('Ctrl Pts',(22.4,12.2740301557578,11.1026937401188));
#5045=CARTESIAN_POINT('Ctrl Pts',(22.2289959379973,13.0216289799988,11.1026937401188));
#5046=CARTESIAN_POINT('Ctrl Pts',(21.5120891863586,13.9217960910719,11.1026937401188));
#5047=CARTESIAN_POINT('Ctrl Pts',(20.4751670563396,14.4204012912083,11.1026937401188));
#5048=CARTESIAN_POINT('Ctrl Pts',(19.3244452243967,14.421285435224,11.1026937401188));
#5049=CARTESIAN_POINT('Ctrl Pts',(18.2880892278979,13.9212103674053,11.1026937401188));
#5050=CARTESIAN_POINT('Ctrl Pts',(17.5701349274775,13.0219861775859,11.1026937401188));
#5051=CARTESIAN_POINT('Ctrl Pts',(17.3147036287684,11.8999912769432,11.1026937401188));
#5052=CARTESIAN_POINT('Ctrl Pts',(17.5701155545566,10.7779985608645,11.1026937401188));
#5053=CARTESIAN_POINT('Ctrl Pts',(18.2880601033513,9.878749482541,11.1026937401188));
#5054=CARTESIAN_POINT('Ctrl Pts',(19.3244854969908,9.37888669169877,11.1026937401188));
#5055=CARTESIAN_POINT('Ctrl Pts',(20.4751653580236,9.37955055563825,11.1026937401188));
#5056=CARTESIAN_POINT('Ctrl Pts',(21.5121036913663,9.87818123787367,11.1026937401188));
#5057=CARTESIAN_POINT('Ctrl Pts',(22.2289953568685,10.7783645552164,11.1026937401188));
#5058=CARTESIAN_POINT('Ctrl Pts',(22.4,11.5259698442421,11.1026937401188));
#5059=CARTESIAN_POINT('Ctrl Pts',(22.4,11.9,11.1026937401188));
#5060=CARTESIAN_POINT('Ctrl Pts',(22.4,11.8999999999999,11.1));
#5061=CARTESIAN_POINT('Ctrl Pts',(22.4,12.2739973530814,11.1));
#5062=CARTESIAN_POINT('Ctrl Pts',(22.2289747415959,13.0215714037441,11.1));
#5063=CARTESIAN_POINT('Ctrl Pts',(21.5120635652239,13.9216864859617,11.1));
#5064=CARTESIAN_POINT('Ctrl Pts',(20.4751713398517,14.4202937899988,11.1));
#5065=CARTESIAN_POINT('Ctrl Pts',(19.3245077619735,14.4211542225158,11.1));
#5066=CARTESIAN_POINT('Ctrl Pts',(18.2881813578276,13.9211289374503,11.1));
#5067=CARTESIAN_POINT('Ctrl Pts',(17.5702831886055,13.021933498727,11.1));
#5068=CARTESIAN_POINT('Ctrl Pts',(17.3148368966921,11.8999956636204,11.1));
#5069=CARTESIAN_POINT('Ctrl Pts',(17.5702602989729,10.7780614686157,11.1));
#5070=CARTESIAN_POINT('Ctrl Pts',(18.2881541590442,9.87884429206884,11.1));
#5071=CARTESIAN_POINT('Ctrl Pts',(19.3245501626965,9.37902329121179,11.1));
#5072=CARTESIAN_POINT('Ctrl Pts',(20.4751786799144,9.37966927665276,11.1));
#5073=CARTESIAN_POINT('Ctrl Pts',(21.5120872739121,9.87829493487968,11.1));
#5074=CARTESIAN_POINT('Ctrl Pts',(22.2289755357139,10.7784242336881,11.1));
#5075=CARTESIAN_POINT('Ctrl Pts',(22.4,11.5260026469185,11.1));
#5076=CARTESIAN_POINT('Ctrl Pts',(22.4,11.9,11.1));
#5077=CARTESIAN_POINT('',(22.2,11.9,11.3));
#5078=CARTESIAN_POINT('',(22.4,11.8999999999999,11.1));
#5079=CARTESIAN_POINT('Ctrl Pts',(22.2000000000004,11.9,11.3));
#5080=CARTESIAN_POINT('Ctrl Pts',(22.2026937401192,11.9,11.3));
#5081=CARTESIAN_POINT('Ctrl Pts',(22.2112838096348,11.9,11.2973857613119));
#5082=CARTESIAN_POINT('Ctrl Pts',(22.2399267538305,11.9,11.2782906439848));
#5083=CARTESIAN_POINT('Ctrl Pts',(22.2860669760306,11.9,11.2389761552005));
#5084=CARTESIAN_POINT('Ctrl Pts',(22.3478536171104,11.9,11.1771972558424));
#5085=CARTESIAN_POINT('Ctrl Pts',(22.3830560311282,11.8999999999999,11.1335026091785));
#5086=CARTESIAN_POINT('Ctrl Pts',(22.3978352366166,11.8999999999999,11.1093623016709));
#5087=CARTESIAN_POINT('Ctrl Pts',(22.4,11.8999999999999,11.1026937401188));
#5088=CARTESIAN_POINT('Ctrl Pts',(22.4,11.8999999999999,11.1));
#5089=CARTESIAN_POINT('Ctrl Pts',(22.4,11.9,11.1));
#5090=CARTESIAN_POINT('Ctrl Pts',(22.4,12.1755769970074,11.1));
#5091=CARTESIAN_POINT('Ctrl Pts',(22.3540235631123,12.4511010005082,11.1));
#5092=CARTESIAN_POINT('Ctrl Pts',(22.1213743710363,13.1287849462155,11.1));
#5093=CARTESIAN_POINT('Ctrl Pts',(21.865560753942,13.5065448905712,11.1));
#5094=CARTESIAN_POINT('Ctrl Pts',(21.1246131639377,14.1446899994956,11.1));
#5095=CARTESIAN_POINT('Ctrl Pts',(20.6022746036051,14.3586826882873,11.1));
#5096=CARTESIAN_POINT('Ctrl Pts',(19.5165209880289,14.4311643317376,11.1));
#5097=CARTESIAN_POINT('Ctrl Pts',(18.9556722909727,14.2795155182955,11.1));
#5098=CARTESIAN_POINT('Ctrl Pts',(18.0028456606888,13.6348835087719,11.1));
#5099=CARTESIAN_POINT('Ctrl Pts',(17.6343709303304,13.1148827633272,11.1));
#5100=CARTESIAN_POINT('Ctrl Pts',(17.3160895805285,11.9036736656132,11.1));
#5101=CARTESIAN_POINT('Ctrl Pts',(17.4105723265086,11.2076444827482,11.1));
#5102=CARTESIAN_POINT('Ctrl Pts',(18.0787734829516,10.0588251171996,11.1));
#5103=CARTESIAN_POINT('Ctrl Pts',(18.6652718753979,9.62354709108493,11.1));
#5104=CARTESIAN_POINT('Ctrl Pts',(19.9887964509155,9.30953257789723,11.1));
#5105=CARTESIAN_POINT('Ctrl Pts',(20.7181063027703,9.44050626061045,11.1));
#5106=CARTESIAN_POINT('Ctrl Pts',(21.9685046146317,10.2747026102259,11.1));
#5107=CARTESIAN_POINT('Ctrl Pts',(22.4,11.0812847085427,11.1));
#5108=CARTESIAN_POINT('Ctrl Pts',(22.4,11.9,11.1));
#5109=CARTESIAN_POINT('Ctrl Pts',(22.2,11.9,11.3));
#5110=CARTESIAN_POINT('Ctrl Pts',(22.2,11.555922435165,11.3));
#5111=CARTESIAN_POINT('Ctrl Pts',(22.0426574928568,10.868150294993,11.3));
#5112=CARTESIAN_POINT('Ctrl Pts',(21.3831202919992,10.0400313400893,11.3));
#5113=CARTESIAN_POINT('Ctrl Pts',(20.4291643855212,9.58129573452054,11.3));
#5114=CARTESIAN_POINT('Ctrl Pts',(19.3705861496808,9.58070142791485,11.3));
#5115=CARTESIAN_POINT('Ctrl Pts',(18.4171018263206,10.0405367487033,11.3));
#5116=CARTESIAN_POINT('Ctrl Pts',(17.7566394750551,10.8678165511265,11.3));
#5117=CARTESIAN_POINT('Ctrl Pts',(17.5216499449567,11.8999960105308,11.3));
#5118=CARTESIAN_POINT('Ctrl Pts',(17.7566605335171,12.9321788188289,11.3));
#5119=CARTESIAN_POINT('Ctrl Pts',(18.4171268492014,13.7594386224543,11.3));
#5120=CARTESIAN_POINT('Ctrl Pts',(19.3705471410157,14.2194618847146,11.3));
#5121=CARTESIAN_POINT('Ctrl Pts',(20.4291576326637,14.2186702867989,11.3));
#5122=CARTESIAN_POINT('Ctrl Pts',(21.3830984800062,13.7599515670848,11.3));
#5123=CARTESIAN_POINT('Ctrl Pts',(22.0426567622687,12.9318456914447,11.3));
#5124=CARTESIAN_POINT('Ctrl Pts',(22.2000000000004,12.244077564835,11.3));
#5125=CARTESIAN_POINT('Ctrl Pts',(22.2000000000004,11.9,11.3));
#5126=CARTESIAN_POINT('Origin',(19.9,11.9,9.6));
#5127=CARTESIAN_POINT('',(22.4,11.9,9.6));
#5128=CARTESIAN_POINT('Origin',(19.9,11.9,11.3));
#5129=CARTESIAN_POINT('Ctrl Pts',(14.2000000000004,11.9,11.3));
#5130=CARTESIAN_POINT('Ctrl Pts',(14.2000000000004,12.244077564835,11.3));
#5131=CARTESIAN_POINT('Ctrl Pts',(14.042664712503,12.9318257207901,11.3));
#5132=CARTESIAN_POINT('Ctrl Pts',(13.3832208458181,13.7599992778322,11.3));
#5133=CARTESIAN_POINT('Ctrl Pts',(12.4291613806409,14.2185874721899,11.3));
#5134=CARTESIAN_POINT('Ctrl Pts',(11.3707618698994,14.2191266248592,11.3));
#5135=CARTESIAN_POINT('Ctrl Pts',(10.4168272010375,13.7596249158673,11.3));
#5136=CARTESIAN_POINT('Ctrl Pts',(9.86720722350192,13.0700285882521,11.3));
#5137=CARTESIAN_POINT('Ctrl Pts',(9.5810246350926,12.2526107550498,11.3));
#5138=CARTESIAN_POINT('Ctrl Pts',(9.58103265443089,11.5474356932456,11.3));
#5139=CARTESIAN_POINT('Ctrl Pts',(9.86721153126711,10.7299824806133,11.3));
#5140=CARTESIAN_POINT('Ctrl Pts',(10.4168925169921,10.0405833131011,11.3));
#5141=CARTESIAN_POINT('Ctrl Pts',(11.3707497052273,9.58072184131764,11.3));
#5142=CARTESIAN_POINT('Ctrl Pts',(12.4291599149754,9.58130596308167,11.3));
#5143=CARTESIAN_POINT('Ctrl Pts',(13.3831713910819,10.0400383473019,11.3));
#5144=CARTESIAN_POINT('Ctrl Pts',(14.0426666018144,10.8681509191413,11.3));
#5145=CARTESIAN_POINT('Ctrl Pts',(14.2,11.555922435165,11.3));
#5146=CARTESIAN_POINT('Ctrl Pts',(14.2,11.9,11.3));
#5147=CARTESIAN_POINT('Ctrl Pts',(14.205387480238,11.9,11.3));
#5148=CARTESIAN_POINT('Ctrl Pts',(14.205387480238,12.2447967937557,11.3));
#5149=CARTESIAN_POINT('Ctrl Pts',(14.0476301766208,12.9341023827704,11.3));
#5150=CARTESIAN_POINT('Ctrl Pts',(13.3865981339436,13.7641009149186,11.3));
#5151=CARTESIAN_POINT('Ctrl Pts',(12.4304109530011,14.2237595667661,11.3));
#5152=CARTESIAN_POINT('Ctrl Pts',(11.3696333018952,14.22424342409,11.3));
#5153=CARTESIAN_POINT('Ctrl Pts',(10.4135806541032,13.7637735214078,11.3));
#5154=CARTESIAN_POINT('Ctrl Pts',(9.86272795213,13.0726100570584,11.3));
#5155=CARTESIAN_POINT('Ctrl Pts',(9.57589926325388,12.2533907810174,11.3));
#5156=CARTESIAN_POINT('Ctrl Pts',(9.57590239917549,11.5466714389628,11.3));
#5157=CARTESIAN_POINT('Ctrl Pts',(9.86273172412521,10.7274170846091,11.3));
#5158=CARTESIAN_POINT('Ctrl Pts',(10.4136070834348,10.0364648872069,11.3));
#5159=CARTESIAN_POINT('Ctrl Pts',(11.3696374021454,9.57562481160137,11.3));
#5160=CARTESIAN_POINT('Ctrl Pts',(12.4304103836991,9.57615599694183,11.3));
#5161=CARTESIAN_POINT('Ctrl Pts',(13.3865874296041,10.0359607368517,11.3));
#5162=CARTESIAN_POINT('Ctrl Pts',(14.0476305922317,10.8658774920462,11.3));
#5163=CARTESIAN_POINT('Ctrl Pts',(14.2053874802376,11.5552032062443,11.3));
#5164=CARTESIAN_POINT('Ctrl Pts',(14.2053874802376,11.9,11.3));
#5165=CARTESIAN_POINT('Ctrl Pts',(14.2246113095143,11.9,11.2913253297437));
#5166=CARTESIAN_POINT('Ctrl Pts',(14.2246113095143,12.2477547872723,11.2913253297437));
#5167=CARTESIAN_POINT('Ctrl Pts',(14.0655896065349,12.9428593985749,11.2913253297436));
#5168=CARTESIAN_POINT('Ctrl Pts',(13.3990870058917,13.7798887844802,11.2913253297437));
#5169=CARTESIAN_POINT('Ctrl Pts',(12.4348242433755,14.2433839355599,11.2913253297437));
#5170=CARTESIAN_POINT('Ctrl Pts',(11.3651046178687,14.2439258555853,11.2913253297437));
#5171=CARTESIAN_POINT('Ctrl Pts',(10.4009684883363,13.7795129560683,11.2913253297437));
#5172=CARTESIAN_POINT('Ctrl Pts',(9.84547016715124,13.0825401113571,11.2913253297437));
#5173=CARTESIAN_POINT('Ctrl Pts',(9.55622654912931,12.2563814534613,11.2913253297437));
#5174=CARTESIAN_POINT('Ctrl Pts',(9.55623439408995,11.5436663231803,11.2913253297437));
#5175=CARTESIAN_POINT('Ctrl Pts',(9.84547449203989,10.7174719276551,11.2913253297437));
#5176=CARTESIAN_POINT('Ctrl Pts',(10.4010324311428,10.0206990769951,11.2913253297437));
#5177=CARTESIAN_POINT('Ctrl Pts',(11.3650931878168,9.55592205721915,11.2913253297437));
#5178=CARTESIAN_POINT('Ctrl Pts',(12.4348228097841,9.55650954714546,11.2913253297437));
#5179=CARTESIAN_POINT('Ctrl Pts',(13.3990390848254,10.0201505138238,11.2913253297437));
#5180=CARTESIAN_POINT('Ctrl Pts',(14.06559143761,10.8571171659894,11.2913253297437));
#5181=CARTESIAN_POINT('Ctrl Pts',(14.224611309514,11.5522452127277,11.2913253297437));
#5182=CARTESIAN_POINT('Ctrl Pts',(14.224611309514,11.9,11.2913253297437));
#5183=CARTESIAN_POINT('Ctrl Pts',(14.2862861124091,11.9,11.2388317479626));
#5184=CARTESIAN_POINT('Ctrl Pts',(14.2862861124091,12.2569619446513,11.2388317479626));
#5185=CARTESIAN_POINT('Ctrl Pts',(14.1230335259999,12.9704966830554,11.2388317479626));
#5186=CARTESIAN_POINT('Ctrl Pts',(13.4388381561406,13.8297080417161,11.2388317479626));
#5187=CARTESIAN_POINT('Ctrl Pts',(12.4490160203946,14.3054994640613,11.2388317479626));
#5188=CARTESIAN_POINT('Ctrl Pts',(11.3509377880095,14.3060432378472,11.2388317479626));
#5189=CARTESIAN_POINT('Ctrl Pts',(10.3612477363342,13.8293328368084,11.2388317479626));
#5190=CARTESIAN_POINT('Ctrl Pts',(9.79102347174492,13.1138791083409,11.2388317479626));
#5191=CARTESIAN_POINT('Ctrl Pts',(9.49411123360944,12.2658265235283,11.2388317479626));
#5192=CARTESIAN_POINT('Ctrl Pts',(9.49411820118158,11.5342259890169,11.2388317479626));
#5193=CARTESIAN_POINT('Ctrl Pts',(9.79102779050491,10.6861368034407,11.2388317479626));
#5194=CARTESIAN_POINT('Ctrl Pts',(10.3613047308358,9.97089139661493,11.2388317479626));
#5195=CARTESIAN_POINT('Ctrl Pts',(11.3509296626571,9.4938050961823,11.2388317479626));
#5196=CARTESIAN_POINT('Ctrl Pts',(12.4490147480159,9.49439614792055,11.2388317479626));
#5197=CARTESIAN_POINT('Ctrl Pts',(13.4387975700632,9.97033760007258,11.2388317479626));
#5198=CARTESIAN_POINT('Ctrl Pts',(14.1230350783453,10.8294799881752,11.2388317479626));
#5199=CARTESIAN_POINT('Ctrl Pts',(14.2862861124089,11.5430380553487,11.2388317479626));
#5200=CARTESIAN_POINT('Ctrl Pts',(14.2862861124089,11.9,11.2388317479626));
#5201=CARTESIAN_POINT('Ctrl Pts',(14.3481209452934,11.9,11.1769736240018));
#5202=CARTESIAN_POINT('Ctrl Pts',(14.3481209452934,12.2662025669781,11.1769736240018));
#5203=CARTESIAN_POINT('Ctrl Pts',(14.1806324009473,12.9982211639616,11.1769736240018));
#5204=CARTESIAN_POINT('Ctrl Pts',(13.4787031565928,13.8796847388098,11.1769736240018));
#5205=CARTESIAN_POINT('Ctrl Pts',(12.4632435092628,14.3678047499745,11.1769736240018));
#5206=CARTESIAN_POINT('Ctrl Pts',(11.3367219329713,14.36835662605,11.1769736240018));
#5207=CARTESIAN_POINT('Ctrl Pts',(10.3213987923205,13.8793048771605,11.1769736240018));
#5208=CARTESIAN_POINT('Ctrl Pts',(9.73640433622804,13.1453169950792,11.1769736240018));
#5209=CARTESIAN_POINT('Ctrl Pts',(9.43180090299379,12.27530117077,11.1769736240018));
#5210=CARTESIAN_POINT('Ctrl Pts',(9.43180753207686,11.5247543608709,11.1769736240018));
#5211=CARTESIAN_POINT('Ctrl Pts',(9.73640870910347,10.6547010280339,11.1769736240018));
#5212=CARTESIAN_POINT('Ctrl Pts',(10.3214531302473,9.92092831045779,11.1769736240018));
#5213=CARTESIAN_POINT('Ctrl Pts',(11.3367153221899,9.43148990866743,11.1769736240018));
#5214=CARTESIAN_POINT('Ctrl Pts',(12.4632422991825,9.43209052639514,11.1769736240018));
#5215=CARTESIAN_POINT('Ctrl Pts',(13.478665633918,9.92036462024421,11.1769736240018));
#5216=CARTESIAN_POINT('Ctrl Pts',(14.1806338370166,10.801755251058,11.1769736240018));
#5217=CARTESIAN_POINT('Ctrl Pts',(14.3481209452933,11.5337974330218,11.1769736240018));
#5218=CARTESIAN_POINT('Ctrl Pts',(14.3481209452933,11.9,11.1769736240018));
#5219=CARTESIAN_POINT('Ctrl Pts',(14.3949197357004,11.8999999999999,11.1188367710284));
#5220=CARTESIAN_POINT('Ctrl Pts',(14.3949197357004,12.2732421415664,11.1188367710284));
#5221=CARTESIAN_POINT('Ctrl Pts',(14.2242535964718,13.0192783366698,11.1188367710284));
#5222=CARTESIAN_POINT('Ctrl Pts',(13.5089257744863,13.9176440549446,11.1188367710284));
#5223=CARTESIAN_POINT('Ctrl Pts',(12.4740060400628,14.4150967552579,11.1188367710284));
#5224=CARTESIAN_POINT('Ctrl Pts',(11.3259040125583,14.4156847238638,11.1188367710284));
#5225=CARTESIAN_POINT('Ctrl Pts',(10.2911191289866,13.9172353239329,11.1188367710284));
#5226=CARTESIAN_POINT('Ctrl Pts',(9.69491709522408,13.1691946257132,11.1188367710284));
#5227=CARTESIAN_POINT('Ctrl Pts',(9.38447984809887,12.2824962460425,11.1188367710284));
#5228=CARTESIAN_POINT('Ctrl Pts',(9.38448881782968,11.5175532735037,11.1188367710284));
#5229=CARTESIAN_POINT('Ctrl Pts',(9.69492179821299,10.6308164948677,11.1188367710284));
#5230=CARTESIAN_POINT('Ctrl Pts',(10.2911921366633,9.88298891193894,11.1188367710284));
#5231=CARTESIAN_POINT('Ctrl Pts',(11.325889916995,9.38414978859806,11.1188367710284));
#5232=CARTESIAN_POINT('Ctrl Pts',(12.4740044004855,9.38478641285016,11.1188367710284));
#5233=CARTESIAN_POINT('Ctrl Pts',(13.5088699818068,9.88239543659565,11.1188367710284));
#5234=CARTESIAN_POINT('Ctrl Pts',(14.2242557275424,10.7806961418486,11.1188367710284));
#5235=CARTESIAN_POINT('Ctrl Pts',(14.3949197357004,11.5267578584336,11.1188367710284));
#5236=CARTESIAN_POINT('Ctrl Pts',(14.3949197357004,11.9,11.1188367710284));
#5237=CARTESIAN_POINT('Ctrl Pts',(14.4,11.8999999999999,11.1040406101782));
#5238=CARTESIAN_POINT('Ctrl Pts',(14.4,12.2738812544618,11.1040406101782));
#5239=CARTESIAN_POINT('Ctrl Pts',(14.2289118001553,13.0213619350199,11.1040406101782));
#5240=CARTESIAN_POINT('Ctrl Pts',(13.5120667520038,13.9213967481385,11.1040406101782));
#5241=CARTESIAN_POINT('Ctrl Pts',(12.4751888984874,14.4198571817706,11.1040406101782));
#5242=CARTESIAN_POINT('Ctrl Pts',(11.324889893316,14.4203675093212,11.1040406101782));
#5243=CARTESIAN_POINT('Ctrl Pts',(10.2881603302433,13.9210538779789,11.1040406101782));
#5244=CARTESIAN_POINT('Ctrl Pts',(9.69082052622891,13.1715571208963,11.1040406101782));
#5245=CARTESIAN_POINT('Ctrl Pts',(9.37978495424301,12.283211087554,11.1040406101782));
#5246=CARTESIAN_POINT('Ctrl Pts',(9.37978710890766,11.5168603658095,11.1040406101782));
#5247=CARTESIAN_POINT('Ctrl Pts',(9.6908244779024,10.6284763905672,11.1040406101782));
#5248=CARTESIAN_POINT('Ctrl Pts',(10.2881790680419,9.87921220294816,11.1040406101782));
#5249=CARTESIAN_POINT('Ctrl Pts',(11.3248984809516,9.37949471828603,11.1040406101782));
#5250=CARTESIAN_POINT('Ctrl Pts',(12.4751885098262,9.38005694190271,11.1040406101782));
#5251=CARTESIAN_POINT('Ctrl Pts',(13.5120650225776,9.87867619244204,11.1040406101782));
#5252=CARTESIAN_POINT('Ctrl Pts',(14.2289118751596,10.7786170770112,11.1040406101782));
#5253=CARTESIAN_POINT('Ctrl Pts',(14.4,11.5261187455382,11.1040406101782));
#5254=CARTESIAN_POINT('Ctrl Pts',(14.4,11.9,11.1040406101782));
#5255=CARTESIAN_POINT('Ctrl Pts',(14.4,11.8999999999999,11.1));
#5256=CARTESIAN_POINT('Ctrl Pts',(14.4,12.2739973530814,11.1));
#5257=CARTESIAN_POINT('Ctrl Pts',(14.2289833831549,13.0215496965108,11.1));
#5258=CARTESIAN_POINT('Ctrl Pts',(13.5121965715412,13.9217383454697,11.1));
#5259=CARTESIAN_POINT('Ctrl Pts',(12.47517541374,14.4202037741194,11.1));
#5260=CARTESIAN_POINT('Ctrl Pts',(11.324741162934,14.4207898096295,11.1));
#5261=CARTESIAN_POINT('Ctrl Pts',(10.2878556533016,13.9213314302905,11.1));
#5262=CARTESIAN_POINT('Ctrl Pts',(9.69044263424124,13.1717702046218,11.1));
#5263=CARTESIAN_POINT('Ctrl Pts',(9.37937460336156,12.2832725598368,11.1));
#5264=CARTESIAN_POINT('Ctrl Pts',(9.37938332003361,11.5167779274408,11.1));
#5265=CARTESIAN_POINT('Ctrl Pts',(9.6904473165947,10.6282418267536,11.1));
#5266=CARTESIAN_POINT('Ctrl Pts',(10.2879266489044,9.87889490554471,11.1));
#5267=CARTESIAN_POINT('Ctrl Pts',(11.3247279404644,9.37904547969308,11.1));
#5268=CARTESIAN_POINT('Ctrl Pts',(12.4751738206254,9.37968039465399,11.1));
#5269=CARTESIAN_POINT('Ctrl Pts',(13.5121428163934,9.87830255141514,11.1));
#5270=CARTESIAN_POINT('Ctrl Pts',(14.2289854367547,10.7784249121101,11.1));
#5271=CARTESIAN_POINT('Ctrl Pts',(14.4,11.5260026469185,11.1));
#5272=CARTESIAN_POINT('Ctrl Pts',(14.4,11.9,11.1));
#5273=CARTESIAN_POINT('',(14.2,11.9,11.3));
#5274=CARTESIAN_POINT('',(14.4,11.8999999999999,11.1));
#5275=CARTESIAN_POINT('Ctrl Pts',(14.2000000000004,11.9,11.3));
#5276=CARTESIAN_POINT('Ctrl Pts',(14.205387480238,11.9,11.3));
#5277=CARTESIAN_POINT('Ctrl Pts',(14.2246113095143,11.9,11.2913253297437));
#5278=CARTESIAN_POINT('Ctrl Pts',(14.2862861124091,11.9,11.2388317479626));
#5279=CARTESIAN_POINT('Ctrl Pts',(14.3481209452934,11.9,11.1769736240018));
#5280=CARTESIAN_POINT('Ctrl Pts',(14.3949197357004,11.8999999999999,11.1188367710284));
#5281=CARTESIAN_POINT('Ctrl Pts',(14.4,11.8999999999999,11.1040406101782));
#5282=CARTESIAN_POINT('Ctrl Pts',(14.4,11.8999999999999,11.1));
#5283=CARTESIAN_POINT('Ctrl Pts',(14.4,11.9,11.1));
#5284=CARTESIAN_POINT('Ctrl Pts',(14.4,12.1755769970074,11.1));
#5285=CARTESIAN_POINT('Ctrl Pts',(14.3540235631123,12.4511010005082,11.1));
#5286=CARTESIAN_POINT('Ctrl Pts',(14.1213743710363,13.1287849462155,11.1));
#5287=CARTESIAN_POINT('Ctrl Pts',(13.865560753942,13.5065448905712,11.1));
#5288=CARTESIAN_POINT('Ctrl Pts',(13.1246131639379,14.1446899994954,11.1));
#5289=CARTESIAN_POINT('Ctrl Pts',(12.6022746036055,14.3586826882872,11.1));
#5290=CARTESIAN_POINT('Ctrl Pts',(11.5165209880288,14.4311643317378,11.1));
#5291=CARTESIAN_POINT('Ctrl Pts',(10.9556722909717,14.2795155182953,11.1));
#5292=CARTESIAN_POINT('Ctrl Pts',(10.002845660689,13.6348835087715,11.1));
#5293=CARTESIAN_POINT('Ctrl Pts',(9.63437093033149,13.1148827633285,11.1));
#5294=CARTESIAN_POINT('Ctrl Pts',(9.31608958052848,11.9036736656164,11.1));
#5295=CARTESIAN_POINT('Ctrl Pts',(9.4105723265077,11.2076444827512,11.1));
#5296=CARTESIAN_POINT('Ctrl Pts',(10.0787734829489,10.0588251172027,11.1));
#5297=CARTESIAN_POINT('Ctrl Pts',(10.6652718753933,9.62354709108772,11.1));
#5298=CARTESIAN_POINT('Ctrl Pts',(11.9887964509093,9.30953257789698,11.1));
#5299=CARTESIAN_POINT('Ctrl Pts',(12.7181063027645,9.44050626060849,11.1));
#5300=CARTESIAN_POINT('Ctrl Pts',(13.9685046146295,10.2747026102223,11.1));
#5301=CARTESIAN_POINT('Ctrl Pts',(14.4,11.0812847085408,11.1));
#5302=CARTESIAN_POINT('Ctrl Pts',(14.4,11.9,11.1));
#5303=CARTESIAN_POINT('Ctrl Pts',(14.2,11.9,11.3));
#5304=CARTESIAN_POINT('Ctrl Pts',(14.2,11.555922435165,11.3));
#5305=CARTESIAN_POINT('Ctrl Pts',(14.0426666018144,10.8681509191413,11.3));
#5306=CARTESIAN_POINT('Ctrl Pts',(13.3831713910819,10.0400383473019,11.3));
#5307=CARTESIAN_POINT('Ctrl Pts',(12.4291599149754,9.58130596308167,11.3));
#5308=CARTESIAN_POINT('Ctrl Pts',(11.3707497052273,9.58072184131764,11.3));
#5309=CARTESIAN_POINT('Ctrl Pts',(10.4168925169921,10.0405833131011,11.3));
#5310=CARTESIAN_POINT('Ctrl Pts',(9.86721153126711,10.7299824806133,11.3));
#5311=CARTESIAN_POINT('Ctrl Pts',(9.58103265443089,11.5474356932456,11.3));
#5312=CARTESIAN_POINT('Ctrl Pts',(9.5810246350926,12.2526107550498,11.3));
#5313=CARTESIAN_POINT('Ctrl Pts',(9.86720722350192,13.0700285882521,11.3));
#5314=CARTESIAN_POINT('Ctrl Pts',(10.4168272010375,13.7596249158673,11.3));
#5315=CARTESIAN_POINT('Ctrl Pts',(11.3707618698994,14.2191266248592,11.3));
#5316=CARTESIAN_POINT('Ctrl Pts',(12.4291613806409,14.2185874721899,11.3));
#5317=CARTESIAN_POINT('Ctrl Pts',(13.3832208458181,13.7599992778322,11.3));
#5318=CARTESIAN_POINT('Ctrl Pts',(14.042664712503,12.9318257207901,11.3));
#5319=CARTESIAN_POINT('Ctrl Pts',(14.2000000000004,12.244077564835,11.3));
#5320=CARTESIAN_POINT('Ctrl Pts',(14.2000000000004,11.9,11.3));
#5321=CARTESIAN_POINT('Origin',(11.9,11.9,9.6));
#5322=CARTESIAN_POINT('',(14.4,11.9,9.6));
#5323=CARTESIAN_POINT('Origin',(11.9,11.9,11.3));
#5324=CARTESIAN_POINT('Ctrl Pts',(6.20000000000042,11.9,11.3));
#5325=CARTESIAN_POINT('Ctrl Pts',(6.20000000000042,12.244077564835,11.3));
#5326=CARTESIAN_POINT('Ctrl Pts',(6.04267787584398,12.9318298504708,11.3));
#5327=CARTESIAN_POINT('Ctrl Pts',(5.38322768249298,13.7600042200667,11.3));
#5328=CARTESIAN_POINT('Ctrl Pts',(4.42916986031877,14.2186016575935,11.3));
#5329=CARTESIAN_POINT('Ctrl Pts',(3.3707703461725,14.2191316167067,11.3));
#5330=CARTESIAN_POINT('Ctrl Pts',(2.41683517922814,13.7596287338467,11.3));
#5331=CARTESIAN_POINT('Ctrl Pts',(1.86722304279669,13.0700277516096,11.3));
#5332=CARTESIAN_POINT('Ctrl Pts',(1.58104294755122,12.2526077342197,11.3));
#5333=CARTESIAN_POINT('Ctrl Pts',(1.58105069458612,11.5474323572945,11.3));
#5334=CARTESIAN_POINT('Ctrl Pts',(1.86722668016028,10.7299773977398,11.3));
#5335=CARTESIAN_POINT('Ctrl Pts',(2.41689886956742,10.0405736880879,11.3));
#5336=CARTESIAN_POINT('Ctrl Pts',(3.37075882256736,9.58071656905958,11.3));
#5337=CARTESIAN_POINT('Ctrl Pts',(4.42916954825577,9.58129747422244,11.3));
#5338=CARTESIAN_POINT('Ctrl Pts',(5.38317933174034,10.0400355749201,11.3));
#5339=CARTESIAN_POINT('Ctrl Pts',(6.04268064048111,10.8681479025979,11.3));
#5340=CARTESIAN_POINT('Ctrl Pts',(6.20000000000002,11.555922435165,11.3));
#5341=CARTESIAN_POINT('Ctrl Pts',(6.20000000000002,11.9,11.3));
#5342=CARTESIAN_POINT('Ctrl Pts',(6.20538748023802,11.9,11.3));
#5343=CARTESIAN_POINT('Ctrl Pts',(6.20538748023802,12.2447967937557,11.3));
#5344=CARTESIAN_POINT('Ctrl Pts',(6.04764476724777,12.9341215933468,11.3));
#5345=CARTESIAN_POINT('Ctrl Pts',(5.38659811128421,13.7641305036497,11.3));
#5346=CARTESIAN_POINT('Ctrl Pts',(4.43040924424627,14.2238105621641,11.3));
#5347=CARTESIAN_POINT('Ctrl Pts',(3.36961758021357,14.2242789180525,11.3));
#5348=CARTESIAN_POINT('Ctrl Pts',(2.41355587355806,13.7638064772074,11.3));
#5349=CARTESIAN_POINT('Ctrl Pts',(1.86270369525169,13.0726236598741,11.3));
#5350=CARTESIAN_POINT('Ctrl Pts',(1.575873870699,12.2533910210032,11.3));
#5351=CARTESIAN_POINT('Ctrl Pts',(1.57587649609807,11.5466625645851,11.3));
#5352=CARTESIAN_POINT('Ctrl Pts',(1.86270708502104,10.7273952760466,11.3));
#5353=CARTESIAN_POINT('Ctrl Pts',(2.41357849067172,10.0364251491338,11.3));
#5354=CARTESIAN_POINT('Ctrl Pts',(3.36962304781768,9.57558749352278,11.3));
#5355=CARTESIAN_POINT('Ctrl Pts',(4.43040801433701,9.57610938341608,11.3));
#5356=CARTESIAN_POINT('Ctrl Pts',(5.38658914105783,10.0359335239514,11.3));
#5357=CARTESIAN_POINT('Ctrl Pts',(6.04764512632252,10.8658586292123,11.3));
#5358=CARTESIAN_POINT('Ctrl Pts',(6.20538748023763,11.5552032062442,11.3));
#5359=CARTESIAN_POINT('Ctrl Pts',(6.20538748023763,11.9,11.3));
#5360=CARTESIAN_POINT('Ctrl Pts',(6.22459325320842,11.9,11.2913364713687));
#5361=CARTESIAN_POINT('Ctrl Pts',(6.22459325320842,12.2477547872723,11.2913364713687));
#5362=CARTESIAN_POINT('Ctrl Pts',(6.06558778560319,12.9428601710812,11.2913364713686));
#5363=CARTESIAN_POINT('Ctrl Pts',(5.3990851411956,13.7798876655618,11.2913364713687));
#5364=CARTESIAN_POINT('Ctrl Pts',(4.43482812187747,14.2433889409772,11.2913364713687));
#5365=CARTESIAN_POINT('Ctrl Pts',(3.36511334802429,14.2439231884948,11.2913364713687));
#5366=CARTESIAN_POINT('Ctrl Pts',(2.40098038795916,13.7795093122721,11.2913364713687));
#5367=CARTESIAN_POINT('Ctrl Pts',(1.84549244220675,13.0825353548118,11.2913364713687));
#5368=CARTESIAN_POINT('Ctrl Pts',(1.55625275578419,12.2563771340492,11.2913364713687));
#5369=CARTESIAN_POINT('Ctrl Pts',(1.55626047293092,11.543663680043,11.2913364713687));
#5370=CARTESIAN_POINT('Ctrl Pts',(1.84549611284658,10.7174701516988,11.2913364713687));
#5371=CARTESIAN_POINT('Ctrl Pts',(2.40104385523678,10.0206959042115,11.2913364713687));
#5372=CARTESIAN_POINT('Ctrl Pts',(3.36510207444147,9.5559237814897,11.2913364713687));
#5373=CARTESIAN_POINT('Ctrl Pts',(4.43482778636363,9.55650957395022,11.2913364713687));
#5374=CARTESIAN_POINT('Ctrl Pts',(5.39903713961444,10.0201530843638,11.2913364713687));
#5375=CARTESIAN_POINT('Ctrl Pts',(6.06559052690136,10.8571173994107,11.2913364713687));
#5376=CARTESIAN_POINT('Ctrl Pts',(6.22459325320806,11.5522452127277,11.2913364713687));
#5377=CARTESIAN_POINT('Ctrl Pts',(6.22459325320806,11.9,11.2913364713687));
#5378=CARTESIAN_POINT('Ctrl Pts',(6.28626756840657,11.9,11.2388442253691));
#5379=CARTESIAN_POINT('Ctrl Pts',(6.28626756840657,12.2569619446513,11.2388442253691));
#5380=CARTESIAN_POINT('Ctrl Pts',(6.1230319587085,12.9705008113616,11.2388442253691));
#5381=CARTESIAN_POINT('Ctrl Pts',(5.43883471549623,13.829712344624,11.2388442253691));
#5382=CARTESIAN_POINT('Ctrl Pts',(4.44901773932549,14.3055127405878,11.2388442253691));
#5383=CARTESIAN_POINT('Ctrl Pts',(3.35094138777935,14.306047247215,11.2388442253691));
#5384=CARTESIAN_POINT('Ctrl Pts',(2.36125269622736,13.8293355421968,11.2388442253691));
#5385=CARTESIAN_POINT('Ctrl Pts',(1.79103745928982,13.1138774212135,11.2388442253691));
#5386=CARTESIAN_POINT('Ctrl Pts',(1.49412845298182,12.2658228124576,11.2388442253691));
#5387=CARTESIAN_POINT('Ctrl Pts',(1.49413523681646,11.5342220515649,11.2388442253691));
#5388=CARTESIAN_POINT('Ctrl Pts',(1.79104117060705,10.6861312813619,11.2388442253691));
#5389=CARTESIAN_POINT('Ctrl Pts',(2.36130871984807,9.97088148042421,11.2388442253691));
#5390=CARTESIAN_POINT('Ctrl Pts',(3.35093358328758,9.49379977701719,11.2388442253691));
#5391=CARTESIAN_POINT('Ctrl Pts',(4.4490171918412,9.49438774274302,11.2388442253691));
#5392=CARTESIAN_POINT('Ctrl Pts',(5.43879418514029,9.97033483142518,11.2388442253691));
#5393=CARTESIAN_POINT('Ctrl Pts',(6.12303423866013,10.8294767223841,11.2388442253691));
#5394=CARTESIAN_POINT('Ctrl Pts',(6.28626756840633,11.5430380553487,11.2388442253691));
#5395=CARTESIAN_POINT('Ctrl Pts',(6.28626756840633,11.9,11.2388442253691));
#5396=CARTESIAN_POINT('Ctrl Pts',(6.34810480936036,11.9,11.1769843193808));
#5397=CARTESIAN_POINT('Ctrl Pts',(6.34810480936036,12.2662025669781,11.1769843193808));
#5398=CARTESIAN_POINT('Ctrl Pts',(6.1806333724261,12.9982276670674,11.1769843193808));
#5399=CARTESIAN_POINT('Ctrl Pts',(5.47870024418597,13.8796929487998,11.1769843193808));
#5400=CARTESIAN_POINT('Ctrl Pts',(4.46324485581828,14.367824069531,11.1769843193808));
#5401=CARTESIAN_POINT('Ctrl Pts',(3.33672283014226,14.3683654602766,11.1769843193808));
#5402=CARTESIAN_POINT('Ctrl Pts',(2.32139951832632,13.8793121843484,11.1769843193808));
#5403=CARTESIAN_POINT('Ctrl Pts',(1.73641309281341,13.1453175415502,11.1769843193808));
#5404=CARTESIAN_POINT('Ctrl Pts',(1.43181233360732,12.2752979398542,11.1769843193808));
#5405=CARTESIAN_POINT('Ctrl Pts',(1.43181872343863,11.5247495723125,11.1769843193808));
#5406=CARTESIAN_POINT('Ctrl Pts',(1.736416871912,10.6546929135892,11.1769843193808));
#5407=CARTESIAN_POINT('Ctrl Pts',(2.32145242379936,9.9209136471986,11.1769843193808));
#5408=CARTESIAN_POINT('Ctrl Pts',(3.33671671005077,9.43147965971608,11.1769843193808));
#5409=CARTESIAN_POINT('Ctrl Pts',(4.4632441924749,9.43207616856048,11.1769843193808));
#5410=CARTESIAN_POINT('Ctrl Pts',(5.47866304183039,9.92035812586253,11.1769843193808));
#5411=CARTESIAN_POINT('Ctrl Pts',(6.18063544406065,10.8017495640382,11.1769843193808));
#5412=CARTESIAN_POINT('Ctrl Pts',(6.34810480936025,11.5337974330218,11.1769843193808));
#5413=CARTESIAN_POINT('Ctrl Pts',(6.34810480936025,11.9,11.1769843193808));
#5414=CARTESIAN_POINT('Ctrl Pts',(6.39489750079341,11.9,11.118852564368));
#5415=CARTESIAN_POINT('Ctrl Pts',(6.39489750079341,12.2732421415664,11.118852564368));
#5416=CARTESIAN_POINT('Ctrl Pts',(6.22424908157848,13.019276810328,11.118852564368));
#5417=CARTESIAN_POINT('Ctrl Pts',(5.50892321454332,13.9176389162558,11.118852564368));
#5418=CARTESIAN_POINT('Ctrl Pts',(4.47401069171071,14.4150962164544,11.118852564368));
#5419=CARTESIAN_POINT('Ctrl Pts',(3.32591632863482,14.4156769646574,11.118852564368));
#5420=CARTESIAN_POINT('Ctrl Pts',(2.2911364598637,13.9172267138271,11.118852564368));
#5421=CARTESIAN_POINT('Ctrl Pts',(1.69494683387506,13.1691871605995,11.118852564368));
#5422=CARTESIAN_POINT('Ctrl Pts',(1.38451446798986,12.2824910158216,11.118852564368));
#5423=CARTESIAN_POINT('Ctrl Pts',(1.38452335250642,11.5175512188977,11.118852564368));
#5424=CARTESIAN_POINT('Ctrl Pts',(1.6949508034305,10.6308171359906,11.118852564368));
#5425=CARTESIAN_POINT('Ctrl Pts',(2.29120940504976,9.88299017218847,11.118852564368));
#5426=CARTESIAN_POINT('Ctrl Pts',(3.3259022358719,9.38415661770216,11.118852564368));
#5427=CARTESIAN_POINT('Ctrl Pts',(4.47401043903365,9.38479239799441,11.118852564368));
#5428=CARTESIAN_POINT('Ctrl Pts',(5.5088670705668,9.88240199176383,11.118852564368));
#5429=CARTESIAN_POINT('Ctrl Pts',(6.2242523062198,10.7806988215917,11.118852564368));
#5430=CARTESIAN_POINT('Ctrl Pts',(6.39489750079339,11.5267578584335,11.118852564368));
#5431=CARTESIAN_POINT('Ctrl Pts',(6.39489750079339,11.9,11.118852564368));
#5432=CARTESIAN_POINT('Ctrl Pts',(6.4,11.9,11.1040406101782));
#5433=CARTESIAN_POINT('Ctrl Pts',(6.4,12.2738812544618,11.1040406101782));
#5434=CARTESIAN_POINT('Ctrl Pts',(6.22892797740333,13.021386597899,11.1040406101782));
#5435=CARTESIAN_POINT('Ctrl Pts',(5.51206497994159,13.92143509604,11.1040406101782));
#5436=CARTESIAN_POINT('Ctrl Pts',(4.47518445086873,14.4199218294755,11.1040406101782));
#5437=CARTESIAN_POINT('Ctrl Pts',(3.32486668908648,14.4204137492308,11.1040406101782));
#5438=CARTESIAN_POINT('Ctrl Pts',(2.28812512685783,13.9210970194024,11.1040406101782));
#5439=CARTESIAN_POINT('Ctrl Pts',(1.69078402619328,13.1715755425518,11.1040406101782));
#5440=CARTESIAN_POINT('Ctrl Pts',(1.37974629884345,12.2832121783905,11.1040406101782));
#5441=CARTESIAN_POINT('Ctrl Pts',(1.37974783950363,11.5168493365868,11.1040406101782));
#5442=CARTESIAN_POINT('Ctrl Pts',(1.69078763701881,10.6284484929038,11.1040406101782));
#5443=CARTESIAN_POINT('Ctrl Pts',(2.28813917582925,9.87916146229902,11.1040406101782));
#5444=CARTESIAN_POINT('Ctrl Pts',(3.32487694372,9.3794461080822,11.1040406101782));
#5445=CARTESIAN_POINT('Ctrl Pts',(4.47518288403419,9.37999670843344,11.1040406101782));
#5446=CARTESIAN_POINT('Ctrl Pts',(5.51206529051713,9.87864047199173,11.1040406101782));
#5447=CARTESIAN_POINT('Ctrl Pts',(6.22892775372874,10.7785925960286,11.1040406101782));
#5448=CARTESIAN_POINT('Ctrl Pts',(6.4,11.5261187455382,11.1040406101782));
#5449=CARTESIAN_POINT('Ctrl Pts',(6.4,11.9,11.1040406101782));
#5450=CARTESIAN_POINT('Ctrl Pts',(6.4,11.9,11.1));
#5451=CARTESIAN_POINT('Ctrl Pts',(6.4,12.2739973530815,11.1));
#5452=CARTESIAN_POINT('Ctrl Pts',(6.22899769113415,13.0215541852942,11.1));
#5453=CARTESIAN_POINT('Ctrl Pts',(5.51220400270951,13.9217437174637,11.1));
#5454=CARTESIAN_POINT('Ctrl Pts',(4.47518463078113,14.4202191930363,11.1));
#5455=CARTESIAN_POINT('Ctrl Pts',(3.32475037627439,14.4207952355507,11.1));
#5456=CARTESIAN_POINT('Ctrl Pts',(2.287864325248,13.9213355802681,11.1));
#5457=CARTESIAN_POINT('Ctrl Pts',(1.69045982912688,13.1717692952278,11.1));
#5458=CARTESIAN_POINT('Ctrl Pts',(1.3793945082079,12.2832692763258,11.1));
#5459=CARTESIAN_POINT('Ctrl Pts',(1.37940292889801,11.5167743014071,11.1));
#5460=CARTESIAN_POINT('Ctrl Pts',(1.69046378278295,10.628236301891,11.1));
#5461=CARTESIAN_POINT('Ctrl Pts',(2.28793355387765,9.87888444357375,11.1));
#5462=CARTESIAN_POINT('Ctrl Pts',(3.32473785061671,9.3790397489778,11.1));
#5463=CARTESIAN_POINT('Ctrl Pts',(4.47518429158236,9.37967116763309,11.1));
#5464=CARTESIAN_POINT('Ctrl Pts',(5.51215144754384,9.87829953795668,11.1));
#5465=CARTESIAN_POINT('Ctrl Pts',(6.2290006961751,10.7784216332585,11.1));
#5466=CARTESIAN_POINT('Ctrl Pts',(6.4,11.5260026469185,11.1));
#5467=CARTESIAN_POINT('Ctrl Pts',(6.4,11.9,11.1));
#5468=CARTESIAN_POINT('',(6.20000000000002,11.9,11.3));
#5469=CARTESIAN_POINT('',(6.4,11.9,11.1));
#5470=CARTESIAN_POINT('Ctrl Pts',(6.20000000000042,11.9,11.3));
#5471=CARTESIAN_POINT('Ctrl Pts',(6.20538748023802,11.9,11.3));
#5472=CARTESIAN_POINT('Ctrl Pts',(6.22459325320842,11.9,11.2913364713687));
#5473=CARTESIAN_POINT('Ctrl Pts',(6.28626756840657,11.9,11.2388442253691));
#5474=CARTESIAN_POINT('Ctrl Pts',(6.34810480936036,11.9,11.1769843193808));
#5475=CARTESIAN_POINT('Ctrl Pts',(6.39489750079341,11.9,11.118852564368));
#5476=CARTESIAN_POINT('Ctrl Pts',(6.4,11.9,11.1040406101782));
#5477=CARTESIAN_POINT('Ctrl Pts',(6.4,11.9,11.1));
#5478=CARTESIAN_POINT('Ctrl Pts',(6.4,11.9,11.1));
#5479=CARTESIAN_POINT('Ctrl Pts',(6.4,12.1755769970074,11.1));
#5480=CARTESIAN_POINT('Ctrl Pts',(6.35402356311229,12.4511010005082,11.1));
#5481=CARTESIAN_POINT('Ctrl Pts',(6.12137437103631,13.1287849462156,11.1));
#5482=CARTESIAN_POINT('Ctrl Pts',(5.86556075394195,13.5065448905713,11.1));
#5483=CARTESIAN_POINT('Ctrl Pts',(5.12461316393792,14.1446899994954,11.1));
#5484=CARTESIAN_POINT('Ctrl Pts',(4.60227460360561,14.3586826882871,11.1));
#5485=CARTESIAN_POINT('Ctrl Pts',(3.51652098802927,14.4311643317378,11.1));
#5486=CARTESIAN_POINT('Ctrl Pts',(2.95567229097242,14.2795155182955,11.1));
#5487=CARTESIAN_POINT('Ctrl Pts',(2.00284566068943,13.6348835087721,11.1));
#5488=CARTESIAN_POINT('Ctrl Pts',(1.63437093033164,13.1148827633289,11.1));
#5489=CARTESIAN_POINT('Ctrl Pts',(1.31608958052854,11.9036736656169,11.1));
#5490=CARTESIAN_POINT('Ctrl Pts',(1.41057232650757,11.2076444827518,11.1));
#5491=CARTESIAN_POINT('Ctrl Pts',(2.07877348294827,10.0588251172033,11.1));
#5492=CARTESIAN_POINT('Ctrl Pts',(2.66527187539252,9.62354709108815,11.1));
#5493=CARTESIAN_POINT('Ctrl Pts',(3.98879645090863,9.3095325778969,11.1));
#5494=CARTESIAN_POINT('Ctrl Pts',(4.71810630276414,9.44050626060831,11.1));
#5495=CARTESIAN_POINT('Ctrl Pts',(5.96850461462945,10.2747026102221,11.1));
#5496=CARTESIAN_POINT('Ctrl Pts',(6.4,11.0812847085407,11.1));
#5497=CARTESIAN_POINT('Ctrl Pts',(6.4,11.9,11.1));
#5498=CARTESIAN_POINT('Ctrl Pts',(6.20000000000002,11.9,11.3));
#5499=CARTESIAN_POINT('Ctrl Pts',(6.20000000000002,11.555922435165,11.3));
#5500=CARTESIAN_POINT('Ctrl Pts',(6.04268064048111,10.8681479025979,11.3));
#5501=CARTESIAN_POINT('Ctrl Pts',(5.38317933174034,10.0400355749201,11.3));
#5502=CARTESIAN_POINT('Ctrl Pts',(4.42916954825577,9.58129747422244,11.3));
#5503=CARTESIAN_POINT('Ctrl Pts',(3.37075882256736,9.58071656905958,11.3));
#5504=CARTESIAN_POINT('Ctrl Pts',(2.41689886956742,10.0405736880879,11.3));
#5505=CARTESIAN_POINT('Ctrl Pts',(1.86722668016028,10.7299773977398,11.3));
#5506=CARTESIAN_POINT('Ctrl Pts',(1.58105069458612,11.5474323572945,11.3));
#5507=CARTESIAN_POINT('Ctrl Pts',(1.58104294755122,12.2526077342197,11.3));
#5508=CARTESIAN_POINT('Ctrl Pts',(1.86722304279669,13.0700277516096,11.3));
#5509=CARTESIAN_POINT('Ctrl Pts',(2.41683517922814,13.7596287338467,11.3));
#5510=CARTESIAN_POINT('Ctrl Pts',(3.3707703461725,14.2191316167067,11.3));
#5511=CARTESIAN_POINT('Ctrl Pts',(4.42916986031877,14.2186016575935,11.3));
#5512=CARTESIAN_POINT('Ctrl Pts',(5.38322768249298,13.7600042200667,11.3));
#5513=CARTESIAN_POINT('Ctrl Pts',(6.04267787584398,12.9318298504708,11.3));
#5514=CARTESIAN_POINT('Ctrl Pts',(6.20000000000042,12.244077564835,11.3));
#5515=CARTESIAN_POINT('Ctrl Pts',(6.20000000000042,11.9,11.3));
#5516=CARTESIAN_POINT('Origin',(3.9,11.9,9.6));
#5517=CARTESIAN_POINT('',(6.4,11.9,9.6));
#5518=CARTESIAN_POINT('Origin',(3.9,11.9,11.3));
#5519=CARTESIAN_POINT('Ctrl Pts',(6.20000000000042,3.89999999999999,11.3));
#5520=CARTESIAN_POINT('Ctrl Pts',(6.20000000000042,4.24407756483497,11.3));
#5521=CARTESIAN_POINT('Ctrl Pts',(6.04269758329438,4.93183539241481,11.3));
#5522=CARTESIAN_POINT('Ctrl Pts',(5.38323521247429,5.76000999584291,11.3));
#5523=CARTESIAN_POINT('Ctrl Pts',(4.42917888930249,6.21862135285127,11.3));
#5524=CARTESIAN_POINT('Ctrl Pts',(3.37077849252999,6.21913762575279,11.3));
#5525=CARTESIAN_POINT('Ctrl Pts',(2.4168415165347,5.75963336965726,11.3));
#5526=CARTESIAN_POINT('Ctrl Pts',(1.86724133984404,5.07002632246801,11.3));
#5527=CARTESIAN_POINT('Ctrl Pts',(1.58106472269854,4.2526037550206,11.3));
#5528=CARTESIAN_POINT('Ctrl Pts',(1.58107201699946,3.54742849735594,11.3));
#5529=CARTESIAN_POINT('Ctrl Pts',(1.86724391283889,2.72997135934433,11.3));
#5530=CARTESIAN_POINT('Ctrl Pts',(2.4169023110986,2.040560968778,11.3));
#5531=CARTESIAN_POINT('Ctrl Pts',(3.37076797085832,1.58071087142165,11.3));
#5532=CARTESIAN_POINT('Ctrl Pts',(4.42918018161455,1.58128643344895,11.3));
#5533=CARTESIAN_POINT('Ctrl Pts',(5.38318875266218,2.04003288591979,11.3));
#5534=CARTESIAN_POINT('Ctrl Pts',(6.04270158847919,2.86814381435321,11.3));
#5535=CARTESIAN_POINT('Ctrl Pts',(6.20000000000005,3.55592243516502,11.3));
#5536=CARTESIAN_POINT('Ctrl Pts',(6.20000000000005,3.9,11.3));
#5537=CARTESIAN_POINT('Ctrl Pts',(6.20538748023802,3.89999999999999,11.3));
#5538=CARTESIAN_POINT('Ctrl Pts',(6.20538748023802,4.24479679375574,11.3));
#5539=CARTESIAN_POINT('Ctrl Pts',(6.0476685182291,4.93414704111479,11.3));
#5540=CARTESIAN_POINT('Ctrl Pts',(5.38660097898491,5.76416758977894,11.3));
#5541=CARTESIAN_POINT('Ctrl Pts',(4.4304107468607,6.22387647276572,11.3));
#5542=CARTESIAN_POINT('Ctrl Pts',(3.36960004323363,6.22432361545552,11.3));
#5543=CARTESIAN_POINT('Ctrl Pts',(2.41352576187564,5.76384788382654,11.3));
#5544=CARTESIAN_POINT('Ctrl Pts',(1.8626762159773,5.07264063985418,11.3));
#5545=CARTESIAN_POINT('Ctrl Pts',(1.57584540369684,4.25339124647172,11.3));
#5546=CARTESIAN_POINT('Ctrl Pts',(1.57584736162748,3.54665145889078,11.3));
#5547=CARTESIAN_POINT('Ctrl Pts',(1.86267919604136,2.72736766828744,11.3));
#5548=CARTESIAN_POINT('Ctrl Pts',(2.41354338858311,2.03637389516301,11.3));
#5549=CARTESIAN_POINT('Ctrl Pts',(3.36960757323078,1.57554068199536,11.3));
#5550=CARTESIAN_POINT('Ctrl Pts',(4.43040859659319,1.5760497054461,11.3));
#5551=CARTESIAN_POINT('Ctrl Pts',(5.38659422654344,2.03589925577649,11.3));
#5552=CARTESIAN_POINT('Ctrl Pts',(6.04766876677007,2.86583343910788,11.3));
#5553=CARTESIAN_POINT('Ctrl Pts',(6.20538748023766,3.55520320624425,11.3));
#5554=CARTESIAN_POINT('Ctrl Pts',(6.20538748023766,3.9,11.3));
#5555=CARTESIAN_POINT('Ctrl Pts',(6.2245687046394,3.89999999999999,11.2913513545358));
#5556=CARTESIAN_POINT('Ctrl Pts',(6.2245687046394,4.24775478727232,11.2913513545358));
#5557=CARTESIAN_POINT('Ctrl Pts',(6.06558695774746,4.94285965432182,11.2913513545358));
#5558=CARTESIAN_POINT('Ctrl Pts',(5.39908141378888,5.77988277422623,11.2913513545358));
#5559=CARTESIAN_POINT('Ctrl Pts',(4.4348317590636,6.24339256340829,11.2913513545358));
#5560=CARTESIAN_POINT('Ctrl Pts',(3.36512407540275,6.24391578681213,11.2913513545358));
#5561=CARTESIAN_POINT('Ctrl Pts',(2.40099511775358,5.77950094513666,11.2913513545358));
#5562=CARTESIAN_POINT('Ctrl Pts',(1.84552331128256,5.08252717535191,11.2913513545358));
#5563=CARTESIAN_POINT('Ctrl Pts',(1.55628941307005,4.25637106897638,11.2913513545358));
#5564=CARTESIAN_POINT('Ctrl Pts',(1.55629689455474,3.54366131611474,11.2913513545358));
#5565=CARTESIAN_POINT('Ctrl Pts',(1.84552590357685,2.71747026469989,11.2913513545358));
#5566=CARTESIAN_POINT('Ctrl Pts',(2.40105744570379,2.02069491845135,11.2913513545358));
#5567=CARTESIAN_POINT('Ctrl Pts',(3.36511307239485,1.55593076227046,11.2913513545358));
#5568=CARTESIAN_POINT('Ctrl Pts',(4.43483313550612,1.55651385806767,11.2913513545358));
#5569=CARTESIAN_POINT('Ctrl Pts',(5.39903364502988,2.02016007854299,11.2913513545358));
#5570=CARTESIAN_POINT('Ctrl Pts',(6.06559108258167,2.85711930334621,11.2913513545358));
#5571=CARTESIAN_POINT('Ctrl Pts',(6.22456870463906,3.55224521272767,11.2913513545358));
#5572=CARTESIAN_POINT('Ctrl Pts',(6.22456870463906,3.90000000000001,11.2913513545358));
#5573=CARTESIAN_POINT('Ctrl Pts',(6.28624320069837,3.89999999999997,11.2388606535667));
#5574=CARTESIAN_POINT('Ctrl Pts',(6.28624320069837,4.25696194465126,11.2388606535667));
#5575=CARTESIAN_POINT('Ctrl Pts',(6.12303270022679,4.97050490777227,11.2388606535667));
#5576=CARTESIAN_POINT('Ctrl Pts',(5.43883023382381,5.82971464026264,11.2388606535668));
#5577=CARTESIAN_POINT('Ctrl Pts',(4.44901998226532,6.30552726828659,11.2388606535668));
#5578=CARTESIAN_POINT('Ctrl Pts',(3.35094660505507,6.30604869800485,11.2388606535668));
#5579=CARTESIAN_POINT('Ctrl Pts',(2.36125943364378,5.82933556230102,11.2388606535668));
#5580=CARTESIAN_POINT('Ctrl Pts',(1.79105854840786,5.11387334365404,11.2388606535668));
#5581=CARTESIAN_POINT('Ctrl Pts',(1.4941544128695,4.2658175919369,11.2388606535668));
#5582=CARTESIAN_POINT('Ctrl Pts',(1.4941608997963,3.53421796506366,11.2388606535668));
#5583=CARTESIAN_POINT('Ctrl Pts',(1.79106129885477,2.68612639783696,11.2388606535668));
#5584=CARTESIAN_POINT('Ctrl Pts',(2.36131376327211,1.97087151172211,11.2388606535668));
#5585=CARTESIAN_POINT('Ctrl Pts',(3.35093933854757,1.49379738006556,11.2388606535668));
#5586=CARTESIAN_POINT('Ctrl Pts',(4.44902062735058,1.49438081730016,11.2388606535668));
#5587=CARTESIAN_POINT('Ctrl Pts',(5.43879007098982,1.97033466756507,11.2388606535668));
#5588=CARTESIAN_POINT('Ctrl Pts',(6.12303609521559,2.8294737862615,11.2388606535668));
#5589=CARTESIAN_POINT('Ctrl Pts',(6.28624320069815,3.54303805534872,11.2388606535668));
#5590=CARTESIAN_POINT('Ctrl Pts',(6.28624320069815,3.9,11.2388606535668));
#5591=CARTESIAN_POINT('Ctrl Pts',(6.34808351636915,3.89999999999996,11.1769983628455));
#5592=CARTESIAN_POINT('Ctrl Pts',(6.34808351636915,4.26620256697811,11.1769983628455));
#5593=CARTESIAN_POINT('Ctrl Pts',(6.18063772164097,4.99823506447563,11.1769983628455));
#5594=CARTESIAN_POINT('Ctrl Pts',(5.47869682378306,5.87970049690466,11.1769983628455));
#5595=CARTESIAN_POINT('Ctrl Pts',(4.46324712376239,6.36784670326633,11.1769983628455));
#5596=CARTESIAN_POINT('Ctrl Pts',(3.33672487161934,6.36837339852417,11.1769983628455));
#5597=CARTESIAN_POINT('Ctrl Pts',(2.32140101039364,5.87931837249264,11.1769983628455));
#5598=CARTESIAN_POINT('Ctrl Pts',(1.73642762868339,5.14531647731521,11.1769983628455));
#5599=CARTESIAN_POINT('Ctrl Pts',(1.43183101251661,4.27529337365482,11.1769983628455));
#5600=CARTESIAN_POINT('Ctrl Pts',(1.4318370398477,3.52474432159928,11.1769983628455));
#5601=CARTESIAN_POINT('Ctrl Pts',(1.73643049743233,2.65468450407782,11.1769983628455));
#5602=CARTESIAN_POINT('Ctrl Pts',(2.32145166975249,1.92089723202633,11.1769983628455));
#5603=CARTESIAN_POINT('Ctrl Pts',(3.33671953629263,1.4314705848401,11.1769983628455));
#5604=CARTESIAN_POINT('Ctrl Pts',(4.46324738155896,1.43206118215261,11.1769983628455));
#5605=CARTESIAN_POINT('Ctrl Pts',(5.47866028866797,1.92035288679182,11.1769983628455));
#5606=CARTESIAN_POINT('Ctrl Pts',(6.180640763036,2.80174323243333,11.1769983628455));
#5607=CARTESIAN_POINT('Ctrl Pts',(6.34808351636905,3.53379743302185,11.1769983628455));
#5608=CARTESIAN_POINT('Ctrl Pts',(6.34808351636905,3.90000000000001,11.1769983628455));
#5609=CARTESIAN_POINT('Ctrl Pts',(6.3948668666028,3.89999999999995,11.1188745176213));
#5610=CARTESIAN_POINT('Ctrl Pts',(6.3948668666028,4.27324214156639,11.1188745176213));
#5611=CARTESIAN_POINT('Ctrl Pts',(6.22424408649737,5.01927278113266,11.1188745176213));
#5612=CARTESIAN_POINT('Ctrl Pts',(5.50891780007559,5.91762800737892,11.1188745176213));
#5613=CARTESIAN_POINT('Ctrl Pts',(4.47401454979464,6.41509167614549,11.1188745176213));
#5614=CARTESIAN_POINT('Ctrl Pts',(3.32593138629572,6.41566198960042,11.1188745176213));
#5615=CARTESIAN_POINT('Ctrl Pts',(2.2911581331019,5.91721100791377,11.1188745176213));
#5616=CARTESIAN_POINT('Ctrl Pts',(1.6949876679456,5.16917497861242,11.1188745176213));
#5617=CARTESIAN_POINT('Ctrl Pts',(1.38456245241718,4.28248363986143,11.1188745176213));
#5618=CARTESIAN_POINT('Ctrl Pts',(1.38457114860631,3.51754982557093,11.1188745176213));
#5619=CARTESIAN_POINT('Ctrl Pts',(1.69499040021403,2.63082095003523,11.1188745176213));
#5620=CARTESIAN_POINT('Ctrl Pts',(2.29123042017933,1.88299584445979,11.1188745176213));
#5621=CARTESIAN_POINT('Ctrl Pts',(3.32591732635151,1.38417130601814,11.1188745176213));
#5622=CARTESIAN_POINT('Ctrl Pts',(4.47401645612102,1.38480557270836,11.1188745176213));
#5623=CARTESIAN_POINT('Ctrl Pts',(5.50886157387672,1.88241501333533,11.1188745176213));
#5624=CARTESIAN_POINT('Ctrl Pts',(6.22424898246176,2.78070447033673,11.1188745176213));
#5625=CARTESIAN_POINT('Ctrl Pts',(6.39486686660278,3.52675785843356,11.1188745176213));
#5626=CARTESIAN_POINT('Ctrl Pts',(6.39486686660278,3.90000000000001,11.1188745176213));
#5627=CARTESIAN_POINT('Ctrl Pts',(6.4,3.89999999999995,11.1040406101782));
#5628=CARTESIAN_POINT('Ctrl Pts',(6.4,4.27388125446178,11.1040406101782));
#5629=CARTESIAN_POINT('Ctrl Pts',(6.22895474935824,5.02141924999006,11.1040406101782));
#5630=CARTESIAN_POINT('Ctrl Pts',(5.51206690024004,5.92148326748236,11.1040406101782));
#5631=CARTESIAN_POINT('Ctrl Pts',(4.47518416199453,6.42000503872585,11.1040406101782));
#5632=CARTESIAN_POINT('Ctrl Pts',(3.32484113897809,6.42047204957326,11.1040406101782));
#5633=CARTESIAN_POINT('Ctrl Pts',(2.28808320533409,5.921151264604,11.1040406101782));
#5634=CARTESIAN_POINT('Ctrl Pts',(1.6907425814708,5.17159863577204,11.1040406101782));
#5635=CARTESIAN_POINT('Ctrl Pts',(1.37970264587378,4.28321349395111,11.1040406101782));
#5636=CARTESIAN_POINT('Ctrl Pts',(1.37970340841127,3.5168354540521,11.1040406101782));
#5637=CARTESIAN_POINT('Ctrl Pts',(1.69074591503304,2.62841307596068,11.1040406101782));
#5638=CARTESIAN_POINT('Ctrl Pts',(2.28809131196409,1.87909609496642,11.1040406101782));
#5639=CARTESIAN_POINT('Ctrl Pts',(3.32485389904229,1.37938489847158,11.1040406101782));
#5640=CARTESIAN_POINT('Ctrl Pts',(4.47518095444805,1.37991963724238,11.1040406101782));
#5641=CARTESIAN_POINT('Ctrl Pts',(5.51206969776532,1.8785952862217,11.1040406101782));
#5642=CARTESIAN_POINT('Ctrl Pts',(6.22895406167943,2.77855991849316,11.1040406101782));
#5643=CARTESIAN_POINT('Ctrl Pts',(6.4,3.52611874553817,11.1040406101782));
#5644=CARTESIAN_POINT('Ctrl Pts',(6.4,3.9,11.1040406101782));
#5645=CARTESIAN_POINT('Ctrl Pts',(6.4,3.89999999999995,11.1));
#5646=CARTESIAN_POINT('Ctrl Pts',(6.4,4.27399735308145,11.1));
#5647=CARTESIAN_POINT('Ctrl Pts',(6.22901911227586,5.02156020914627,11.1));
#5648=CARTESIAN_POINT('Ctrl Pts',(5.51221218747181,5.92174999548135,11.1));
#5649=CARTESIAN_POINT('Ctrl Pts',(4.4751944448939,6.42024060092523,11.1));
#5650=CARTESIAN_POINT('Ctrl Pts',(3.32475923101081,6.42080176712255,11.1));
#5651=CARTESIAN_POINT('Ctrl Pts',(2.28787121362472,5.92134061919261,11.1));
#5652=CARTESIAN_POINT('Ctrl Pts',(1.69047971722185,5.17176774181301,11.1));
#5653=CARTESIAN_POINT('Ctrl Pts',(1.37941817684631,4.28326495110933,11.1));
#5654=CARTESIAN_POINT('Ctrl Pts',(1.37942610543426,3.51677010582166,11.1));
#5655=CARTESIAN_POINT('Ctrl Pts',(1.69048251395535,2.62822973841774,11.1));
#5656=CARTESIAN_POINT('Ctrl Pts',(2.28793729467241,1.87887061823695,11.1));
#5657=CARTESIAN_POINT('Ctrl Pts',(3.32474779441122,1.3790335558931,11.1));
#5658=CARTESIAN_POINT('Ctrl Pts',(4.47519584958103,1.37965916679234,11.1));
#5659=CARTESIAN_POINT('Ctrl Pts',(5.51216168767626,1.87829661513021,11.1));
#5660=CARTESIAN_POINT('Ctrl Pts',(6.22902346573822,2.77841718951436,11.1));
#5661=CARTESIAN_POINT('Ctrl Pts',(6.4,3.52600264691851,11.1));
#5662=CARTESIAN_POINT('Ctrl Pts',(6.4,3.9,11.1));
#5663=CARTESIAN_POINT('',(6.20000000000005,3.9,11.3));
#5664=CARTESIAN_POINT('',(6.4,3.89999999999995,11.1));
#5665=CARTESIAN_POINT('Ctrl Pts',(6.20000000000042,3.89999999999999,11.3));
#5666=CARTESIAN_POINT('Ctrl Pts',(6.20538748023802,3.89999999999999,11.3));
#5667=CARTESIAN_POINT('Ctrl Pts',(6.2245687046394,3.89999999999999,11.2913513545358));
#5668=CARTESIAN_POINT('Ctrl Pts',(6.28624320069837,3.89999999999997,11.2388606535667));
#5669=CARTESIAN_POINT('Ctrl Pts',(6.34808351636915,3.89999999999996,11.1769983628455));
#5670=CARTESIAN_POINT('Ctrl Pts',(6.3948668666028,3.89999999999995,11.1188745176213));
#5671=CARTESIAN_POINT('Ctrl Pts',(6.4,3.89999999999995,11.1040406101782));
#5672=CARTESIAN_POINT('Ctrl Pts',(6.4,3.89999999999995,11.1));
#5673=CARTESIAN_POINT('Ctrl Pts',(6.4,3.9,11.1));
#5674=CARTESIAN_POINT('Ctrl Pts',(6.4,4.17557699700742,11.1));
#5675=CARTESIAN_POINT('Ctrl Pts',(6.35402356311229,4.45110100050818,11.1));
#5676=CARTESIAN_POINT('Ctrl Pts',(6.12137437103632,5.12878494621555,11.1));
#5677=CARTESIAN_POINT('Ctrl Pts',(5.86556075394195,5.50654489057125,11.1));
#5678=CARTESIAN_POINT('Ctrl Pts',(5.1246131639382,6.14468999949512,11.1));
#5679=CARTESIAN_POINT('Ctrl Pts',(4.60227460360634,6.35868268828681,11.1));
#5680=CARTESIAN_POINT('Ctrl Pts',(3.51652098803035,6.43116433173798,11.1));
#5681=CARTESIAN_POINT('Ctrl Pts',(2.95567229097341,6.27951551829592,11.1));
#5682=CARTESIAN_POINT('Ctrl Pts',(2.0028456606902,5.6348835087729,11.1));
#5683=CARTESIAN_POINT('Ctrl Pts',(1.63437093033225,5.11488276333002,11.1));
#5684=CARTESIAN_POINT('Ctrl Pts',(1.31608958052847,3.90367366561793,11.1));
#5685=CARTESIAN_POINT('Ctrl Pts',(1.41057232650729,3.20764448275261,11.1));
#5686=CARTESIAN_POINT('Ctrl Pts',(2.07877348294791,2.05882511720361,11.1));
#5687=CARTESIAN_POINT('Ctrl Pts',(2.66527187539215,1.62354709108833,11.1));
#5688=CARTESIAN_POINT('Ctrl Pts',(3.98879645090855,1.30953257789683,11.1));
#5689=CARTESIAN_POINT('Ctrl Pts',(4.71810630276435,1.44050626060831,11.1));
#5690=CARTESIAN_POINT('Ctrl Pts',(5.9685046146296,2.27470261022238,11.1));
#5691=CARTESIAN_POINT('Ctrl Pts',(6.4,3.08128470854084,11.1));
#5692=CARTESIAN_POINT('Ctrl Pts',(6.4,3.9,11.1));
#5693=CARTESIAN_POINT('Ctrl Pts',(6.20000000000005,3.9,11.3));
#5694=CARTESIAN_POINT('Ctrl Pts',(6.20000000000005,3.55592243516502,11.3));
#5695=CARTESIAN_POINT('Ctrl Pts',(6.04270158847919,2.86814381435321,11.3));
#5696=CARTESIAN_POINT('Ctrl Pts',(5.38318875266218,2.04003288591979,11.3));
#5697=CARTESIAN_POINT('Ctrl Pts',(4.42918018161455,1.58128643344895,11.3));
#5698=CARTESIAN_POINT('Ctrl Pts',(3.37076797085832,1.58071087142165,11.3));
#5699=CARTESIAN_POINT('Ctrl Pts',(2.4169023110986,2.040560968778,11.3));
#5700=CARTESIAN_POINT('Ctrl Pts',(1.86724391283889,2.72997135934433,11.3));
#5701=CARTESIAN_POINT('Ctrl Pts',(1.58107201699946,3.54742849735594,11.3));
#5702=CARTESIAN_POINT('Ctrl Pts',(1.58106472269854,4.2526037550206,11.3));
#5703=CARTESIAN_POINT('Ctrl Pts',(1.86724133984404,5.07002632246801,11.3));
#5704=CARTESIAN_POINT('Ctrl Pts',(2.4168415165347,5.75963336965726,11.3));
#5705=CARTESIAN_POINT('Ctrl Pts',(3.37077849252999,6.21913762575279,11.3));
#5706=CARTESIAN_POINT('Ctrl Pts',(4.42917888930249,6.21862135285127,11.3));
#5707=CARTESIAN_POINT('Ctrl Pts',(5.38323521247429,5.76000999584291,11.3));
#5708=CARTESIAN_POINT('Ctrl Pts',(6.04269758329438,4.93183539241481,11.3));
#5709=CARTESIAN_POINT('Ctrl Pts',(6.20000000000042,4.24407756483497,11.3));
#5710=CARTESIAN_POINT('Ctrl Pts',(6.20000000000042,3.89999999999999,11.3));
#5711=CARTESIAN_POINT('Origin',(3.9,3.9,9.6));
#5712=CARTESIAN_POINT('',(6.4,3.9,9.6));
#5713=CARTESIAN_POINT('Origin',(3.9,3.9,11.3));
#5714=CARTESIAN_POINT('Origin',(7.9,7.9,8.11));
#5715=CARTESIAN_POINT('',(5.75000000000001,7.9,8.11));
#5716=CARTESIAN_POINT('',(5.75000000000001,7.9,8.11));
#5717=CARTESIAN_POINT('Origin',(7.9,7.9,8.11));
#5718=CARTESIAN_POINT('Origin',(15.9,7.9,8.11));
#5719=CARTESIAN_POINT('',(13.75,7.9,8.11));
#5720=CARTESIAN_POINT('',(13.75,7.9,8.11));
#5721=CARTESIAN_POINT('Origin',(15.9,7.9,8.11));
#5722=CARTESIAN_POINT('Origin',(15.9,7.9,8.11));
#5723=CARTESIAN_POINT('Origin',(15.9,7.9,8.11));
#5724=CARTESIAN_POINT('Origin',(23.9,7.9,8.11));
#5725=CARTESIAN_POINT('',(21.75,7.9,8.11));
#5726=CARTESIAN_POINT('',(21.75,7.9,8.11));
#5727=CARTESIAN_POINT('Origin',(23.9,7.9,8.11));
#5728=CARTESIAN_POINT('Origin',(15.9,7.9,8.11));
#5729=CARTESIAN_POINT('Origin',(27.9,3.9,9.6));
#5730=CARTESIAN_POINT('',(28.91,3.9,8.11));
#5731=CARTESIAN_POINT('Origin',(27.9,3.9,8.11));
#5732=CARTESIAN_POINT('',(28.91,3.9,9.81));
#5733=CARTESIAN_POINT('',(28.91,3.9,9.6));
#5734=CARTESIAN_POINT('Origin',(27.9,3.9,9.81));
#5735=CARTESIAN_POINT('Origin',(27.9,3.9,9.81));
#5736=CARTESIAN_POINT('Origin',(19.9,3.9,9.6));
#5737=CARTESIAN_POINT('',(20.91,3.9,8.11));
#5738=CARTESIAN_POINT('Origin',(19.9,3.9,8.11));
#5739=CARTESIAN_POINT('',(20.91,3.9,9.81));
#5740=CARTESIAN_POINT('',(20.91,3.9,9.6));
#5741=CARTESIAN_POINT('Origin',(19.9,3.9,9.81));
#5742=CARTESIAN_POINT('Origin',(19.9,3.9,9.81));
#5743=CARTESIAN_POINT('Origin',(11.9,3.9,9.6));
#5744=CARTESIAN_POINT('',(12.91,3.9,8.11));
#5745=CARTESIAN_POINT('Origin',(11.9,3.9,8.11));
#5746=CARTESIAN_POINT('',(12.91,3.9,9.81));
#5747=CARTESIAN_POINT('',(12.91,3.9,9.6));
#5748=CARTESIAN_POINT('Origin',(11.9,3.9,9.81));
#5749=CARTESIAN_POINT('Origin',(11.9,3.9,9.81));
#5750=CARTESIAN_POINT('Origin',(3.9,3.9,9.6));
#5751=CARTESIAN_POINT('',(4.91,3.9,8.11));
#5752=CARTESIAN_POINT('Origin',(3.9,3.9,8.11));
#5753=CARTESIAN_POINT('',(4.91,3.9,9.81));
#5754=CARTESIAN_POINT('',(4.91,3.9,9.6));
#5755=CARTESIAN_POINT('Origin',(3.9,3.9,9.81));
#5756=CARTESIAN_POINT('Origin',(3.9,3.9,9.81));
#5757=CARTESIAN_POINT('Origin',(27.9,11.9,9.6));
#5758=CARTESIAN_POINT('',(28.91,11.9,8.11));
#5759=CARTESIAN_POINT('Origin',(27.9,11.9,8.11));
#5760=CARTESIAN_POINT('',(28.91,11.9,9.81));
#5761=CARTESIAN_POINT('',(28.91,11.9,9.6));
#5762=CARTESIAN_POINT('Origin',(27.9,11.9,9.81));
#5763=CARTESIAN_POINT('Origin',(27.9,11.9,9.81));
#5764=CARTESIAN_POINT('Origin',(19.9,11.9,9.6));
#5765=CARTESIAN_POINT('',(20.91,11.9,8.11));
#5766=CARTESIAN_POINT('Origin',(19.9,11.9,8.11));
#5767=CARTESIAN_POINT('',(20.91,11.9,9.81));
#5768=CARTESIAN_POINT('',(20.91,11.9,9.6));
#5769=CARTESIAN_POINT('Origin',(19.9,11.9,9.81));
#5770=CARTESIAN_POINT('Origin',(19.9,11.9,9.81));
#5771=CARTESIAN_POINT('Origin',(11.9,11.9,9.6));
#5772=CARTESIAN_POINT('',(12.91,11.9,8.11));
#5773=CARTESIAN_POINT('Origin',(11.9,11.9,8.11));
#5774=CARTESIAN_POINT('',(12.91,11.9,9.81));
#5775=CARTESIAN_POINT('',(12.91,11.9,9.6));
#5776=CARTESIAN_POINT('Origin',(11.9,11.9,9.81));
#5777=CARTESIAN_POINT('Origin',(11.9,11.9,9.81));
#5778=CARTESIAN_POINT('Origin',(3.9,11.9,9.6));
#5779=CARTESIAN_POINT('',(4.91,11.9,8.11));
#5780=CARTESIAN_POINT('Origin',(3.9,11.9,8.11));
#5781=CARTESIAN_POINT('',(4.91,11.9,9.81));
#5782=CARTESIAN_POINT('',(4.91,11.9,9.6));
#5783=CARTESIAN_POINT('Origin',(3.9,11.9,9.81));
#5784=CARTESIAN_POINT('Origin',(3.9,11.9,9.81));
#5785=CARTESIAN_POINT('Origin',(31.8,14.31,0.));
#5786=CARTESIAN_POINT('',(30.31,14.31,0.));
#5787=CARTESIAN_POINT('',(1.49,14.31,0.));
#5788=CARTESIAN_POINT('',(23.85,14.31,0.));
#5789=CARTESIAN_POINT('',(30.31,14.31,8.11));
#5790=CARTESIAN_POINT('',(30.31,14.31,0.));
#5791=CARTESIAN_POINT('',(1.49,14.31,8.11));
#5792=CARTESIAN_POINT('',(23.85,14.31,8.11));
#5793=CARTESIAN_POINT('',(1.49,14.31,0.));
#5794=CARTESIAN_POINT('Origin',(30.31,0.,0.));
#5795=CARTESIAN_POINT('',(30.31,1.49,0.));
#5796=CARTESIAN_POINT('',(30.31,3.95,0.));
#5797=CARTESIAN_POINT('',(30.31,1.49,8.11));
#5798=CARTESIAN_POINT('',(30.31,1.49,0.));
#5799=CARTESIAN_POINT('',(30.31,3.95,8.11));
#5800=CARTESIAN_POINT('Origin',(0.,1.49,0.));
#5801=CARTESIAN_POINT('',(1.49,1.49,0.));
#5802=CARTESIAN_POINT('',(7.95,1.49,0.));
#5803=CARTESIAN_POINT('',(1.49,1.49,8.11));
#5804=CARTESIAN_POINT('',(1.49,1.49,0.));
#5805=CARTESIAN_POINT('',(7.95,1.49,8.11));
#5806=CARTESIAN_POINT('Origin',(1.49,15.8,0.));
#5807=CARTESIAN_POINT('',(1.49,11.85,0.));
#5808=CARTESIAN_POINT('',(1.49,11.85,8.11));
#5809=CARTESIAN_POINT('Origin',(15.9,7.9,8.11));
#5810=CARTESIAN_POINT('Origin',(31.8,15.8,0.));
#5811=CARTESIAN_POINT('',(31.8,15.8,0.));
#5812=CARTESIAN_POINT('Origin',(0.,15.8,0.));
#5813=CARTESIAN_POINT('',(0.,15.8,0.));
#5814=CARTESIAN_POINT('Origin',(15.9,7.9,0.));
#5815=CARTESIAN_POINT('',(0.,0.,0.));
#5816=UNCERTAINTY_MEASURE_WITH_UNIT(LENGTH_MEASURE(0.01),#5822,
'DISTANCE_ACCURACY_VALUE',
'Maximum model space distance between geometric entities at asserted c
onnectivities');
#5817=UNCERTAINTY_MEASURE_WITH_UNIT(LENGTH_MEASURE(0.01),#5822,
'DISTANCE_ACCURACY_VALUE',
'Maximum model space distance between geometric entities at asserted c
onnectivities');
#5818=UNCERTAINTY_MEASURE_WITH_UNIT(LENGTH_MEASURE(0.01),#5822,
'DISTANCE_ACCURACY_VALUE',
'Maximum model space distance between geometric entities at asserted c
onnectivities');
#5819=(
GEOMETRIC_REPRESENTATION_CONTEXT(3)
GLOBAL_UNCERTAINTY_ASSIGNED_CONTEXT((#5816))
GLOBAL_UNIT_ASSIGNED_CONTEXT((#5822,#5824,#5825))
REPRESENTATION_CONTEXT('','3D')
);
#5820=(
GEOMETRIC_REPRESENTATION_CONTEXT(3)
GLOBAL_UNCERTAINTY_ASSIGNED_CONTEXT((#5817))
GLOBAL_UNIT_ASSIGNED_CONTEXT((#5822,#5824,#5825))
REPRESENTATION_CONTEXT('','3D')
);
#5821=(
GEOMETRIC_REPRESENTATION_CONTEXT(3)
GLOBAL_UNCERTAINTY_ASSIGNED_CONTEXT((#5818))
GLOBAL_UNIT_ASSIGNED_CONTEXT((#5822,#5824,#5825))
REPRESENTATION_CONTEXT('','3D')
);
#5822=(
LENGTH_UNIT()
NAMED_UNIT(*)
SI_UNIT(.MILLI.,.METRE.)
);
#5823=(
LENGTH_UNIT()
NAMED_UNIT(*)
SI_UNIT($,.METRE.)
);
#5824=(
NAMED_UNIT(*)
PLANE_ANGLE_UNIT()
SI_UNIT($,.RADIAN.)
);
#5825=(
NAMED_UNIT(*)
SI_UNIT($,.STERADIAN.)
SOLID_ANGLE_UNIT()
);
#5826=SHAPE_DEFINITION_REPRESENTATION(#5828,#5831);
#5827=SHAPE_DEFINITION_REPRESENTATION(#5829,#5832);
#5828=PRODUCT_DEFINITION_SHAPE('',$,#5834);
#5829=PRODUCT_DEFINITION_SHAPE('',$,#5835);
#5830=PRODUCT_DEFINITION_SHAPE($,$,#14);
#5831=SHAPE_REPRESENTATION('',(#1415,#1529),#5819);
#5832=SHAPE_REPRESENTATION('',(#1416),#5820);
#5833=PRODUCT_DEFINITION_CONTEXT('part definition',#5841,'design');
#5834=PRODUCT_DEFINITION('2026-09-24-18-42-07-072','Toy Block',#5836,#5833);
#5835=PRODUCT_DEFINITION('2026-09-24-18-43-48-440','Toy Block (1)',#5837,
#5833);
#5836=PRODUCT_DEFINITION_FORMATION('',$,#5843);
#5837=PRODUCT_DEFINITION_FORMATION('',$,#5844);
#5838=PRODUCT_RELATED_PRODUCT_CATEGORY('Toy Block','Toy Block',(#5843));
#5839=PRODUCT_RELATED_PRODUCT_CATEGORY('Toy Block (1)','Toy Block (1)',
(#5844));
#5840=APPLICATION_PROTOCOL_DEFINITION('international standard',
'automotive_design',2009,#5841);
#5841=APPLICATION_CONTEXT(
'Core Data for Automotive Mechanical Design Process');
#5842=PRODUCT_CONTEXT('part definition',#5841,'mechanical');
#5843=PRODUCT('2026-09-24-18-42-07-072','Toy Block',$,(#5842));
#5844=PRODUCT('2026-09-24-18-43-48-440','Toy Block (1)',$,(#5842));
#5845=PRESENTATION_STYLE_ASSIGNMENT((#5846));
#5846=SURFACE_STYLE_USAGE(.BOTH.,#5847);
#5847=SURFACE_SIDE_STYLE('',(#5848));
#5848=SURFACE_STYLE_FILL_AREA(#5849);
#5849=FILL_AREA_STYLE('Steel - Satin',(#5850));
#5850=FILL_AREA_STYLE_COLOUR('Steel - Satin',#5851);
#5851=COLOUR_RGB('Steel - Satin',0.627450980392157,0.627450980392157,0.627450980392157);
ENDSEC;
END-ISO-10303-21;
