ISO-10303-21;
HEADER;
/* Generated by software containing ST-Developer
 * from STEP Tools, Inc. (www.steptools.com) 
 */

FILE_DESCRIPTION(
/* description */ (''),
/* implementation_level */ '2;1');

FILE_NAME(
/* name */ 'Bottle.step',
/* time_stamp */ '2026-09-26T21:05:46-04:00',
/* author */ (''),
/* organization */ (''),
/* preprocessor_version */ 'ST-DEVELOPER v20.2',
/* originating_system */ 'Autodesk Translation Framework v15.15.0.0',
/* authorisation */ '');

FILE_SCHEMA (('AUTOMOTIVE_DESIGN { 1 0 10303 214 3 1 1 }'));
ENDSEC;

DATA;
#10=MECHANICAL_DESIGN_GEOMETRIC_PRESENTATION_REPRESENTATION('',(#13),#2393);
#11=SHAPE_REPRESENTATION_RELATIONSHIP('SRR','None',#2400,#12);
#12=ADVANCED_BREP_SHAPE_REPRESENTATION('',(#14),#2392);
#13=STYLED_ITEM('',(#2410),#14);
#14=MANIFOLD_SOLID_BREP('Body1',#181);
#15=LINE('',#1413,#17);
#16=LINE('',#2389,#18);
#17=VECTOR('',#236,30.);
#18=VECTOR('',#249,30.);
#19=CYLINDRICAL_SURFACE('',#205,27.5);
#20=CYLINDRICAL_SURFACE('',#211,30.);
#21=TOROIDAL_SURFACE('',#200,25.,2.5);
#22=TOROIDAL_SURFACE('',#206,25.,5.);
#23=FACE_BOUND('',#48,.T.);
#24=PLANE('',#198);
#25=PLANE('',#204);
#26=PLANE('',#210);
#27=(
BOUNDED_CURVE()
B_SPLINE_CURVE(5,(#852,#853,#854,#855,#856,#857,#858,#859,#860,#861,#862,
#863,#864,#865,#866,#867,#868,#869,#870,#871,#872,#873,#874,#875,#876,#877,
#878,#879,#880,#881,#882,#883,#884,#885,#886,#887,#888,#889,#890,#891,#892,
#893,#894,#895,#896,#897,#898,#899,#900,#901,#902,#903,#904,#905,#906),
 .UNSPECIFIED.,.F.,.F.)
B_SPLINE_CURVE_WITH_KNOTS((6,1,1,1,1,1,1,1,1,1,1,1,1,1,1,1,1,1,1,1,1,1,
1,1,1,1,1,1,1,1,1,1,1,1,1,1,1,1,1,1,1,1,1,1,1,1,1,1,1,1,6),(0.,0.02,0.04,
0.06,0.08,0.1,0.12,0.14,0.16,0.18,0.2,0.22,0.24,0.26,0.28,0.3,0.32,0.34,
0.36,0.38,0.4,0.42,0.44,0.46,0.48,0.5,0.52,0.54,0.56,0.58,0.6,0.62,0.64,
0.66,0.68,0.7,0.72,0.74,0.76,0.78,0.8,0.82,0.84,0.86,0.88,0.9,0.92,0.940000000000001,
0.960000000000001,0.980000000000001,0.993057660517177),.UNSPECIFIED.)
CURVE()
GEOMETRIC_REPRESENTATION_ITEM()
RATIONAL_B_SPLINE_CURVE((1.,1.,1.,1.,1.,1.,1.,1.,1.,1.,1.,1.,1.,1.,1.,1.,
1.,1.,1.,1.,1.,1.,1.,1.,1.,1.,1.,1.,1.,1.,1.,1.,1.,1.,1.,1.,1.,1.,1.,1.,
1.,1.,1.,1.,1.,1.,1.,1.,1.,1.,1.,1.,1.,1.,1.))
REPRESENTATION_ITEM('')
);
#28=(
BOUNDED_SURFACE()
B_SPLINE_SURFACE(5,2,((#356,#357,#358,#359,#360,#361,#362,#363,#364),(#365,
#366,#367,#368,#369,#370,#371,#372,#373),(#374,#375,#376,#377,#378,#379,
#380,#381,#382),(#383,#384,#385,#386,#387,#388,#389,#390,#391),(#392,#393,
#394,#395,#396,#397,#398,#399,#400),(#401,#402,#403,#404,#405,#406,#407,
#408,#409),(#410,#411,#412,#413,#414,#415,#416,#417,#418),(#419,#420,#421,
#422,#423,#424,#425,#426,#427),(#428,#429,#430,#431,#432,#433,#434,#435,
#436),(#437,#438,#439,#440,#441,#442,#443,#444,#445),(#446,#447,#448,#449,
#450,#451,#452,#453,#454),(#455,#456,#457,#458,#459,#460,#461,#462,#463),
(#464,#465,#466,#467,#468,#469,#470,#471,#472),(#473,#474,#475,#476,#477,
#478,#479,#480,#481),(#482,#483,#484,#485,#486,#487,#488,#489,#490),(#491,
#492,#493,#494,#495,#496,#497,#498,#499),(#500,#501,#502,#503,#504,#505,
#506,#507,#508),(#509,#510,#511,#512,#513,#514,#515,#516,#517),(#518,#519,
#520,#521,#522,#523,#524,#525,#526),(#527,#528,#529,#530,#531,#532,#533,
#534,#535),(#536,#537,#538,#539,#540,#541,#542,#543,#544),(#545,#546,#547,
#548,#549,#550,#551,#552,#553),(#554,#555,#556,#557,#558,#559,#560,#561,
#562),(#563,#564,#565,#566,#567,#568,#569,#570,#571),(#572,#573,#574,#575,
#576,#577,#578,#579,#580),(#581,#582,#583,#584,#585,#586,#587,#588,#589),
(#590,#591,#592,#593,#594,#595,#596,#597,#598),(#599,#600,#601,#602,#603,
#604,#605,#606,#607),(#608,#609,#610,#611,#612,#613,#614,#615,#616),(#617,
#618,#619,#620,#621,#622,#623,#624,#625),(#626,#627,#628,#629,#630,#631,
#632,#633,#634),(#635,#636,#637,#638,#639,#640,#641,#642,#643),(#644,#645,
#646,#647,#648,#649,#650,#651,#652),(#653,#654,#655,#656,#657,#658,#659,
#660,#661),(#662,#663,#664,#665,#666,#667,#668,#669,#670),(#671,#672,#673,
#674,#675,#676,#677,#678,#679),(#680,#681,#682,#683,#684,#685,#686,#687,
#688),(#689,#690,#691,#692,#693,#694,#695,#696,#697),(#698,#699,#700,#701,
#702,#703,#704,#705,#706),(#707,#708,#709,#710,#711,#712,#713,#714,#715),
(#716,#717,#718,#719,#720,#721,#722,#723,#724),(#725,#726,#727,#728,#729,
#730,#731,#732,#733),(#734,#735,#736,#737,#738,#739,#740,#741,#742),(#743,
#744,#745,#746,#747,#748,#749,#750,#751),(#752,#753,#754,#755,#756,#757,
#758,#759,#760),(#761,#762,#763,#764,#765,#766,#767,#768,#769),(#770,#771,
#772,#773,#774,#775,#776,#777,#778),(#779,#780,#781,#782,#783,#784,#785,
#786,#787),(#788,#789,#790,#791,#792,#793,#794,#795,#796),(#797,#798,#799,
#800,#801,#802,#803,#804,#805),(#806,#807,#808,#809,#810,#811,#812,#813,
#814),(#815,#816,#817,#818,#819,#820,#821,#822,#823),(#824,#825,#826,#827,
#828,#829,#830,#831,#832),(#833,#834,#835,#836,#837,#838,#839,#840,#841),
(#842,#843,#844,#845,#846,#847,#848,#849,#850)),.UNSPECIFIED.,.F.,.T.,.F.)
B_SPLINE_SURFACE_WITH_KNOTS((6,1,1,1,1,1,1,1,1,1,1,1,1,1,1,1,1,1,1,1,1,
1,1,1,1,1,1,1,1,1,1,1,1,1,1,1,1,1,1,1,1,1,1,1,1,1,1,1,1,1,6),(3,2,2,2,3),
(-1.,-0.980000000000001,-0.960000000000001,-0.940000000000001,-0.92,-0.9,
-0.88,-0.86,-0.84,-0.82,-0.8,-0.78,-0.76,-0.74,-0.72,-0.7,-0.68,-0.66,-0.64,
-0.62,-0.6,-0.58,-0.56,-0.54,-0.52,-0.5,-0.48,-0.46,-0.44,-0.42,-0.4,-0.38,
-0.36,-0.34,-0.32,-0.3,-0.28,-0.26,-0.24,-0.22,-0.2,-0.18,-0.16,-0.14,-0.12,
-0.1,-0.08,-0.06,-0.04,-0.02,0.),(0.,1.5707963267949,3.14159265358979,4.71238898038469,
6.28318530717959),.UNSPECIFIED.)
GEOMETRIC_REPRESENTATION_ITEM()
RATIONAL_B_SPLINE_SURFACE(((1.,0.707106781186548,1.,0.707106781186548,1.,
0.707106781186548,1.,0.707106781186548,1.),(1.,0.707106781186548,1.,0.707106781186548,
1.,0.707106781186548,1.,0.707106781186548,1.),(1.,0.707106781186548,1.,
0.707106781186548,1.,0.707106781186548,1.,0.707106781186548,1.),(1.,0.707106781186548,
1.,0.707106781186548,1.,0.707106781186548,1.,0.707106781186548,1.),(1.,
0.707106781186548,1.,0.707106781186548,1.,0.707106781186548,1.,0.707106781186548,
1.),(1.,0.707106781186548,1.,0.707106781186548,1.,0.707106781186548,1.,
0.707106781186548,1.),(1.,0.707106781186548,1.,0.707106781186548,1.,0.707106781186548,
1.,0.707106781186548,1.),(1.,0.707106781186548,1.,0.707106781186548,1.,
0.707106781186548,1.,0.707106781186548,1.),(1.,0.707106781186548,1.,0.707106781186548,
1.,0.707106781186548,1.,0.707106781186548,1.),(1.,0.707106781186548,1.,
0.707106781186548,1.,0.707106781186548,1.,0.707106781186548,1.),(1.,0.707106781186548,
1.,0.707106781186548,1.,0.707106781186548,1.,0.707106781186548,1.),(1.,
0.707106781186548,1.,0.707106781186548,1.,0.707106781186548,1.,0.707106781186548,
1.),(1.,0.707106781186548,1.,0.707106781186548,1.,0.707106781186548,1.,
0.707106781186548,1.),(1.,0.707106781186548,1.,0.707106781186548,1.,0.707106781186548,
1.,0.707106781186548,1.),(1.,0.707106781186548,1.,0.707106781186548,1.,
0.707106781186548,1.,0.707106781186548,1.),(1.,0.707106781186548,1.,0.707106781186548,
1.,0.707106781186548,1.,0.707106781186548,1.),(1.,0.707106781186548,1.,
0.707106781186548,1.,0.707106781186548,1.,0.707106781186548,1.),(1.,0.707106781186548,
1.,0.707106781186548,1.,0.707106781186548,1.,0.707106781186548,1.),(1.,
0.707106781186548,1.,0.707106781186548,1.,0.707106781186548,1.,0.707106781186548,
1.),(1.,0.707106781186548,1.,0.707106781186548,1.,0.707106781186548,1.,
0.707106781186548,1.),(1.,0.707106781186548,1.,0.707106781186548,1.,0.707106781186548,
1.,0.707106781186548,1.),(1.,0.707106781186548,1.,0.707106781186548,1.,
0.707106781186548,1.,0.707106781186548,1.),(1.,0.707106781186548,1.,0.707106781186548,
1.,0.707106781186548,1.,0.707106781186548,1.),(1.,0.707106781186548,1.,
0.707106781186548,1.,0.707106781186548,1.,0.707106781186548,1.),(1.,0.707106781186548,
1.,0.707106781186548,1.,0.707106781186548,1.,0.707106781186548,1.),(1.,
0.707106781186548,1.,0.707106781186548,1.,0.707106781186548,1.,0.707106781186548,
1.),(1.,0.707106781186548,1.,0.707106781186548,1.,0.707106781186548,1.,
0.707106781186548,1.),(1.,0.707106781186548,1.,0.707106781186548,1.,0.707106781186548,
1.,0.707106781186548,1.),(1.,0.707106781186548,1.,0.707106781186548,1.,
0.707106781186548,1.,0.707106781186548,1.),(1.,0.707106781186548,1.,0.707106781186548,
1.,0.707106781186548,1.,0.707106781186548,1.),(1.,0.707106781186548,1.,
0.707106781186548,1.,0.707106781186548,1.,0.707106781186548,1.),(1.,0.707106781186548,
1.,0.707106781186548,1.,0.707106781186548,1.,0.707106781186548,1.),(1.,
0.707106781186548,1.,0.707106781186548,1.,0.707106781186548,1.,0.707106781186548,
1.),(1.,0.707106781186548,1.,0.707106781186548,1.,0.707106781186548,1.,
0.707106781186548,1.),(1.,0.707106781186548,1.,0.707106781186548,1.,0.707106781186548,
1.,0.707106781186548,1.),(1.,0.707106781186548,1.,0.707106781186548,1.,
0.707106781186548,1.,0.707106781186548,1.),(1.,0.707106781186548,1.,0.707106781186548,
1.,0.707106781186548,1.,0.707106781186548,1.),(1.,0.707106781186548,1.,
0.707106781186548,1.,0.707106781186548,1.,0.707106781186548,1.),(1.,0.707106781186548,
1.,0.707106781186548,1.,0.707106781186548,1.,0.707106781186548,1.),(1.,
0.707106781186548,1.,0.707106781186548,1.,0.707106781186548,1.,0.707106781186548,
1.),(1.,0.707106781186548,1.,0.707106781186548,1.,0.707106781186548,1.,
0.707106781186548,1.),(1.,0.707106781186548,1.,0.707106781186548,1.,0.707106781186548,
1.,0.707106781186548,1.),(1.,0.707106781186548,1.,0.707106781186548,1.,
0.707106781186548,1.,0.707106781186548,1.),(1.,0.707106781186548,1.,0.707106781186548,
1.,0.707106781186548,1.,0.707106781186548,1.),(1.,0.707106781186548,1.,
0.707106781186548,1.,0.707106781186548,1.,0.707106781186548,1.),(1.,0.707106781186548,
1.,0.707106781186548,1.,0.707106781186548,1.,0.707106781186548,1.),(1.,
0.707106781186548,1.,0.707106781186548,1.,0.707106781186548,1.,0.707106781186548,
1.),(1.,0.707106781186548,1.,0.707106781186548,1.,0.707106781186548,1.,
0.707106781186548,1.),(1.,0.707106781186548,1.,0.707106781186548,1.,0.707106781186548,
1.,0.707106781186548,1.),(1.,0.707106781186548,1.,0.707106781186548,1.,
0.707106781186548,1.,0.707106781186548,1.),(1.,0.707106781186548,1.,0.707106781186548,
1.,0.707106781186548,1.,0.707106781186548,1.),(1.,0.707106781186548,1.,
0.707106781186548,1.,0.707106781186548,1.,0.707106781186548,1.),(1.,0.707106781186548,
1.,0.707106781186548,1.,0.707106781186548,1.,0.707106781186548,1.),(1.,
0.707106781186548,1.,0.707106781186548,1.,0.707106781186548,1.,0.707106781186548,
1.),(1.,0.707106781186548,1.,0.707106781186548,1.,0.707106781186548,1.,
0.707106781186548,1.)))
REPRESENTATION_ITEM('')
SURFACE()
);
#29=(
BOUNDED_SURFACE()
B_SPLINE_SURFACE(3,2,((#1067,#1068,#1069,#1070,#1071,#1072,#1073,#1074,
#1075),(#1076,#1077,#1078,#1079,#1080,#1081,#1082,#1083,#1084),(#1085,#1086,
#1087,#1088,#1089,#1090,#1091,#1092,#1093),(#1094,#1095,#1096,#1097,#1098,
#1099,#1100,#1101,#1102),(#1103,#1104,#1105,#1106,#1107,#1108,#1109,#1110,
#1111),(#1112,#1113,#1114,#1115,#1116,#1117,#1118,#1119,#1120),(#1121,#1122,
#1123,#1124,#1125,#1126,#1127,#1128,#1129)),.UNSPECIFIED.,.F.,.T.,.F.)
B_SPLINE_SURFACE_WITH_KNOTS((4,3,4),(3,2,2,2,3),(-1.14456221501315,-1.,
-0.974310450644136),(0.,1.5707963267949,3.14159265358979,4.71238898038469,
6.28318530717959),.UNSPECIFIED.)
GEOMETRIC_REPRESENTATION_ITEM()
RATIONAL_B_SPLINE_SURFACE(((1.,0.707106781186548,1.,0.707106781186548,1.,
0.707106781186548,1.,0.707106781186548,1.),(1.,0.707106781186548,1.,0.707106781186548,
1.,0.707106781186548,1.,0.707106781186548,1.),(1.,0.707106781186548,1.,
0.707106781186548,1.,0.707106781186548,1.,0.707106781186548,1.),(1.,0.707106781186548,
1.,0.707106781186548,1.,0.707106781186548,1.,0.707106781186548,1.),(1.,
0.707106781186548,1.,0.707106781186548,1.,0.707106781186548,1.,0.707106781186548,
1.),(1.,0.707106781186548,1.,0.707106781186548,1.,0.707106781186548,1.,
0.707106781186548,1.),(1.,0.707106781186548,1.,0.707106781186548,1.,0.707106781186548,
1.,0.707106781186548,1.)))
REPRESENTATION_ITEM('')
SURFACE()
);
#30=(
BOUNDED_SURFACE()
B_SPLINE_SURFACE(3,2,((#1177,#1178,#1179,#1180,#1181,#1182,#1183,#1184,
#1185),(#1186,#1187,#1188,#1189,#1190,#1191,#1192,#1193,#1194),(#1195,#1196,
#1197,#1198,#1199,#1200,#1201,#1202,#1203),(#1204,#1205,#1206,#1207,#1208,
#1209,#1210,#1211,#1212),(#1213,#1214,#1215,#1216,#1217,#1218,#1219,#1220,
#1221),(#1222,#1223,#1224,#1225,#1226,#1227,#1228,#1229,#1230),(#1231,#1232,
#1233,#1234,#1235,#1236,#1237,#1238,#1239),(#1240,#1241,#1242,#1243,#1244,
#1245,#1246,#1247,#1248),(#1249,#1250,#1251,#1252,#1253,#1254,#1255,#1256,
#1257),(#1258,#1259,#1260,#1261,#1262,#1263,#1264,#1265,#1266),(#1267,#1268,
#1269,#1270,#1271,#1272,#1273,#1274,#1275),(#1276,#1277,#1278,#1279,#1280,
#1281,#1282,#1283,#1284),(#1285,#1286,#1287,#1288,#1289,#1290,#1291,#1292,
#1293),(#1294,#1295,#1296,#1297,#1298,#1299,#1300,#1301,#1302),(#1303,#1304,
#1305,#1306,#1307,#1308,#1309,#1310,#1311),(#1312,#1313,#1314,#1315,#1316,
#1317,#1318,#1319,#1320),(#1321,#1322,#1323,#1324,#1325,#1326,#1327,#1328,
#1329),(#1330,#1331,#1332,#1333,#1334,#1335,#1336,#1337,#1338),(#1339,#1340,
#1341,#1342,#1343,#1344,#1345,#1346,#1347)),.UNSPECIFIED.,.F.,.T.,.F.)
B_SPLINE_SURFACE_WITH_KNOTS((4,3,3,3,3,3,4),(3,2,2,2,3),(-0.94138012703401,
-0.920620174055171,-0.897629996811615,-0.868563226373783,-0.836637846499976,
-0.813265158729678,-0.805096116683405),(0.,1.5707963267949,3.14159265358979,
4.71238898038469,6.28318530717959),.UNSPECIFIED.)
GEOMETRIC_REPRESENTATION_ITEM()
RATIONAL_B_SPLINE_SURFACE(((1.,0.707106781186548,1.,0.707106781186548,1.,
0.707106781186548,1.,0.707106781186548,1.),(1.,0.707106781186548,1.,0.707106781186548,
1.,0.707106781186548,1.,0.707106781186548,1.),(1.,0.707106781186548,1.,
0.707106781186548,1.,0.707106781186548,1.,0.707106781186548,1.),(1.,0.707106781186548,
1.,0.707106781186548,1.,0.707106781186548,1.,0.707106781186548,1.),(1.,
0.707106781186548,1.,0.707106781186548,1.,0.707106781186548,1.,0.707106781186548,
1.),(1.,0.707106781186548,1.,0.707106781186548,1.,0.707106781186548,1.,
0.707106781186548,1.),(1.,0.707106781186548,1.,0.707106781186548,1.,0.707106781186548,
1.,0.707106781186548,1.),(1.,0.707106781186548,1.,0.707106781186548,1.,
0.707106781186548,1.,0.707106781186548,1.),(1.,0.707106781186548,1.,0.707106781186548,
1.,0.707106781186548,1.,0.707106781186548,1.),(1.,0.707106781186548,1.,
0.707106781186548,1.,0.707106781186548,1.,0.707106781186548,1.),(1.,0.707106781186548,
1.,0.707106781186548,1.,0.707106781186548,1.,0.707106781186548,1.),(1.,
0.707106781186548,1.,0.707106781186548,1.,0.707106781186548,1.,0.707106781186548,
1.),(1.,0.707106781186548,1.,0.707106781186548,1.,0.707106781186548,1.,
0.707106781186548,1.),(1.,0.707106781186548,1.,0.707106781186548,1.,0.707106781186548,
1.,0.707106781186548,1.),(1.,0.707106781186548,1.,0.707106781186548,1.,
0.707106781186548,1.,0.707106781186548,1.),(1.,0.707106781186548,1.,0.707106781186548,
1.,0.707106781186548,1.,0.707106781186548,1.),(1.,0.707106781186548,1.,
0.707106781186548,1.,0.707106781186548,1.,0.707106781186548,1.),(1.,0.707106781186548,
1.,0.707106781186548,1.,0.707106781186548,1.,0.707106781186548,1.),(1.,
0.707106781186548,1.,0.707106781186548,1.,0.707106781186548,1.,0.707106781186548,
1.)))
REPRESENTATION_ITEM('')
SURFACE()
);
#31=(
BOUNDED_SURFACE()
B_SPLINE_SURFACE(3,2,((#1861,#1862,#1863,#1864,#1865,#1866,#1867,#1868,
#1869),(#1870,#1871,#1872,#1873,#1874,#1875,#1876,#1877,#1878),(#1879,#1880,
#1881,#1882,#1883,#1884,#1885,#1886,#1887),(#1888,#1889,#1890,#1891,#1892,
#1893,#1894,#1895,#1896),(#1897,#1898,#1899,#1900,#1901,#1902,#1903,#1904,
#1905),(#1906,#1907,#1908,#1909,#1910,#1911,#1912,#1913,#1914),(#1915,#1916,
#1917,#1918,#1919,#1920,#1921,#1922,#1923),(#1924,#1925,#1926,#1927,#1928,
#1929,#1930,#1931,#1932),(#1933,#1934,#1935,#1936,#1937,#1938,#1939,#1940,
#1941),(#1942,#1943,#1944,#1945,#1946,#1947,#1948,#1949,#1950),(#1951,#1952,
#1953,#1954,#1955,#1956,#1957,#1958,#1959),(#1960,#1961,#1962,#1963,#1964,
#1965,#1966,#1967,#1968),(#1969,#1970,#1971,#1972,#1973,#1974,#1975,#1976,
#1977),(#1978,#1979,#1980,#1981,#1982,#1983,#1984,#1985,#1986),(#1987,#1988,
#1989,#1990,#1991,#1992,#1993,#1994,#1995),(#1996,#1997,#1998,#1999,#2000,
#2001,#2002,#2003,#2004),(#2005,#2006,#2007,#2008,#2009,#2010,#2011,#2012,
#2013),(#2014,#2015,#2016,#2017,#2018,#2019,#2020,#2021,#2022),(#2023,#2024,
#2025,#2026,#2027,#2028,#2029,#2030,#2031),(#2032,#2033,#2034,#2035,#2036,
#2037,#2038,#2039,#2040),(#2041,#2042,#2043,#2044,#2045,#2046,#2047,#2048,
#2049),(#2050,#2051,#2052,#2053,#2054,#2055,#2056,#2057,#2058),(#2059,#2060,
#2061,#2062,#2063,#2064,#2065,#2066,#2067),(#2068,#2069,#2070,#2071,#2072,
#2073,#2074,#2075,#2076),(#2077,#2078,#2079,#2080,#2081,#2082,#2083,#2084,
#2085),(#2086,#2087,#2088,#2089,#2090,#2091,#2092,#2093,#2094),(#2095,#2096,
#2097,#2098,#2099,#2100,#2101,#2102,#2103),(#2104,#2105,#2106,#2107,#2108,
#2109,#2110,#2111,#2112),(#2113,#2114,#2115,#2116,#2117,#2118,#2119,#2120,
#2121),(#2122,#2123,#2124,#2125,#2126,#2127,#2128,#2129,#2130),(#2131,#2132,
#2133,#2134,#2135,#2136,#2137,#2138,#2139),(#2140,#2141,#2142,#2143,#2144,
#2145,#2146,#2147,#2148),(#2149,#2150,#2151,#2152,#2153,#2154,#2155,#2156,
#2157),(#2158,#2159,#2160,#2161,#2162,#2163,#2164,#2165,#2166),(#2167,#2168,
#2169,#2170,#2171,#2172,#2173,#2174,#2175),(#2176,#2177,#2178,#2179,#2180,
#2181,#2182,#2183,#2184),(#2185,#2186,#2187,#2188,#2189,#2190,#2191,#2192,
#2193),(#2194,#2195,#2196,#2197,#2198,#2199,#2200,#2201,#2202),(#2203,#2204,
#2205,#2206,#2207,#2208,#2209,#2210,#2211),(#2212,#2213,#2214,#2215,#2216,
#2217,#2218,#2219,#2220),(#2221,#2222,#2223,#2224,#2225,#2226,#2227,#2228,
#2229),(#2230,#2231,#2232,#2233,#2234,#2235,#2236,#2237,#2238),(#2239,#2240,
#2241,#2242,#2243,#2244,#2245,#2246,#2247),(#2248,#2249,#2250,#2251,#2252,
#2253,#2254,#2255,#2256),(#2257,#2258,#2259,#2260,#2261,#2262,#2263,#2264,
#2265),(#2266,#2267,#2268,#2269,#2270,#2271,#2272,#2273,#2274),(#2275,#2276,
#2277,#2278,#2279,#2280,#2281,#2282,#2283),(#2284,#2285,#2286,#2287,#2288,
#2289,#2290,#2291,#2292),(#2293,#2294,#2295,#2296,#2297,#2298,#2299,#2300,
#2301),(#2302,#2303,#2304,#2305,#2306,#2307,#2308,#2309,#2310),(#2311,#2312,
#2313,#2314,#2315,#2316,#2317,#2318,#2319),(#2320,#2321,#2322,#2323,#2324,
#2325,#2326,#2327,#2328)),.UNSPECIFIED.,.F.,.T.,.F.)
B_SPLINE_SURFACE_WITH_KNOTS((4,3,3,3,3,3,3,3,3,3,3,3,3,3,3,3,3,4),(3,2,
2,2,3),(-0.775997645731665,-0.757212982017078,-0.741434994877925,-0.726148318301698,
-0.700972139969717,-0.658295201655945,-0.576008301448952,-0.515684509877496,
-0.449241532670414,-0.377281175474815,-0.322427399153652,-0.26900019504164,
-0.227081942507771,-0.18395467062542,-0.133754781545599,-0.0802023366100625,
0.,0.00775997645731665),(0.,1.5707963267949,3.14159265358979,4.71238898038469,
6.28318530717959),.UNSPECIFIED.)
GEOMETRIC_REPRESENTATION_ITEM()
RATIONAL_B_SPLINE_SURFACE(((1.,0.707106781186548,1.,0.707106781186548,1.,
0.707106781186548,1.,0.707106781186548,1.),(1.,0.707106781186548,1.,0.707106781186548,
1.,0.707106781186548,1.,0.707106781186548,1.),(1.,0.707106781186548,1.,
0.707106781186548,1.,0.707106781186548,1.,0.707106781186548,1.),(1.,0.707106781186548,
1.,0.707106781186548,1.,0.707106781186548,1.,0.707106781186548,1.),(1.,
0.707106781186548,1.,0.707106781186548,1.,0.707106781186548,1.,0.707106781186548,
1.),(1.,0.707106781186548,1.,0.707106781186548,1.,0.707106781186548,1.,
0.707106781186548,1.),(1.,0.707106781186548,1.,0.707106781186548,1.,0.707106781186548,
1.,0.707106781186548,1.),(1.,0.707106781186548,1.,0.707106781186548,1.,
0.707106781186548,1.,0.707106781186548,1.),(1.,0.707106781186548,1.,0.707106781186548,
1.,0.707106781186548,1.,0.707106781186548,1.),(1.,0.707106781186548,1.,
0.707106781186548,1.,0.707106781186548,1.,0.707106781186548,1.),(1.,0.707106781186548,
1.,0.707106781186548,1.,0.707106781186548,1.,0.707106781186548,1.),(1.,
0.707106781186548,1.,0.707106781186548,1.,0.707106781186548,1.,0.707106781186548,
1.),(1.,0.707106781186548,1.,0.707106781186548,1.,0.707106781186548,1.,
0.707106781186548,1.),(1.,0.707106781186548,1.,0.707106781186548,1.,0.707106781186548,
1.,0.707106781186548,1.),(1.,0.707106781186548,1.,0.707106781186548,1.,
0.707106781186548,1.,0.707106781186548,1.),(1.,0.707106781186548,1.,0.707106781186548,
1.,0.707106781186548,1.,0.707106781186548,1.),(1.,0.707106781186548,1.,
0.707106781186548,1.,0.707106781186548,1.,0.707106781186548,1.),(1.,0.707106781186548,
1.,0.707106781186548,1.,0.707106781186548,1.,0.707106781186548,1.),(1.,
0.707106781186548,1.,0.707106781186548,1.,0.707106781186548,1.,0.707106781186548,
1.),(1.,0.707106781186548,1.,0.707106781186548,1.,0.707106781186548,1.,
0.707106781186548,1.),(1.,0.707106781186548,1.,0.707106781186548,1.,0.707106781186548,
1.,0.707106781186548,1.),(1.,0.707106781186548,1.,0.707106781186548,1.,
0.707106781186548,1.,0.707106781186548,1.),(1.,0.707106781186548,1.,0.707106781186548,
1.,0.707106781186548,1.,0.707106781186548,1.),(1.,0.707106781186548,1.,
0.707106781186548,1.,0.707106781186548,1.,0.707106781186548,1.),(1.,0.707106781186548,
1.,0.707106781186548,1.,0.707106781186548,1.,0.707106781186548,1.),(1.,
0.707106781186548,1.,0.707106781186548,1.,0.707106781186548,1.,0.707106781186548,
1.),(1.,0.707106781186548,1.,0.707106781186548,1.,0.707106781186548,1.,
0.707106781186548,1.),(1.,0.707106781186548,1.,0.707106781186548,1.,0.707106781186548,
1.,0.707106781186548,1.),(1.,0.707106781186548,1.,0.707106781186548,1.,
0.707106781186548,1.,0.707106781186548,1.),(1.,0.707106781186548,1.,0.707106781186548,
1.,0.707106781186548,1.,0.707106781186548,1.),(1.,0.707106781186548,1.,
0.707106781186548,1.,0.707106781186548,1.,0.707106781186548,1.),(1.,0.707106781186548,
1.,0.707106781186548,1.,0.707106781186548,1.,0.707106781186548,1.),(1.,
0.707106781186548,1.,0.707106781186548,1.,0.707106781186548,1.,0.707106781186548,
1.),(1.,0.707106781186548,1.,0.707106781186548,1.,0.707106781186548,1.,
0.707106781186548,1.),(1.,0.707106781186548,1.,0.707106781186548,1.,0.707106781186548,
1.,0.707106781186548,1.),(1.,0.707106781186548,1.,0.707106781186548,1.,
0.707106781186548,1.,0.707106781186548,1.),(1.,0.707106781186548,1.,0.707106781186548,
1.,0.707106781186548,1.,0.707106781186548,1.),(1.,0.707106781186548,1.,
0.707106781186548,1.,0.707106781186548,1.,0.707106781186548,1.),(1.,0.707106781186548,
1.,0.707106781186548,1.,0.707106781186548,1.,0.707106781186548,1.),(1.,
0.707106781186548,1.,0.707106781186548,1.,0.707106781186548,1.,0.707106781186548,
1.),(1.,0.707106781186548,1.,0.707106781186548,1.,0.707106781186548,1.,
0.707106781186548,1.),(1.,0.707106781186548,1.,0.707106781186548,1.,0.707106781186548,
1.,0.707106781186548,1.),(1.,0.707106781186548,1.,0.707106781186548,1.,
0.707106781186548,1.,0.707106781186548,1.),(1.,0.707106781186548,1.,0.707106781186548,
1.,0.707106781186548,1.,0.707106781186548,1.),(1.,0.707106781186548,1.,
0.707106781186548,1.,0.707106781186548,1.,0.707106781186548,1.),(1.,0.707106781186548,
1.,0.707106781186548,1.,0.707106781186548,1.,0.707106781186548,1.),(1.,
0.707106781186548,1.,0.707106781186548,1.,0.707106781186548,1.,0.707106781186548,
1.),(1.,0.707106781186548,1.,0.707106781186548,1.,0.707106781186548,1.,
0.707106781186548,1.),(1.,0.707106781186548,1.,0.707106781186548,1.,0.707106781186548,
1.,0.707106781186548,1.),(1.,0.707106781186548,1.,0.707106781186548,1.,
0.707106781186548,1.,0.707106781186548,1.),(1.,0.707106781186548,1.,0.707106781186548,
1.,0.707106781186548,1.,0.707106781186548,1.),(1.,0.707106781186548,1.,
0.707106781186548,1.,0.707106781186548,1.,0.707106781186548,1.)))
REPRESENTATION_ITEM('')
SURFACE()
);
#32=FACE_OUTER_BOUND('',#45,.T.);
#33=FACE_OUTER_BOUND('',#46,.T.);
#34=FACE_OUTER_BOUND('',#47,.T.);
#35=FACE_OUTER_BOUND('',#49,.T.);
#36=FACE_OUTER_BOUND('',#50,.T.);
#37=FACE_OUTER_BOUND('',#51,.T.);
#38=FACE_OUTER_BOUND('',#52,.T.);
#39=FACE_OUTER_BOUND('',#53,.T.);
#40=FACE_OUTER_BOUND('',#54,.T.);
#41=FACE_OUTER_BOUND('',#55,.T.);
#42=FACE_OUTER_BOUND('',#56,.T.);
#43=FACE_OUTER_BOUND('',#57,.T.);
#44=FACE_OUTER_BOUND('',#58,.T.);
#45=EDGE_LOOP('',(#118,#119,#120,#121));
#46=EDGE_LOOP('',(#122,#123,#124,#125,#126));
#47=EDGE_LOOP('',(#127));
#48=EDGE_LOOP('',(#128));
#49=EDGE_LOOP('',(#129,#130,#131,#132));
#50=EDGE_LOOP('',(#133,#134,#135,#136));
#51=EDGE_LOOP('',(#137,#138,#139,#140));
#52=EDGE_LOOP('',(#141,#142,#143,#144));
#53=EDGE_LOOP('',(#145));
#54=EDGE_LOOP('',(#146,#147,#148,#149,#150));
#55=EDGE_LOOP('',(#151,#152,#153,#154,#155));
#56=EDGE_LOOP('',(#156,#157,#158,#159));
#57=EDGE_LOOP('',(#160));
#58=EDGE_LOOP('',(#161,#162,#163,#164,#165));
#59=B_SPLINE_CURVE_WITH_KNOTS('',3,(#322,#323,#324,#325,#326,#327,#328,
#329,#330,#331,#332,#333,#334,#335,#336,#337,#338),.UNSPECIFIED.,.T.,.F.,
(4,1,1,1,1,1,1,1,1,1,1,1,1,1,4),(0.,0.448798950512828,0.897597901025655,
1.34639685153848,1.79519580205131,2.0943951023932,2.69279370307697,3.29119230376074,
3.59039160410262,4.18879020478639,4.48798950512828,5.08638810581205,5.38558740615393,
5.83438635666676,6.28318530717959),.UNSPECIFIED.);
#60=B_SPLINE_CURVE_WITH_KNOTS('',3,(#339,#340,#341,#342,#343,#344,#345,
#346,#347,#348,#349,#350,#351,#352,#353,#354,#355),.UNSPECIFIED.,.T.,.F.,
(4,1,1,1,1,1,1,1,1,1,1,1,1,1,4),(-6.28318530717959,-5.83438635666676,-5.38558740615393,
-5.08638810581205,-4.48798950512828,-4.18879020478639,-3.59039160410262,
-3.29119230376074,-2.69279370307697,-2.0943951023932,-1.79519580205131,
-1.34639685153848,-0.897597901025655,-0.448798950512828,0.),
 .UNSPECIFIED.);
#61=B_SPLINE_CURVE_WITH_KNOTS('',3,(#912,#913,#914,#915,#916,#917,#918,
#919,#920,#921,#922,#923,#924,#925,#926,#927,#928),.UNSPECIFIED.,.T.,.F.,
(4,1,1,1,1,1,1,1,1,1,1,1,1,1,4),(-8.99143870054592,-8.65542966388367,-8.31942062722143,
-7.98341159055918,-7.64740255389694,-7.19939050501394,-6.97538448057245,
-6.52737243168945,-6.30336640724796,-5.96735737058571,-5.63134833392347,
-5.29533929726123,-4.95933026059898,-4.62332122393674,-4.28731218727449),
 .UNSPECIFIED.);
#62=B_SPLINE_CURVE_WITH_KNOTS('',3,(#1050,#1051,#1052,#1053,#1054,#1055,
#1056,#1057,#1058,#1059,#1060,#1061,#1062,#1063,#1064,#1065,#1066),
 .UNSPECIFIED.,.T.,.F.,(4,1,1,1,1,1,1,1,1,1,1,1,1,1,4),(4.28731218727449,
4.62332122393674,4.95933026059898,5.29533929726123,5.63134833392347,5.96735737058571,
6.30336640724796,6.52737243168945,6.97538448057245,7.19939050501394,7.64740255389694,
7.98341159055918,8.31942062722143,8.65542966388367,8.99143870054592),
 .UNSPECIFIED.);
#63=B_SPLINE_CURVE_WITH_KNOTS('',3,(#1131,#1132,#1133,#1134,#1135,#1136,
#1137),.UNSPECIFIED.,.F.,.F.,(4,3,4),(0.990669941780202,0.999997756987193,
1.0011823951027),.UNSPECIFIED.);
#64=B_SPLINE_CURVE_WITH_KNOTS('',3,(#1138,#1139,#1140,#1141,#1142,#1143,
#1144,#1145,#1146,#1147,#1148,#1149,#1150,#1151,#1152,#1153,#1154,#1155,
#1156,#1157,#1158,#1159,#1160,#1161,#1162,#1163,#1164,#1165,#1166,#1167,
#1168,#1169,#1170,#1171,#1172,#1173,#1174,#1175,#1176),.UNSPECIFIED.,.T.,
 .F.,(4,2,3,2,2,2,2,2,2,2,2,2,2,2,2,2,2,2,4),(5.58786591604709,5.75282855651125,
5.96207708219168,6.33164908424706,6.70122108630245,7.07079308835784,7.44036509041323,
7.80993709246862,8.17950909452401,8.5490810965794,8.91865309863479,9.28822510069017,
9.65779710274557,10.027369104801,10.3969411068563,10.7665131089117,11.1360851109671,
11.5056571130225,11.5499429982388),.UNSPECIFIED.);
#65=B_SPLINE_CURVE_WITH_KNOTS('',3,(#1349,#1350,#1351,#1352,#1353,#1354,
#1355,#1356,#1357,#1358,#1359,#1360,#1361,#1362,#1363,#1364,#1365,#1366,
#1367,#1368,#1369,#1370,#1371,#1372,#1373,#1374,#1375,#1376,#1377,#1378,
#1379,#1380,#1381,#1382,#1383,#1384,#1385,#1386,#1387),.UNSPECIFIED.,.T.,
 .F.,(4,2,3,2,2,2,2,2,2,2,2,2,2,2,2,2,2,2,4),(6.46320452245186,6.47171566243914,
6.70711238036437,7.1228669766653,7.53862157296622,7.95437616926715,8.37013076556808,
8.78588536186901,9.20163995816993,9.61739455447086,10.0331491507718,10.4489037470727,
10.8646583433736,11.2804129396746,11.6961675359755,12.1119221322764,12.5276767285774,
12.9434313248783,13.1703169028162),.UNSPECIFIED.);
#66=B_SPLINE_CURVE_WITH_KNOTS('',3,(#1388,#1389,#1390,#1391,#1392,#1393,
#1394,#1395,#1396,#1397,#1398,#1399,#1400,#1401,#1402,#1403),
 .UNSPECIFIED.,.F.,.F.,(4,3,3,3,3,4),(0.81923863308351,0.836637846499976,
0.868563226373783,0.897629996811615,0.920620174055171,0.927951904573809),
 .UNSPECIFIED.);
#67=B_SPLINE_CURVE_WITH_KNOTS('',3,(#1415,#1416,#1417,#1418,#1419,#1420,
#1421,#1422,#1423,#1424,#1425,#1426,#1427,#1428,#1429,#1430,#1431,#1432,
#1433,#1434,#1435,#1436,#1437,#1438,#1439,#1440,#1441,#1442,#1443,#1444,
#1445,#1446,#1447,#1448,#1449,#1450,#1451,#1452,#1453,#1454,#1455,#1456,
#1457,#1458,#1459,#1460,#1461,#1462,#1463,#1464,#1465,#1466,#1467,#1468,
#1469,#1470,#1471,#1472,#1473,#1474,#1475,#1476,#1477,#1478,#1479,#1480,
#1481,#1482,#1483,#1484,#1485,#1486,#1487,#1488,#1489,#1490,#1491,#1492,
#1493,#1494,#1495,#1496,#1497,#1498,#1499,#1500,#1501,#1502,#1503,#1504,
#1505,#1506,#1507,#1508,#1509,#1510,#1511,#1512,#1513,#1514,#1515,#1516,
#1517,#1518,#1519,#1520,#1521,#1522,#1523,#1524,#1525,#1526,#1527,#1528,
#1529,#1530,#1531,#1532,#1533,#1534,#1535,#1536,#1537,#1538,#1539,#1540,
#1541,#1542,#1543,#1544,#1545,#1546,#1547,#1548,#1549,#1550,#1551,#1552,
#1553,#1554,#1555,#1556,#1557,#1558,#1559,#1560,#1561,#1562,#1563,#1564,
#1565,#1566,#1567,#1568,#1569,#1570,#1571,#1572,#1573,#1574,#1575,#1576,
#1577,#1578,#1579,#1580,#1581,#1582,#1583,#1584,#1585,#1586,#1587,#1588,
#1589,#1590,#1591,#1592,#1593,#1594,#1595,#1596,#1597,#1598,#1599,#1600,
#1601,#1602,#1603,#1604,#1605,#1606,#1607,#1608,#1609,#1610,#1611,#1612,
#1613,#1614,#1615,#1616,#1617,#1618,#1619,#1620,#1621,#1622,#1623,#1624,
#1625,#1626,#1627,#1628,#1629,#1630,#1631,#1632,#1633,#1634,#1635,#1636,
#1637),.UNSPECIFIED.,.F.,.F.,(4,3,3,3,3,3,3,3,3,3,3,3,3,3,3,3,3,3,3,3,3,
3,3,3,3,3,3,3,3,3,3,3,3,3,3,3,3,3,3,3,3,3,3,3,3,3,3,3,3,3,3,3,3,3,3,3,3,
3,3,3,3,3,3,3,3,3,3,3,3,3,3,3,3,3,4),(8.19925765070585,8.32596159385813,
8.45138573310355,8.5756137351462,8.70515024543685,8.83266274775421,8.95818286722286,
9.08174173482481,9.20336999512048,9.32309781384903,9.44095488540995,9.55811958370591,
9.67483026880116,9.79115696979127,9.90716915896859,10.022935843669,10.1385256571041,
10.2540069483483,10.3694478716539,10.4849164752587,10.6004807898549,10.7162089168839,
10.8321691168237,10.9484298976334,11.0650601035214,11.1821290042078,11.299706384849,
11.4178626367907,11.5366688493354,11.6561969026886,11.7765195622787,11.897710574624,
12.0198447649421,12.1429981366974,12.2672479732907,12.3926729420852,12.519353201005,
12.5306284026066,12.5359922016264,12.6626612664791,12.7940140517063,12.9212620623951,
13.0445335727498,13.1660947734198,13.2867640325643,13.4066145810366,13.5257185532469,
13.644147082652,13.7619703952076,13.8792579009617,13.9960782839729,14.1124995907164,
14.2285893171546,14.3444144946361,14.4600417747803,14.575537513518,14.6909678544368,
14.8063988115918,14.9218963519387,15.0433997295518,15.1593992581787,15.2756862145183,
15.3923234336876,15.5093741297884,15.6269019672285,15.7449711326965,15.8636464079382,
15.9889344061644,16.1094680089111,16.2307779869163,16.3529250900356,16.4811814159637,
16.6056959843197,16.7358231890338,16.8659503937478),.UNSPECIFIED.);
#68=B_SPLINE_CURVE_WITH_KNOTS('',3,(#1638,#1639,#1640,#1641,#1642,#1643,
#1644,#1645,#1646,#1647,#1648,#1649,#1650,#1651,#1652,#1653,#1654,#1655,
#1656,#1657,#1658,#1659,#1660,#1661,#1662,#1663,#1664,#1665,#1666,#1667,
#1668,#1669,#1670,#1671,#1672,#1673,#1674,#1675,#1676,#1677,#1678,#1679,
#1680,#1681,#1682,#1683,#1684,#1685,#1686,#1687,#1688,#1689,#1690,#1691,
#1692,#1693,#1694,#1695,#1696,#1697,#1698,#1699,#1700,#1701,#1702,#1703,
#1704,#1705,#1706,#1707,#1708,#1709,#1710,#1711,#1712,#1713,#1714,#1715,
#1716,#1717,#1718,#1719,#1720,#1721,#1722,#1723,#1724,#1725,#1726,#1727,
#1728,#1729,#1730,#1731,#1732,#1733,#1734,#1735,#1736,#1737,#1738,#1739,
#1740,#1741,#1742,#1743,#1744,#1745,#1746,#1747,#1748,#1749,#1750,#1751,
#1752,#1753,#1754,#1755,#1756,#1757,#1758,#1759,#1760,#1761,#1762,#1763,
#1764,#1765,#1766,#1767,#1768,#1769,#1770,#1771,#1772,#1773,#1774,#1775,
#1776,#1777,#1778,#1779,#1780,#1781,#1782,#1783,#1784,#1785,#1786,#1787,
#1788,#1789,#1790,#1791,#1792,#1793,#1794,#1795,#1796,#1797,#1798,#1799,
#1800,#1801,#1802,#1803,#1804,#1805,#1806,#1807,#1808,#1809,#1810,#1811,
#1812,#1813,#1814,#1815,#1816,#1817,#1818,#1819,#1820,#1821,#1822,#1823,
#1824,#1825,#1826,#1827,#1828,#1829,#1830,#1831,#1832,#1833,#1834,#1835,
#1836,#1837,#1838,#1839,#1840,#1841,#1842,#1843,#1844,#1845,#1846,#1847,
#1848,#1849,#1850,#1851,#1852,#1853,#1854,#1855,#1856,#1857,#1858,#1859,
#1860),.UNSPECIFIED.,.F.,.F.,(4,3,3,3,3,3,3,3,3,3,3,3,3,3,3,3,3,3,3,3,3,
3,3,3,3,3,3,3,3,3,3,3,3,3,3,3,3,3,3,3,3,3,3,3,3,3,3,3,3,3,3,3,3,3,3,3,3,
3,3,3,3,3,3,3,3,3,3,3,3,3,3,3,3,3,4),(-0.464621822377748,-0.337959008224883,
-0.212575582545321,-0.0883879057937645,0.041106556026542,0.168577666880906,
0.294057041628171,0.417575801145009,0.539164580044397,0.658853534273483,
0.776672348592738,0.893799014396246,1.01047181437491,1.12676075489255,1.24273528569015,
1.35846439170346,1.47401668386496,1.58946048906267,1.70486393942548,1.82029506110228,
1.93582186270209,2.05151242355999,2.16743498199608,2.283658023731,2.40025037062648,
2.51728126991764,2.63482048410717,2.75293838169148,2.87170602889627,2.99119528259567,
3.11147888459747,3.23263055748047,3.35472510217359,3.47783849747132,3.60204800168566,
3.72743225664534,3.85407139425469,3.86534293584532,3.87070499374122,3.99733294091725,
4.12864308809815,4.25584979317964,4.37908128872733,4.50060302976902,4.62123311881561,
4.74104476294957,4.86011007316539,4.97850015982951,5.09628522610146,5.21353465949915,
5.33031712178533,5.44670063734655,5.56275268023579,5.67854026004214,5.79413000675017,
5.90958825475194,6.02498112616367,6.14037461361124,6.25583466263613,6.37729859939049,
6.49326047374735,6.60950968251579,6.72610904041606,6.84312174103058,6.96061142810088,
7.07864226748007,7.19727901988543,7.32252634873799,7.44302082542191,7.56429142534732,
7.68639887865078,7.81461357166455,7.93908772170825,8.06917268620705,8.19925765070585),
 .UNSPECIFIED.);
#69=B_SPLINE_CURVE_WITH_KNOTS('',3,(#2329,#2330,#2331,#2332,#2333,#2334,
#2335,#2336,#2337,#2338,#2339,#2340,#2341,#2342,#2343,#2344,#2345,#2346,
#2347,#2348,#2349,#2350,#2351,#2352,#2353,#2354,#2355,#2356,#2357,#2358,
#2359,#2360,#2361,#2362,#2363,#2364,#2365,#2366,#2367,#2368,#2369,#2370,
#2371,#2372,#2373,#2374,#2375,#2376,#2377,#2378,#2379,#2380),
 .UNSPECIFIED.,.F.,.F.,(4,3,3,3,3,3,3,3,3,3,3,3,3,3,3,3,3,4),(-0.000496420122377471,
0.,0.0802023366100625,0.133754781545599,0.18395467062542,0.227081942507771,
0.26900019504164,0.322427399153652,0.377281175474815,0.449241532670414,
0.515684509877496,0.576008301448952,0.658295201655945,0.700972139969717,
0.726148318301698,0.741434994877925,0.757212982017078,0.760608483945414),
 .UNSPECIFIED.);
#70=CIRCLE('',#195,1.00000000000001);
#71=CIRCLE('',#196,30.);
#72=CIRCLE('',#197,30.);
#73=CIRCLE('',#199,1.00000000000001);
#74=CIRCLE('',#201,25.);
#75=CIRCLE('',#202,2.5);
#76=CIRCLE('',#203,27.5);
#77=CIRCLE('',#207,30.);
#78=CIRCLE('',#208,5.);
#79=CIRCLE('',#209,25.);
#80=VERTEX_POINT('',#319);
#81=VERTEX_POINT('',#320);
#82=VERTEX_POINT('',#851);
#83=VERTEX_POINT('',#907);
#84=VERTEX_POINT('',#911);
#85=VERTEX_POINT('',#1048);
#86=VERTEX_POINT('',#1130);
#87=VERTEX_POINT('',#1348);
#88=VERTEX_POINT('',#1405);
#89=VERTEX_POINT('',#1407);
#90=VERTEX_POINT('',#1412);
#91=VERTEX_POINT('',#1414);
#92=VERTEX_POINT('',#2382);
#93=VERTEX_POINT('',#2384);
#94=EDGE_CURVE('',#80,#81,#70,.T.);
#95=EDGE_CURVE('',#81,#81,#59,.T.);
#96=EDGE_CURVE('',#80,#80,#60,.T.);
#97=EDGE_CURVE('',#82,#81,#27,.T.);
#98=EDGE_CURVE('',#82,#83,#71,.T.);
#99=EDGE_CURVE('',#83,#82,#72,.T.);
#100=EDGE_CURVE('',#84,#84,#61,.T.);
#101=EDGE_CURVE('',#84,#85,#73,.T.);
#102=EDGE_CURVE('',#85,#85,#62,.T.);
#103=EDGE_CURVE('',#86,#85,#63,.T.);
#104=EDGE_CURVE('',#86,#86,#64,.T.);
#105=EDGE_CURVE('',#87,#87,#65,.T.);
#106=EDGE_CURVE('',#87,#86,#66,.T.);
#107=EDGE_CURVE('',#88,#88,#74,.T.);
#108=EDGE_CURVE('',#88,#89,#75,.T.);
#109=EDGE_CURVE('',#89,#89,#76,.T.);
#110=EDGE_CURVE('',#89,#90,#15,.T.);
#111=EDGE_CURVE('',#90,#91,#67,.T.);
#112=EDGE_CURVE('',#91,#90,#68,.T.);
#113=EDGE_CURVE('',#91,#87,#69,.T.);
#114=EDGE_CURVE('',#92,#92,#77,.T.);
#115=EDGE_CURVE('',#92,#93,#78,.T.);
#116=EDGE_CURVE('',#93,#93,#79,.T.);
#117=EDGE_CURVE('',#83,#92,#16,.T.);
#118=ORIENTED_EDGE('',*,*,#94,.T.);
#119=ORIENTED_EDGE('',*,*,#95,.T.);
#120=ORIENTED_EDGE('',*,*,#94,.F.);
#121=ORIENTED_EDGE('',*,*,#96,.T.);
#122=ORIENTED_EDGE('',*,*,#95,.F.);
#123=ORIENTED_EDGE('',*,*,#97,.F.);
#124=ORIENTED_EDGE('',*,*,#98,.T.);
#125=ORIENTED_EDGE('',*,*,#99,.T.);
#126=ORIENTED_EDGE('',*,*,#97,.T.);
#127=ORIENTED_EDGE('',*,*,#96,.F.);
#128=ORIENTED_EDGE('',*,*,#100,.F.);
#129=ORIENTED_EDGE('',*,*,#101,.T.);
#130=ORIENTED_EDGE('',*,*,#102,.T.);
#131=ORIENTED_EDGE('',*,*,#101,.F.);
#132=ORIENTED_EDGE('',*,*,#100,.T.);
#133=ORIENTED_EDGE('',*,*,#102,.F.);
#134=ORIENTED_EDGE('',*,*,#103,.F.);
#135=ORIENTED_EDGE('',*,*,#104,.T.);
#136=ORIENTED_EDGE('',*,*,#103,.T.);
#137=ORIENTED_EDGE('',*,*,#105,.T.);
#138=ORIENTED_EDGE('',*,*,#106,.T.);
#139=ORIENTED_EDGE('',*,*,#104,.F.);
#140=ORIENTED_EDGE('',*,*,#106,.F.);
#141=ORIENTED_EDGE('',*,*,#107,.F.);
#142=ORIENTED_EDGE('',*,*,#108,.T.);
#143=ORIENTED_EDGE('',*,*,#109,.F.);
#144=ORIENTED_EDGE('',*,*,#108,.F.);
#145=ORIENTED_EDGE('',*,*,#107,.T.);
#146=ORIENTED_EDGE('',*,*,#109,.T.);
#147=ORIENTED_EDGE('',*,*,#110,.T.);
#148=ORIENTED_EDGE('',*,*,#111,.T.);
#149=ORIENTED_EDGE('',*,*,#112,.T.);
#150=ORIENTED_EDGE('',*,*,#110,.F.);
#151=ORIENTED_EDGE('',*,*,#105,.F.);
#152=ORIENTED_EDGE('',*,*,#113,.F.);
#153=ORIENTED_EDGE('',*,*,#111,.F.);
#154=ORIENTED_EDGE('',*,*,#112,.F.);
#155=ORIENTED_EDGE('',*,*,#113,.T.);
#156=ORIENTED_EDGE('',*,*,#114,.T.);
#157=ORIENTED_EDGE('',*,*,#115,.T.);
#158=ORIENTED_EDGE('',*,*,#116,.T.);
#159=ORIENTED_EDGE('',*,*,#115,.F.);
#160=ORIENTED_EDGE('',*,*,#116,.F.);
#161=ORIENTED_EDGE('',*,*,#98,.F.);
#162=ORIENTED_EDGE('',*,*,#99,.F.);
#163=ORIENTED_EDGE('',*,*,#117,.T.);
#164=ORIENTED_EDGE('',*,*,#114,.F.);
#165=ORIENTED_EDGE('',*,*,#117,.F.);
#166=B_SPLINE_SURFACE_WITH_KNOTS('',3,3,((#251,#252,#253,#254,#255,#256,
#257,#258,#259,#260,#261,#262,#263,#264,#265,#266,#267),(#268,#269,#270,
#271,#272,#273,#274,#275,#276,#277,#278,#279,#280,#281,#282,#283,#284),
(#285,#286,#287,#288,#289,#290,#291,#292,#293,#294,#295,#296,#297,#298,
#299,#300,#301),(#302,#303,#304,#305,#306,#307,#308,#309,#310,#311,#312,
#313,#314,#315,#316,#317,#318)),.UNSPECIFIED.,.F.,.T.,.F.,(4,4),(4,1,1,
1,1,1,1,1,1,1,1,1,1,1,4),(0.,1.),(0.,0.448798950512828,0.897597901025655,
1.34639685153848,1.79519580205131,2.0943951023932,2.69279370307697,3.29119230376074,
3.59039160410262,4.18879020478639,4.48798950512828,5.08638810581205,5.38558740615393,
5.83438635666676,6.28318530717959),.UNSPECIFIED.);
#167=B_SPLINE_SURFACE_WITH_KNOTS('',3,3,((#929,#930,#931,#932,#933,#934,
#935,#936,#937,#938,#939,#940,#941,#942,#943,#944,#945),(#946,#947,#948,
#949,#950,#951,#952,#953,#954,#955,#956,#957,#958,#959,#960,#961,#962),
(#963,#964,#965,#966,#967,#968,#969,#970,#971,#972,#973,#974,#975,#976,
#977,#978,#979),(#980,#981,#982,#983,#984,#985,#986,#987,#988,#989,#990,
#991,#992,#993,#994,#995,#996),(#997,#998,#999,#1000,#1001,#1002,#1003,
#1004,#1005,#1006,#1007,#1008,#1009,#1010,#1011,#1012,#1013),(#1014,#1015,
#1016,#1017,#1018,#1019,#1020,#1021,#1022,#1023,#1024,#1025,#1026,#1027,
#1028,#1029,#1030),(#1031,#1032,#1033,#1034,#1035,#1036,#1037,#1038,#1039,
#1040,#1041,#1042,#1043,#1044,#1045,#1046,#1047)),.UNSPECIFIED.,.F.,.T.,
 .F.,(4,1,1,1,4),(4,1,1,1,1,1,1,1,1,1,1,1,1,1,4),(0.,0.285714285714286,
0.571428571428571,0.785714285714286,1.),(4.28731218727449,4.62332122393674,
4.95933026059898,5.29533929726123,5.63134833392347,5.96735737058571,6.30336640724796,
6.52737243168945,6.97538448057245,7.19939050501394,7.64740255389694,7.98341159055918,
8.31942062722143,8.65542966388367,8.99143870054592),.UNSPECIFIED.);
#168=ADVANCED_FACE('',(#32),#166,.F.);
#169=ADVANCED_FACE('',(#33),#28,.T.);
#170=ADVANCED_FACE('',(#34,#23),#24,.T.);
#171=ADVANCED_FACE('',(#35),#167,.F.);
#172=ADVANCED_FACE('',(#36),#29,.F.);
#173=ADVANCED_FACE('',(#37),#30,.F.);
#174=ADVANCED_FACE('',(#38),#21,.F.);
#175=ADVANCED_FACE('',(#39),#25,.F.);
#176=ADVANCED_FACE('',(#40),#19,.F.);
#177=ADVANCED_FACE('',(#41),#31,.F.);
#178=ADVANCED_FACE('',(#42),#22,.T.);
#179=ADVANCED_FACE('',(#43),#26,.T.);
#180=ADVANCED_FACE('',(#44),#20,.T.);
#181=CLOSED_SHELL('',(#168,#169,#170,#171,#172,#173,#174,#175,#176,#177,
#178,#179,#180));
#182=DERIVED_UNIT_ELEMENT(#184,1.);
#183=DERIVED_UNIT_ELEMENT(#2395,-3.);
#184=(
MASS_UNIT()
NAMED_UNIT(*)
SI_UNIT(.KILO.,.GRAM.)
);
#185=DERIVED_UNIT((#182,#183));
#186=MEASURE_REPRESENTATION_ITEM('density measure',
POSITIVE_RATIO_MEASURE(7850.),#185);
#187=PROPERTY_DEFINITION_REPRESENTATION(#192,#189);
#188=PROPERTY_DEFINITION_REPRESENTATION(#193,#190);
#189=REPRESENTATION('material name',(#191),#2392);
#190=REPRESENTATION('density',(#186),#2392);
#191=DESCRIPTIVE_REPRESENTATION_ITEM('Steel','Steel');
#192=PROPERTY_DEFINITION('material property','material name',#2402);
#193=PROPERTY_DEFINITION('material property','density of part',#2402);
#194=AXIS2_PLACEMENT_3D('',#250,#212,#213);
#195=AXIS2_PLACEMENT_3D('',#321,#214,#215);
#196=AXIS2_PLACEMENT_3D('',#908,#216,#217);
#197=AXIS2_PLACEMENT_3D('',#909,#218,#219);
#198=AXIS2_PLACEMENT_3D('',#910,#220,#221);
#199=AXIS2_PLACEMENT_3D('',#1049,#222,#223);
#200=AXIS2_PLACEMENT_3D('',#1404,#224,#225);
#201=AXIS2_PLACEMENT_3D('',#1406,#226,#227);
#202=AXIS2_PLACEMENT_3D('',#1408,#228,#229);
#203=AXIS2_PLACEMENT_3D('',#1409,#230,#231);
#204=AXIS2_PLACEMENT_3D('',#1410,#232,#233);
#205=AXIS2_PLACEMENT_3D('',#1411,#234,#235);
#206=AXIS2_PLACEMENT_3D('',#2381,#237,#238);
#207=AXIS2_PLACEMENT_3D('',#2383,#239,#240);
#208=AXIS2_PLACEMENT_3D('',#2385,#241,#242);
#209=AXIS2_PLACEMENT_3D('',#2386,#243,#244);
#210=AXIS2_PLACEMENT_3D('',#2387,#245,#246);
#211=AXIS2_PLACEMENT_3D('',#2388,#247,#248);
#212=DIRECTION('axis',(0.,0.,1.));
#213=DIRECTION('refdir',(1.,0.,0.));
#214=DIRECTION('center_axis',(-7.24419680713857E-16,1.,0.));
#215=DIRECTION('ref_axis',(0.,0.,1.));
#216=DIRECTION('center_axis',(0.,0.,1.));
#217=DIRECTION('ref_axis',(1.,0.,0.));
#218=DIRECTION('center_axis',(0.,0.,1.));
#219=DIRECTION('ref_axis',(1.,0.,0.));
#220=DIRECTION('center_axis',(0.,0.,1.));
#221=DIRECTION('ref_axis',(1.,0.,0.));
#222=DIRECTION('center_axis',(-2.06074600167767E-15,-1.,0.));
#223=DIRECTION('ref_axis',(0.,0.,1.));
#224=DIRECTION('center_axis',(0.,0.,1.));
#225=DIRECTION('ref_axis',(1.,0.,0.));
#226=DIRECTION('center_axis',(0.,0.,1.));
#227=DIRECTION('ref_axis',(-1.,1.22464679914735E-16,0.));
#228=DIRECTION('center_axis',(-1.22464679914735E-16,1.,0.));
#229=DIRECTION('ref_axis',(-1.,-1.22464679914735E-16,0.));
#230=DIRECTION('center_axis',(0.,0.,-1.));
#231=DIRECTION('ref_axis',(-1.,1.22464679914735E-16,0.));
#232=DIRECTION('center_axis',(0.,0.,-1.));
#233=DIRECTION('ref_axis',(-1.,0.,0.));
#234=DIRECTION('center_axis',(0.,0.,1.));
#235=DIRECTION('ref_axis',(1.,0.,0.));
#236=DIRECTION('',(0.,0.,1.));
#237=DIRECTION('center_axis',(0.,0.,1.));
#238=DIRECTION('ref_axis',(1.,0.,0.));
#239=DIRECTION('center_axis',(0.,0.,-1.));
#240=DIRECTION('ref_axis',(-1.,1.22464679914735E-16,0.));
#241=DIRECTION('center_axis',(1.22464679914735E-16,-1.,0.));
#242=DIRECTION('ref_axis',(-1.,-1.22464679914735E-16,0.));
#243=DIRECTION('center_axis',(0.,0.,1.));
#244=DIRECTION('ref_axis',(-1.,1.22464679914735E-16,0.));
#245=DIRECTION('center_axis',(0.,0.,-1.));
#246=DIRECTION('ref_axis',(-1.,0.,0.));
#247=DIRECTION('center_axis',(0.,0.,1.));
#248=DIRECTION('ref_axis',(1.,0.,0.));
#249=DIRECTION('',(0.,0.,-1.));
#250=CARTESIAN_POINT('',(0.,0.,0.));
#251=CARTESIAN_POINT('Ctrl Pts',(11.328516049722,-2.77555756156289E-16,
239.642501512123));
#252=CARTESIAN_POINT('Ctrl Pts',(11.328516049722,1.6946663027541,239.642501512123));
#253=CARTESIAN_POINT('Ctrl Pts',(10.5554042838798,5.08303986560825,239.642501512123));
#254=CARTESIAN_POINT('Ctrl Pts',(7.30496826546472,9.15848447540419,239.642501512123));
#255=CARTESIAN_POINT('Ctrl Pts',(2.60662853448074,11.4223320325561,239.642501512123));
#256=CARTESIAN_POINT('Ctrl Pts',(-2.02678450592634,11.4194566100176,239.642501512123));
#257=CARTESIAN_POINT('Ctrl Pts',(-6.8143374457324,9.54452472405072,239.642501512123));
#258=CARTESIAN_POINT('Ctrl Pts',(-10.8450066505959,5.22060939703482,239.642501512123));
#259=CARTESIAN_POINT('Ctrl Pts',(-11.7091748959552,-0.620869578044849,239.642501512123));
#260=CARTESIAN_POINT('Ctrl Pts',(-10.025715177795,-6.08570042840926,239.642501512123));
#261=CARTESIAN_POINT('Ctrl Pts',(-6.81951404726558,-9.54388971665008,239.642501512123));
#262=CARTESIAN_POINT('Ctrl Pts',(-1.49124026903059,-11.6341365579331,239.642501512123));
#263=CARTESIAN_POINT('Ctrl Pts',(3.21045660322604,-11.280170972715,239.642501512123));
#264=CARTESIAN_POINT('Ctrl Pts',(7.66523011982327,-8.70208922707801,239.642501512123));
#265=CARTESIAN_POINT('Ctrl Pts',(10.5556773513536,-5.08559136210764,239.642501512123));
#266=CARTESIAN_POINT('Ctrl Pts',(11.3285160497219,-1.69466630275409,239.642501512123));
#267=CARTESIAN_POINT('Ctrl Pts',(11.3285160497219,1.66533453693773E-15,
239.642501512123));
#268=CARTESIAN_POINT('Ctrl Pts',(11.141539962486,-3.34062185756414E-16,
239.865499994146));
#269=CARTESIAN_POINT('Ctrl Pts',(11.141539962486,1.66682003750461,239.865499994146));
#270=CARTESIAN_POINT('Ctrl Pts',(10.3813269421923,4.9992222051301,239.865499994146));
#271=CARTESIAN_POINT('Ctrl Pts',(7.18453457012058,9.00754549030389,239.865499994146));
#272=CARTESIAN_POINT('Ctrl Pts',(2.56370519277777,11.2339924126279,239.865499994146));
#273=CARTESIAN_POINT('Ctrl Pts',(-1.99334592234361,11.2312293603329,239.865499994146));
#274=CARTESIAN_POINT('Ctrl Pts',(-6.70207590508878,9.38709833165264,239.865499994146));
#275=CARTESIAN_POINT('Ctrl Pts',(-10.6662976033977,5.1345837871098,239.865499994146));
#276=CARTESIAN_POINT('Ctrl Pts',(-11.5161379857774,-0.610514364837848,239.865499994146));
#277=CARTESIAN_POINT('Ctrl Pts',(-9.86043115603353,-5.98542665630801,239.865499994146));
#278=CARTESIAN_POINT('Ctrl Pts',(-6.70707965028292,-9.38655628335879,239.865499994146));
#279=CARTESIAN_POINT('Ctrl Pts',(-1.46662081129985,-11.442398349984,239.865499994146));
#280=CARTESIAN_POINT('Ctrl Pts',(3.15741302720763,-11.0942149376035,239.865499994146));
#281=CARTESIAN_POINT('Ctrl Pts',(7.53892335501962,-8.55859078029799,239.865499994146));
#282=CARTESIAN_POINT('Ctrl Pts',(10.3815652044664,-5.00173467865109,239.865499994146));
#283=CARTESIAN_POINT('Ctrl Pts',(11.141539962486,-1.66682003750458,239.865499994146));
#284=CARTESIAN_POINT('Ctrl Pts',(11.141539962486,1.62602571634634E-15,239.865499994146));
#285=CARTESIAN_POINT('Ctrl Pts',(10.8532443137051,-3.15378543017421E-16,
240.));
#286=CARTESIAN_POINT('Ctrl Pts',(10.8532443137051,1.62366103202115,240.));
#287=CARTESIAN_POINT('Ctrl Pts',(10.1126701952885,4.86984563029234,240.));
#288=CARTESIAN_POINT('Ctrl Pts',(6.99859825099123,8.77441725083815,240.));
#289=CARTESIAN_POINT('Ctrl Pts',(2.49734447150379,10.9432615673707,240.));
#290=CARTESIAN_POINT('Ctrl Pts',(-1.94176352304247,10.9405549425945,240.));
#291=CARTESIAN_POINT('Ctrl Pts',(-6.52860630637275,9.14417577274727,240.));
#292=CARTESIAN_POINT('Ctrl Pts',(-10.3902326359444,5.00169009331776,240.));
#293=CARTESIAN_POINT('Ctrl Pts',(-11.2180978188363,-0.594741879801965,240.));
#294=CARTESIAN_POINT('Ctrl Pts',(-9.60524117119435,-5.83050978569391,240.));
#295=CARTESIAN_POINT('Ctrl Pts',(-6.53350086881616,-9.14362860392463,240.));
#296=CARTESIAN_POINT('Ctrl Pts',(-1.42867245515188,-11.14625227595,240.));
#297=CARTESIAN_POINT('Ctrl Pts',(3.07572544801151,-10.8070922961516,240.));
#298=CARTESIAN_POINT('Ctrl Pts',(7.34380001159469,-8.33710098683721,240.));
#299=CARTESIAN_POINT('Ctrl Pts',(10.1129093257482,-4.87229237455848,240.));
#300=CARTESIAN_POINT('Ctrl Pts',(10.8532443137051,-1.62366103202109,240.));
#301=CARTESIAN_POINT('Ctrl Pts',(10.8532443137051,1.58708390144776E-15,
240.));
#302=CARTESIAN_POINT('Ctrl Pts',(10.5622316332555,-2.27894984881188E-16,
240.));
#303=CARTESIAN_POINT('Ctrl Pts',(10.5622316332555,1.58003554500865,240.));
#304=CARTESIAN_POINT('Ctrl Pts',(9.84141475720754,4.73921246401412,240.));
#305=CARTESIAN_POINT('Ctrl Pts',(6.81084499988971,8.5389855135676,240.));
#306=CARTESIAN_POINT('Ctrl Pts',(2.43031075228205,10.6497017076454,240.));
#307=CARTESIAN_POINT('Ctrl Pts',(-1.88968858130477,10.6470207846753,240.));
#308=CARTESIAN_POINT('Ctrl Pts',(-6.35340147050937,8.89891319589314,240.));
#309=CARTESIAN_POINT('Ctrl Pts',(-10.1114278167618,4.86747650585581,240.));
#310=CARTESIAN_POINT('Ctrl Pts',(-10.9171419224335,-0.578872666867286,240.));
#311=CARTESIAN_POINT('Ctrl Pts',(-9.34755492529984,-5.67405097837491,240.));
#312=CARTESIAN_POINT('Ctrl Pts',(-6.35822791593491,-8.89832114171544,240.));
#313=CARTESIAN_POINT('Ctrl Pts',(-1.39036967182706,-10.8471793338574,240.));
#314=CARTESIAN_POINT('Ctrl Pts',(2.99329463302658,-10.5171567179327,240.));
#315=CARTESIAN_POINT('Ctrl Pts',(7.14673799219867,-8.11346179025021,240.));
#316=CARTESIAN_POINT('Ctrl Pts',(9.84166935382875,-4.741591371977,240.));
#317=CARTESIAN_POINT('Ctrl Pts',(10.5622316332555,-1.58003554500858,240.));
#318=CARTESIAN_POINT('Ctrl Pts',(10.5622316332555,1.56182792477801E-15,
240.));
#319=CARTESIAN_POINT('',(10.5622316332555,1.66533453693773E-15,240.));
#320=CARTESIAN_POINT('',(11.3285160497219,8.32667268468867E-16,239.642501512123));
#321=CARTESIAN_POINT('Origin',(10.5622316332555,2.77555756156289E-16,239.));
#322=CARTESIAN_POINT('Ctrl Pts',(11.328516049722,-2.77555756156289E-16,
239.642501512123));
#323=CARTESIAN_POINT('Ctrl Pts',(11.328516049722,1.6946663027541,239.642501512123));
#324=CARTESIAN_POINT('Ctrl Pts',(10.5554042838798,5.08303986560825,239.642501512123));
#325=CARTESIAN_POINT('Ctrl Pts',(7.30496826546472,9.15848447540419,239.642501512123));
#326=CARTESIAN_POINT('Ctrl Pts',(2.60662853448074,11.4223320325561,239.642501512123));
#327=CARTESIAN_POINT('Ctrl Pts',(-2.02678450592634,11.4194566100176,239.642501512123));
#328=CARTESIAN_POINT('Ctrl Pts',(-6.8143374457324,9.54452472405072,239.642501512123));
#329=CARTESIAN_POINT('Ctrl Pts',(-10.8450066505959,5.22060939703482,239.642501512123));
#330=CARTESIAN_POINT('Ctrl Pts',(-11.7091748959552,-0.620869578044849,239.642501512123));
#331=CARTESIAN_POINT('Ctrl Pts',(-10.025715177795,-6.08570042840926,239.642501512123));
#332=CARTESIAN_POINT('Ctrl Pts',(-6.81951404726558,-9.54388971665008,239.642501512123));
#333=CARTESIAN_POINT('Ctrl Pts',(-1.49124026903059,-11.6341365579331,239.642501512123));
#334=CARTESIAN_POINT('Ctrl Pts',(3.21045660322604,-11.280170972715,239.642501512123));
#335=CARTESIAN_POINT('Ctrl Pts',(7.66523011982327,-8.70208922707801,239.642501512123));
#336=CARTESIAN_POINT('Ctrl Pts',(10.5556773513536,-5.08559136210764,239.642501512123));
#337=CARTESIAN_POINT('Ctrl Pts',(11.3285160497219,-1.69466630275409,239.642501512123));
#338=CARTESIAN_POINT('Ctrl Pts',(11.3285160497219,1.66533453693773E-15,
239.642501512123));
#339=CARTESIAN_POINT('Ctrl Pts',(10.5622316332555,1.56182792477801E-15,
240.));
#340=CARTESIAN_POINT('Ctrl Pts',(10.5622316332555,-1.58003554500858,240.));
#341=CARTESIAN_POINT('Ctrl Pts',(9.84166935382875,-4.741591371977,240.));
#342=CARTESIAN_POINT('Ctrl Pts',(7.14673799219867,-8.11346179025021,240.));
#343=CARTESIAN_POINT('Ctrl Pts',(2.99329463302658,-10.5171567179327,240.));
#344=CARTESIAN_POINT('Ctrl Pts',(-1.39036967182706,-10.8471793338574,240.));
#345=CARTESIAN_POINT('Ctrl Pts',(-6.35822791593491,-8.89832114171544,240.));
#346=CARTESIAN_POINT('Ctrl Pts',(-9.34755492529984,-5.67405097837491,240.));
#347=CARTESIAN_POINT('Ctrl Pts',(-10.9171419224335,-0.578872666867286,240.));
#348=CARTESIAN_POINT('Ctrl Pts',(-10.1114278167618,4.86747650585581,240.));
#349=CARTESIAN_POINT('Ctrl Pts',(-6.35340147050937,8.89891319589314,240.));
#350=CARTESIAN_POINT('Ctrl Pts',(-1.88968858130477,10.6470207846753,240.));
#351=CARTESIAN_POINT('Ctrl Pts',(2.43031075228205,10.6497017076454,240.));
#352=CARTESIAN_POINT('Ctrl Pts',(6.81084499988971,8.5389855135676,240.));
#353=CARTESIAN_POINT('Ctrl Pts',(9.84141475720754,4.73921246401412,240.));
#354=CARTESIAN_POINT('Ctrl Pts',(10.5622316332555,1.58003554500865,240.));
#355=CARTESIAN_POINT('Ctrl Pts',(10.5622316332555,-2.27894984881188E-16,
240.));
#356=CARTESIAN_POINT('Ctrl Pts',(11.,0.,240.));
#357=CARTESIAN_POINT('Ctrl Pts',(11.,11.,240.));
#358=CARTESIAN_POINT('Ctrl Pts',(0.,11.,240.));
#359=CARTESIAN_POINT('Ctrl Pts',(-11.,11.,240.));
#360=CARTESIAN_POINT('Ctrl Pts',(-11.,0.,240.));
#361=CARTESIAN_POINT('Ctrl Pts',(-11.,-11.,240.));
#362=CARTESIAN_POINT('Ctrl Pts',(0.,-11.,240.));
#363=CARTESIAN_POINT('Ctrl Pts',(11.,-11.,240.));
#364=CARTESIAN_POINT('Ctrl Pts',(11.,0.,240.));
#365=CARTESIAN_POINT('Ctrl Pts',(11.2052104941698,0.,239.794789436055));
#366=CARTESIAN_POINT('Ctrl Pts',(11.2052104941698,11.2052104941698,239.794789436055));
#367=CARTESIAN_POINT('Ctrl Pts',(0.,11.2052104941698,239.794789436055));
#368=CARTESIAN_POINT('Ctrl Pts',(-11.2052104941698,11.2052104941698,239.794789436055));
#369=CARTESIAN_POINT('Ctrl Pts',(-11.2052104941698,0.,239.794789436055));
#370=CARTESIAN_POINT('Ctrl Pts',(-11.2052104941698,-11.2052104941698,239.794789436055));
#371=CARTESIAN_POINT('Ctrl Pts',(0.,-11.2052104941698,239.794789436055));
#372=CARTESIAN_POINT('Ctrl Pts',(11.2052104941698,-11.2052104941698,239.794789436055));
#373=CARTESIAN_POINT('Ctrl Pts',(11.2052104941698,0.,239.794789436055));
#374=CARTESIAN_POINT('Ctrl Pts',(11.569915357573,0.,239.381952044214));
#375=CARTESIAN_POINT('Ctrl Pts',(11.569915357573,11.569915357573,239.381952044214));
#376=CARTESIAN_POINT('Ctrl Pts',(0.,11.569915357573,239.381952044214));
#377=CARTESIAN_POINT('Ctrl Pts',(-11.569915357573,11.569915357573,239.381952044214));
#378=CARTESIAN_POINT('Ctrl Pts',(-11.569915357573,0.,239.381952044214));
#379=CARTESIAN_POINT('Ctrl Pts',(-11.569915357573,-11.569915357573,239.381952044214));
#380=CARTESIAN_POINT('Ctrl Pts',(0.,-11.569915357573,239.381952044214));
#381=CARTESIAN_POINT('Ctrl Pts',(11.569915357573,-11.569915357573,239.381952044214));
#382=CARTESIAN_POINT('Ctrl Pts',(11.569915357573,0.,239.381952044214));
#383=CARTESIAN_POINT('Ctrl Pts',(11.979519215105,0.,238.755708276093));
#384=CARTESIAN_POINT('Ctrl Pts',(11.979519215105,11.979519215105,238.755708276093));
#385=CARTESIAN_POINT('Ctrl Pts',(0.,11.979519215105,238.755708276093));
#386=CARTESIAN_POINT('Ctrl Pts',(-11.979519215105,11.979519215105,238.755708276093));
#387=CARTESIAN_POINT('Ctrl Pts',(-11.979519215105,0.,238.755708276093));
#388=CARTESIAN_POINT('Ctrl Pts',(-11.979519215105,-11.979519215105,238.755708276093));
#389=CARTESIAN_POINT('Ctrl Pts',(0.,-11.979519215105,238.755708276093));
#390=CARTESIAN_POINT('Ctrl Pts',(11.979519215105,-11.979519215105,238.755708276093));
#391=CARTESIAN_POINT('Ctrl Pts',(11.979519215105,0.,238.755708276093));
#392=CARTESIAN_POINT('Ctrl Pts',(12.2205303525356,0.,237.942674800414));
#393=CARTESIAN_POINT('Ctrl Pts',(12.2205303525356,12.2205303525356,237.942674800414));
#394=CARTESIAN_POINT('Ctrl Pts',(0.,12.2205303525356,237.942674800414));
#395=CARTESIAN_POINT('Ctrl Pts',(-12.2205303525356,12.2205303525356,237.942674800414));
#396=CARTESIAN_POINT('Ctrl Pts',(-12.2205303525356,0.,237.942674800414));
#397=CARTESIAN_POINT('Ctrl Pts',(-12.2205303525356,-12.2205303525356,237.942674800414));
#398=CARTESIAN_POINT('Ctrl Pts',(0.,-12.2205303525356,237.942674800414));
#399=CARTESIAN_POINT('Ctrl Pts',(12.2205303525356,-12.2205303525356,237.942674800414));
#400=CARTESIAN_POINT('Ctrl Pts',(12.2205303525356,0.,237.942674800414));
#401=CARTESIAN_POINT('Ctrl Pts',(11.9480092747139,0.,237.080033109212));
#402=CARTESIAN_POINT('Ctrl Pts',(11.9480092747139,11.9480092747139,237.080033109212));
#403=CARTESIAN_POINT('Ctrl Pts',(0.,11.9480092747139,237.080033109212));
#404=CARTESIAN_POINT('Ctrl Pts',(-11.9480092747139,11.9480092747139,237.080033109212));
#405=CARTESIAN_POINT('Ctrl Pts',(-11.9480092747139,0.,237.080033109212));
#406=CARTESIAN_POINT('Ctrl Pts',(-11.9480092747139,-11.9480092747139,237.080033109212));
#407=CARTESIAN_POINT('Ctrl Pts',(0.,-11.9480092747139,237.080033109212));
#408=CARTESIAN_POINT('Ctrl Pts',(11.9480092747139,-11.9480092747139,237.080033109212));
#409=CARTESIAN_POINT('Ctrl Pts',(11.9480092747139,0.,237.080033109212));
#410=CARTESIAN_POINT('Ctrl Pts',(11.2859785595591,0.,236.296378648173));
#411=CARTESIAN_POINT('Ctrl Pts',(11.2859785595591,11.2859785595591,236.296378648173));
#412=CARTESIAN_POINT('Ctrl Pts',(0.,11.2859785595591,236.296378648173));
#413=CARTESIAN_POINT('Ctrl Pts',(-11.2859785595591,11.2859785595591,236.296378648173));
#414=CARTESIAN_POINT('Ctrl Pts',(-11.2859785595591,0.,236.296378648173));
#415=CARTESIAN_POINT('Ctrl Pts',(-11.2859785595591,-11.2859785595591,236.296378648173));
#416=CARTESIAN_POINT('Ctrl Pts',(0.,-11.2859785595591,236.296378648173));
#417=CARTESIAN_POINT('Ctrl Pts',(11.2859785595591,-11.2859785595591,236.296378648173));
#418=CARTESIAN_POINT('Ctrl Pts',(11.2859785595591,0.,236.296378648173));
#419=CARTESIAN_POINT('Ctrl Pts',(10.718578814108,0.,235.26818522782));
#420=CARTESIAN_POINT('Ctrl Pts',(10.718578814108,10.718578814108,235.26818522782));
#421=CARTESIAN_POINT('Ctrl Pts',(0.,10.718578814108,235.26818522782));
#422=CARTESIAN_POINT('Ctrl Pts',(-10.718578814108,10.718578814108,235.26818522782));
#423=CARTESIAN_POINT('Ctrl Pts',(-10.718578814108,0.,235.26818522782));
#424=CARTESIAN_POINT('Ctrl Pts',(-10.718578814108,-10.718578814108,235.26818522782));
#425=CARTESIAN_POINT('Ctrl Pts',(0.,-10.718578814108,235.26818522782));
#426=CARTESIAN_POINT('Ctrl Pts',(10.718578814108,-10.718578814108,235.26818522782));
#427=CARTESIAN_POINT('Ctrl Pts',(10.718578814108,0.,235.26818522782));
#428=CARTESIAN_POINT('Ctrl Pts',(10.7064471287052,0.,233.687971530742));
#429=CARTESIAN_POINT('Ctrl Pts',(10.7064471287051,10.7064471287051,233.687971530742));
#430=CARTESIAN_POINT('Ctrl Pts',(0.,10.7064471287052,233.687971530742));
#431=CARTESIAN_POINT('Ctrl Pts',(-10.7064471287051,10.7064471287051,233.687971530742));
#432=CARTESIAN_POINT('Ctrl Pts',(-10.7064471287052,0.,233.687971530742));
#433=CARTESIAN_POINT('Ctrl Pts',(-10.7064471287051,-10.7064471287051,233.687971530742));
#434=CARTESIAN_POINT('Ctrl Pts',(0.,-10.7064471287052,233.687971530742));
#435=CARTESIAN_POINT('Ctrl Pts',(10.7064471287051,-10.7064471287051,233.687971530742));
#436=CARTESIAN_POINT('Ctrl Pts',(10.7064471287052,0.,233.687971530742));
#437=CARTESIAN_POINT('Ctrl Pts',(11.3703497647161,0.,231.520693915393));
#438=CARTESIAN_POINT('Ctrl Pts',(11.3703497647161,11.3703497647161,231.520693915393));
#439=CARTESIAN_POINT('Ctrl Pts',(0.,11.3703497647161,231.520693915393));
#440=CARTESIAN_POINT('Ctrl Pts',(-11.3703497647161,11.3703497647161,231.520693915393));
#441=CARTESIAN_POINT('Ctrl Pts',(-11.3703497647161,0.,231.520693915393));
#442=CARTESIAN_POINT('Ctrl Pts',(-11.3703497647161,-11.3703497647161,231.520693915393));
#443=CARTESIAN_POINT('Ctrl Pts',(0.,-11.3703497647161,231.520693915393));
#444=CARTESIAN_POINT('Ctrl Pts',(11.3703497647161,-11.3703497647161,231.520693915393));
#445=CARTESIAN_POINT('Ctrl Pts',(11.3703497647161,0.,231.520693915393));
#446=CARTESIAN_POINT('Ctrl Pts',(12.3725987708488,0.,229.09831561808));
#447=CARTESIAN_POINT('Ctrl Pts',(12.3725987708488,12.3725987708488,229.09831561808));
#448=CARTESIAN_POINT('Ctrl Pts',(0.,12.3725987708488,229.09831561808));
#449=CARTESIAN_POINT('Ctrl Pts',(-12.3725987708488,12.3725987708488,229.09831561808));
#450=CARTESIAN_POINT('Ctrl Pts',(-12.3725987708488,0.,229.09831561808));
#451=CARTESIAN_POINT('Ctrl Pts',(-12.3725987708488,-12.3725987708488,229.09831561808));
#452=CARTESIAN_POINT('Ctrl Pts',(0.,-12.3725987708488,229.09831561808));
#453=CARTESIAN_POINT('Ctrl Pts',(12.3725987708488,-12.3725987708488,229.09831561808));
#454=CARTESIAN_POINT('Ctrl Pts',(12.3725987708488,0.,229.09831561808));
#455=CARTESIAN_POINT('Ctrl Pts',(13.2063782376873,0.,226.878341719485));
#456=CARTESIAN_POINT('Ctrl Pts',(13.2063782376873,13.2063782376873,226.878341719485));
#457=CARTESIAN_POINT('Ctrl Pts',(0.,13.2063782376873,226.878341719485));
#458=CARTESIAN_POINT('Ctrl Pts',(-13.2063782376873,13.2063782376873,226.878341719485));
#459=CARTESIAN_POINT('Ctrl Pts',(-13.2063782376873,0.,226.878341719485));
#460=CARTESIAN_POINT('Ctrl Pts',(-13.2063782376873,-13.2063782376873,226.878341719485));
#461=CARTESIAN_POINT('Ctrl Pts',(0.,-13.2063782376873,226.878341719485));
#462=CARTESIAN_POINT('Ctrl Pts',(13.2063782376873,-13.2063782376873,226.878341719485));
#463=CARTESIAN_POINT('Ctrl Pts',(13.2063782376873,0.,226.878341719485));
#464=CARTESIAN_POINT('Ctrl Pts',(13.4074592996258,0.,225.2658480247));
#465=CARTESIAN_POINT('Ctrl Pts',(13.4074592996258,13.4074592996258,225.2658480247));
#466=CARTESIAN_POINT('Ctrl Pts',(0.,13.4074592996258,225.2658480247));
#467=CARTESIAN_POINT('Ctrl Pts',(-13.4074592996258,13.4074592996258,225.2658480247));
#468=CARTESIAN_POINT('Ctrl Pts',(-13.4074592996258,0.,225.2658480247));
#469=CARTESIAN_POINT('Ctrl Pts',(-13.4074592996258,-13.4074592996258,225.2658480247));
#470=CARTESIAN_POINT('Ctrl Pts',(0.,-13.4074592996258,225.2658480247));
#471=CARTESIAN_POINT('Ctrl Pts',(13.4074592996258,-13.4074592996258,225.2658480247));
#472=CARTESIAN_POINT('Ctrl Pts',(13.4074592996258,0.,225.2658480247));
#473=CARTESIAN_POINT('Ctrl Pts',(12.7613503649031,0.,224.440452155579));
#474=CARTESIAN_POINT('Ctrl Pts',(12.7613503649031,12.7613503649031,224.440452155579));
#475=CARTESIAN_POINT('Ctrl Pts',(0.,12.7613503649031,224.440452155579));
#476=CARTESIAN_POINT('Ctrl Pts',(-12.7613503649031,12.7613503649031,224.440452155579));
#477=CARTESIAN_POINT('Ctrl Pts',(-12.7613503649031,0.,224.440452155579));
#478=CARTESIAN_POINT('Ctrl Pts',(-12.7613503649031,-12.7613503649031,224.440452155579));
#479=CARTESIAN_POINT('Ctrl Pts',(0.,-12.7613503649031,224.440452155579));
#480=CARTESIAN_POINT('Ctrl Pts',(12.7613503649031,-12.7613503649031,224.440452155579));
#481=CARTESIAN_POINT('Ctrl Pts',(12.7613503649031,0.,224.440452155579));
#482=CARTESIAN_POINT('Ctrl Pts',(11.6025167023578,0.,224.104916442197));
#483=CARTESIAN_POINT('Ctrl Pts',(11.6025167023578,11.6025167023578,224.104916442197));
#484=CARTESIAN_POINT('Ctrl Pts',(0.,11.6025167023578,224.104916442197));
#485=CARTESIAN_POINT('Ctrl Pts',(-11.6025167023578,11.6025167023578,224.104916442197));
#486=CARTESIAN_POINT('Ctrl Pts',(-11.6025167023578,0.,224.104916442197));
#487=CARTESIAN_POINT('Ctrl Pts',(-11.6025167023578,-11.6025167023578,224.104916442197));
#488=CARTESIAN_POINT('Ctrl Pts',(0.,-11.6025167023578,224.104916442197));
#489=CARTESIAN_POINT('Ctrl Pts',(11.6025167023578,-11.6025167023578,224.104916442197));
#490=CARTESIAN_POINT('Ctrl Pts',(11.6025167023578,0.,224.104916442197));
#491=CARTESIAN_POINT('Ctrl Pts',(10.6573326863767,0.,223.602311633274));
#492=CARTESIAN_POINT('Ctrl Pts',(10.6573326863767,10.6573326863767,223.602311633274));
#493=CARTESIAN_POINT('Ctrl Pts',(0.,10.6573326863767,223.602311633274));
#494=CARTESIAN_POINT('Ctrl Pts',(-10.6573326863767,10.6573326863767,223.602311633274));
#495=CARTESIAN_POINT('Ctrl Pts',(-10.6573326863767,0.,223.602311633274));
#496=CARTESIAN_POINT('Ctrl Pts',(-10.6573326863767,-10.6573326863767,223.602311633274));
#497=CARTESIAN_POINT('Ctrl Pts',(0.,-10.6573326863767,223.602311633274));
#498=CARTESIAN_POINT('Ctrl Pts',(10.6573326863767,-10.6573326863767,223.602311633274));
#499=CARTESIAN_POINT('Ctrl Pts',(10.6573326863767,0.,223.602311633274));
#500=CARTESIAN_POINT('Ctrl Pts',(10.2875617770924,0.,222.440835624173));
#501=CARTESIAN_POINT('Ctrl Pts',(10.2875617770924,10.2875617770924,222.440835624173));
#502=CARTESIAN_POINT('Ctrl Pts',(0.,10.2875617770924,222.440835624173));
#503=CARTESIAN_POINT('Ctrl Pts',(-10.2875617770924,10.2875617770924,222.440835624173));
#504=CARTESIAN_POINT('Ctrl Pts',(-10.2875617770924,0.,222.440835624173));
#505=CARTESIAN_POINT('Ctrl Pts',(-10.2875617770924,-10.2875617770924,222.440835624173));
#506=CARTESIAN_POINT('Ctrl Pts',(0.,-10.2875617770924,222.440835624173));
#507=CARTESIAN_POINT('Ctrl Pts',(10.2875617770924,-10.2875617770924,222.440835624173));
#508=CARTESIAN_POINT('Ctrl Pts',(10.2875617770924,0.,222.440835624173));
#509=CARTESIAN_POINT('Ctrl Pts',(10.2281318883662,0.,220.561446195058));
#510=CARTESIAN_POINT('Ctrl Pts',(10.2281318883662,10.2281318883662,220.561446195058));
#511=CARTESIAN_POINT('Ctrl Pts',(0.,10.2281318883662,220.561446195058));
#512=CARTESIAN_POINT('Ctrl Pts',(-10.2281318883662,10.2281318883662,220.561446195058));
#513=CARTESIAN_POINT('Ctrl Pts',(-10.2281318883662,0.,220.561446195058));
#514=CARTESIAN_POINT('Ctrl Pts',(-10.2281318883662,-10.2281318883662,220.561446195058));
#515=CARTESIAN_POINT('Ctrl Pts',(0.,-10.2281318883662,220.561446195058));
#516=CARTESIAN_POINT('Ctrl Pts',(10.2281318883662,-10.2281318883662,220.561446195058));
#517=CARTESIAN_POINT('Ctrl Pts',(10.2281318883662,0.,220.561446195058));
#518=CARTESIAN_POINT('Ctrl Pts',(10.4198782959539,0.,217.932205922702));
#519=CARTESIAN_POINT('Ctrl Pts',(10.4198782959539,10.4198782959539,217.932205922702));
#520=CARTESIAN_POINT('Ctrl Pts',(0.,10.4198782959539,217.932205922702));
#521=CARTESIAN_POINT('Ctrl Pts',(-10.4198782959539,10.4198782959539,217.932205922702));
#522=CARTESIAN_POINT('Ctrl Pts',(-10.4198782959539,0.,217.932205922702));
#523=CARTESIAN_POINT('Ctrl Pts',(-10.4198782959539,-10.4198782959539,217.932205922702));
#524=CARTESIAN_POINT('Ctrl Pts',(0.,-10.4198782959539,217.932205922702));
#525=CARTESIAN_POINT('Ctrl Pts',(10.4198782959539,-10.4198782959539,217.932205922702));
#526=CARTESIAN_POINT('Ctrl Pts',(10.4198782959539,0.,217.932205922702));
#527=CARTESIAN_POINT('Ctrl Pts',(10.7673662360606,0.,214.632992205712));
#528=CARTESIAN_POINT('Ctrl Pts',(10.7673662360606,10.7673662360606,214.632992205712));
#529=CARTESIAN_POINT('Ctrl Pts',(0.,10.7673662360606,214.632992205712));
#530=CARTESIAN_POINT('Ctrl Pts',(-10.7673662360606,10.7673662360606,214.632992205712));
#531=CARTESIAN_POINT('Ctrl Pts',(-10.7673662360606,0.,214.632992205712));
#532=CARTESIAN_POINT('Ctrl Pts',(-10.7673662360606,-10.7673662360606,214.632992205712));
#533=CARTESIAN_POINT('Ctrl Pts',(0.,-10.7673662360606,214.632992205712));
#534=CARTESIAN_POINT('Ctrl Pts',(10.7673662360606,-10.7673662360606,214.632992205712));
#535=CARTESIAN_POINT('Ctrl Pts',(10.7673662360606,0.,214.632992205712));
#536=CARTESIAN_POINT('Ctrl Pts',(11.2288956093034,0.,210.790856275515));
#537=CARTESIAN_POINT('Ctrl Pts',(11.2288956093034,11.2288956093034,210.790856275515));
#538=CARTESIAN_POINT('Ctrl Pts',(0.,11.2288956093034,210.790856275515));
#539=CARTESIAN_POINT('Ctrl Pts',(-11.2288956093034,11.2288956093034,210.790856275515));
#540=CARTESIAN_POINT('Ctrl Pts',(-11.2288956093034,0.,210.790856275515));
#541=CARTESIAN_POINT('Ctrl Pts',(-11.2288956093034,-11.2288956093034,210.790856275515));
#542=CARTESIAN_POINT('Ctrl Pts',(0.,-11.2288956093034,210.790856275515));
#543=CARTESIAN_POINT('Ctrl Pts',(11.2288956093034,-11.2288956093034,210.790856275515));
#544=CARTESIAN_POINT('Ctrl Pts',(11.2288956093034,0.,210.790856275515));
#545=CARTESIAN_POINT('Ctrl Pts',(11.7690308949494,0.,206.577231376277));
#546=CARTESIAN_POINT('Ctrl Pts',(11.7690308949494,11.7690308949494,206.577231376277));
#547=CARTESIAN_POINT('Ctrl Pts',(0.,11.7690308949494,206.577231376277));
#548=CARTESIAN_POINT('Ctrl Pts',(-11.7690308949494,11.7690308949494,206.577231376277));
#549=CARTESIAN_POINT('Ctrl Pts',(-11.7690308949494,0.,206.577231376277));
#550=CARTESIAN_POINT('Ctrl Pts',(-11.7690308949494,-11.7690308949494,206.577231376277));
#551=CARTESIAN_POINT('Ctrl Pts',(0.,-11.7690308949494,206.577231376277));
#552=CARTESIAN_POINT('Ctrl Pts',(11.7690308949494,-11.7690308949494,206.577231376277));
#553=CARTESIAN_POINT('Ctrl Pts',(11.7690308949494,0.,206.577231376277));
#554=CARTESIAN_POINT('Ctrl Pts',(12.3701986646929,0.,202.178935589995));
#555=CARTESIAN_POINT('Ctrl Pts',(12.3701986646929,12.3701986646929,202.178935589995));
#556=CARTESIAN_POINT('Ctrl Pts',(0.,12.3701986646929,202.178935589995));
#557=CARTESIAN_POINT('Ctrl Pts',(-12.3701986646929,12.3701986646929,202.178935589995));
#558=CARTESIAN_POINT('Ctrl Pts',(-12.3701986646929,0.,202.178935589995));
#559=CARTESIAN_POINT('Ctrl Pts',(-12.3701986646929,-12.3701986646929,202.178935589995));
#560=CARTESIAN_POINT('Ctrl Pts',(0.,-12.3701986646929,202.178935589995));
#561=CARTESIAN_POINT('Ctrl Pts',(12.3701986646929,-12.3701986646929,202.178935589995));
#562=CARTESIAN_POINT('Ctrl Pts',(12.3701986646929,0.,202.178935589995));
#563=CARTESIAN_POINT('Ctrl Pts',(13.0187698361783,0.,197.78013266996));
#564=CARTESIAN_POINT('Ctrl Pts',(13.0187698361783,13.0187698361783,197.78013266996));
#565=CARTESIAN_POINT('Ctrl Pts',(0.,13.0187698361783,197.78013266996));
#566=CARTESIAN_POINT('Ctrl Pts',(-13.0187698361783,13.0187698361783,197.78013266996));
#567=CARTESIAN_POINT('Ctrl Pts',(-13.0187698361783,0.,197.78013266996));
#568=CARTESIAN_POINT('Ctrl Pts',(-13.0187698361783,-13.0187698361783,197.78013266996));
#569=CARTESIAN_POINT('Ctrl Pts',(0.,-13.0187698361783,197.78013266996));
#570=CARTESIAN_POINT('Ctrl Pts',(13.0187698361783,-13.0187698361783,197.78013266996));
#571=CARTESIAN_POINT('Ctrl Pts',(13.0187698361783,0.,197.78013266996));
#572=CARTESIAN_POINT('Ctrl Pts',(13.7024521058183,0.,193.540532431441));
#573=CARTESIAN_POINT('Ctrl Pts',(13.7024521058183,13.7024521058183,193.540532431441));
#574=CARTESIAN_POINT('Ctrl Pts',(0.,13.7024521058183,193.540532431441));
#575=CARTESIAN_POINT('Ctrl Pts',(-13.7024521058183,13.7024521058183,193.540532431441));
#576=CARTESIAN_POINT('Ctrl Pts',(-13.7024521058183,0.,193.540532431441));
#577=CARTESIAN_POINT('Ctrl Pts',(-13.7024521058183,-13.7024521058183,193.540532431441));
#578=CARTESIAN_POINT('Ctrl Pts',(0.,-13.7024521058183,193.540532431441));
#579=CARTESIAN_POINT('Ctrl Pts',(13.7024521058183,-13.7024521058183,193.540532431441));
#580=CARTESIAN_POINT('Ctrl Pts',(13.7024521058183,0.,193.540532431441));
#581=CARTESIAN_POINT('Ctrl Pts',(14.4020157111698,0.,189.572668627328));
#582=CARTESIAN_POINT('Ctrl Pts',(14.4020157111698,14.4020157111698,189.572668627328));
#583=CARTESIAN_POINT('Ctrl Pts',(0.,14.4020157111698,189.572668627328));
#584=CARTESIAN_POINT('Ctrl Pts',(-14.4020157111698,14.4020157111698,189.572668627328));
#585=CARTESIAN_POINT('Ctrl Pts',(-14.4020157111698,0.,189.572668627328));
#586=CARTESIAN_POINT('Ctrl Pts',(-14.4020157111698,-14.4020157111698,189.572668627328));
#587=CARTESIAN_POINT('Ctrl Pts',(0.,-14.4020157111698,189.572668627328));
#588=CARTESIAN_POINT('Ctrl Pts',(14.4020157111698,-14.4020157111698,189.572668627328));
#589=CARTESIAN_POINT('Ctrl Pts',(14.4020157111698,0.,189.572668627328));
#590=CARTESIAN_POINT('Ctrl Pts',(15.0933104542532,0.,185.943947329837));
#591=CARTESIAN_POINT('Ctrl Pts',(15.0933104542532,15.0933104542532,185.943947329837));
#592=CARTESIAN_POINT('Ctrl Pts',(0.,15.0933104542532,185.943947329837));
#593=CARTESIAN_POINT('Ctrl Pts',(-15.0933104542532,15.0933104542532,185.943947329837));
#594=CARTESIAN_POINT('Ctrl Pts',(-15.0933104542532,0.,185.943947329837));
#595=CARTESIAN_POINT('Ctrl Pts',(-15.0933104542532,-15.0933104542532,185.943947329837));
#596=CARTESIAN_POINT('Ctrl Pts',(0.,-15.0933104542532,185.943947329837));
#597=CARTESIAN_POINT('Ctrl Pts',(15.0933104542532,-15.0933104542532,185.943947329837));
#598=CARTESIAN_POINT('Ctrl Pts',(15.0933104542532,0.,185.943947329837));
#599=CARTESIAN_POINT('Ctrl Pts',(15.7498004798219,0.,182.683361502795));
#600=CARTESIAN_POINT('Ctrl Pts',(15.7498004798219,15.7498004798219,182.683361502795));
#601=CARTESIAN_POINT('Ctrl Pts',(0.,15.7498004798219,182.683361502795));
#602=CARTESIAN_POINT('Ctrl Pts',(-15.7498004798219,15.7498004798219,182.683361502795));
#603=CARTESIAN_POINT('Ctrl Pts',(-15.7498004798219,0.,182.683361502795));
#604=CARTESIAN_POINT('Ctrl Pts',(-15.7498004798219,-15.7498004798219,182.683361502795));
#605=CARTESIAN_POINT('Ctrl Pts',(0.,-15.7498004798219,182.683361502795));
#606=CARTESIAN_POINT('Ctrl Pts',(15.7498004798219,-15.7498004798219,182.683361502795));
#607=CARTESIAN_POINT('Ctrl Pts',(15.7498004798219,0.,182.683361502795));
#608=CARTESIAN_POINT('Ctrl Pts',(16.3449799924574,0.,179.786413740014));
#609=CARTESIAN_POINT('Ctrl Pts',(16.3449799924574,16.3449799924574,179.786413740014));
#610=CARTESIAN_POINT('Ctrl Pts',(0.,16.3449799924574,179.786413740014));
#611=CARTESIAN_POINT('Ctrl Pts',(-16.3449799924574,16.3449799924574,179.786413740014));
#612=CARTESIAN_POINT('Ctrl Pts',(-16.3449799924574,0.,179.786413740014));
#613=CARTESIAN_POINT('Ctrl Pts',(-16.3449799924574,-16.3449799924574,179.786413740014));
#614=CARTESIAN_POINT('Ctrl Pts',(0.,-16.3449799924574,179.786413740014));
#615=CARTESIAN_POINT('Ctrl Pts',(16.3449799924574,-16.3449799924574,179.786413740014));
#616=CARTESIAN_POINT('Ctrl Pts',(16.3449799924574,0.,179.786413740014));
#617=CARTESIAN_POINT('Ctrl Pts',(16.8548359067275,0.,177.22071939158));
#618=CARTESIAN_POINT('Ctrl Pts',(16.8548359067275,16.8548359067275,177.22071939158));
#619=CARTESIAN_POINT('Ctrl Pts',(0.,16.8548359067275,177.22071939158));
#620=CARTESIAN_POINT('Ctrl Pts',(-16.8548359067275,16.8548359067275,177.22071939158));
#621=CARTESIAN_POINT('Ctrl Pts',(-16.8548359067275,0.,177.22071939158));
#622=CARTESIAN_POINT('Ctrl Pts',(-16.8548359067275,-16.8548359067275,177.22071939158));
#623=CARTESIAN_POINT('Ctrl Pts',(0.,-16.8548359067275,177.22071939158));
#624=CARTESIAN_POINT('Ctrl Pts',(16.8548359067275,-16.8548359067275,177.22071939158));
#625=CARTESIAN_POINT('Ctrl Pts',(16.8548359067275,0.,177.22071939158));
#626=CARTESIAN_POINT('Ctrl Pts',(17.2602929254117,0.,174.931150423636));
#627=CARTESIAN_POINT('Ctrl Pts',(17.2602929254117,17.2602929254117,174.931150423636));
#628=CARTESIAN_POINT('Ctrl Pts',(0.,17.2602929254117,174.931150423636));
#629=CARTESIAN_POINT('Ctrl Pts',(-17.2602929254117,17.2602929254117,174.931150423636));
#630=CARTESIAN_POINT('Ctrl Pts',(-17.2602929254117,0.,174.931150423636));
#631=CARTESIAN_POINT('Ctrl Pts',(-17.2602929254117,-17.2602929254117,174.931150423636));
#632=CARTESIAN_POINT('Ctrl Pts',(0.,-17.2602929254117,174.931150423636));
#633=CARTESIAN_POINT('Ctrl Pts',(17.2602929254117,-17.2602929254117,174.931150423636));
#634=CARTESIAN_POINT('Ctrl Pts',(17.2602929254117,0.,174.931150423636));
#635=CARTESIAN_POINT('Ctrl Pts',(17.5496894039396,0.,172.845271826502));
#636=CARTESIAN_POINT('Ctrl Pts',(17.5496894039396,17.5496894039396,172.845271826502));
#637=CARTESIAN_POINT('Ctrl Pts',(0.,17.5496894039396,172.845271826502));
#638=CARTESIAN_POINT('Ctrl Pts',(-17.5496894039396,17.5496894039396,172.845271826502));
#639=CARTESIAN_POINT('Ctrl Pts',(-17.5496894039396,0.,172.845271826502));
#640=CARTESIAN_POINT('Ctrl Pts',(-17.5496894039396,-17.5496894039396,172.845271826502));
#641=CARTESIAN_POINT('Ctrl Pts',(0.,-17.5496894039396,172.845271826502));
#642=CARTESIAN_POINT('Ctrl Pts',(17.5496894039396,-17.5496894039396,172.845271826502));
#643=CARTESIAN_POINT('Ctrl Pts',(17.5496894039396,0.,172.845271826502));
#644=CARTESIAN_POINT('Ctrl Pts',(17.7212394684244,0.,170.878179016688));
#645=CARTESIAN_POINT('Ctrl Pts',(17.7212394684244,17.7212394684244,170.878179016688));
#646=CARTESIAN_POINT('Ctrl Pts',(0.,17.7212394684244,170.878179016688));
#647=CARTESIAN_POINT('Ctrl Pts',(-17.7212394684244,17.7212394684244,170.878179016688));
#648=CARTESIAN_POINT('Ctrl Pts',(-17.7212394684244,0.,170.878179016688));
#649=CARTESIAN_POINT('Ctrl Pts',(-17.7212394684244,-17.7212394684244,170.878179016688));
#650=CARTESIAN_POINT('Ctrl Pts',(0.,-17.7212394684244,170.878179016688));
#651=CARTESIAN_POINT('Ctrl Pts',(17.7212394684244,-17.7212394684244,170.878179016688));
#652=CARTESIAN_POINT('Ctrl Pts',(17.7212394684244,0.,170.878179016688));
#653=CARTESIAN_POINT('Ctrl Pts',(17.7855896413113,0.,168.938773852955));
#654=CARTESIAN_POINT('Ctrl Pts',(17.7855896413112,17.7855896413112,168.938773852955));
#655=CARTESIAN_POINT('Ctrl Pts',(0.,17.7855896413113,168.938773852955));
#656=CARTESIAN_POINT('Ctrl Pts',(-17.7855896413112,17.7855896413112,168.938773852955));
#657=CARTESIAN_POINT('Ctrl Pts',(-17.7855896413113,0.,168.938773852955));
#658=CARTESIAN_POINT('Ctrl Pts',(-17.7855896413112,-17.7855896413112,168.938773852955));
#659=CARTESIAN_POINT('Ctrl Pts',(0.,-17.7855896413113,168.938773852955));
#660=CARTESIAN_POINT('Ctrl Pts',(17.7855896413112,-17.7855896413112,168.938773852955));
#661=CARTESIAN_POINT('Ctrl Pts',(17.7855896413113,0.,168.938773852955));
#662=CARTESIAN_POINT('Ctrl Pts',(17.7685743270958,0.,166.942833362055));
#663=CARTESIAN_POINT('Ctrl Pts',(17.7685743270958,17.7685743270958,166.942833362055));
#664=CARTESIAN_POINT('Ctrl Pts',(0.,17.7685743270958,166.942833362055));
#665=CARTESIAN_POINT('Ctrl Pts',(-17.7685743270958,17.7685743270958,166.942833362055));
#666=CARTESIAN_POINT('Ctrl Pts',(-17.7685743270958,0.,166.942833362055));
#667=CARTESIAN_POINT('Ctrl Pts',(-17.7685743270958,-17.7685743270958,166.942833362055));
#668=CARTESIAN_POINT('Ctrl Pts',(0.,-17.7685743270958,166.942833362055));
#669=CARTESIAN_POINT('Ctrl Pts',(17.7685743270958,-17.7685743270958,166.942833362055));
#670=CARTESIAN_POINT('Ctrl Pts',(17.7685743270958,0.,166.942833362055));
#671=CARTESIAN_POINT('Ctrl Pts',(17.7141078547678,0.,164.825448639583));
#672=CARTESIAN_POINT('Ctrl Pts',(17.7141078547678,17.7141078547678,164.825448639583));
#673=CARTESIAN_POINT('Ctrl Pts',(0.,17.7141078547678,164.825448639583));
#674=CARTESIAN_POINT('Ctrl Pts',(-17.7141078547678,17.7141078547678,164.825448639583));
#675=CARTESIAN_POINT('Ctrl Pts',(-17.7141078547678,0.,164.825448639583));
#676=CARTESIAN_POINT('Ctrl Pts',(-17.7141078547678,-17.7141078547678,164.825448639583));
#677=CARTESIAN_POINT('Ctrl Pts',(0.,-17.7141078547678,164.825448639583));
#678=CARTESIAN_POINT('Ctrl Pts',(17.7141078547678,-17.7141078547678,164.825448639583));
#679=CARTESIAN_POINT('Ctrl Pts',(17.7141078547678,0.,164.825448639583));
#680=CARTESIAN_POINT('Ctrl Pts',(17.6868109271132,0.,162.553254814132));
#681=CARTESIAN_POINT('Ctrl Pts',(17.6868109271132,17.6868109271132,162.553254814132));
#682=CARTESIAN_POINT('Ctrl Pts',(0.,17.6868109271132,162.553254814132));
#683=CARTESIAN_POINT('Ctrl Pts',(-17.6868109271132,17.6868109271132,162.553254814132));
#684=CARTESIAN_POINT('Ctrl Pts',(-17.6868109271132,0.,162.553254814132));
#685=CARTESIAN_POINT('Ctrl Pts',(-17.6868109271132,-17.6868109271132,162.553254814132));
#686=CARTESIAN_POINT('Ctrl Pts',(0.,-17.6868109271132,162.553254814132));
#687=CARTESIAN_POINT('Ctrl Pts',(17.6868109271132,-17.6868109271132,162.553254814132));
#688=CARTESIAN_POINT('Ctrl Pts',(17.6868109271132,0.,162.553254814132));
#689=CARTESIAN_POINT('Ctrl Pts',(17.7754353933019,0.,160.137997703604));
#690=CARTESIAN_POINT('Ctrl Pts',(17.7754353933019,17.7754353933019,160.137997703604));
#691=CARTESIAN_POINT('Ctrl Pts',(0.,17.7754353933019,160.137997703604));
#692=CARTESIAN_POINT('Ctrl Pts',(-17.7754353933019,17.7754353933019,160.137997703604));
#693=CARTESIAN_POINT('Ctrl Pts',(-17.7754353933019,0.,160.137997703604));
#694=CARTESIAN_POINT('Ctrl Pts',(-17.7754353933019,-17.7754353933019,160.137997703604));
#695=CARTESIAN_POINT('Ctrl Pts',(0.,-17.7754353933019,160.137997703604));
#696=CARTESIAN_POINT('Ctrl Pts',(17.7754353933019,-17.7754353933019,160.137997703604));
#697=CARTESIAN_POINT('Ctrl Pts',(17.7754353933019,0.,160.137997703604));
#698=CARTESIAN_POINT('Ctrl Pts',(18.0938057649241,0.,157.646115552645));
#699=CARTESIAN_POINT('Ctrl Pts',(18.0938057649241,18.0938057649241,157.646115552645));
#700=CARTESIAN_POINT('Ctrl Pts',(0.,18.0938057649241,157.646115552645));
#701=CARTESIAN_POINT('Ctrl Pts',(-18.0938057649241,18.0938057649241,157.646115552645));
#702=CARTESIAN_POINT('Ctrl Pts',(-18.0938057649241,0.,157.646115552645));
#703=CARTESIAN_POINT('Ctrl Pts',(-18.0938057649241,-18.0938057649241,157.646115552645));
#704=CARTESIAN_POINT('Ctrl Pts',(0.,-18.0938057649241,157.646115552645));
#705=CARTESIAN_POINT('Ctrl Pts',(18.0938057649241,-18.0938057649241,157.646115552645));
#706=CARTESIAN_POINT('Ctrl Pts',(18.0938057649241,0.,157.646115552645));
#707=CARTESIAN_POINT('Ctrl Pts',(18.7445353896411,0.,155.17049165298));
#708=CARTESIAN_POINT('Ctrl Pts',(18.7445353896411,18.7445353896411,155.17049165298));
#709=CARTESIAN_POINT('Ctrl Pts',(0.,18.7445353896411,155.17049165298));
#710=CARTESIAN_POINT('Ctrl Pts',(-18.7445353896411,18.7445353896411,155.17049165298));
#711=CARTESIAN_POINT('Ctrl Pts',(-18.7445353896411,0.,155.17049165298));
#712=CARTESIAN_POINT('Ctrl Pts',(-18.7445353896411,-18.7445353896411,155.17049165298));
#713=CARTESIAN_POINT('Ctrl Pts',(0.,-18.7445353896411,155.17049165298));
#714=CARTESIAN_POINT('Ctrl Pts',(18.7445353896411,-18.7445353896411,155.17049165298));
#715=CARTESIAN_POINT('Ctrl Pts',(18.7445353896411,0.,155.17049165298));
#716=CARTESIAN_POINT('Ctrl Pts',(19.7954586578805,0.,152.809017493357));
#717=CARTESIAN_POINT('Ctrl Pts',(19.7954586578805,19.7954586578805,152.809017493357));
#718=CARTESIAN_POINT('Ctrl Pts',(0.,19.7954586578805,152.809017493357));
#719=CARTESIAN_POINT('Ctrl Pts',(-19.7954586578805,19.7954586578805,152.809017493357));
#720=CARTESIAN_POINT('Ctrl Pts',(-19.7954586578805,0.,152.809017493357));
#721=CARTESIAN_POINT('Ctrl Pts',(-19.7954586578805,-19.7954586578805,152.809017493357));
#722=CARTESIAN_POINT('Ctrl Pts',(0.,-19.7954586578805,152.809017493357));
#723=CARTESIAN_POINT('Ctrl Pts',(19.7954586578805,-19.7954586578805,152.809017493357));
#724=CARTESIAN_POINT('Ctrl Pts',(19.7954586578805,0.,152.809017493357));
#725=CARTESIAN_POINT('Ctrl Pts',(21.2325671351745,0.,150.634295601429));
#726=CARTESIAN_POINT('Ctrl Pts',(21.2325671351745,21.2325671351745,150.634295601429));
#727=CARTESIAN_POINT('Ctrl Pts',(0.,21.2325671351745,150.634295601429));
#728=CARTESIAN_POINT('Ctrl Pts',(-21.2325671351745,21.2325671351745,150.634295601429));
#729=CARTESIAN_POINT('Ctrl Pts',(-21.2325671351745,0.,150.634295601429));
#730=CARTESIAN_POINT('Ctrl Pts',(-21.2325671351745,-21.2325671351745,150.634295601429));
#731=CARTESIAN_POINT('Ctrl Pts',(0.,-21.2325671351745,150.634295601429));
#732=CARTESIAN_POINT('Ctrl Pts',(21.2325671351745,-21.2325671351745,150.634295601429));
#733=CARTESIAN_POINT('Ctrl Pts',(21.2325671351745,0.,150.634295601429));
#734=CARTESIAN_POINT('Ctrl Pts',(22.9650130595881,0.,148.681381129057));
#735=CARTESIAN_POINT('Ctrl Pts',(22.9650130595881,22.9650130595881,148.681381129057));
#736=CARTESIAN_POINT('Ctrl Pts',(0.,22.9650130595881,148.681381129057));
#737=CARTESIAN_POINT('Ctrl Pts',(-22.9650130595881,22.9650130595881,148.681381129057));
#738=CARTESIAN_POINT('Ctrl Pts',(-22.9650130595881,0.,148.681381129057));
#739=CARTESIAN_POINT('Ctrl Pts',(-22.9650130595881,-22.9650130595881,148.681381129057));
#740=CARTESIAN_POINT('Ctrl Pts',(0.,-22.9650130595881,148.681381129057));
#741=CARTESIAN_POINT('Ctrl Pts',(22.9650130595881,-22.9650130595881,148.681381129057));
#742=CARTESIAN_POINT('Ctrl Pts',(22.9650130595881,0.,148.681381129057));
#743=CARTESIAN_POINT('Ctrl Pts',(24.705932103306,0.,146.893278583927));
#744=CARTESIAN_POINT('Ctrl Pts',(24.705932103306,24.705932103306,146.893278583927));
#745=CARTESIAN_POINT('Ctrl Pts',(0.,24.705932103306,146.893278583927));
#746=CARTESIAN_POINT('Ctrl Pts',(-24.705932103306,24.705932103306,146.893278583927));
#747=CARTESIAN_POINT('Ctrl Pts',(-24.705932103306,0.,146.893278583927));
#748=CARTESIAN_POINT('Ctrl Pts',(-24.705932103306,-24.705932103306,146.893278583927));
#749=CARTESIAN_POINT('Ctrl Pts',(0.,-24.705932103306,146.893278583927));
#750=CARTESIAN_POINT('Ctrl Pts',(24.705932103306,-24.705932103306,146.893278583927));
#751=CARTESIAN_POINT('Ctrl Pts',(24.705932103306,0.,146.893278583927));
#752=CARTESIAN_POINT('Ctrl Pts',(26.2269777584877,0.,145.192774575638));
#753=CARTESIAN_POINT('Ctrl Pts',(26.2269777584877,26.2269777584877,145.192774575638));
#754=CARTESIAN_POINT('Ctrl Pts',(0.,26.2269777584877,145.192774575638));
#755=CARTESIAN_POINT('Ctrl Pts',(-26.2269777584877,26.2269777584877,145.192774575638));
#756=CARTESIAN_POINT('Ctrl Pts',(-26.2269777584877,0.,145.192774575638));
#757=CARTESIAN_POINT('Ctrl Pts',(-26.2269777584877,-26.2269777584877,145.192774575638));
#758=CARTESIAN_POINT('Ctrl Pts',(0.,-26.2269777584877,145.192774575638));
#759=CARTESIAN_POINT('Ctrl Pts',(26.2269777584877,-26.2269777584877,145.192774575638));
#760=CARTESIAN_POINT('Ctrl Pts',(26.2269777584877,0.,145.192774575638));
#761=CARTESIAN_POINT('Ctrl Pts',(27.4524363873138,0.,143.525994236478));
#762=CARTESIAN_POINT('Ctrl Pts',(27.4524363873138,27.4524363873138,143.525994236478));
#763=CARTESIAN_POINT('Ctrl Pts',(0.,27.4524363873138,143.525994236478));
#764=CARTESIAN_POINT('Ctrl Pts',(-27.4524363873138,27.4524363873138,143.525994236478));
#765=CARTESIAN_POINT('Ctrl Pts',(-27.4524363873138,0.,143.525994236478));
#766=CARTESIAN_POINT('Ctrl Pts',(-27.4524363873138,-27.4524363873138,143.525994236478));
#767=CARTESIAN_POINT('Ctrl Pts',(0.,-27.4524363873138,143.525994236478));
#768=CARTESIAN_POINT('Ctrl Pts',(27.4524363873138,-27.4524363873138,143.525994236478));
#769=CARTESIAN_POINT('Ctrl Pts',(27.4524363873138,0.,143.525994236478));
#770=CARTESIAN_POINT('Ctrl Pts',(28.3745190501709,0.,141.844591034635));
#771=CARTESIAN_POINT('Ctrl Pts',(28.3745190501709,28.3745190501709,141.844591034635));
#772=CARTESIAN_POINT('Ctrl Pts',(0.,28.3745190501709,141.844591034635));
#773=CARTESIAN_POINT('Ctrl Pts',(-28.3745190501709,28.3745190501709,141.844591034635));
#774=CARTESIAN_POINT('Ctrl Pts',(-28.3745190501709,0.,141.844591034635));
#775=CARTESIAN_POINT('Ctrl Pts',(-28.3745190501709,-28.3745190501709,141.844591034635));
#776=CARTESIAN_POINT('Ctrl Pts',(0.,-28.3745190501709,141.844591034635));
#777=CARTESIAN_POINT('Ctrl Pts',(28.3745190501709,-28.3745190501709,141.844591034635));
#778=CARTESIAN_POINT('Ctrl Pts',(28.3745190501709,0.,141.844591034635));
#779=CARTESIAN_POINT('Ctrl Pts',(29.0406798454694,0.,140.112593079724));
#780=CARTESIAN_POINT('Ctrl Pts',(29.0406798454694,29.0406798454694,140.112593079724));
#781=CARTESIAN_POINT('Ctrl Pts',(0.,29.0406798454694,140.112593079724));
#782=CARTESIAN_POINT('Ctrl Pts',(-29.0406798454694,29.0406798454694,140.112593079724));
#783=CARTESIAN_POINT('Ctrl Pts',(-29.0406798454694,0.,140.112593079724));
#784=CARTESIAN_POINT('Ctrl Pts',(-29.0406798454694,-29.0406798454694,140.112593079724));
#785=CARTESIAN_POINT('Ctrl Pts',(0.,-29.0406798454694,140.112593079724));
#786=CARTESIAN_POINT('Ctrl Pts',(29.0406798454694,-29.0406798454694,140.112593079724));
#787=CARTESIAN_POINT('Ctrl Pts',(29.0406798454694,0.,140.112593079724));
#788=CARTESIAN_POINT('Ctrl Pts',(29.5105936494122,0.,138.302728003546));
#789=CARTESIAN_POINT('Ctrl Pts',(29.5105936494122,29.5105936494122,138.302728003546));
#790=CARTESIAN_POINT('Ctrl Pts',(0.,29.5105936494122,138.302728003546));
#791=CARTESIAN_POINT('Ctrl Pts',(-29.5105936494122,29.5105936494122,138.302728003546));
#792=CARTESIAN_POINT('Ctrl Pts',(-29.5105936494122,0.,138.302728003546));
#793=CARTESIAN_POINT('Ctrl Pts',(-29.5105936494122,-29.5105936494122,138.302728003546));
#794=CARTESIAN_POINT('Ctrl Pts',(0.,-29.5105936494122,138.302728003546));
#795=CARTESIAN_POINT('Ctrl Pts',(29.5105936494122,-29.5105936494122,138.302728003546));
#796=CARTESIAN_POINT('Ctrl Pts',(29.5105936494122,0.,138.302728003546));
#797=CARTESIAN_POINT('Ctrl Pts',(29.8254989225559,0.,136.397333128944));
#798=CARTESIAN_POINT('Ctrl Pts',(29.8254989225559,29.8254989225559,136.397333128944));
#799=CARTESIAN_POINT('Ctrl Pts',(0.,29.8254989225559,136.397333128944));
#800=CARTESIAN_POINT('Ctrl Pts',(-29.8254989225559,29.8254989225559,136.397333128944));
#801=CARTESIAN_POINT('Ctrl Pts',(-29.8254989225559,0.,136.397333128944));
#802=CARTESIAN_POINT('Ctrl Pts',(-29.8254989225559,-29.8254989225559,136.397333128944));
#803=CARTESIAN_POINT('Ctrl Pts',(0.,-29.8254989225559,136.397333128944));
#804=CARTESIAN_POINT('Ctrl Pts',(29.8254989225559,-29.8254989225559,136.397333128944));
#805=CARTESIAN_POINT('Ctrl Pts',(29.8254989225559,0.,136.397333128944));
#806=CARTESIAN_POINT('Ctrl Pts',(30.0097881101675,0.,134.385882311461));
#807=CARTESIAN_POINT('Ctrl Pts',(30.0097881101675,30.0097881101675,134.385882311461));
#808=CARTESIAN_POINT('Ctrl Pts',(0.,30.0097881101675,134.385882311461));
#809=CARTESIAN_POINT('Ctrl Pts',(-30.0097881101675,30.0097881101675,134.385882311461));
#810=CARTESIAN_POINT('Ctrl Pts',(-30.0097881101675,0.,134.385882311461));
#811=CARTESIAN_POINT('Ctrl Pts',(-30.0097881101675,-30.0097881101675,134.385882311461));
#812=CARTESIAN_POINT('Ctrl Pts',(0.,-30.0097881101675,134.385882311461));
#813=CARTESIAN_POINT('Ctrl Pts',(30.0097881101675,-30.0097881101675,134.385882311461));
#814=CARTESIAN_POINT('Ctrl Pts',(30.0097881101675,0.,134.385882311461));
#815=CARTESIAN_POINT('Ctrl Pts',(30.0627658691392,0.,132.68784296714));
#816=CARTESIAN_POINT('Ctrl Pts',(30.0627658691392,30.0627658691392,132.68784296714));
#817=CARTESIAN_POINT('Ctrl Pts',(0.,30.0627658691392,132.68784296714));
#818=CARTESIAN_POINT('Ctrl Pts',(-30.0627658691392,30.0627658691392,132.68784296714));
#819=CARTESIAN_POINT('Ctrl Pts',(-30.0627658691392,0.,132.68784296714));
#820=CARTESIAN_POINT('Ctrl Pts',(-30.0627658691392,-30.0627658691392,132.68784296714));
#821=CARTESIAN_POINT('Ctrl Pts',(0.,-30.0627658691392,132.68784296714));
#822=CARTESIAN_POINT('Ctrl Pts',(30.0627658691392,-30.0627658691392,132.68784296714));
#823=CARTESIAN_POINT('Ctrl Pts',(30.0627658691392,0.,132.68784296714));
#824=CARTESIAN_POINT('Ctrl Pts',(30.0512837209978,0.,131.363621391951));
#825=CARTESIAN_POINT('Ctrl Pts',(30.0512837209978,30.0512837209978,131.363621391951));
#826=CARTESIAN_POINT('Ctrl Pts',(0.,30.0512837209978,131.363621391951));
#827=CARTESIAN_POINT('Ctrl Pts',(-30.0512837209978,30.0512837209978,131.363621391951));
#828=CARTESIAN_POINT('Ctrl Pts',(-30.0512837209978,0.,131.363621391951));
#829=CARTESIAN_POINT('Ctrl Pts',(-30.0512837209978,-30.0512837209978,131.363621391951));
#830=CARTESIAN_POINT('Ctrl Pts',(0.,-30.0512837209978,131.363621391951));
#831=CARTESIAN_POINT('Ctrl Pts',(30.0512837209978,-30.0512837209978,131.363621391951));
#832=CARTESIAN_POINT('Ctrl Pts',(30.0512837209978,0.,131.363621391951));
#833=CARTESIAN_POINT('Ctrl Pts',(30.0208853314823,0.,130.458292860146));
#834=CARTESIAN_POINT('Ctrl Pts',(30.0208853314823,30.0208853314823,130.458292860146));
#835=CARTESIAN_POINT('Ctrl Pts',(0.,30.0208853314823,130.458292860146));
#836=CARTESIAN_POINT('Ctrl Pts',(-30.0208853314823,30.0208853314823,130.458292860146));
#837=CARTESIAN_POINT('Ctrl Pts',(-30.0208853314823,0.,130.458292860146));
#838=CARTESIAN_POINT('Ctrl Pts',(-30.0208853314823,-30.0208853314823,130.458292860146));
#839=CARTESIAN_POINT('Ctrl Pts',(0.,-30.0208853314823,130.458292860146));
#840=CARTESIAN_POINT('Ctrl Pts',(30.0208853314823,-30.0208853314823,130.458292860146));
#841=CARTESIAN_POINT('Ctrl Pts',(30.0208853314823,0.,130.458292860146));
#842=CARTESIAN_POINT('Ctrl Pts',(30.,0.,130.));
#843=CARTESIAN_POINT('Ctrl Pts',(30.,30.,130.));
#844=CARTESIAN_POINT('Ctrl Pts',(0.,30.,130.));
#845=CARTESIAN_POINT('Ctrl Pts',(-30.,30.,130.));
#846=CARTESIAN_POINT('Ctrl Pts',(-30.,0.,130.));
#847=CARTESIAN_POINT('Ctrl Pts',(-30.,-30.,130.));
#848=CARTESIAN_POINT('Ctrl Pts',(0.,-30.,130.));
#849=CARTESIAN_POINT('Ctrl Pts',(30.,-30.,130.));
#850=CARTESIAN_POINT('Ctrl Pts',(30.,0.,130.));
#851=CARTESIAN_POINT('',(30.,0.,130.));
#852=CARTESIAN_POINT('Ctrl Pts',(30.,0.,130.));
#853=CARTESIAN_POINT('Ctrl Pts',(30.0208853314823,0.,130.458292860146));
#854=CARTESIAN_POINT('Ctrl Pts',(30.0512837209978,0.,131.363621391951));
#855=CARTESIAN_POINT('Ctrl Pts',(30.0627658691392,0.,132.68784296714));
#856=CARTESIAN_POINT('Ctrl Pts',(30.0097881101675,0.,134.385882311461));
#857=CARTESIAN_POINT('Ctrl Pts',(29.8254989225559,0.,136.397333128944));
#858=CARTESIAN_POINT('Ctrl Pts',(29.5105936494122,0.,138.302728003546));
#859=CARTESIAN_POINT('Ctrl Pts',(29.0406798454694,0.,140.112593079724));
#860=CARTESIAN_POINT('Ctrl Pts',(28.3745190501709,0.,141.844591034635));
#861=CARTESIAN_POINT('Ctrl Pts',(27.4524363873138,0.,143.525994236478));
#862=CARTESIAN_POINT('Ctrl Pts',(26.2269777584877,0.,145.192774575638));
#863=CARTESIAN_POINT('Ctrl Pts',(24.705932103306,0.,146.893278583927));
#864=CARTESIAN_POINT('Ctrl Pts',(22.9650130595881,0.,148.681381129057));
#865=CARTESIAN_POINT('Ctrl Pts',(21.2325671351745,0.,150.634295601429));
#866=CARTESIAN_POINT('Ctrl Pts',(19.7954586578805,0.,152.809017493357));
#867=CARTESIAN_POINT('Ctrl Pts',(18.7445353896411,0.,155.17049165298));
#868=CARTESIAN_POINT('Ctrl Pts',(18.0938057649241,0.,157.646115552645));
#869=CARTESIAN_POINT('Ctrl Pts',(17.7754353933019,0.,160.137997703604));
#870=CARTESIAN_POINT('Ctrl Pts',(17.6868109271132,0.,162.553254814132));
#871=CARTESIAN_POINT('Ctrl Pts',(17.7141078547678,0.,164.825448639583));
#872=CARTESIAN_POINT('Ctrl Pts',(17.7685743270958,0.,166.942833362055));
#873=CARTESIAN_POINT('Ctrl Pts',(17.7855896413113,0.,168.938773852955));
#874=CARTESIAN_POINT('Ctrl Pts',(17.7212394684244,0.,170.878179016688));
#875=CARTESIAN_POINT('Ctrl Pts',(17.5496894039396,0.,172.845271826502));
#876=CARTESIAN_POINT('Ctrl Pts',(17.2602929254117,0.,174.931150423636));
#877=CARTESIAN_POINT('Ctrl Pts',(16.8548359067275,0.,177.22071939158));
#878=CARTESIAN_POINT('Ctrl Pts',(16.3449799924574,0.,179.786413740014));
#879=CARTESIAN_POINT('Ctrl Pts',(15.7498004798219,0.,182.683361502795));
#880=CARTESIAN_POINT('Ctrl Pts',(15.0933104542532,0.,185.943947329837));
#881=CARTESIAN_POINT('Ctrl Pts',(14.4020157111698,0.,189.572668627328));
#882=CARTESIAN_POINT('Ctrl Pts',(13.7024521058183,0.,193.540532431441));
#883=CARTESIAN_POINT('Ctrl Pts',(13.0187698361783,0.,197.78013266996));
#884=CARTESIAN_POINT('Ctrl Pts',(12.3701986646929,0.,202.178935589995));
#885=CARTESIAN_POINT('Ctrl Pts',(11.7690308949494,0.,206.577231376277));
#886=CARTESIAN_POINT('Ctrl Pts',(11.2288956093034,0.,210.790856275515));
#887=CARTESIAN_POINT('Ctrl Pts',(10.7673662360606,0.,214.632992205712));
#888=CARTESIAN_POINT('Ctrl Pts',(10.4198782959539,0.,217.932205922702));
#889=CARTESIAN_POINT('Ctrl Pts',(10.2281318883662,0.,220.561446195058));
#890=CARTESIAN_POINT('Ctrl Pts',(10.2875617770924,0.,222.440835624173));
#891=CARTESIAN_POINT('Ctrl Pts',(10.6573326863767,0.,223.602311633274));
#892=CARTESIAN_POINT('Ctrl Pts',(11.6025167023578,0.,224.104916442197));
#893=CARTESIAN_POINT('Ctrl Pts',(12.7613503649031,0.,224.440452155579));
#894=CARTESIAN_POINT('Ctrl Pts',(13.4074592996258,0.,225.2658480247));
#895=CARTESIAN_POINT('Ctrl Pts',(13.2063782376873,0.,226.878341719485));
#896=CARTESIAN_POINT('Ctrl Pts',(12.3725987708488,0.,229.09831561808));
#897=CARTESIAN_POINT('Ctrl Pts',(11.3703497647161,0.,231.520693915393));
#898=CARTESIAN_POINT('Ctrl Pts',(10.7064471287052,0.,233.687971530742));
#899=CARTESIAN_POINT('Ctrl Pts',(10.718578814108,0.,235.26818522782));
#900=CARTESIAN_POINT('Ctrl Pts',(11.2859785595591,0.,236.296378648173));
#901=CARTESIAN_POINT('Ctrl Pts',(11.9480092747139,0.,237.080033109212));
#902=CARTESIAN_POINT('Ctrl Pts',(12.201611014151,0.,237.88278728569));
#903=CARTESIAN_POINT('Ctrl Pts',(12.0178919701963,0.,238.615525082954));
#904=CARTESIAN_POINT('Ctrl Pts',(11.7028591196969,0.,239.165315233956));
#905=CARTESIAN_POINT('Ctrl Pts',(11.441629789916,0.,239.507595531727));
#906=CARTESIAN_POINT('Ctrl Pts',(11.3285160497229,0.,239.642501512122));
#907=CARTESIAN_POINT('',(-30.,-3.67394039744206E-15,130.));
#908=CARTESIAN_POINT('Origin',(0.,0.,130.));
#909=CARTESIAN_POINT('Origin',(0.,0.,130.));
#910=CARTESIAN_POINT('Origin',(0.,0.,240.));
#911=CARTESIAN_POINT('',(9.87867967706583,-3.05311331771918E-15,240.));
#912=CARTESIAN_POINT('Ctrl Pts',(9.87867967706583,-3.24937484168847E-15,
240.));
#913=CARTESIAN_POINT('Ctrl Pts',(9.87867967706583,1.47778098128184,240.));
#914=CARTESIAN_POINT('Ctrl Pts',(9.20495080143553,4.43187539976177,240.));
#915=CARTESIAN_POINT('Ctrl Pts',(6.36884162840624,7.98940050286962,240.));
#916=CARTESIAN_POINT('Ctrl Pts',(2.27508745881027,9.95733306595032,240.));
#917=CARTESIAN_POINT('Ctrl Pts',(-2.78471608722555,9.96554529824944,240.));
#918=CARTESIAN_POINT('Ctrl Pts',(-6.79145881407647,7.6487129503633,240.));
#919=CARTESIAN_POINT('Ctrl Pts',(-9.60240918265537,3.52588816033814,240.));
#920=CARTESIAN_POINT('Ctrl Pts',(-10.2127806894502,-0.540882644863749,240.));
#921=CARTESIAN_POINT('Ctrl Pts',(-8.88648505811783,-4.82852897277674,240.));
#922=CARTESIAN_POINT('Ctrl Pts',(-6.37012835906617,-7.98690856514755,240.));
#923=CARTESIAN_POINT('Ctrl Pts',(-2.27183237340104,-9.96009141040722,240.));
#924=CARTESIAN_POINT('Ctrl Pts',(2.27330592927643,-9.95957263376299,240.));
#925=CARTESIAN_POINT('Ctrl Pts',(6.3705119283933,-7.98838316061642,240.));
#926=CARTESIAN_POINT('Ctrl Pts',(9.20453484419306,-4.4321726853071,240.));
#927=CARTESIAN_POINT('Ctrl Pts',(9.87867967706583,-1.47778098128181,240.));
#928=CARTESIAN_POINT('Ctrl Pts',(9.87867967706583,-2.62552902629163E-15,
240.));
#929=CARTESIAN_POINT('Ctrl Pts',(9.17157277566496,-1.80411241501588E-15,
238.292893339028));
#930=CARTESIAN_POINT('Ctrl Pts',(9.17157277566496,-1.372002763465,238.292893339028));
#931=CARTESIAN_POINT('Ctrl Pts',(8.54568261643798,-4.11492179789785,238.292893339028));
#932=CARTESIAN_POINT('Ctrl Pts',(5.91451648190855,-7.41658196363864,238.292893339028));
#933=CARTESIAN_POINT('Ctrl Pts',(2.11058475963282,-9.24667548813667,238.292893339028));
#934=CARTESIAN_POINT('Ctrl Pts',(-2.109216679546,-9.2471571312208,238.292893339028));
#935=CARTESIAN_POINT('Ctrl Pts',(-5.9141603681248,-7.41521291837151,238.292893339028));
#936=CARTESIAN_POINT('Ctrl Pts',(-8.25039854461553,-4.48290726300605,238.292893339028));
#937=CARTESIAN_POINT('Ctrl Pts',(-9.48175914162441,-0.502166757363223,238.292893339028));
#938=CARTESIAN_POINT('Ctrl Pts',(-8.91507747183027,3.27350829448109,238.292893339028));
#939=CARTESIAN_POINT('Ctrl Pts',(-6.30533237258833,7.10122503792575,238.292893339028));
#940=CARTESIAN_POINT('Ctrl Pts',(-2.5853886438739,9.25222063473447,238.292893339028));
#941=CARTESIAN_POINT('Ctrl Pts',(2.11223876890385,9.24459622654996,238.292893339028));
#942=CARTESIAN_POINT('Ctrl Pts',(5.91296574047454,7.41752648545917,238.292893339028));
#943=CARTESIAN_POINT('Ctrl Pts',(8.54606879983957,4.11464579178128,238.292893339028));
#944=CARTESIAN_POINT('Ctrl Pts',(9.17157277566496,1.372002763465,238.292893339028));
#945=CARTESIAN_POINT('Ctrl Pts',(9.17157277566496,-2.77555756156289E-15,
238.292893339028));
#946=CARTESIAN_POINT('Ctrl Pts',(9.01289842344146,-1.76405731243057E-15,
238.451567745203));
#947=CARTESIAN_POINT('Ctrl Pts',(9.01289842344146,-1.34821723235794,238.451567745203));
#948=CARTESIAN_POINT('Ctrl Pts',(8.39778553814395,-4.04367826084664,238.451567745203));
#949=CARTESIAN_POINT('Ctrl Pts',(5.81212273772497,-7.28816767948787,238.451567745203));
#950=CARTESIAN_POINT('Ctrl Pts',(2.07407628246318,-9.08657557935905,238.451567745203));
#951=CARTESIAN_POINT('Ctrl Pts',(-2.07268927307668,-9.08702654117342,238.451567745203));
#952=CARTESIAN_POINT('Ctrl Pts',(-5.81178061316495,-7.28681350875139,238.451567745203));
#953=CARTESIAN_POINT('Ctrl Pts',(-8.10755152453087,-4.40526924855978,238.451567745203));
#954=CARTESIAN_POINT('Ctrl Pts',(-9.31759796210719,-0.493506494042296,238.451567745203));
#955=CARTESIAN_POINT('Ctrl Pts',(-8.76070201553281,3.21683429231084,238.451567745203));
#956=CARTESIAN_POINT('Ctrl Pts',(-6.19614994561441,6.97827449376125,238.451567745203));
#957=CARTESIAN_POINT('Ctrl Pts',(-2.54063702213063,9.09201242232014,238.451567745203));
#958=CARTESIAN_POINT('Ctrl Pts',(2.07569913607955,9.08453344325992,238.451567745203));
#959=CARTESIAN_POINT('Ctrl Pts',(5.81059430231409,7.28909922629603,238.451567745203));
#960=CARTESIAN_POINT('Ctrl Pts',(8.39816444056125,4.04340726719907,238.451567745203));
#961=CARTESIAN_POINT('Ctrl Pts',(9.01289842344146,1.34821723235795,238.451567745203));
#962=CARTESIAN_POINT('Ctrl Pts',(9.01289842344146,-2.77555756156289E-15,
238.451567745203));
#963=CARTESIAN_POINT('Ctrl Pts',(8.80712447433343,-1.77131044572392E-15,
238.879635160619));
#964=CARTESIAN_POINT('Ctrl Pts',(8.80712447433343,-1.3174331300461,238.879635160619));
#965=CARTESIAN_POINT('Ctrl Pts',(8.20605225537631,-3.95135373245615,238.879635160619));
#966=CARTESIAN_POINT('Ctrl Pts',(5.67942181863909,-7.12176511051473,238.879635160619));
#967=CARTESIAN_POINT('Ctrl Pts',(2.02672329645306,-8.8791120655765,238.879635160619));
#968=CARTESIAN_POINT('Ctrl Pts',(-2.0253654439763,-8.87955141463163,238.879635160619));
#969=CARTESIAN_POINT('Ctrl Pts',(-5.67908796639928,-7.12044133776334,238.879635160619));
#970=CARTESIAN_POINT('Ctrl Pts',(-7.92244113936984,-4.30468756298686,238.879635160619));
#971=CARTESIAN_POINT('Ctrl Pts',(-9.10486030812839,-0.482240845582032,238.879635160619));
#972=CARTESIAN_POINT('Ctrl Pts',(-8.56067780636716,3.14338821881478,238.879635160619));
#973=CARTESIAN_POINT('Ctrl Pts',(-6.05467967258418,6.81894757487915,238.879635160619));
#974=CARTESIAN_POINT('Ctrl Pts',(-2.48263027158088,8.88442405089181,238.879635160619));
#975=CARTESIAN_POINT('Ctrl Pts',(2.02830894894108,8.8771166215218,238.879635160619));
#976=CARTESIAN_POINT('Ctrl Pts',(5.67792801251959,7.12267558745319,238.879635160619));
#977=CARTESIAN_POINT('Ctrl Pts',(8.20642247171412,3.95108893986543,238.879635160619));
#978=CARTESIAN_POINT('Ctrl Pts',(8.80712447433343,1.31743313004613,238.879635160619));
#979=CARTESIAN_POINT('Ctrl Pts',(8.80712447433343,-2.81918520229699E-15,
238.879635160619));
#980=CARTESIAN_POINT('Ctrl Pts',(8.95254358954972,-2.01611520328247E-15,
239.515634577276));
#981=CARTESIAN_POINT('Ctrl Pts',(8.95254358954972,-1.33917522989322,239.515634577276));
#982=CARTESIAN_POINT('Ctrl Pts',(8.34153555213753,-4.01658509111331,239.515634577276));
#983=CARTESIAN_POINT('Ctrl Pts',(5.77318271613203,-7.23933389163739,239.515634577276));
#984=CARTESIAN_POINT('Ctrl Pts',(2.06018893001405,-9.02569212098521,239.515634577276));
#985=CARTESIAN_POINT('Ctrl Pts',(-2.05879931452047,-9.02613382278406,239.515634577276));
#986=CARTESIAN_POINT('Ctrl Pts',(-5.7728450684014,-7.23798632892918,239.515634577276));
#987=CARTESIAN_POINT('Ctrl Pts',(-8.05322873984947,-4.37574684524226,239.515634577276));
#988=CARTESIAN_POINT('Ctrl Pts',(-9.25516909233129,-0.490209424741314,239.515634577276));
#989=CARTESIAN_POINT('Ctrl Pts',(-8.70199730141709,3.19528157469315,239.515634577276));
#990=CARTESIAN_POINT('Ctrl Pts',(-6.15463066313641,6.93151809721681,239.515634577276));
#991=CARTESIAN_POINT('Ctrl Pts',(-2.52361732876654,9.0310891025127,239.515634577276));
#992=CARTESIAN_POINT('Ctrl Pts',(2.06180020692792,9.02366398194539,239.515634577276));
#993=CARTESIAN_POINT('Ctrl Pts',(5.77166325301448,7.24026014015816,239.515634577276));
#994=CARTESIAN_POINT('Ctrl Pts',(8.34191174977359,4.01631597845426,239.515634577276));
#995=CARTESIAN_POINT('Ctrl Pts',(8.95254358954972,1.33917522989325,239.515634577276));
#996=CARTESIAN_POINT('Ctrl Pts',(8.95254358954972,-2.9725476039245E-15,
239.515634577276));
#997=CARTESIAN_POINT('Ctrl Pts',(9.37441267452791,-2.34074502944845E-15,
239.912881940055));
#998=CARTESIAN_POINT('Ctrl Pts',(9.37441267452791,-1.40236254704723,239.912881940055));
#999=CARTESIAN_POINT('Ctrl Pts',(8.73469729033686,-4.20594562230928,239.912881940055));
#1000=CARTESIAN_POINT('Ctrl Pts',(6.04534576722211,-7.58064245249443,239.912881940055));
#1001=CARTESIAN_POINT('Ctrl Pts',(2.15726075067862,-9.4512185503239,239.912881940055));
#1002=CARTESIAN_POINT('Ctrl Pts',(-2.15587664831013,-9.45171831339654,239.912881940055));
#1003=CARTESIAN_POINT('Ctrl Pts',(-6.04497916172469,-7.57924607342041,239.912881940055));
#1004=CARTESIAN_POINT('Ctrl Pts',(-8.43290223724462,-4.58207889384602,239.912881940055));
#1005=CARTESIAN_POINT('Ctrl Pts',(-9.69149940021488,-0.51326354511312,239.912881940055));
#1006=CARTESIAN_POINT('Ctrl Pts',(-9.11229101049221,3.34591910697699,239.912881940055));
#1007=CARTESIAN_POINT('Ctrl Pts',(-6.44481412610394,7.25830842059087,239.912881940055));
#1008=CARTESIAN_POINT('Ctrl Pts',(-2.64257506660777,9.45689046736737,239.912881940055));
#1009=CARTESIAN_POINT('Ctrl Pts',(2.15895218908937,9.44909291823316,239.912881940055));
#1010=CARTESIAN_POINT('Ctrl Pts',(6.04376224069036,7.5816067387844,239.912881940055));
#1011=CARTESIAN_POINT('Ctrl Pts',(8.7350922150404,4.20566343267807,239.912881940055));
#1012=CARTESIAN_POINT('Ctrl Pts',(9.37441267452791,1.40236254704727,239.912881940055));
#1013=CARTESIAN_POINT('Ctrl Pts',(9.37441267452791,-3.13330867442189E-15,
239.912881940055));
#1014=CARTESIAN_POINT('Ctrl Pts',(9.710380082767,-2.53822511172557E-15,
240.));
#1015=CARTESIAN_POINT('Ctrl Pts',(9.710380082767,-1.45253807047631,240.));
#1016=CARTESIAN_POINT('Ctrl Pts',(9.04765111812993,-4.35659185949497,240.));
#1017=CARTESIAN_POINT('Ctrl Pts',(6.26188655729973,-7.85214879649552,240.));
#1018=CARTESIAN_POINT('Ctrl Pts',(2.2345846325542,-9.78972352163759,240.));
#1019=CARTESIAN_POINT('Ctrl Pts',(-2.23307834872932,-9.79020311900171,240.));
#1020=CARTESIAN_POINT('Ctrl Pts',(-6.26152015054474,-7.85068736127457,240.));
#1021=CARTESIAN_POINT('Ctrl Pts',(-8.73494033969967,-4.74615743865651,240.));
#1022=CARTESIAN_POINT('Ctrl Pts',(-10.0386256809821,-0.531705230842119,
240.));
#1023=CARTESIAN_POINT('Ctrl Pts',(-9.43862808332027,3.4657643799184,240.));
#1024=CARTESIAN_POINT('Ctrl Pts',(-6.67562484716828,7.518276091017,240.));
#1025=CARTESIAN_POINT('Ctrl Pts',(-2.73724308504989,9.79557763954401,240.));
#1026=CARTESIAN_POINT('Ctrl Pts',(2.23633236215747,9.787523673727,240.));
#1027=CARTESIAN_POINT('Ctrl Pts',(6.2602385732718,7.85315337622835,240.));
#1028=CARTESIAN_POINT('Ctrl Pts',(9.04805917461157,4.35629996097135,240.));
#1029=CARTESIAN_POINT('Ctrl Pts',(9.710380082767,1.45253807047634,240.));
#1030=CARTESIAN_POINT('Ctrl Pts',(9.710380082767,-3.21634409559694E-15,
240.));
#1031=CARTESIAN_POINT('Ctrl Pts',(9.87867967706583,-2.62552902629163E-15,
240.));
#1032=CARTESIAN_POINT('Ctrl Pts',(9.87867967706583,-1.47778098128181,240.));
#1033=CARTESIAN_POINT('Ctrl Pts',(9.20453484419306,-4.4321726853071,240.));
#1034=CARTESIAN_POINT('Ctrl Pts',(6.3705119283933,-7.98838316061642,240.));
#1035=CARTESIAN_POINT('Ctrl Pts',(2.27330592927643,-9.95957263376299,240.));
#1036=CARTESIAN_POINT('Ctrl Pts',(-2.27183237340104,-9.96009141040722,240.));
#1037=CARTESIAN_POINT('Ctrl Pts',(-6.37012835906617,-7.98690856514755,240.));
#1038=CARTESIAN_POINT('Ctrl Pts',(-8.88648505811783,-4.82852897277674,240.));
#1039=CARTESIAN_POINT('Ctrl Pts',(-10.2127806894502,-0.540882644863749,
240.));
#1040=CARTESIAN_POINT('Ctrl Pts',(-9.60240918265537,3.52588816033814,240.));
#1041=CARTESIAN_POINT('Ctrl Pts',(-6.79145881407647,7.6487129503633,240.));
#1042=CARTESIAN_POINT('Ctrl Pts',(-2.78471608722555,9.96554529824944,240.));
#1043=CARTESIAN_POINT('Ctrl Pts',(2.27508745881027,9.95733306595032,240.));
#1044=CARTESIAN_POINT('Ctrl Pts',(6.36884162840624,7.98940050286962,240.));
#1045=CARTESIAN_POINT('Ctrl Pts',(9.20495080143553,4.43187539976177,240.));
#1046=CARTESIAN_POINT('Ctrl Pts',(9.87867967706583,1.47778098128184,240.));
#1047=CARTESIAN_POINT('Ctrl Pts',(9.87867967706583,-3.24937484168847E-15,
240.));
#1048=CARTESIAN_POINT('',(9.17157277566496,-9.0205620750794E-16,238.292893339028));
#1049=CARTESIAN_POINT('Origin',(9.87867967706583,-2.35922392732846E-15,
239.));
#1050=CARTESIAN_POINT('Ctrl Pts',(9.17157277566496,-1.80411241501588E-15,
238.292893339028));
#1051=CARTESIAN_POINT('Ctrl Pts',(9.17157277566496,-1.372002763465,238.292893339028));
#1052=CARTESIAN_POINT('Ctrl Pts',(8.54568261643798,-4.11492179789785,238.292893339028));
#1053=CARTESIAN_POINT('Ctrl Pts',(5.91451648190855,-7.41658196363864,238.292893339028));
#1054=CARTESIAN_POINT('Ctrl Pts',(2.11058475963282,-9.24667548813667,238.292893339028));
#1055=CARTESIAN_POINT('Ctrl Pts',(-2.109216679546,-9.2471571312208,238.292893339028));
#1056=CARTESIAN_POINT('Ctrl Pts',(-5.9141603681248,-7.41521291837151,238.292893339028));
#1057=CARTESIAN_POINT('Ctrl Pts',(-8.25039854461553,-4.48290726300605,238.292893339028));
#1058=CARTESIAN_POINT('Ctrl Pts',(-9.48175914162441,-0.502166757363223,
238.292893339028));
#1059=CARTESIAN_POINT('Ctrl Pts',(-8.91507747183027,3.27350829448109,238.292893339028));
#1060=CARTESIAN_POINT('Ctrl Pts',(-6.30533237258833,7.10122503792575,238.292893339028));
#1061=CARTESIAN_POINT('Ctrl Pts',(-2.5853886438739,9.25222063473447,238.292893339028));
#1062=CARTESIAN_POINT('Ctrl Pts',(2.11223876890385,9.24459622654996,238.292893339028));
#1063=CARTESIAN_POINT('Ctrl Pts',(5.91296574047454,7.41752648545917,238.292893339028));
#1064=CARTESIAN_POINT('Ctrl Pts',(8.54606879983957,4.11464579178128,238.292893339028));
#1065=CARTESIAN_POINT('Ctrl Pts',(9.17157277566496,1.372002763465,238.292893339028));
#1066=CARTESIAN_POINT('Ctrl Pts',(9.17157277566496,-2.77555756156289E-15,
238.292893339028));
#1067=CARTESIAN_POINT('Ctrl Pts',(1.81581185121536,0.,245.648656764565));
#1068=CARTESIAN_POINT('Ctrl Pts',(1.81581185121536,1.81581185121536,245.648656764565));
#1069=CARTESIAN_POINT('Ctrl Pts',(0.,1.81581185121536,245.648656764565));
#1070=CARTESIAN_POINT('Ctrl Pts',(-1.81581185121536,1.81581185121536,245.648656764565));
#1071=CARTESIAN_POINT('Ctrl Pts',(-1.81581185121536,0.,245.648656764565));
#1072=CARTESIAN_POINT('Ctrl Pts',(-1.81581185121536,-1.81581185121536,245.648656764565));
#1073=CARTESIAN_POINT('Ctrl Pts',(0.,-1.81581185121536,245.648656764565));
#1074=CARTESIAN_POINT('Ctrl Pts',(1.81581185121536,-1.81581185121536,245.648656764565));
#1075=CARTESIAN_POINT('Ctrl Pts',(1.81581185121536,0.,245.648656764565));
#1076=CARTESIAN_POINT('Ctrl Pts',(4.28795214964283,0.,243.176515625567));
#1077=CARTESIAN_POINT('Ctrl Pts',(4.28795214964282,4.28795214964282,243.176515625567));
#1078=CARTESIAN_POINT('Ctrl Pts',(0.,4.28795214964283,243.176515625567));
#1079=CARTESIAN_POINT('Ctrl Pts',(-4.28795214964282,4.28795214964282,243.176515625567));
#1080=CARTESIAN_POINT('Ctrl Pts',(-4.28795214964283,0.,243.176515625567));
#1081=CARTESIAN_POINT('Ctrl Pts',(-4.28795214964282,-4.28795214964282,243.176515625567));
#1082=CARTESIAN_POINT('Ctrl Pts',(0.,-4.28795214964283,243.176515625567));
#1083=CARTESIAN_POINT('Ctrl Pts',(4.28795214964282,-4.28795214964282,243.176515625567));
#1084=CARTESIAN_POINT('Ctrl Pts',(4.28795214964283,0.,243.176515625567));
#1085=CARTESIAN_POINT('Ctrl Pts',(6.76009244807037,0.,240.704374486568));
#1086=CARTESIAN_POINT('Ctrl Pts',(6.76009244807036,6.76009244807036,240.704374486568));
#1087=CARTESIAN_POINT('Ctrl Pts',(0.,6.76009244807037,240.704374486568));
#1088=CARTESIAN_POINT('Ctrl Pts',(-6.76009244807036,6.76009244807036,240.704374486568));
#1089=CARTESIAN_POINT('Ctrl Pts',(-6.76009244807037,0.,240.704374486568));
#1090=CARTESIAN_POINT('Ctrl Pts',(-6.76009244807036,-6.76009244807036,240.704374486568));
#1091=CARTESIAN_POINT('Ctrl Pts',(0.,-6.76009244807037,240.704374486568));
#1092=CARTESIAN_POINT('Ctrl Pts',(6.76009244807036,-6.76009244807036,240.704374486568));
#1093=CARTESIAN_POINT('Ctrl Pts',(6.76009244807037,0.,240.704374486568));
#1094=CARTESIAN_POINT('Ctrl Pts',(9.23223274649783,0.,238.232233347569));
#1095=CARTESIAN_POINT('Ctrl Pts',(9.23223274649783,9.23223274649783,238.232233347569));
#1096=CARTESIAN_POINT('Ctrl Pts',(0.,9.23223274649783,238.232233347569));
#1097=CARTESIAN_POINT('Ctrl Pts',(-9.23223274649783,9.23223274649783,238.232233347569));
#1098=CARTESIAN_POINT('Ctrl Pts',(-9.23223274649783,0.,238.232233347569));
#1099=CARTESIAN_POINT('Ctrl Pts',(-9.23223274649783,-9.23223274649783,238.232233347569));
#1100=CARTESIAN_POINT('Ctrl Pts',(0.,-9.23223274649783,238.232233347569));
#1101=CARTESIAN_POINT('Ctrl Pts',(9.23223274649783,-9.23223274649783,238.232233347569));
#1102=CARTESIAN_POINT('Ctrl Pts',(9.23223274649783,0.,238.232233347569));
#1103=CARTESIAN_POINT('Ctrl Pts',(9.49401803401736,0.,237.970447971038));
#1104=CARTESIAN_POINT('Ctrl Pts',(9.49401803401736,9.49401803401736,237.970447971038));
#1105=CARTESIAN_POINT('Ctrl Pts',(0.,9.49401803401736,237.970447971038));
#1106=CARTESIAN_POINT('Ctrl Pts',(-9.49401803401736,9.49401803401736,237.970447971038));
#1107=CARTESIAN_POINT('Ctrl Pts',(-9.49401803401736,0.,237.970447971038));
#1108=CARTESIAN_POINT('Ctrl Pts',(-9.49401803401736,-9.49401803401736,237.970447971038));
#1109=CARTESIAN_POINT('Ctrl Pts',(0.,-9.49401803401736,237.970447971038));
#1110=CARTESIAN_POINT('Ctrl Pts',(9.49401803401736,-9.49401803401736,237.970447971038));
#1111=CARTESIAN_POINT('Ctrl Pts',(9.49401803401736,0.,237.970447971038));
#1112=CARTESIAN_POINT('Ctrl Pts',(9.60153586138194,0.,237.762816017784));
#1113=CARTESIAN_POINT('Ctrl Pts',(9.60153586138193,9.60153586138193,237.762816017784));
#1114=CARTESIAN_POINT('Ctrl Pts',(0.,9.60153586138194,237.762816017784));
#1115=CARTESIAN_POINT('Ctrl Pts',(-9.60153586138193,9.60153586138193,237.762816017784));
#1116=CARTESIAN_POINT('Ctrl Pts',(-9.60153586138194,0.,237.762816017784));
#1117=CARTESIAN_POINT('Ctrl Pts',(-9.60153586138193,-9.60153586138193,237.762816017784));
#1118=CARTESIAN_POINT('Ctrl Pts',(0.,-9.60153586138194,237.762816017784));
#1119=CARTESIAN_POINT('Ctrl Pts',(9.60153586138193,-9.60153586138193,237.762816017784));
#1120=CARTESIAN_POINT('Ctrl Pts',(9.60153586138194,0.,237.762816017784));
#1121=CARTESIAN_POINT('Ctrl Pts',(9.60561650583504,0.,237.752582255996));
#1122=CARTESIAN_POINT('Ctrl Pts',(9.60561650583504,9.60561650583504,237.752582255996));
#1123=CARTESIAN_POINT('Ctrl Pts',(0.,9.60561650583504,237.752582255996));
#1124=CARTESIAN_POINT('Ctrl Pts',(-9.60561650583504,9.60561650583504,237.752582255996));
#1125=CARTESIAN_POINT('Ctrl Pts',(-9.60561650583504,0.,237.752582255996));
#1126=CARTESIAN_POINT('Ctrl Pts',(-9.60561650583504,-9.60561650583504,237.752582255996));
#1127=CARTESIAN_POINT('Ctrl Pts',(0.,-9.60561650583504,237.752582255996));
#1128=CARTESIAN_POINT('Ctrl Pts',(9.60561650583504,-9.60561650583504,237.752582255996));
#1129=CARTESIAN_POINT('Ctrl Pts',(9.60561650583504,0.,237.752582255996));
#1130=CARTESIAN_POINT('',(9.46057162542619,0.,237.977370378321));
#1131=CARTESIAN_POINT('Ctrl Pts',(9.46057162542649,0.,237.97737037832));
#1132=CARTESIAN_POINT('Ctrl Pts',(9.4031383376095,0.,238.050685618516));
#1133=CARTESIAN_POINT('Ctrl Pts',(9.32710639524552,0.,238.137359666563));
#1134=CARTESIAN_POINT('Ctrl Pts',(9.23223274649783,0.,238.232233347569));
#1135=CARTESIAN_POINT('Ctrl Pts',(9.21201275622043,0.,238.252453344722));
#1136=CARTESIAN_POINT('Ctrl Pts',(9.19179276594307,0.,238.272673341875));
#1137=CARTESIAN_POINT('Ctrl Pts',(9.17157277566565,0.,238.292893339027));
#1138=CARTESIAN_POINT('Ctrl Pts',(9.4605716254262,-9.92261828258734E-15,
237.977370378321));
#1139=CARTESIAN_POINT('Ctrl Pts',(9.4605716254262,-0.549316282796381,237.977370378321));
#1140=CARTESIAN_POINT('Ctrl Pts',(9.41272817264758,-1.09787378974205,237.97737037832));
#1141=CARTESIAN_POINT('Ctrl Pts',(9.19657033116443,-2.32637250202905,237.97737037832));
#1142=CARTESIAN_POINT('Ctrl Pts',(9.00010187014067,-2.99784609367146,237.97737037832));
#1143=CARTESIAN_POINT('Ctrl Pts',(8.73161949312626,-3.64159807050013,237.97737037832));
#1144=CARTESIAN_POINT('Ctrl Pts',(8.25742943961379,-4.77858437006925,237.97737037832));
#1145=CARTESIAN_POINT('Ctrl Pts',(7.56569419434479,-5.81208059903923,237.97737037832));
#1146=CARTESIAN_POINT('Ctrl Pts',(5.82500472576991,-7.55574810834963,237.97737037832));
#1147=CARTESIAN_POINT('Ctrl Pts',(4.79269244253267,-8.24924897692881,237.97737037832));
#1148=CARTESIAN_POINT('Ctrl Pts',(2.52034430407959,-9.20151477317536,237.97737037832));
#1149=CARTESIAN_POINT('Ctrl Pts',(1.3020333355928,-9.45117552080564,237.97737037832));
#1150=CARTESIAN_POINT('Ctrl Pts',(-1.16171225745595,-9.4694474053636,237.97737037832));
#1151=CARTESIAN_POINT('Ctrl Pts',(-2.38359213130322,-9.23788385311594,237.97737037832));
#1152=CARTESIAN_POINT('Ctrl Pts',(-4.66981412523595,-8.3194257955593,237.97737037832));
#1153=CARTESIAN_POINT('Ctrl Pts',(-5.71229871697211,-7.64131224987891,237.97737037832));
#1154=CARTESIAN_POINT('Ctrl Pts',(-7.4786584265771,-5.92365408094177,237.97737037832));
#1155=CARTESIAN_POINT('Ctrl Pts',(-8.18564618288166,-4.90053120597611,237.97737037832));
#1156=CARTESIAN_POINT('Ctrl Pts',(-9.16764905679785,-2.64087491249855,237.97737037832));
#1157=CARTESIAN_POINT('Ctrl Pts',(-9.43327569170191,-1.42594503976016,237.97737037832));
#1158=CARTESIAN_POINT('Ctrl Pts',(-9.48387670384576,1.0373486387529,237.97737037832));
#1159=CARTESIAN_POINT('Ctrl Pts',(-9.26836730782977,2.26216201436217,237.97737037832));
#1160=CARTESIAN_POINT('Ctrl Pts',(-8.37998946698447,4.56023969384287,237.97737037832));
#1161=CARTESIAN_POINT('Ctrl Pts',(-7.71561439851699,5.61153312254931,237.97737037832));
#1162=CARTESIAN_POINT('Ctrl Pts',(-6.02128332634714,7.40028084844925,237.97737037832));
#1163=CARTESIAN_POINT('Ctrl Pts',(-5.00752605117653,8.12063374244025,237.97737037832));
#1164=CARTESIAN_POINT('Ctrl Pts',(-2.76095073705379,9.13220458375922,237.97737037832));
#1165=CARTESIAN_POINT('Ctrl Pts',(-1.54961118258288,9.41375136249545,237.97737037832));
#1166=CARTESIAN_POINT('Ctrl Pts',(0.912806378714055,9.49667278824798,237.97737037832));
#1167=CARTESIAN_POINT('Ctrl Pts',(2.14034233153277,9.29725466123843,237.97737037832));
#1168=CARTESIAN_POINT('Ctrl Pts',(4.44987994565283,8.43911002424708,237.97737037832));
#1169=CARTESIAN_POINT('Ctrl Pts',(5.50980116856789,7.78858784471991,237.97737037832));
#1170=CARTESIAN_POINT('Ctrl Pts',(7.32062887133302,6.11787564929823,237.97737037832));
#1171=CARTESIAN_POINT('Ctrl Pts',(8.05422285136727,5.11365855260048,237.97737037832));
#1172=CARTESIAN_POINT('Ctrl Pts',(9.09518745793598,2.88055109954238,237.97737037832));
#1173=CARTESIAN_POINT('Ctrl Pts',(9.39260589546208,1.67301046757091,237.97737037832));
#1174=CARTESIAN_POINT('Ctrl Pts',(9.45712354569675,0.29499368243813,237.97737037832));
#1175=CARTESIAN_POINT('Ctrl Pts',(9.4605716254262,0.147469498420322,237.977370378321));
#1176=CARTESIAN_POINT('Ctrl Pts',(9.4605716254262,-9.92261828258734E-15,
237.977370378321));
#1177=CARTESIAN_POINT('Ctrl Pts',(9.64002235680479,0.,238.260616448548));
#1178=CARTESIAN_POINT('Ctrl Pts',(9.64002235680479,9.64002235680479,238.260616448548));
#1179=CARTESIAN_POINT('Ctrl Pts',(0.,9.64002235680479,238.260616448548));
#1180=CARTESIAN_POINT('Ctrl Pts',(-9.64002235680479,9.64002235680479,238.260616448548));
#1181=CARTESIAN_POINT('Ctrl Pts',(-9.64002235680479,0.,238.260616448548));
#1182=CARTESIAN_POINT('Ctrl Pts',(-9.64002235680479,-9.64002235680479,238.260616448548));
#1183=CARTESIAN_POINT('Ctrl Pts',(0.,-9.64002235680479,238.260616448548));
#1184=CARTESIAN_POINT('Ctrl Pts',(9.64002235680479,-9.64002235680479,238.260616448548));
#1185=CARTESIAN_POINT('Ctrl Pts',(9.64002235680479,0.,238.260616448548));
#1186=CARTESIAN_POINT('Ctrl Pts',(9.63723780815763,0.,238.254964487551));
#1187=CARTESIAN_POINT('Ctrl Pts',(9.63723780815763,9.63723780815763,238.254964487551));
#1188=CARTESIAN_POINT('Ctrl Pts',(0.,9.63723780815763,238.254964487551));
#1189=CARTESIAN_POINT('Ctrl Pts',(-9.63723780815763,9.63723780815763,238.254964487551));
#1190=CARTESIAN_POINT('Ctrl Pts',(-9.63723780815763,0.,238.254964487551));
#1191=CARTESIAN_POINT('Ctrl Pts',(-9.63723780815763,-9.63723780815763,238.254964487551));
#1192=CARTESIAN_POINT('Ctrl Pts',(0.,-9.63723780815763,238.254964487551));
#1193=CARTESIAN_POINT('Ctrl Pts',(9.63723780815763,-9.63723780815763,238.254964487551));
#1194=CARTESIAN_POINT('Ctrl Pts',(9.63723780815763,0.,238.254964487551));
#1195=CARTESIAN_POINT('Ctrl Pts',(9.48598204576947,0.,238.035098159392));
#1196=CARTESIAN_POINT('Ctrl Pts',(9.48598204576947,9.48598204576947,238.035098159392));
#1197=CARTESIAN_POINT('Ctrl Pts',(0.,9.48598204576947,238.035098159392));
#1198=CARTESIAN_POINT('Ctrl Pts',(-9.48598204576947,9.48598204576947,238.035098159392));
#1199=CARTESIAN_POINT('Ctrl Pts',(-9.48598204576947,0.,238.035098159392));
#1200=CARTESIAN_POINT('Ctrl Pts',(-9.48598204576947,-9.48598204576947,238.035098159392));
#1201=CARTESIAN_POINT('Ctrl Pts',(0.,-9.48598204576947,238.035098159392));
#1202=CARTESIAN_POINT('Ctrl Pts',(9.48598204576947,-9.48598204576947,238.035098159392));
#1203=CARTESIAN_POINT('Ctrl Pts',(9.48598204576947,0.,238.035098159392));
#1204=CARTESIAN_POINT('Ctrl Pts',(9.20721639217,0.,237.588990414407));
#1205=CARTESIAN_POINT('Ctrl Pts',(9.20721639217,9.20721639217,237.588990414407));
#1206=CARTESIAN_POINT('Ctrl Pts',(0.,9.20721639217,237.588990414407));
#1207=CARTESIAN_POINT('Ctrl Pts',(-9.20721639217,9.20721639217,237.588990414407));
#1208=CARTESIAN_POINT('Ctrl Pts',(-9.20721639217,0.,237.588990414407));
#1209=CARTESIAN_POINT('Ctrl Pts',(-9.20721639217,-9.20721639217,237.588990414407));
#1210=CARTESIAN_POINT('Ctrl Pts',(0.,-9.20721639217,237.588990414407));
#1211=CARTESIAN_POINT('Ctrl Pts',(9.20721639217,-9.20721639217,237.588990414407));
#1212=CARTESIAN_POINT('Ctrl Pts',(9.20721639217,0.,237.588990414407));
#1213=CARTESIAN_POINT('Ctrl Pts',(8.89850317917764,0.,237.094957690086));
#1214=CARTESIAN_POINT('Ctrl Pts',(8.89850317917764,8.89850317917764,237.094957690086));
#1215=CARTESIAN_POINT('Ctrl Pts',(0.,8.89850317917764,237.094957690086));
#1216=CARTESIAN_POINT('Ctrl Pts',(-8.89850317917764,8.89850317917764,237.094957690086));
#1217=CARTESIAN_POINT('Ctrl Pts',(-8.89850317917764,0.,237.094957690086));
#1218=CARTESIAN_POINT('Ctrl Pts',(-8.89850317917764,-8.89850317917764,237.094957690086));
#1219=CARTESIAN_POINT('Ctrl Pts',(0.,-8.89850317917764,237.094957690086));
#1220=CARTESIAN_POINT('Ctrl Pts',(8.89850317917764,-8.89850317917764,237.094957690086));
#1221=CARTESIAN_POINT('Ctrl Pts',(8.89850317917764,0.,237.094957690086));
#1222=CARTESIAN_POINT('Ctrl Pts',(8.49267544768576,0.,236.276748474286));
#1223=CARTESIAN_POINT('Ctrl Pts',(8.49267544768575,8.49267544768575,236.276748474286));
#1224=CARTESIAN_POINT('Ctrl Pts',(0.,8.49267544768576,236.276748474286));
#1225=CARTESIAN_POINT('Ctrl Pts',(-8.49267544768575,8.49267544768575,236.276748474286));
#1226=CARTESIAN_POINT('Ctrl Pts',(-8.49267544768576,0.,236.276748474286));
#1227=CARTESIAN_POINT('Ctrl Pts',(-8.49267544768575,-8.49267544768575,236.276748474286));
#1228=CARTESIAN_POINT('Ctrl Pts',(0.,-8.49267544768576,236.276748474286));
#1229=CARTESIAN_POINT('Ctrl Pts',(8.49267544768575,-8.49267544768575,236.276748474286));
#1230=CARTESIAN_POINT('Ctrl Pts',(8.49267544768576,0.,236.276748474286));
#1231=CARTESIAN_POINT('Ctrl Pts',(8.35369754703166,0.,235.339186287702));
#1232=CARTESIAN_POINT('Ctrl Pts',(8.35369754703166,8.35369754703166,235.339186287702));
#1233=CARTESIAN_POINT('Ctrl Pts',(0.,8.35369754703166,235.339186287702));
#1234=CARTESIAN_POINT('Ctrl Pts',(-8.35369754703166,8.35369754703166,235.339186287702));
#1235=CARTESIAN_POINT('Ctrl Pts',(-8.35369754703166,0.,235.339186287702));
#1236=CARTESIAN_POINT('Ctrl Pts',(-8.35369754703166,-8.35369754703166,235.339186287702));
#1237=CARTESIAN_POINT('Ctrl Pts',(0.,-8.35369754703166,235.339186287702));
#1238=CARTESIAN_POINT('Ctrl Pts',(8.35369754703166,-8.35369754703166,235.339186287702));
#1239=CARTESIAN_POINT('Ctrl Pts',(8.35369754703166,0.,235.339186287702));
#1240=CARTESIAN_POINT('Ctrl Pts',(8.17798603809248,0.,234.153814615273));
#1241=CARTESIAN_POINT('Ctrl Pts',(8.17798603809248,8.17798603809248,234.153814615273));
#1242=CARTESIAN_POINT('Ctrl Pts',(0.,8.17798603809248,234.153814615273));
#1243=CARTESIAN_POINT('Ctrl Pts',(-8.17798603809248,8.17798603809248,234.153814615273));
#1244=CARTESIAN_POINT('Ctrl Pts',(-8.17798603809248,0.,234.153814615273));
#1245=CARTESIAN_POINT('Ctrl Pts',(-8.17798603809248,-8.17798603809248,234.153814615273));
#1246=CARTESIAN_POINT('Ctrl Pts',(0.,-8.17798603809248,234.153814615273));
#1247=CARTESIAN_POINT('Ctrl Pts',(8.17798603809248,-8.17798603809248,234.153814615273));
#1248=CARTESIAN_POINT('Ctrl Pts',(8.17798603809248,0.,234.153814615273));
#1249=CARTESIAN_POINT('Ctrl Pts',(8.39049533383712,0.,232.900962200225));
#1250=CARTESIAN_POINT('Ctrl Pts',(8.39049533383712,8.39049533383712,232.900962200225));
#1251=CARTESIAN_POINT('Ctrl Pts',(0.,8.39049533383712,232.900962200225));
#1252=CARTESIAN_POINT('Ctrl Pts',(-8.39049533383712,8.39049533383712,232.900962200225));
#1253=CARTESIAN_POINT('Ctrl Pts',(-8.39049533383712,0.,232.900962200225));
#1254=CARTESIAN_POINT('Ctrl Pts',(-8.39049533383712,-8.39049533383712,232.900962200225));
#1255=CARTESIAN_POINT('Ctrl Pts',(0.,-8.39049533383712,232.900962200225));
#1256=CARTESIAN_POINT('Ctrl Pts',(8.39049533383712,-8.39049533383712,232.900962200225));
#1257=CARTESIAN_POINT('Ctrl Pts',(8.39049533383712,0.,232.900962200225));
#1258=CARTESIAN_POINT('Ctrl Pts',(8.7481726438837,0.,231.691197873412));
#1259=CARTESIAN_POINT('Ctrl Pts',(8.7481726438837,8.7481726438837,231.691197873412));
#1260=CARTESIAN_POINT('Ctrl Pts',(0.,8.7481726438837,231.691197873412));
#1261=CARTESIAN_POINT('Ctrl Pts',(-8.7481726438837,8.7481726438837,231.691197873412));
#1262=CARTESIAN_POINT('Ctrl Pts',(-8.7481726438837,0.,231.691197873412));
#1263=CARTESIAN_POINT('Ctrl Pts',(-8.7481726438837,-8.7481726438837,231.691197873412));
#1264=CARTESIAN_POINT('Ctrl Pts',(0.,-8.7481726438837,231.691197873412));
#1265=CARTESIAN_POINT('Ctrl Pts',(8.7481726438837,-8.7481726438837,231.691197873412));
#1266=CARTESIAN_POINT('Ctrl Pts',(8.7481726438837,0.,231.691197873412));
#1267=CARTESIAN_POINT('Ctrl Pts',(9.14102619532662,0.,230.362457696586));
#1268=CARTESIAN_POINT('Ctrl Pts',(9.14102619532662,9.14102619532662,230.362457696586));
#1269=CARTESIAN_POINT('Ctrl Pts',(0.,9.14102619532662,230.362457696586));
#1270=CARTESIAN_POINT('Ctrl Pts',(-9.14102619532662,9.14102619532662,230.362457696586));
#1271=CARTESIAN_POINT('Ctrl Pts',(-9.14102619532662,0.,230.362457696586));
#1272=CARTESIAN_POINT('Ctrl Pts',(-9.14102619532662,-9.14102619532662,230.362457696586));
#1273=CARTESIAN_POINT('Ctrl Pts',(0.,-9.14102619532662,230.362457696586));
#1274=CARTESIAN_POINT('Ctrl Pts',(9.14102619532662,-9.14102619532662,230.362457696586));
#1275=CARTESIAN_POINT('Ctrl Pts',(9.14102619532662,0.,230.362457696586));
#1276=CARTESIAN_POINT('Ctrl Pts',(9.71239820128177,0.,229.014687866342));
#1277=CARTESIAN_POINT('Ctrl Pts',(9.71239820128177,9.71239820128177,229.014687866342));
#1278=CARTESIAN_POINT('Ctrl Pts',(0.,9.71239820128177,229.014687866342));
#1279=CARTESIAN_POINT('Ctrl Pts',(-9.71239820128177,9.71239820128177,229.014687866342));
#1280=CARTESIAN_POINT('Ctrl Pts',(-9.71239820128177,0.,229.014687866342));
#1281=CARTESIAN_POINT('Ctrl Pts',(-9.71239820128177,-9.71239820128177,229.014687866342));
#1282=CARTESIAN_POINT('Ctrl Pts',(0.,-9.71239820128177,229.014687866342));
#1283=CARTESIAN_POINT('Ctrl Pts',(9.71239820128177,-9.71239820128177,229.014687866342));
#1284=CARTESIAN_POINT('Ctrl Pts',(9.71239820128177,0.,229.014687866342));
#1285=CARTESIAN_POINT('Ctrl Pts',(10.1352575747394,0.,227.888559302169));
#1286=CARTESIAN_POINT('Ctrl Pts',(10.1352575747394,10.1352575747394,227.888559302169));
#1287=CARTESIAN_POINT('Ctrl Pts',(0.,10.1352575747394,227.888559302169));
#1288=CARTESIAN_POINT('Ctrl Pts',(-10.1352575747394,10.1352575747394,227.888559302169));
#1289=CARTESIAN_POINT('Ctrl Pts',(-10.1352575747394,0.,227.888559302169));
#1290=CARTESIAN_POINT('Ctrl Pts',(-10.1352575747394,-10.1352575747394,227.888559302169));
#1291=CARTESIAN_POINT('Ctrl Pts',(0.,-10.1352575747394,227.888559302169));
#1292=CARTESIAN_POINT('Ctrl Pts',(10.1352575747394,-10.1352575747394,227.888559302169));
#1293=CARTESIAN_POINT('Ctrl Pts',(10.1352575747394,0.,227.888559302169));
#1294=CARTESIAN_POINT('Ctrl Pts',(10.4448344739223,0.,227.064116447498));
#1295=CARTESIAN_POINT('Ctrl Pts',(10.4448344739223,10.4448344739223,227.064116447498));
#1296=CARTESIAN_POINT('Ctrl Pts',(0.,10.4448344739223,227.064116447498));
#1297=CARTESIAN_POINT('Ctrl Pts',(-10.4448344739223,10.4448344739223,227.064116447498));
#1298=CARTESIAN_POINT('Ctrl Pts',(-10.4448344739223,0.,227.064116447498));
#1299=CARTESIAN_POINT('Ctrl Pts',(-10.4448344739223,-10.4448344739223,227.064116447498));
#1300=CARTESIAN_POINT('Ctrl Pts',(0.,-10.4448344739223,227.064116447498));
#1301=CARTESIAN_POINT('Ctrl Pts',(10.4448344739223,-10.4448344739223,227.064116447498));
#1302=CARTESIAN_POINT('Ctrl Pts',(10.4448344739223,0.,227.064116447498));
#1303=CARTESIAN_POINT('Ctrl Pts',(10.6578599079878,0.,226.357956429575));
#1304=CARTESIAN_POINT('Ctrl Pts',(10.6578599079878,10.6578599079878,226.357956429575));
#1305=CARTESIAN_POINT('Ctrl Pts',(0.,10.6578599079878,226.357956429575));
#1306=CARTESIAN_POINT('Ctrl Pts',(-10.6578599079878,10.6578599079878,226.357956429575));
#1307=CARTESIAN_POINT('Ctrl Pts',(-10.6578599079878,0.,226.357956429575));
#1308=CARTESIAN_POINT('Ctrl Pts',(-10.6578599079878,-10.6578599079878,226.357956429575));
#1309=CARTESIAN_POINT('Ctrl Pts',(0.,-10.6578599079878,226.357956429575));
#1310=CARTESIAN_POINT('Ctrl Pts',(10.6578599079878,-10.6578599079878,226.357956429575));
#1311=CARTESIAN_POINT('Ctrl Pts',(10.6578599079878,0.,226.357956429575));
#1312=CARTESIAN_POINT('Ctrl Pts',(10.7115682137742,0.,226.026005683714));
#1313=CARTESIAN_POINT('Ctrl Pts',(10.7115682137741,10.7115682137741,226.026005683714));
#1314=CARTESIAN_POINT('Ctrl Pts',(0.,10.7115682137742,226.026005683714));
#1315=CARTESIAN_POINT('Ctrl Pts',(-10.7115682137741,10.7115682137741,226.026005683714));
#1316=CARTESIAN_POINT('Ctrl Pts',(-10.7115682137742,0.,226.026005683714));
#1317=CARTESIAN_POINT('Ctrl Pts',(-10.7115682137741,-10.7115682137741,226.026005683714));
#1318=CARTESIAN_POINT('Ctrl Pts',(0.,-10.7115682137742,226.026005683714));
#1319=CARTESIAN_POINT('Ctrl Pts',(10.7115682137741,-10.7115682137741,226.026005683714));
#1320=CARTESIAN_POINT('Ctrl Pts',(10.7115682137742,0.,226.026005683714));
#1321=CARTESIAN_POINT('Ctrl Pts',(10.7303399276872,0.,225.909984812393));
#1322=CARTESIAN_POINT('Ctrl Pts',(10.7303399276872,10.7303399276872,225.909984812393));
#1323=CARTESIAN_POINT('Ctrl Pts',(0.,10.7303399276872,225.909984812393));
#1324=CARTESIAN_POINT('Ctrl Pts',(-10.7303399276872,10.7303399276872,225.909984812393));
#1325=CARTESIAN_POINT('Ctrl Pts',(-10.7303399276872,0.,225.909984812393));
#1326=CARTESIAN_POINT('Ctrl Pts',(-10.7303399276872,-10.7303399276872,225.909984812393));
#1327=CARTESIAN_POINT('Ctrl Pts',(0.,-10.7303399276872,225.909984812393));
#1328=CARTESIAN_POINT('Ctrl Pts',(10.7303399276872,-10.7303399276872,225.909984812393));
#1329=CARTESIAN_POINT('Ctrl Pts',(10.7303399276872,0.,225.909984812393));
#1330=CARTESIAN_POINT('Ctrl Pts',(10.731537433192,0.,225.842914708784));
#1331=CARTESIAN_POINT('Ctrl Pts',(10.731537433192,10.731537433192,225.842914708784));
#1332=CARTESIAN_POINT('Ctrl Pts',(0.,10.731537433192,225.842914708784));
#1333=CARTESIAN_POINT('Ctrl Pts',(-10.731537433192,10.731537433192,225.842914708784));
#1334=CARTESIAN_POINT('Ctrl Pts',(-10.731537433192,0.,225.842914708784));
#1335=CARTESIAN_POINT('Ctrl Pts',(-10.731537433192,-10.731537433192,225.842914708784));
#1336=CARTESIAN_POINT('Ctrl Pts',(0.,-10.731537433192,225.842914708784));
#1337=CARTESIAN_POINT('Ctrl Pts',(10.731537433192,-10.731537433192,225.842914708784));
#1338=CARTESIAN_POINT('Ctrl Pts',(10.731537433192,0.,225.842914708784));
#1339=CARTESIAN_POINT('Ctrl Pts',(10.7314359524546,0.,225.837089473518));
#1340=CARTESIAN_POINT('Ctrl Pts',(10.7314359524546,10.7314359524546,225.837089473518));
#1341=CARTESIAN_POINT('Ctrl Pts',(0.,10.7314359524546,225.837089473518));
#1342=CARTESIAN_POINT('Ctrl Pts',(-10.7314359524546,10.7314359524546,225.837089473518));
#1343=CARTESIAN_POINT('Ctrl Pts',(-10.7314359524546,0.,225.837089473518));
#1344=CARTESIAN_POINT('Ctrl Pts',(-10.7314359524546,-10.7314359524546,225.837089473518));
#1345=CARTESIAN_POINT('Ctrl Pts',(0.,-10.7314359524546,225.837089473518));
#1346=CARTESIAN_POINT('Ctrl Pts',(10.7314359524546,-10.7314359524546,225.837089473518));
#1347=CARTESIAN_POINT('Ctrl Pts',(10.7314359524546,0.,225.837089473518));
#1348=CARTESIAN_POINT('',(10.6427871024591,-2.60673103180664E-15,226.351715337479));
#1349=CARTESIAN_POINT('Ctrl Pts',(10.6427871024591,-7.7715611723761E-15,
226.351715337479));
#1350=CARTESIAN_POINT('Ctrl Pts',(10.6427871024591,-0.0283644212314001,
226.351715337479));
#1351=CARTESIAN_POINT('Ctrl Pts',(10.6426737101291,-0.0567317493026373,
226.351715337479));
#1352=CARTESIAN_POINT('Ctrl Pts',(10.6361726317408,-0.869731950133911,226.351715337479));
#1353=CARTESIAN_POINT('Ctrl Pts',(10.5431454683484,-1.65126786152954,226.351715337479));
#1354=CARTESIAN_POINT('Ctrl Pts',(10.3650628811226,-2.41544794575486,226.351715337479));
#1355=CARTESIAN_POINT('Ctrl Pts',(10.0505357508683,-3.76513278936098,226.351715337479));
#1356=CARTESIAN_POINT('Ctrl Pts',(9.47539220892531,-5.04047976764514,226.351715337479));
#1357=CARTESIAN_POINT('Ctrl Pts',(7.86861851239517,-7.2989270791942,226.351715337479));
#1358=CARTESIAN_POINT('Ctrl Pts',(6.85234999010612,-8.26043542521187,226.351715337479));
#1359=CARTESIAN_POINT('Ctrl Pts',(4.5084550130103,-9.73978065444314,226.351715337479));
#1360=CARTESIAN_POINT('Ctrl Pts',(3.20323747170599,-10.2434741909599,226.351715337479));
#1361=CARTESIAN_POINT('Ctrl Pts',(0.473195846806609,-10.7222003101774,226.351715337479));
#1362=CARTESIAN_POINT('Ctrl Pts',(-0.925527550866843,-10.6926560102525,
226.351715337479));
#1363=CARTESIAN_POINT('Ctrl Pts',(-3.63291962489729,-10.0990786114397,226.351715337479));
#1364=CARTESIAN_POINT('Ctrl Pts',(-4.91570415738394,-9.54072043600905,226.351715337479));
#1365=CARTESIAN_POINT('Ctrl Pts',(-7.19504202367672,-7.96372174793472,226.351715337479));
#1366=CARTESIAN_POINT('Ctrl Pts',(-8.16980364514603,-6.96015820227968,226.351715337479));
#1367=CARTESIAN_POINT('Ctrl Pts',(-9.67977944717163,-4.63587787318823,226.351715337479));
#1368=CARTESIAN_POINT('Ctrl Pts',(-10.2005574360602,-3.33738247652853,226.351715337479));
#1369=CARTESIAN_POINT('Ctrl Pts',(-10.7150675267805,-0.613858043472846,
226.351715337479));
#1370=CARTESIAN_POINT('Ctrl Pts',(-10.7038806317153,0.785132614907698,226.351715337479));
#1371=CARTESIAN_POINT('Ctrl Pts',(-10.1458823142913,3.5000808370026,226.351715337479));
#1372=CARTESIAN_POINT('Ctrl Pts',(-9.60440565997964,4.7900820159527,226.351715337479));
#1373=CARTESIAN_POINT('Ctrl Pts',(-8.05745355458565,7.08991791325524,226.351715337479));
#1374=CARTESIAN_POINT('Ctrl Pts',(-7.06676780878491,8.07776494692212,226.351715337479));
#1375=CARTESIAN_POINT('Ctrl Pts',(-4.76250239095279,9.61811128949813,226.351715337479));
#1376=CARTESIAN_POINT('Ctrl Pts',(-3.47095275223751,10.1558840478187,226.351715337479));
#1377=CARTESIAN_POINT('Ctrl Pts',(-0.754414527925483,10.7060895064938,226.351715337479));
#1378=CARTESIAN_POINT('Ctrl Pts',(0.644602471619183,10.7132619427784,226.351715337479));
#1379=CARTESIAN_POINT('Ctrl Pts',(3.36663930178396,10.1909387993789,226.351715337479));
#1380=CARTESIAN_POINT('Ctrl Pts',(4.66363497668307,9.66643691363373,226.351715337479));
#1381=CARTESIAN_POINT('Ctrl Pts',(6.98357285130484,8.14979779083632,226.351715337479));
#1382=CARTESIAN_POINT('Ctrl Pts',(7.98433518048234,7.17216045043016,226.351715337479));
#1383=CARTESIAN_POINT('Ctrl Pts',(9.55478680126792,4.88830676035361,226.351715337479));
#1384=CARTESIAN_POINT('Ctrl Pts',(10.1094617194191,3.60392529675674,226.351715337479));
#1385=CARTESIAN_POINT('Ctrl Pts',(10.5622077889751,1.51018254690286,226.351715337479));
#1386=CARTESIAN_POINT('Ctrl Pts',(10.6427871024591,0.756124104829088,226.351715337479));
#1387=CARTESIAN_POINT('Ctrl Pts',(10.6427871024591,-7.7715611723761E-15,
226.351715337479));
#1388=CARTESIAN_POINT('Ctrl Pts',(10.6427871024591,0.,226.351715337479));
#1389=CARTESIAN_POINT('Ctrl Pts',(10.5485323137505,0.,226.729612550136));
#1390=CARTESIAN_POINT('Ctrl Pts',(10.3657143621927,0.,227.274823418685));
#1391=CARTESIAN_POINT('Ctrl Pts',(10.1352575747394,0.,227.888559302169));
#1392=CARTESIAN_POINT('Ctrl Pts',(9.71239820128177,0.,229.014687866342));
#1393=CARTESIAN_POINT('Ctrl Pts',(9.14102619532662,0.,230.362457696586));
#1394=CARTESIAN_POINT('Ctrl Pts',(8.7481726438837,0.,231.691197873412));
#1395=CARTESIAN_POINT('Ctrl Pts',(8.39049533383712,0.,232.900962200225));
#1396=CARTESIAN_POINT('Ctrl Pts',(8.17798603809248,0.,234.153814615273));
#1397=CARTESIAN_POINT('Ctrl Pts',(8.35369754703166,0.,235.339186287702));
#1398=CARTESIAN_POINT('Ctrl Pts',(8.49267544768576,0.,236.276748474286));
#1399=CARTESIAN_POINT('Ctrl Pts',(8.89850317917764,0.,237.094957690086));
#1400=CARTESIAN_POINT('Ctrl Pts',(9.20721639217,0.,237.588990414407));
#1401=CARTESIAN_POINT('Ctrl Pts',(9.30566722450697,0.,237.746540952785));
#1402=CARTESIAN_POINT('Ctrl Pts',(9.39341107840866,0.,237.876673103872));
#1403=CARTESIAN_POINT('Ctrl Pts',(9.46057162542563,0.,237.97737037832));
#1404=CARTESIAN_POINT('Origin',(0.,0.,5.));
#1405=CARTESIAN_POINT('',(-25.,-3.06161699786838E-15,2.5));
#1406=CARTESIAN_POINT('Origin',(0.,0.,2.5));
#1407=CARTESIAN_POINT('',(-27.5,-3.36777869765522E-15,5.));
#1408=CARTESIAN_POINT('Origin',(-25.,-3.06161699786838E-15,5.));
#1409=CARTESIAN_POINT('Origin',(0.,0.,5.));
#1410=CARTESIAN_POINT('Origin',(30.,0.,2.5));
#1411=CARTESIAN_POINT('Origin',(0.,0.,65.));
#1412=CARTESIAN_POINT('',(-27.5,-3.36777869765522E-15,130.056935479559));
#1413=CARTESIAN_POINT('',(-27.5,-3.36777869765522E-15,65.));
#1414=CARTESIAN_POINT('',(27.5,-6.73555739531044E-15,130.056935479559));
#1415=CARTESIAN_POINT('Ctrl Pts',(-27.5,0.,130.056935479559));
#1416=CARTESIAN_POINT('Ctrl Pts',(-27.5,-0.379047087005529,130.056935479559));
#1417=CARTESIAN_POINT('Ctrl Pts',(-27.4921612712624,-0.761344247436857,
130.056935479559));
#1418=CARTESIAN_POINT('Ctrl Pts',(-27.4760917416469,-1.14646526532796,130.056935479559));
#1419=CARTESIAN_POINT('Ctrl Pts',(-27.4601845262126,-1.52769627497583,130.056935479559));
#1420=CARTESIAN_POINT('Ctrl Pts',(-27.4362116035705,-1.91169425924403,130.056935479559));
#1421=CARTESIAN_POINT('Ctrl Pts',(-27.4038171176426,-2.29800073603108,130.056935479559));
#1422=CARTESIAN_POINT('Ctrl Pts',(-27.3717315694519,-2.68062310901371,130.056935479559));
#1423=CARTESIAN_POINT('Ctrl Pts',(-27.3313839941303,-3.06550998988987,130.056935479559));
#1424=CARTESIAN_POINT('Ctrl Pts',(-27.2824576865747,-3.45217360227754,130.056935479559));
#1425=CARTESIAN_POINT('Ctrl Pts',(-27.2314406611219,-3.8553601156361,130.056935479559));
#1426=CARTESIAN_POINT('Ctrl Pts',(-27.1710953654148,-4.26047859890388,130.056935479559));
#1427=CARTESIAN_POINT('Ctrl Pts',(-27.1011027389783,-4.66692943286512,130.056935479559));
#1428=CARTESIAN_POINT('Ctrl Pts',(-27.0322037473299,-5.06702947254572,130.056935479559));
#1429=CARTESIAN_POINT('Ctrl Pts',(-26.9539562455389,-5.46842020414483,130.056935479559));
#1430=CARTESIAN_POINT('Ctrl Pts',(-26.8661008440432,-5.87048766608892,130.056935479559));
#1431=CARTESIAN_POINT('Ctrl Pts',(-26.7796181831958,-6.26627282394013,130.056935479559));
#1432=CARTESIAN_POINT('Ctrl Pts',(-26.6838252782795,-6.66271335477947,130.056935479559));
#1433=CARTESIAN_POINT('Ctrl Pts',(-26.5785226422482,-7.0591879246482,130.056935479559));
#1434=CARTESIAN_POINT('Ctrl Pts',(-26.4748653599049,-7.44946757936274,130.056935479559));
#1435=CARTESIAN_POINT('Ctrl Pts',(-26.3619930176928,-7.83977982627766,130.056935479559));
#1436=CARTESIAN_POINT('Ctrl Pts',(-26.2397653195442,-8.22950277812972,130.056935479559));
#1437=CARTESIAN_POINT('Ctrl Pts',(-26.1194474291792,-8.6131363088591,130.056935479559));
#1438=CARTESIAN_POINT('Ctrl Pts',(-25.9900641269291,-8.9961984178852,130.056935479559));
#1439=CARTESIAN_POINT('Ctrl Pts',(-25.8515327060239,-9.37807318959362,130.056935479559));
#1440=CARTESIAN_POINT('Ctrl Pts',(-25.7151658385704,-9.75398116799409,130.056935479559));
#1441=CARTESIAN_POINT('Ctrl Pts',(-25.569934428491,-10.1287382277828,130.056935479559));
#1442=CARTESIAN_POINT('Ctrl Pts',(-25.41581094309,-10.5017405274129,130.056935479559));
#1443=CARTESIAN_POINT('Ctrl Pts',(-25.2640956371483,-10.8689146661113,130.056935479559));
#1444=CARTESIAN_POINT('Ctrl Pts',(-25.1037639472973,-11.2343880678697,130.056935479559));
#1445=CARTESIAN_POINT('Ctrl Pts',(-24.9348403823254,-11.5975745355636,130.056935479559));
#1446=CARTESIAN_POINT('Ctrl Pts',(-24.7669091902223,-11.9586273968722,130.056935479559));
#1447=CARTESIAN_POINT('Ctrl Pts',(-24.5904867266154,-12.3174197439623,130.056935479559));
#1448=CARTESIAN_POINT('Ctrl Pts',(-24.4056482420831,-12.6733710544474,130.056935479559));
#1449=CARTESIAN_POINT('Ctrl Pts',(-24.2215260066702,-13.0279430536201,130.056935479559));
#1450=CARTESIAN_POINT('Ctrl Pts',(-24.0290528308213,-13.3796956159252,130.056935479559));
#1451=CARTESIAN_POINT('Ctrl Pts',(-23.8283545392144,-13.7280559422484,130.056935479559));
#1452=CARTESIAN_POINT('Ctrl Pts',(-23.6283165552206,-14.0752701453348,130.056935479559));
#1453=CARTESIAN_POINT('Ctrl Pts',(-23.4201075156629,-14.4191140204004,130.056935479559));
#1454=CARTESIAN_POINT('Ctrl Pts',(-23.2039031481094,-14.7590270239321,130.056935479559));
#1455=CARTESIAN_POINT('Ctrl Pts',(-22.9882833310244,-15.0980210066885,130.056935479559));
#1456=CARTESIAN_POINT('Ctrl Pts',(-22.7647114329518,-15.4331049728043,130.056935479559));
#1457=CARTESIAN_POINT('Ctrl Pts',(-22.5334119769792,-15.7637351118233,130.056935479559));
#1458=CARTESIAN_POINT('Ctrl Pts',(-22.3026019958828,-16.0936655728181,130.056935479559));
#1459=CARTESIAN_POINT('Ctrl Pts',(-22.0640972437961,-16.4191606748543,130.056935479559));
#1460=CARTESIAN_POINT('Ctrl Pts',(-21.8181695003215,-16.7396977169614,130.056935479559));
#1461=CARTESIAN_POINT('Ctrl Pts',(-21.5726174914661,-17.0597450344779,130.056935479559));
#1462=CARTESIAN_POINT('Ctrl Pts',(-21.3196653139698,-17.374849083524,130.056935479559));
#1463=CARTESIAN_POINT('Ctrl Pts',(-21.0596300432331,-17.6845125022476,130.056935479559));
#1464=CARTESIAN_POINT('Ctrl Pts',(-20.7998389081728,-17.99388519161,130.056935479559));
#1465=CARTESIAN_POINT('Ctrl Pts',(-20.5329781721857,-18.2978271350549,130.056935479559));
#1466=CARTESIAN_POINT('Ctrl Pts',(-20.2594078393281,-18.5958703480039,130.056935479559));
#1467=CARTESIAN_POINT('Ctrl Pts',(-19.9859331364229,-18.8938093761973,130.056935479559));
#1468=CARTESIAN_POINT('Ctrl Pts',(-19.7057537631154,-19.1858534955895,130.056935479559));
#1469=CARTESIAN_POINT('Ctrl Pts',(-19.4192698990658,-19.4715679026429,130.056935479559));
#1470=CARTESIAN_POINT('Ctrl Pts',(-19.1327173422268,-19.7573508179864,130.056935479559));
#1471=CARTESIAN_POINT('Ctrl Pts',(-18.8398575419858,-20.0368007133405,130.056935479559));
#1472=CARTESIAN_POINT('Ctrl Pts',(-18.5411277401599,-20.3095194951302,130.056935479559));
#1473=CARTESIAN_POINT('Ctrl Pts',(-18.2421503236181,-20.5824643313118,130.056935479559));
#1474=CARTESIAN_POINT('Ctrl Pts',(-17.9372934721427,-20.8486666525312,130.056935479559));
#1475=CARTESIAN_POINT('Ctrl Pts',(-17.6270280460524,-21.1077682918797,130.056935479559));
#1476=CARTESIAN_POINT('Ctrl Pts',(-17.3163228186754,-21.3672372078397,130.056935479559));
#1477=CARTESIAN_POINT('Ctrl Pts',(-17.0001940008706,-21.619585096521,130.056935479559));
#1478=CARTESIAN_POINT('Ctrl Pts',(-16.6791423320402,-21.8644965884775,130.056935479559));
#1479=CARTESIAN_POINT('Ctrl Pts',(-16.3574468491497,-22.1098992084277,130.056935479559));
#1480=CARTESIAN_POINT('Ctrl Pts',(-16.0308091016785,-22.3478354165199,130.056935479559));
#1481=CARTESIAN_POINT('Ctrl Pts',(-15.6997557111371,-22.5780351361809,130.056935479559));
#1482=CARTESIAN_POINT('Ctrl Pts',(-15.3678441958583,-22.8088315574,130.056935479559));
#1483=CARTESIAN_POINT('Ctrl Pts',(-15.031494482996,-23.03185121291,130.056935479559));
#1484=CARTESIAN_POINT('Ctrl Pts',(-14.6912548630353,-23.2468714142213,130.056935479559));
#1485=CARTESIAN_POINT('Ctrl Pts',(-14.3499341128143,-23.4625748541463,130.056935479559));
#1486=CARTESIAN_POINT('Ctrl Pts',(-14.0046990735126,-23.6702278482798,130.056935479559));
#1487=CARTESIAN_POINT('Ctrl Pts',(-13.6561153192599,-23.8696567714552,130.056935479559));
#1488=CARTESIAN_POINT('Ctrl Pts',(-13.3062203962698,-24.0698358299027,130.056935479559));
#1489=CARTESIAN_POINT('Ctrl Pts',(-12.9529519030332,-24.2617288046213,130.056935479559));
#1490=CARTESIAN_POINT('Ctrl Pts',(-12.5968881856498,-24.4452123745783,130.056935479559));
#1491=CARTESIAN_POINT('Ctrl Pts',(-12.2392779323214,-24.6294928916052,130.056935479559));
#1492=CARTESIAN_POINT('Ctrl Pts',(-11.8788485045941,-24.8052908114608,130.056935479559));
#1493=CARTESIAN_POINT('Ctrl Pts',(-11.5161864295582,-24.9725339146763,130.056935479559));
#1494=CARTESIAN_POINT('Ctrl Pts',(-11.1517388523632,-25.140600409535,130.056935479559));
#1495=CARTESIAN_POINT('Ctrl Pts',(-10.7850369685725,-25.3000277067517,130.056935479559));
#1496=CARTESIAN_POINT('Ctrl Pts',(-10.4166708634838,-25.4507950390916,130.056935479559));
#1497=CARTESIAN_POINT('Ctrl Pts',(-10.04627842926,-25.6023917209126,130.056935479559));
#1498=CARTESIAN_POINT('Ctrl Pts',(-9.6742037823563,-25.7452330079371,130.056935479559));
#1499=CARTESIAN_POINT('Ctrl Pts',(-9.30103595893856,-25.8793494912552,130.056935479559));
#1500=CARTESIAN_POINT('Ctrl Pts',(-8.92560084867105,-26.0142808372701,130.056935479559));
#1501=CARTESIAN_POINT('Ctrl Pts',(-8.54905959016649,-26.140381186223,130.056935479559));
#1502=CARTESIAN_POINT('Ctrl Pts',(-8.17199562485015,-26.2577319566529,130.056935479559));
#1503=CARTESIAN_POINT('Ctrl Pts',(-7.79242498959191,-26.375862859039,130.056935479559));
#1504=CARTESIAN_POINT('Ctrl Pts',(-7.41232500640492,-26.4851276527147,130.056935479559));
#1505=CARTESIAN_POINT('Ctrl Pts',(-7.03226908274861,-26.5856576286504,130.056935479559));
#1506=CARTESIAN_POINT('Ctrl Pts',(-6.64947034564768,-26.6869131161554,130.056935479559));
#1507=CARTESIAN_POINT('Ctrl Pts',(-6.26671661289778,-26.7793074801901,130.056935479559));
#1508=CARTESIAN_POINT('Ctrl Pts',(-5.88456696754098,-26.8630205227284,130.056935479559));
#1509=CARTESIAN_POINT('Ctrl Pts',(-5.49944321444443,-26.9473850681811,130.056935479559));
#1510=CARTESIAN_POINT('Ctrl Pts',(-5.11493326542243,-27.022932898783,130.056935479559));
#1511=CARTESIAN_POINT('Ctrl Pts',(-4.73157777697759,-27.0898905819203,130.056935479559));
#1512=CARTESIAN_POINT('Ctrl Pts',(-4.34502327606379,-27.157407011364,130.056935479559));
#1513=CARTESIAN_POINT('Ctrl Pts',(-3.95964282819428,-27.2161896174069,130.056935479559));
#1514=CARTESIAN_POINT('Ctrl Pts',(-3.57595478575622,-27.2665096294012,130.056935479559));
#1515=CARTESIAN_POINT('Ctrl Pts',(-3.18885067406043,-27.317277652871,130.056935479559));
#1516=CARTESIAN_POINT('Ctrl Pts',(-2.8034694467387,-27.3594320351637,130.056935479559));
#1517=CARTESIAN_POINT('Ctrl Pts',(-2.4203035314817,-27.3932862361473,130.056935479559));
#1518=CARTESIAN_POINT('Ctrl Pts',(-2.03351370316529,-27.4274606239643,130.056935479559));
#1519=CARTESIAN_POINT('Ctrl Pts',(-1.64898146003288,-27.4531774180484,130.056935479559));
#1520=CARTESIAN_POINT('Ctrl Pts',(-1.2671699698286,-27.4707895821646,130.056935479559));
#1521=CARTESIAN_POINT('Ctrl Pts',(-0.881537197482742,-27.4885780140201,
130.056935479559));
#1522=CARTESIAN_POINT('Ctrl Pts',(-0.498680041897363,-27.4980991258943,
130.056935479559));
#1523=CARTESIAN_POINT('Ctrl Pts',(-0.119029384913409,-27.499742398894,130.056935479559));
#1524=CARTESIAN_POINT('Ctrl Pts',(-0.0852385027965634,-27.4998886587336,
130.056935479559));
#1525=CARTESIAN_POINT('Ctrl Pts',(-0.0514729915702058,-27.4999725256117,
130.056935479559));
#1526=CARTESIAN_POINT('Ctrl Pts',(-0.0177331370039774,-27.4999942824694,
130.056935479559));
#1527=CARTESIAN_POINT('Ctrl Pts',(-0.00168253274488697,-27.5000046325648,
130.056935479559));
#1528=CARTESIAN_POINT('Ctrl Pts',(0.014361493803589,-27.5000009357785,130.056935479559));
#1529=CARTESIAN_POINT('Ctrl Pts',(0.0304151540740931,-27.4999831803294,
130.056935479559));
#1530=CARTESIAN_POINT('Ctrl Pts',(0.409531173603273,-27.4995638756313,130.056935479559));
#1531=CARTESIAN_POINT('Ctrl Pts',(0.791884695425512,-27.4912993898902,130.056935479559));
#1532=CARTESIAN_POINT('Ctrl Pts',(1.17704860656155,-27.4747985721059,130.056935479559));
#1533=CARTESIAN_POINT('Ctrl Pts',(1.57645435377782,-27.4576876194276,130.056935479559));
#1534=CARTESIAN_POINT('Ctrl Pts',(1.9788824221722,-27.4317193570986,130.056935479559));
#1535=CARTESIAN_POINT('Ctrl Pts',(2.38380362821823,-27.3964866408467,130.056935479559));
#1536=CARTESIAN_POINT('Ctrl Pts',(2.77607104657531,-27.3623549469777,130.056935479559));
#1537=CARTESIAN_POINT('Ctrl Pts',(3.17067784802973,-27.319528521084,130.056935479559));
#1538=CARTESIAN_POINT('Ctrl Pts',(3.56709596378349,-27.2676699845285,130.056935479559));
#1539=CARTESIAN_POINT('Ctrl Pts',(3.95112601341995,-27.2174320272404,130.056935479559));
#1540=CARTESIAN_POINT('Ctrl Pts',(4.33685557402885,-27.1587174588026,130.056935479559));
#1541=CARTESIAN_POINT('Ctrl Pts',(4.72376507173672,-27.0912540046975,130.056935479559));
#1542=CARTESIAN_POINT('Ctrl Pts',(5.1053064591719,-27.0247265608562,130.056935479559));
#1543=CARTESIAN_POINT('Ctrl Pts',(5.48799499960363,-26.9496910736424,130.056935479559));
#1544=CARTESIAN_POINT('Ctrl Pts',(5.87129791095092,-26.8659237853617,130.056935479559));
#1545=CARTESIAN_POINT('Ctrl Pts',(6.2517883806506,-26.78277113006,130.056935479559));
#1546=CARTESIAN_POINT('Ctrl Pts',(6.6328839737384,-26.6910140891608,130.056935479559));
#1547=CARTESIAN_POINT('Ctrl Pts',(7.01403318874001,-26.5904745807075,130.056935479559));
#1548=CARTESIAN_POINT('Ctrl Pts',(7.39259640187006,-26.4906172076144,130.056935479559));
#1549=CARTESIAN_POINT('Ctrl Pts',(7.77121221776092,-26.3820959157038,130.056935479559));
#1550=CARTESIAN_POINT('Ctrl Pts',(8.14931437948978,-26.2647801274681,130.056935479559));
#1551=CARTESIAN_POINT('Ctrl Pts',(8.52506125705733,-26.1481951258976,130.056935479559));
#1552=CARTESIAN_POINT('Ctrl Pts',(8.90030054036952,-26.0229246664884,130.056935479559));
#1553=CARTESIAN_POINT('Ctrl Pts',(9.27445538520987,-25.8888871392293,130.056935479559));
#1554=CARTESIAN_POINT('Ctrl Pts',(9.64648838479734,-25.7556097434902,130.056935479559));
#1555=CARTESIAN_POINT('Ctrl Pts',(10.0174488699458,-25.6136642863007,130.056935479559));
#1556=CARTESIAN_POINT('Ctrl Pts',(10.3867537446597,-25.4630191974125,130.056935479559));
#1557=CARTESIAN_POINT('Ctrl Pts',(10.7541713247,-25.3131439647957,130.056935479559));
#1558=CARTESIAN_POINT('Ctrl Pts',(11.1199498150381,-25.1546576824731,130.056935479559));
#1559=CARTESIAN_POINT('Ctrl Pts',(11.4835043305708,-24.9875794804091,130.056935479559));
#1560=CARTESIAN_POINT('Ctrl Pts',(11.8454055656285,-24.8212610739671,130.056935479559));
#1561=CARTESIAN_POINT('Ctrl Pts',(12.205102637549,-24.6464286488875,130.056935479559));
#1562=CARTESIAN_POINT('Ctrl Pts',(12.5620134188945,-24.4631522675127,130.056935479559));
#1563=CARTESIAN_POINT('Ctrl Pts',(12.9175027262126,-24.2806058237851,130.056935479559));
#1564=CARTESIAN_POINT('Ctrl Pts',(13.270227516456,-24.0896825279853,130.056935479559));
#1565=CARTESIAN_POINT('Ctrl Pts',(13.6196130053853,-23.8905031672324,130.056935479559));
#1566=CARTESIAN_POINT('Ctrl Pts',(13.9678049401308,-23.6920042335919,130.056935479559));
#1567=CARTESIAN_POINT('Ctrl Pts',(14.3126799720759,-23.4853055697086,130.056935479559));
#1568=CARTESIAN_POINT('Ctrl Pts',(14.6536752374894,-23.2705780339507,130.056935479559));
#1569=CARTESIAN_POINT('Ctrl Pts',(14.9936993119984,-23.0564620651289,130.056935479559));
#1570=CARTESIAN_POINT('Ctrl Pts',(15.3298653149885,-22.8343629613479,130.056935479559));
#1571=CARTESIAN_POINT('Ctrl Pts',(15.6616268243863,-22.6045005521835,130.056935479559));
#1572=CARTESIAN_POINT('Ctrl Pts',(15.9926323051166,-22.3751619607796,130.056935479559));
#1573=CARTESIAN_POINT('Ctrl Pts',(16.3192529797266,-22.1380955182346,130.056935479559));
#1574=CARTESIAN_POINT('Ctrl Pts',(16.6409632846289,-21.8935684839095,130.056935479559));
#1575=CARTESIAN_POINT('Ctrl Pts',(16.9621239196397,-21.6494592451798,130.056935479559));
#1576=CARTESIAN_POINT('Ctrl Pts',(17.2783906013729,-21.3979150418606,130.056935479559));
#1577=CARTESIAN_POINT('Ctrl Pts',(17.5892628896088,-21.1392485911924,130.056935479559));
#1578=CARTESIAN_POINT('Ctrl Pts',(17.8997815192793,-20.8808764080074,130.056935479559));
#1579=CARTESIAN_POINT('Ctrl Pts',(18.2049176935768,-20.615398368882,130.056935479559));
#1580=CARTESIAN_POINT('Ctrl Pts',(18.504200162253,-20.3431702631442,130.056935479559));
#1581=CARTESIAN_POINT('Ctrl Pts',(18.803313166489,-20.0710963026985,130.056935479559));
#1582=CARTESIAN_POINT('Ctrl Pts',(19.0965787889732,-19.7922801514387,130.056935479559));
#1583=CARTESIAN_POINT('Ctrl Pts',(19.3835587934718,-19.507117893221,130.056935479559));
#1584=CARTESIAN_POINT('Ctrl Pts',(19.6705403300414,-19.2219541126365,130.056935479559));
#1585=CARTESIAN_POINT('Ctrl Pts',(19.9512359078136,-18.9304444258028,130.056935479559));
#1586=CARTESIAN_POINT('Ctrl Pts',(20.225243844543,-18.6330220691324,130.056935479559));
#1587=CARTESIAN_POINT('Ctrl Pts',(20.4994098352597,-18.3354281525067,130.056935479559));
#1588=CARTESIAN_POINT('Ctrl Pts',(20.7668802276369,-18.0319150422952,130.056935479559));
#1589=CARTESIAN_POINT('Ctrl Pts',(21.027293111268,-17.7229496532835,130.056935479559));
#1590=CARTESIAN_POINT('Ctrl Pts',(21.3012473863122,-17.3979181572214,130.056935479559));
#1591=CARTESIAN_POINT('Ctrl Pts',(21.5673904319143,-17.0668527240475,130.056935479559));
#1592=CARTESIAN_POINT('Ctrl Pts',(21.8253531504816,-16.730330536387,130.056935479559));
#1593=CARTESIAN_POINT('Ctrl Pts',(22.0716306972047,-16.409052100281,130.056935479559));
#1594=CARTESIAN_POINT('Ctrl Pts',(22.3104524572677,-16.0828006449631,130.056935479559));
#1595=CARTESIAN_POINT('Ctrl Pts',(22.5415455252063,-15.7521022512886,130.056935479559));
#1596=CARTESIAN_POINT('Ctrl Pts',(22.7732112036781,-15.4205844415008,130.056935479559));
#1597=CARTESIAN_POINT('Ctrl Pts',(22.9971097221447,-15.0845979954972,130.056935479559));
#1598=CARTESIAN_POINT('Ctrl Pts',(23.2130156051309,-14.744690790788,130.056935479559));
#1599=CARTESIAN_POINT('Ctrl Pts',(23.4295718087368,-14.4037597665286,130.056935479559));
#1600=CARTESIAN_POINT('Ctrl Pts',(23.6380870811083,-14.058884707339,130.056935479559));
#1601=CARTESIAN_POINT('Ctrl Pts',(23.8383850750384,-13.7106308029276,130.056935479559));
#1602=CARTESIAN_POINT('Ctrl Pts',(24.0393931219043,-13.361142344428,130.056935479559));
#1603=CARTESIAN_POINT('Ctrl Pts',(24.2321254979675,-13.0082514265071,130.056935479559));
#1604=CARTESIAN_POINT('Ctrl Pts',(24.4164562202672,-12.6525359372647,130.056935479559));
#1605=CARTESIAN_POINT('Ctrl Pts',(24.6015383418379,-12.2953704219173,130.056935479559));
#1606=CARTESIAN_POINT('Ctrl Pts',(24.7781501907809,-11.935357644465,130.056935479559));
#1607=CARTESIAN_POINT('Ctrl Pts',(24.9462169131629,-11.5730835010133,130.056935479559));
#1608=CARTESIAN_POINT('Ctrl Pts',(25.1150577434444,-11.2091407388589,130.056935479559));
#1609=CARTESIAN_POINT('Ctrl Pts',(25.2752746115502,-10.8429161096004,130.056935479559));
#1610=CARTESIAN_POINT('Ctrl Pts',(25.4268440839096,-10.4749988034629,130.056935479559));
#1611=CARTESIAN_POINT('Ctrl Pts',(25.5791916403542,-10.1051927884971,130.056935479559));
#1612=CARTESIAN_POINT('Ctrl Pts',(25.7228028968818,-9.73367704037251,130.056935479559));
#1613=CARTESIAN_POINT('Ctrl Pts',(25.8577056624944,-9.36103935852223,130.056935479559));
#1614=CARTESIAN_POINT('Ctrl Pts',(26.0001253655401,-8.96763787596756,130.056935479559));
#1615=CARTESIAN_POINT('Ctrl Pts',(26.132838755661,-8.57298651077108,130.056935479559));
#1616=CARTESIAN_POINT('Ctrl Pts',(26.25593794452,-8.17775780110388,130.056935479559));
#1617=CARTESIAN_POINT('Ctrl Pts',(26.3743657982525,-7.79752712490521,130.056935479559));
#1618=CARTESIAN_POINT('Ctrl Pts',(26.4838958677199,-7.41676227742339,130.056935479559));
#1619=CARTESIAN_POINT('Ctrl Pts',(26.5846599395261,-7.03603978810205,130.056935479559));
#1620=CARTESIAN_POINT('Ctrl Pts',(26.6860730480367,-6.65286500735081,130.056935479559));
#1621=CARTESIAN_POINT('Ctrl Pts',(26.7786071014148,-6.26973343728713,130.056935479559));
#1622=CARTESIAN_POINT('Ctrl Pts',(26.8624423091092,-5.88720588987491,130.056935479559));
#1623=CARTESIAN_POINT('Ctrl Pts',(26.9468560393537,-5.5020386303625,130.056935479559));
#1624=CARTESIAN_POINT('Ctrl Pts',(27.0224507183742,-5.11748403202887,130.056935479559));
#1625=CARTESIAN_POINT('Ctrl Pts',(27.0894528954184,-4.73408299746683,130.056935479559));
#1626=CARTESIAN_POINT('Ctrl Pts',(27.1598062057911,-4.33150604890098,130.056935479559));
#1627=CARTESIAN_POINT('Ctrl Pts',(27.220686045039,-3.9302014952061,130.056935479559));
#1628=CARTESIAN_POINT('Ctrl Pts',(27.272399526364,-3.53075403764946,130.056935479559));
#1629=CARTESIAN_POINT('Ctrl Pts',(27.3226043155531,-3.14296008363814,130.056935479559));
#1630=CARTESIAN_POINT('Ctrl Pts',(27.3641703540105,-2.75691640209293,130.056935479559));
#1631=CARTESIAN_POINT('Ctrl Pts',(27.3974144053155,-2.37311691734976,130.056935479559));
#1632=CARTESIAN_POINT('Ctrl Pts',(27.432156970196,-1.97201723255235,130.056935479559));
#1633=CARTESIAN_POINT('Ctrl Pts',(27.4578105798063,-1.57336909428227,130.056935479559));
#1634=CARTESIAN_POINT('Ctrl Pts',(27.4747712239208,-1.17768679758792,130.056935479559));
#1635=CARTESIAN_POINT('Ctrl Pts',(27.4917318680353,-0.78200450089357,130.056935479559));
#1636=CARTESIAN_POINT('Ctrl Pts',(27.5,-0.389288104694124,130.056935479559));
#1637=CARTESIAN_POINT('Ctrl Pts',(27.5,0.,130.056935479559));
#1638=CARTESIAN_POINT('Ctrl Pts',(27.5,0.,130.056935479559));
#1639=CARTESIAN_POINT('Ctrl Pts',(27.5,0.379047087004175,130.056935479559));
#1640=CARTESIAN_POINT('Ctrl Pts',(27.4921612712624,0.761344247434129,130.056935479559));
#1641=CARTESIAN_POINT('Ctrl Pts',(27.4760917416471,1.14646526532383,130.056935479559));
#1642=CARTESIAN_POINT('Ctrl Pts',(27.4601845262128,1.52769627497071,130.056935479559));
#1643=CARTESIAN_POINT('Ctrl Pts',(27.436211603571,1.91169425923789,130.056935479559));
#1644=CARTESIAN_POINT('Ctrl Pts',(27.4038171176432,2.29800073602391,130.056935479559));
#1645=CARTESIAN_POINT('Ctrl Pts',(27.3717315694527,2.68062310900598,130.056935479559));
#1646=CARTESIAN_POINT('Ctrl Pts',(27.3313839941312,3.06550998988159,130.056935479559));
#1647=CARTESIAN_POINT('Ctrl Pts',(27.2824576865758,3.45217360226869,130.056935479559));
#1648=CARTESIAN_POINT('Ctrl Pts',(27.2314406611231,3.85536011562727,130.056935479559));
#1649=CARTESIAN_POINT('Ctrl Pts',(27.1710953654162,4.26047859889508,130.056935479559));
#1650=CARTESIAN_POINT('Ctrl Pts',(27.1011027389798,4.66692943285635,130.056935479559));
#1651=CARTESIAN_POINT('Ctrl Pts',(27.0322037473315,5.06702947253697,130.056935479559));
#1652=CARTESIAN_POINT('Ctrl Pts',(26.9539562455407,5.46842020413609,130.056935479559));
#1653=CARTESIAN_POINT('Ctrl Pts',(26.8661008440451,5.87048766608022,130.056935479559));
#1654=CARTESIAN_POINT('Ctrl Pts',(26.7796181831978,6.26627282393147,130.056935479559));
#1655=CARTESIAN_POINT('Ctrl Pts',(26.6838252782817,6.66271335477086,130.056935479559));
#1656=CARTESIAN_POINT('Ctrl Pts',(26.5785226422505,7.05918792463964,130.056935479559));
#1657=CARTESIAN_POINT('Ctrl Pts',(26.4748653599072,7.44946757935422,130.056935479559));
#1658=CARTESIAN_POINT('Ctrl Pts',(26.3619930176953,7.83977982626918,130.056935479559));
#1659=CARTESIAN_POINT('Ctrl Pts',(26.2397653195468,8.2295027781213,130.056935479559));
#1660=CARTESIAN_POINT('Ctrl Pts',(26.1194474291819,8.61313630885073,130.056935479559));
#1661=CARTESIAN_POINT('Ctrl Pts',(25.9900641269319,8.9961984178769,130.056935479559));
#1662=CARTESIAN_POINT('Ctrl Pts',(25.8515327060269,9.37807318958537,130.056935479559));
#1663=CARTESIAN_POINT('Ctrl Pts',(25.7151658385736,9.7539811679859,130.056935479559));
#1664=CARTESIAN_POINT('Ctrl Pts',(25.5699344284943,10.1287382277747,130.056935479559));
#1665=CARTESIAN_POINT('Ctrl Pts',(25.4158109430933,10.5017405274049,130.056935479559));
#1666=CARTESIAN_POINT('Ctrl Pts',(25.2640956371517,10.8689146661033,130.056935479559));
#1667=CARTESIAN_POINT('Ctrl Pts',(25.1037639473009,11.2343880678618,130.056935479559));
#1668=CARTESIAN_POINT('Ctrl Pts',(24.9348403823291,11.5975745355557,130.056935479559));
#1669=CARTESIAN_POINT('Ctrl Pts',(24.7669091902262,11.9586273968642,130.056935479559));
#1670=CARTESIAN_POINT('Ctrl Pts',(24.5904867266194,12.3174197439542,130.056935479559));
#1671=CARTESIAN_POINT('Ctrl Pts',(24.4056482420874,12.6733710544392,130.056935479559));
#1672=CARTESIAN_POINT('Ctrl Pts',(24.2215260066748,13.0279430536116,130.056935479559));
#1673=CARTESIAN_POINT('Ctrl Pts',(24.0290528308261,13.3796956159165,130.056935479559));
#1674=CARTESIAN_POINT('Ctrl Pts',(23.8283545392195,13.7280559422395,130.056935479559));
#1675=CARTESIAN_POINT('Ctrl Pts',(23.6283165552258,14.0752701453261,130.056935479559));
#1676=CARTESIAN_POINT('Ctrl Pts',(23.4201075156681,14.419114020392,130.056935479559));
#1677=CARTESIAN_POINT('Ctrl Pts',(23.2039031481146,14.759027023924,130.056935479559));
#1678=CARTESIAN_POINT('Ctrl Pts',(22.9882833310297,15.0980210066806,130.056935479559));
#1679=CARTESIAN_POINT('Ctrl Pts',(22.764711432957,15.4331049727966,130.056935479559));
#1680=CARTESIAN_POINT('Ctrl Pts',(22.5334119769844,15.7637351118158,130.056935479559));
#1681=CARTESIAN_POINT('Ctrl Pts',(22.3026019958879,16.093665572811,130.056935479559));
#1682=CARTESIAN_POINT('Ctrl Pts',(22.0640972438011,16.4191606748477,130.056935479559));
#1683=CARTESIAN_POINT('Ctrl Pts',(21.8181695003263,16.7396977169551,130.056935479559));
#1684=CARTESIAN_POINT('Ctrl Pts',(21.5726174914708,17.0597450344719,130.056935479559));
#1685=CARTESIAN_POINT('Ctrl Pts',(21.3196653139745,17.3748490835183,130.056935479559));
#1686=CARTESIAN_POINT('Ctrl Pts',(21.0596300432377,17.6845125022421,130.056935479559));
#1687=CARTESIAN_POINT('Ctrl Pts',(20.7998389081774,17.9938851916047,130.056935479559));
#1688=CARTESIAN_POINT('Ctrl Pts',(20.5329781721902,18.2978271350498,130.056935479559));
#1689=CARTESIAN_POINT('Ctrl Pts',(20.2594078393327,18.5958703479989,130.056935479559));
#1690=CARTESIAN_POINT('Ctrl Pts',(19.9859331364277,18.8938093761923,130.056935479559));
#1691=CARTESIAN_POINT('Ctrl Pts',(19.7057537631204,19.1858534955843,130.056935479559));
#1692=CARTESIAN_POINT('Ctrl Pts',(19.4192698990711,19.4715679026377,130.056935479559));
#1693=CARTESIAN_POINT('Ctrl Pts',(19.132717342232,19.7573508179813,130.056935479559));
#1694=CARTESIAN_POINT('Ctrl Pts',(18.839857541991,20.0368007133355,130.056935479559));
#1695=CARTESIAN_POINT('Ctrl Pts',(18.5411277401651,20.3095194951254,130.056935479559));
#1696=CARTESIAN_POINT('Ctrl Pts',(18.242150323623,20.5824643313074,130.056935479559));
#1697=CARTESIAN_POINT('Ctrl Pts',(17.9372934721473,20.8486666525272,130.056935479559));
#1698=CARTESIAN_POINT('Ctrl Pts',(17.6270280460567,21.1077682918761,130.056935479559));
#1699=CARTESIAN_POINT('Ctrl Pts',(17.3163228186794,21.3672372078365,130.056935479559));
#1700=CARTESIAN_POINT('Ctrl Pts',(17.0001940008744,21.6195850965181,130.056935479559));
#1701=CARTESIAN_POINT('Ctrl Pts',(16.6791423320436,21.8644965884749,130.056935479559));
#1702=CARTESIAN_POINT('Ctrl Pts',(16.3574468491533,22.1098992084251,130.056935479559));
#1703=CARTESIAN_POINT('Ctrl Pts',(16.0308091016822,22.3478354165173,130.056935479559));
#1704=CARTESIAN_POINT('Ctrl Pts',(15.6997557111408,22.5780351361783,130.056935479559));
#1705=CARTESIAN_POINT('Ctrl Pts',(15.3678441958632,22.8088315573966,130.056935479559));
#1706=CARTESIAN_POINT('Ctrl Pts',(15.0314944830022,23.0318512129059,130.056935479559));
#1707=CARTESIAN_POINT('Ctrl Pts',(14.6912548630429,23.2468714142165,130.056935479559));
#1708=CARTESIAN_POINT('Ctrl Pts',(14.3499341128224,23.4625748541413,130.056935479559));
#1709=CARTESIAN_POINT('Ctrl Pts',(14.0046990735212,23.6702278482747,130.056935479559));
#1710=CARTESIAN_POINT('Ctrl Pts',(13.656115319269,23.8696567714499,130.056935479559));
#1711=CARTESIAN_POINT('Ctrl Pts',(13.3062203962772,24.0698358298987,130.056935479559));
#1712=CARTESIAN_POINT('Ctrl Pts',(12.9529519030388,24.2617288046183,130.056935479559));
#1713=CARTESIAN_POINT('Ctrl Pts',(12.5968881856536,24.4452123745764,130.056935479559));
#1714=CARTESIAN_POINT('Ctrl Pts',(12.2392779323243,24.6294928916038,130.056935479559));
#1715=CARTESIAN_POINT('Ctrl Pts',(11.8788485045961,24.8052908114599,130.056935479559));
#1716=CARTESIAN_POINT('Ctrl Pts',(11.5161864295592,24.9725339146758,130.056935479559));
#1717=CARTESIAN_POINT('Ctrl Pts',(11.151738852363,25.1406004095351,130.056935479559));
#1718=CARTESIAN_POINT('Ctrl Pts',(10.785036968571,25.3000277067523,130.056935479559));
#1719=CARTESIAN_POINT('Ctrl Pts',(10.4166708634811,25.4507950390927,130.056935479559));
#1720=CARTESIAN_POINT('Ctrl Pts',(10.0462784292583,25.6023917209132,130.056935479559));
#1721=CARTESIAN_POINT('Ctrl Pts',(9.67420378235566,25.7452330079373,130.056935479559));
#1722=CARTESIAN_POINT('Ctrl Pts',(9.30103595893896,25.8793494912551,130.056935479559));
#1723=CARTESIAN_POINT('Ctrl Pts',(8.92560084867021,26.0142808372705,130.056935479559));
#1724=CARTESIAN_POINT('Ctrl Pts',(8.54905959016439,26.1403811862237,130.056935479559));
#1725=CARTESIAN_POINT('Ctrl Pts',(8.17199562484681,26.2577319566539,130.056935479559));
#1726=CARTESIAN_POINT('Ctrl Pts',(7.79242498958632,26.3758628590407,130.056935479559));
#1727=CARTESIAN_POINT('Ctrl Pts',(7.41232500639709,26.4851276527169,130.056935479559));
#1728=CARTESIAN_POINT('Ctrl Pts',(7.03226908273852,26.5856576286531,130.056935479559));
#1729=CARTESIAN_POINT('Ctrl Pts',(6.64947034563687,26.6869131161581,130.056935479559));
#1730=CARTESIAN_POINT('Ctrl Pts',(6.26671661288626,26.7793074801929,130.056935479559));
#1731=CARTESIAN_POINT('Ctrl Pts',(5.88456696752876,26.863020522731,130.056935479559));
#1732=CARTESIAN_POINT('Ctrl Pts',(5.49944321443274,26.9473850681835,130.056935479559));
#1733=CARTESIAN_POINT('Ctrl Pts',(5.11493326541126,27.0229328987851,130.056935479559));
#1734=CARTESIAN_POINT('Ctrl Pts',(4.73157777696697,27.0898905819221,130.056935479559));
#1735=CARTESIAN_POINT('Ctrl Pts',(4.34502327605112,27.1574070113661,130.056935479559));
#1736=CARTESIAN_POINT('Ctrl Pts',(3.95964282817959,27.2161896174091,130.056935479559));
#1737=CARTESIAN_POINT('Ctrl Pts',(3.57595478573952,27.2665096294034,130.056935479559));
#1738=CARTESIAN_POINT('Ctrl Pts',(3.18885067404475,27.3172776528728,130.056935479559));
#1739=CARTESIAN_POINT('Ctrl Pts',(2.80346944672404,27.3594320351652,130.056935479559));
#1740=CARTESIAN_POINT('Ctrl Pts',(2.42030353146805,27.3932862361485,130.056935479559));
#1741=CARTESIAN_POINT('Ctrl Pts',(2.03351370315179,27.4274606239653,130.056935479559));
#1742=CARTESIAN_POINT('Ctrl Pts',(1.64898146001952,27.4531774180492,130.056935479559));
#1743=CARTESIAN_POINT('Ctrl Pts',(1.26716996981539,27.4707895821652,130.056935479559));
#1744=CARTESIAN_POINT('Ctrl Pts',(0.881537197468192,27.4885780140206,130.056935479559));
#1745=CARTESIAN_POINT('Ctrl Pts',(0.498680041881486,27.4980991258946,130.056935479559));
#1746=CARTESIAN_POINT('Ctrl Pts',(0.119029384896243,27.4997423988941,130.056935479559));
#1747=CARTESIAN_POINT('Ctrl Pts',(0.0852385027811113,27.4998886587337,130.056935479559));
#1748=CARTESIAN_POINT('Ctrl Pts',(0.0514729915564766,27.4999725256117,130.056935479559));
#1749=CARTESIAN_POINT('Ctrl Pts',(0.0177331369919568,27.4999942824694,130.056935479559));
#1750=CARTESIAN_POINT('Ctrl Pts',(0.0016825327228046,27.5000046325648,130.056935479559));
#1751=CARTESIAN_POINT('Ctrl Pts',(-0.0143614938357306,27.5000009357785,
130.056935479559));
#1752=CARTESIAN_POINT('Ctrl Pts',(-0.0304151541163115,27.4999831803294,
130.056935479559));
#1753=CARTESIAN_POINT('Ctrl Pts',(-0.409531173647239,27.4995638756307,130.056935479559));
#1754=CARTESIAN_POINT('Ctrl Pts',(-0.79188469547123,27.491299389889,130.056935479559));
#1755=CARTESIAN_POINT('Ctrl Pts',(-1.17704860660903,27.4747985721038,130.056935479559));
#1756=CARTESIAN_POINT('Ctrl Pts',(-1.57645435382504,27.4576876194248,130.056935479559));
#1757=CARTESIAN_POINT('Ctrl Pts',(-1.97888242221915,27.4317193570952,130.056935479559));
#1758=CARTESIAN_POINT('Ctrl Pts',(-2.38380362826486,27.3964866408427,130.056935479559));
#1759=CARTESIAN_POINT('Ctrl Pts',(-2.77607104662164,27.362354946973,130.056935479559));
#1760=CARTESIAN_POINT('Ctrl Pts',(-3.17067784807574,27.3195285210787,130.056935479559));
#1761=CARTESIAN_POINT('Ctrl Pts',(-3.56709596382916,27.2676699845226,130.056935479559));
#1762=CARTESIAN_POINT('Ctrl Pts',(-3.95112601346528,27.2174320272338,130.056935479559));
#1763=CARTESIAN_POINT('Ctrl Pts',(-4.3368555740738,27.1587174587955,130.056935479559));
#1764=CARTESIAN_POINT('Ctrl Pts',(-4.72376507178129,27.0912540046898,130.056935479559));
#1765=CARTESIAN_POINT('Ctrl Pts',(-5.10530645921647,27.0247265608478,130.056935479559));
#1766=CARTESIAN_POINT('Ctrl Pts',(-5.48799499964815,26.9496910736333,130.056935479559));
#1767=CARTESIAN_POINT('Ctrl Pts',(-5.87129791099539,26.865923785352,130.056935479559));
#1768=CARTESIAN_POINT('Ctrl Pts',(-6.25178838069472,26.7827711300497,130.056935479559));
#1769=CARTESIAN_POINT('Ctrl Pts',(-6.63288397378218,26.6910140891499,130.056935479559));
#1770=CARTESIAN_POINT('Ctrl Pts',(-7.01403318878339,26.5904745806961,130.056935479559));
#1771=CARTESIAN_POINT('Ctrl Pts',(-7.39259640191365,26.4906172076022,130.056935479559));
#1772=CARTESIAN_POINT('Ctrl Pts',(-7.77121221780468,26.3820959156909,130.056935479559));
#1773=CARTESIAN_POINT('Ctrl Pts',(-8.1493143795337,26.2647801274544,130.056935479559));
#1774=CARTESIAN_POINT('Ctrl Pts',(-8.52506125710101,26.1481951258833,130.056935479559));
#1775=CARTESIAN_POINT('Ctrl Pts',(-8.90030054041292,26.0229246664735,130.056935479559));
#1776=CARTESIAN_POINT('Ctrl Pts',(-9.27445538525298,25.8888871392138,130.056935479559));
#1777=CARTESIAN_POINT('Ctrl Pts',(-9.64648838484049,25.755609743474,130.056935479559));
#1778=CARTESIAN_POINT('Ctrl Pts',(-10.017448869989,25.6136642862838,130.056935479559));
#1779=CARTESIAN_POINT('Ctrl Pts',(-10.3867537447028,25.4630191973949,130.056935479559));
#1780=CARTESIAN_POINT('Ctrl Pts',(-10.7541713247417,25.313143964778,130.056935479559));
#1781=CARTESIAN_POINT('Ctrl Pts',(-11.1199498150782,25.1546576824553,130.056935479559));
#1782=CARTESIAN_POINT('Ctrl Pts',(-11.4835043306094,24.9875794803914,130.056935479559));
#1783=CARTESIAN_POINT('Ctrl Pts',(-11.8454055656674,24.8212610739486,130.056935479559));
#1784=CARTESIAN_POINT('Ctrl Pts',(-12.2051026375882,24.6464286488681,130.056935479559));
#1785=CARTESIAN_POINT('Ctrl Pts',(-12.562013418934,24.4631522674925,130.056935479559));
#1786=CARTESIAN_POINT('Ctrl Pts',(-12.9175027262526,24.2806058237638,130.056935479559));
#1787=CARTESIAN_POINT('Ctrl Pts',(-13.2702275164966,24.0896825279629,130.056935479559));
#1788=CARTESIAN_POINT('Ctrl Pts',(-13.6196130054265,23.8905031672089,130.056935479559));
#1789=CARTESIAN_POINT('Ctrl Pts',(-13.9678049401717,23.6920042335678,130.056935479559));
#1790=CARTESIAN_POINT('Ctrl Pts',(-14.3126799721164,23.4853055696839,130.056935479559));
#1791=CARTESIAN_POINT('Ctrl Pts',(-14.6536752375295,23.2705780339255,130.056935479559));
#1792=CARTESIAN_POINT('Ctrl Pts',(-14.993699312038,23.0564620651032,130.056935479559));
#1793=CARTESIAN_POINT('Ctrl Pts',(-15.3298653150276,22.8343629613217,130.056935479559));
#1794=CARTESIAN_POINT('Ctrl Pts',(-15.6616268244248,22.6045005521568,130.056935479559));
#1795=CARTESIAN_POINT('Ctrl Pts',(-15.9926323051527,22.3751619607538,130.056935479559));
#1796=CARTESIAN_POINT('Ctrl Pts',(-16.3192529797602,22.1380955182098,130.056935479559));
#1797=CARTESIAN_POINT('Ctrl Pts',(-16.6409632846601,21.8935684838857,130.056935479559));
#1798=CARTESIAN_POINT('Ctrl Pts',(-16.9621239196689,21.6494592451569,130.056935479559));
#1799=CARTESIAN_POINT('Ctrl Pts',(-17.2783906014001,21.3979150418386,130.056935479559));
#1800=CARTESIAN_POINT('Ctrl Pts',(-17.5892628896342,21.1392485911713,130.056935479559));
#1801=CARTESIAN_POINT('Ctrl Pts',(-17.8997815193052,20.8808764079853,130.056935479559));
#1802=CARTESIAN_POINT('Ctrl Pts',(-18.2049176936032,20.6153983688587,130.056935479559));
#1803=CARTESIAN_POINT('Ctrl Pts',(-18.5042001622799,20.3431702631198,130.056935479559));
#1804=CARTESIAN_POINT('Ctrl Pts',(-18.8033131665173,20.0710963026721,130.056935479559));
#1805=CARTESIAN_POINT('Ctrl Pts',(-19.0965787890028,19.7922801514102,130.056935479559));
#1806=CARTESIAN_POINT('Ctrl Pts',(-19.3835587935026,19.5071178931904,130.056935479559));
#1807=CARTESIAN_POINT('Ctrl Pts',(-19.6705403300725,19.2219541126047,130.056935479559));
#1808=CARTESIAN_POINT('Ctrl Pts',(-19.9512359078449,18.9304444257698,130.056935479559));
#1809=CARTESIAN_POINT('Ctrl Pts',(-20.2252438445745,18.6330220690982,130.056935479559));
#1810=CARTESIAN_POINT('Ctrl Pts',(-20.4994098352885,18.3354281524745,130.056935479559));
#1811=CARTESIAN_POINT('Ctrl Pts',(-20.7668802276629,18.0319150422651,130.056935479559));
#1812=CARTESIAN_POINT('Ctrl Pts',(-21.0272931112915,17.7229496532556,130.056935479559));
#1813=CARTESIAN_POINT('Ctrl Pts',(-21.3012473863349,17.3979181571936,130.056935479559));
#1814=CARTESIAN_POINT('Ctrl Pts',(-21.567390431936,17.0668527240201,130.056935479559));
#1815=CARTESIAN_POINT('Ctrl Pts',(-21.8253531505024,16.7303305363598,130.056935479559));
#1816=CARTESIAN_POINT('Ctrl Pts',(-22.0716306972252,16.4090521002535,130.056935479559));
#1817=CARTESIAN_POINT('Ctrl Pts',(-22.3104524572878,16.0828006449352,130.056935479559));
#1818=CARTESIAN_POINT('Ctrl Pts',(-22.541545525226,15.7521022512605,130.056935479559));
#1819=CARTESIAN_POINT('Ctrl Pts',(-22.7732112036972,15.4205844414726,130.056935479559));
#1820=CARTESIAN_POINT('Ctrl Pts',(-22.9971097221633,15.0845979954689,130.056935479559));
#1821=CARTESIAN_POINT('Ctrl Pts',(-23.2130156051489,14.7446907907597,130.056935479559));
#1822=CARTESIAN_POINT('Ctrl Pts',(-23.4295718087542,14.4037597665003,130.056935479559));
#1823=CARTESIAN_POINT('Ctrl Pts',(-23.6380870811251,14.0588847073108,130.056935479559));
#1824=CARTESIAN_POINT('Ctrl Pts',(-23.8383850750546,13.7106308028995,130.056935479559));
#1825=CARTESIAN_POINT('Ctrl Pts',(-24.0393931219205,13.3611423443989,130.056935479559));
#1826=CARTESIAN_POINT('Ctrl Pts',(-24.2321254979836,13.0082514264771,130.056935479559));
#1827=CARTESIAN_POINT('Ctrl Pts',(-24.4164562202832,12.6525359372339,130.056935479559));
#1828=CARTESIAN_POINT('Ctrl Pts',(-24.6015383418536,12.2953704218859,130.056935479559));
#1829=CARTESIAN_POINT('Ctrl Pts',(-24.7781501907963,11.935357644433,130.056935479559));
#1830=CARTESIAN_POINT('Ctrl Pts',(-24.946216913178,11.5730835009807,130.056935479559));
#1831=CARTESIAN_POINT('Ctrl Pts',(-25.115057743459,11.2091407388261,130.056935479559));
#1832=CARTESIAN_POINT('Ctrl Pts',(-25.2752746115643,10.8429161095675,130.056935479559));
#1833=CARTESIAN_POINT('Ctrl Pts',(-25.4268440839233,10.4749988034298,130.056935479559));
#1834=CARTESIAN_POINT('Ctrl Pts',(-25.5791916403674,10.1051927884638,130.056935479559));
#1835=CARTESIAN_POINT('Ctrl Pts',(-25.7228028968945,9.73367704033891,130.056935479559));
#1836=CARTESIAN_POINT('Ctrl Pts',(-25.8577056625067,9.36103935848841,130.056935479559));
#1837=CARTESIAN_POINT('Ctrl Pts',(-26.0001253655513,8.96763787593508,130.056935479559));
#1838=CARTESIAN_POINT('Ctrl Pts',(-26.1328387556712,8.57298651073997,130.056935479559));
#1839=CARTESIAN_POINT('Ctrl Pts',(-26.2559379445292,8.17775780107415,130.056935479559));
#1840=CARTESIAN_POINT('Ctrl Pts',(-26.3743657982612,7.79752712487577,130.056935479559));
#1841=CARTESIAN_POINT('Ctrl Pts',(-26.483895867728,7.41676227739427,130.056935479559));
#1842=CARTESIAN_POINT('Ctrl Pts',(-26.5846599395337,7.03603978807324,130.056935479559));
#1843=CARTESIAN_POINT('Ctrl Pts',(-26.6860730480437,6.65286500732237,130.056935479559));
#1844=CARTESIAN_POINT('Ctrl Pts',(-26.7786071014213,6.26973343725905,130.056935479559));
#1845=CARTESIAN_POINT('Ctrl Pts',(-26.8624423091153,5.88720588984722,130.056935479559));
#1846=CARTESIAN_POINT('Ctrl Pts',(-26.9468560393597,5.50203863033328,130.056935479559));
#1847=CARTESIAN_POINT('Ctrl Pts',(-27.02245071838,5.11748403199817,130.056935479559));
#1848=CARTESIAN_POINT('Ctrl Pts',(-27.0894528954241,4.73408299743467,130.056935479559));
#1849=CARTESIAN_POINT('Ctrl Pts',(-27.1598062057958,4.33150604887156,130.056935479559));
#1850=CARTESIAN_POINT('Ctrl Pts',(-27.2206860450428,3.93020149517942,130.056935479559));
#1851=CARTESIAN_POINT('Ctrl Pts',(-27.2723995263671,3.53075403762552,130.056935479559));
#1852=CARTESIAN_POINT('Ctrl Pts',(-27.3226043155559,3.14296008361432,130.056935479559));
#1853=CARTESIAN_POINT('Ctrl Pts',(-27.3641703540129,2.75691640206926,130.056935479559));
#1854=CARTESIAN_POINT('Ctrl Pts',(-27.3974144053175,2.37311691732625,130.056935479559));
#1855=CARTESIAN_POINT('Ctrl Pts',(-27.4321569701974,1.97201723253286,130.056935479559));
#1856=CARTESIAN_POINT('Ctrl Pts',(-27.4578105798071,1.57336909426676,130.056935479559));
#1857=CARTESIAN_POINT('Ctrl Pts',(-27.4747712239213,1.17768679757633,130.056935479559));
#1858=CARTESIAN_POINT('Ctrl Pts',(-27.4917318680355,0.782004500885906,130.056935479559));
#1859=CARTESIAN_POINT('Ctrl Pts',(-27.5,0.389288104690324,130.056935479559));
#1860=CARTESIAN_POINT('Ctrl Pts',(-27.5,0.,130.056935479559));
#1861=CARTESIAN_POINT('Ctrl Pts',(11.2006112669496,0.,226.605430310467));
#1862=CARTESIAN_POINT('Ctrl Pts',(11.2006112669496,11.2006112669496,226.605430310467));
#1863=CARTESIAN_POINT('Ctrl Pts',(0.,11.2006112669496,226.605430310467));
#1864=CARTESIAN_POINT('Ctrl Pts',(-11.2006112669496,11.2006112669496,226.605430310467));
#1865=CARTESIAN_POINT('Ctrl Pts',(-11.2006112669496,0.,226.605430310467));
#1866=CARTESIAN_POINT('Ctrl Pts',(-11.2006112669496,-11.2006112669496,226.605430310467));
#1867=CARTESIAN_POINT('Ctrl Pts',(0.,-11.2006112669496,226.605430310467));
#1868=CARTESIAN_POINT('Ctrl Pts',(11.2006112669496,-11.2006112669496,226.605430310467));
#1869=CARTESIAN_POINT('Ctrl Pts',(11.2006112669496,0.,226.605430310467));
#1870=CARTESIAN_POINT('Ctrl Pts',(11.1894754294868,0.,226.598960868072));
#1871=CARTESIAN_POINT('Ctrl Pts',(11.1894754294868,11.1894754294868,226.598960868072));
#1872=CARTESIAN_POINT('Ctrl Pts',(0.,11.1894754294868,226.598960868072));
#1873=CARTESIAN_POINT('Ctrl Pts',(-11.1894754294868,11.1894754294868,226.598960868072));
#1874=CARTESIAN_POINT('Ctrl Pts',(-11.1894754294868,0.,226.598960868072));
#1875=CARTESIAN_POINT('Ctrl Pts',(-11.1894754294868,-11.1894754294868,226.598960868072));
#1876=CARTESIAN_POINT('Ctrl Pts',(0.,-11.1894754294868,226.598960868072));
#1877=CARTESIAN_POINT('Ctrl Pts',(11.1894754294868,-11.1894754294868,226.598960868072));
#1878=CARTESIAN_POINT('Ctrl Pts',(11.1894754294868,0.,226.598960868072));
#1879=CARTESIAN_POINT('Ctrl Pts',(10.8885833578304,0.,226.480938734603));
#1880=CARTESIAN_POINT('Ctrl Pts',(10.8885833578304,10.8885833578304,226.480938734603));
#1881=CARTESIAN_POINT('Ctrl Pts',(0.,10.8885833578304,226.480938734603));
#1882=CARTESIAN_POINT('Ctrl Pts',(-10.8885833578304,10.8885833578304,226.480938734603));
#1883=CARTESIAN_POINT('Ctrl Pts',(-10.8885833578304,0.,226.480938734603));
#1884=CARTESIAN_POINT('Ctrl Pts',(-10.8885833578304,-10.8885833578304,226.480938734603));
#1885=CARTESIAN_POINT('Ctrl Pts',(0.,-10.8885833578304,226.480938734603));
#1886=CARTESIAN_POINT('Ctrl Pts',(10.8885833578304,-10.8885833578304,226.480938734603));
#1887=CARTESIAN_POINT('Ctrl Pts',(10.8885833578304,0.,226.480938734603));
#1888=CARTESIAN_POINT('Ctrl Pts',(10.3931057556227,0.,226.232314165142));
#1889=CARTESIAN_POINT('Ctrl Pts',(10.3931057556227,10.3931057556227,226.232314165142));
#1890=CARTESIAN_POINT('Ctrl Pts',(0.,10.3931057556227,226.232314165142));
#1891=CARTESIAN_POINT('Ctrl Pts',(-10.3931057556227,10.3931057556227,226.232314165142));
#1892=CARTESIAN_POINT('Ctrl Pts',(-10.3931057556227,0.,226.232314165142));
#1893=CARTESIAN_POINT('Ctrl Pts',(-10.3931057556227,-10.3931057556227,226.232314165142));
#1894=CARTESIAN_POINT('Ctrl Pts',(0.,-10.3931057556227,226.232314165142));
#1895=CARTESIAN_POINT('Ctrl Pts',(10.3931057556227,-10.3931057556227,226.232314165142));
#1896=CARTESIAN_POINT('Ctrl Pts',(10.3931057556227,0.,226.232314165142));
#1897=CARTESIAN_POINT('Ctrl Pts',(9.97693438550124,0.,226.023484487964));
#1898=CARTESIAN_POINT('Ctrl Pts',(9.97693438550123,9.97693438550123,226.023484487964));
#1899=CARTESIAN_POINT('Ctrl Pts',(0.,9.97693438550124,226.023484487964));
#1900=CARTESIAN_POINT('Ctrl Pts',(-9.97693438550123,9.97693438550123,226.023484487964));
#1901=CARTESIAN_POINT('Ctrl Pts',(-9.97693438550124,0.,226.023484487964));
#1902=CARTESIAN_POINT('Ctrl Pts',(-9.97693438550123,-9.97693438550123,226.023484487964));
#1903=CARTESIAN_POINT('Ctrl Pts',(0.,-9.97693438550124,226.023484487964));
#1904=CARTESIAN_POINT('Ctrl Pts',(9.97693438550123,-9.97693438550123,226.023484487964));
#1905=CARTESIAN_POINT('Ctrl Pts',(9.97693438550124,0.,226.023484487964));
#1906=CARTESIAN_POINT('Ctrl Pts',(9.40186076503736,0.,225.66806387754));
#1907=CARTESIAN_POINT('Ctrl Pts',(9.40186076503735,9.40186076503735,225.66806387754));
#1908=CARTESIAN_POINT('Ctrl Pts',(0.,9.40186076503736,225.66806387754));
#1909=CARTESIAN_POINT('Ctrl Pts',(-9.40186076503735,9.40186076503735,225.66806387754));
#1910=CARTESIAN_POINT('Ctrl Pts',(-9.40186076503736,0.,225.66806387754));
#1911=CARTESIAN_POINT('Ctrl Pts',(-9.40186076503735,-9.40186076503735,225.66806387754));
#1912=CARTESIAN_POINT('Ctrl Pts',(0.,-9.40186076503736,225.66806387754));
#1913=CARTESIAN_POINT('Ctrl Pts',(9.40186076503735,-9.40186076503735,225.66806387754));
#1914=CARTESIAN_POINT('Ctrl Pts',(9.40186076503736,0.,225.66806387754));
#1915=CARTESIAN_POINT('Ctrl Pts',(8.93399414488165,0.,225.114020558277));
#1916=CARTESIAN_POINT('Ctrl Pts',(8.93399414488165,8.93399414488165,225.114020558277));
#1917=CARTESIAN_POINT('Ctrl Pts',(0.,8.93399414488165,225.114020558277));
#1918=CARTESIAN_POINT('Ctrl Pts',(-8.93399414488165,8.93399414488165,225.114020558277));
#1919=CARTESIAN_POINT('Ctrl Pts',(-8.93399414488165,0.,225.114020558277));
#1920=CARTESIAN_POINT('Ctrl Pts',(-8.93399414488165,-8.93399414488165,225.114020558277));
#1921=CARTESIAN_POINT('Ctrl Pts',(0.,-8.93399414488165,225.114020558277));
#1922=CARTESIAN_POINT('Ctrl Pts',(8.93399414488165,-8.93399414488165,225.114020558277));
#1923=CARTESIAN_POINT('Ctrl Pts',(8.93399414488165,0.,225.114020558277));
#1924=CARTESIAN_POINT('Ctrl Pts',(8.48069641811493,0.,224.57722958766));
#1925=CARTESIAN_POINT('Ctrl Pts',(8.48069641811493,8.48069641811493,224.57722958766));
#1926=CARTESIAN_POINT('Ctrl Pts',(0.,8.48069641811493,224.57722958766));
#1927=CARTESIAN_POINT('Ctrl Pts',(-8.48069641811493,8.48069641811493,224.57722958766));
#1928=CARTESIAN_POINT('Ctrl Pts',(-8.48069641811493,0.,224.57722958766));
#1929=CARTESIAN_POINT('Ctrl Pts',(-8.48069641811493,-8.48069641811493,224.57722958766));
#1930=CARTESIAN_POINT('Ctrl Pts',(0.,-8.48069641811493,224.57722958766));
#1931=CARTESIAN_POINT('Ctrl Pts',(8.48069641811493,-8.48069641811493,224.57722958766));
#1932=CARTESIAN_POINT('Ctrl Pts',(8.48069641811493,0.,224.57722958766));
#1933=CARTESIAN_POINT('Ctrl Pts',(8.19022186754603,0.,223.920110380921));
#1934=CARTESIAN_POINT('Ctrl Pts',(8.19022186754602,8.19022186754602,223.920110380921));
#1935=CARTESIAN_POINT('Ctrl Pts',(0.,8.19022186754603,223.920110380921));
#1936=CARTESIAN_POINT('Ctrl Pts',(-8.19022186754602,8.19022186754602,223.920110380921));
#1937=CARTESIAN_POINT('Ctrl Pts',(-8.19022186754603,0.,223.920110380921));
#1938=CARTESIAN_POINT('Ctrl Pts',(-8.19022186754602,-8.19022186754602,223.920110380921));
#1939=CARTESIAN_POINT('Ctrl Pts',(0.,-8.19022186754603,223.920110380921));
#1940=CARTESIAN_POINT('Ctrl Pts',(8.19022186754602,-8.19022186754602,223.920110380921));
#1941=CARTESIAN_POINT('Ctrl Pts',(8.19022186754603,0.,223.920110380921));
#1942=CARTESIAN_POINT('Ctrl Pts',(8.03569071324367,0.,223.330101900965));
#1943=CARTESIAN_POINT('Ctrl Pts',(8.03569071324367,8.03569071324367,223.330101900965));
#1944=CARTESIAN_POINT('Ctrl Pts',(0.,8.03569071324367,223.330101900965));
#1945=CARTESIAN_POINT('Ctrl Pts',(-8.03569071324367,8.03569071324367,223.330101900965));
#1946=CARTESIAN_POINT('Ctrl Pts',(-8.03569071324367,0.,223.330101900965));
#1947=CARTESIAN_POINT('Ctrl Pts',(-8.03569071324367,-8.03569071324367,223.330101900965));
#1948=CARTESIAN_POINT('Ctrl Pts',(0.,-8.03569071324367,223.330101900965));
#1949=CARTESIAN_POINT('Ctrl Pts',(8.03569071324367,-8.03569071324367,223.330101900965));
#1950=CARTESIAN_POINT('Ctrl Pts',(8.03569071324367,0.,223.330101900965));
#1951=CARTESIAN_POINT('Ctrl Pts',(7.78118778848021,0.,222.358395681194));
#1952=CARTESIAN_POINT('Ctrl Pts',(7.7811877884802,7.7811877884802,222.358395681194));
#1953=CARTESIAN_POINT('Ctrl Pts',(0.,7.78118778848021,222.358395681194));
#1954=CARTESIAN_POINT('Ctrl Pts',(-7.7811877884802,7.7811877884802,222.358395681194));
#1955=CARTESIAN_POINT('Ctrl Pts',(-7.78118778848021,0.,222.358395681194));
#1956=CARTESIAN_POINT('Ctrl Pts',(-7.7811877884802,-7.7811877884802,222.358395681194));
#1957=CARTESIAN_POINT('Ctrl Pts',(0.,-7.78118778848021,222.358395681194));
#1958=CARTESIAN_POINT('Ctrl Pts',(7.7811877884802,-7.7811877884802,222.358395681194));
#1959=CARTESIAN_POINT('Ctrl Pts',(7.78118778848021,0.,222.358395681194));
#1960=CARTESIAN_POINT('Ctrl Pts',(7.76619896477417,0.,221.470115238118));
#1961=CARTESIAN_POINT('Ctrl Pts',(7.76619896477417,7.76619896477417,221.470115238118));
#1962=CARTESIAN_POINT('Ctrl Pts',(0.,7.76619896477417,221.470115238118));
#1963=CARTESIAN_POINT('Ctrl Pts',(-7.76619896477417,7.76619896477417,221.470115238118));
#1964=CARTESIAN_POINT('Ctrl Pts',(-7.76619896477417,0.,221.470115238118));
#1965=CARTESIAN_POINT('Ctrl Pts',(-7.76619896477417,-7.76619896477417,221.470115238118));
#1966=CARTESIAN_POINT('Ctrl Pts',(0.,-7.76619896477417,221.470115238118));
#1967=CARTESIAN_POINT('Ctrl Pts',(7.76619896477417,-7.76619896477417,221.470115238118));
#1968=CARTESIAN_POINT('Ctrl Pts',(7.76619896477417,0.,221.470115238118));
#1969=CARTESIAN_POINT('Ctrl Pts',(7.78859095919951,0.,220.429734667058));
#1970=CARTESIAN_POINT('Ctrl Pts',(7.78859095919951,7.78859095919951,220.429734667058));
#1971=CARTESIAN_POINT('Ctrl Pts',(0.,7.78859095919951,220.429734667058));
#1972=CARTESIAN_POINT('Ctrl Pts',(-7.78859095919951,7.78859095919951,220.429734667058));
#1973=CARTESIAN_POINT('Ctrl Pts',(-7.78859095919951,0.,220.429734667058));
#1974=CARTESIAN_POINT('Ctrl Pts',(-7.78859095919951,-7.78859095919951,220.429734667058));
#1975=CARTESIAN_POINT('Ctrl Pts',(0.,-7.78859095919951,220.429734667058));
#1976=CARTESIAN_POINT('Ctrl Pts',(7.78859095919951,-7.78859095919951,220.429734667058));
#1977=CARTESIAN_POINT('Ctrl Pts',(7.78859095919951,0.,220.429734667058));
#1978=CARTESIAN_POINT('Ctrl Pts',(7.82654833907707,0.,218.666152567009));
#1979=CARTESIAN_POINT('Ctrl Pts',(7.82654833907707,7.82654833907707,218.666152567009));
#1980=CARTESIAN_POINT('Ctrl Pts',(0.,7.82654833907707,218.666152567009));
#1981=CARTESIAN_POINT('Ctrl Pts',(-7.82654833907707,7.82654833907707,218.666152567009));
#1982=CARTESIAN_POINT('Ctrl Pts',(-7.82654833907707,0.,218.666152567009));
#1983=CARTESIAN_POINT('Ctrl Pts',(-7.82654833907707,-7.82654833907707,218.666152567009));
#1984=CARTESIAN_POINT('Ctrl Pts',(0.,-7.82654833907707,218.666152567009));
#1985=CARTESIAN_POINT('Ctrl Pts',(7.82654833907707,-7.82654833907707,218.666152567009));
#1986=CARTESIAN_POINT('Ctrl Pts',(7.82654833907707,0.,218.666152567009));
#1987=CARTESIAN_POINT('Ctrl Pts',(8.05145739235387,0.,216.497369813504));
#1988=CARTESIAN_POINT('Ctrl Pts',(8.05145739235387,8.05145739235387,216.497369813504));
#1989=CARTESIAN_POINT('Ctrl Pts',(0.,8.05145739235387,216.497369813504));
#1990=CARTESIAN_POINT('Ctrl Pts',(-8.05145739235387,8.05145739235387,216.497369813504));
#1991=CARTESIAN_POINT('Ctrl Pts',(-8.05145739235387,0.,216.497369813504));
#1992=CARTESIAN_POINT('Ctrl Pts',(-8.05145739235387,-8.05145739235387,216.497369813504));
#1993=CARTESIAN_POINT('Ctrl Pts',(0.,-8.05145739235387,216.497369813504));
#1994=CARTESIAN_POINT('Ctrl Pts',(8.05145739235387,-8.05145739235387,216.497369813504));
#1995=CARTESIAN_POINT('Ctrl Pts',(8.05145739235387,0.,216.497369813504));
#1996=CARTESIAN_POINT('Ctrl Pts',(8.34665191896235,0.,213.909106149615));
#1997=CARTESIAN_POINT('Ctrl Pts',(8.34665191896234,8.34665191896234,213.909106149615));
#1998=CARTESIAN_POINT('Ctrl Pts',(0.,8.34665191896235,213.909106149615));
#1999=CARTESIAN_POINT('Ctrl Pts',(-8.34665191896234,8.34665191896234,213.909106149615));
#2000=CARTESIAN_POINT('Ctrl Pts',(-8.34665191896235,0.,213.909106149615));
#2001=CARTESIAN_POINT('Ctrl Pts',(-8.34665191896234,-8.34665191896234,213.909106149615));
#2002=CARTESIAN_POINT('Ctrl Pts',(0.,-8.34665191896235,213.909106149615));
#2003=CARTESIAN_POINT('Ctrl Pts',(8.34665191896234,-8.34665191896234,213.909106149615));
#2004=CARTESIAN_POINT('Ctrl Pts',(8.34665191896235,0.,213.909106149615));
#2005=CARTESIAN_POINT('Ctrl Pts',(8.91582682963871,0.,208.918584283824));
#2006=CARTESIAN_POINT('Ctrl Pts',(8.91582682963871,8.91582682963871,208.918584283824));
#2007=CARTESIAN_POINT('Ctrl Pts',(0.,8.91582682963871,208.918584283824));
#2008=CARTESIAN_POINT('Ctrl Pts',(-8.91582682963871,8.91582682963871,208.918584283824));
#2009=CARTESIAN_POINT('Ctrl Pts',(-8.91582682963871,0.,208.918584283824));
#2010=CARTESIAN_POINT('Ctrl Pts',(-8.91582682963871,-8.91582682963871,208.918584283824));
#2011=CARTESIAN_POINT('Ctrl Pts',(0.,-8.91582682963871,208.918584283824));
#2012=CARTESIAN_POINT('Ctrl Pts',(8.91582682963871,-8.91582682963871,208.918584283824));
#2013=CARTESIAN_POINT('Ctrl Pts',(8.91582682963871,0.,208.918584283824));
#2014=CARTESIAN_POINT('Ctrl Pts',(9.76337473833397,0.,202.483371717444));
#2015=CARTESIAN_POINT('Ctrl Pts',(9.76337473833397,9.76337473833397,202.483371717444));
#2016=CARTESIAN_POINT('Ctrl Pts',(0.,9.76337473833397,202.483371717444));
#2017=CARTESIAN_POINT('Ctrl Pts',(-9.76337473833397,9.76337473833397,202.483371717444));
#2018=CARTESIAN_POINT('Ctrl Pts',(-9.76337473833397,0.,202.483371717444));
#2019=CARTESIAN_POINT('Ctrl Pts',(-9.76337473833397,-9.76337473833397,202.483371717444));
#2020=CARTESIAN_POINT('Ctrl Pts',(0.,-9.76337473833397,202.483371717444));
#2021=CARTESIAN_POINT('Ctrl Pts',(9.76337473833397,-9.76337473833397,202.483371717444));
#2022=CARTESIAN_POINT('Ctrl Pts',(9.76337473833397,0.,202.483371717444));
#2023=CARTESIAN_POINT('Ctrl Pts',(10.6910926651924,0.,196.575146280975));
#2024=CARTESIAN_POINT('Ctrl Pts',(10.6910926651924,10.6910926651924,196.575146280975));
#2025=CARTESIAN_POINT('Ctrl Pts',(0.,10.6910926651924,196.575146280975));
#2026=CARTESIAN_POINT('Ctrl Pts',(-10.6910926651924,10.6910926651924,196.575146280975));
#2027=CARTESIAN_POINT('Ctrl Pts',(-10.6910926651924,0.,196.575146280975));
#2028=CARTESIAN_POINT('Ctrl Pts',(-10.6910926651924,-10.6910926651924,196.575146280975));
#2029=CARTESIAN_POINT('Ctrl Pts',(0.,-10.6910926651924,196.575146280975));
#2030=CARTESIAN_POINT('Ctrl Pts',(10.6910926651924,-10.6910926651924,196.575146280975));
#2031=CARTESIAN_POINT('Ctrl Pts',(10.6910926651924,0.,196.575146280975));
#2032=CARTESIAN_POINT('Ctrl Pts',(11.3711943911796,0.,192.243878984598));
#2033=CARTESIAN_POINT('Ctrl Pts',(11.3711943911796,11.3711943911796,192.243878984598));
#2034=CARTESIAN_POINT('Ctrl Pts',(0.,11.3711943911796,192.243878984598));
#2035=CARTESIAN_POINT('Ctrl Pts',(-11.3711943911796,11.3711943911796,192.243878984598));
#2036=CARTESIAN_POINT('Ctrl Pts',(-11.3711943911796,0.,192.243878984598));
#2037=CARTESIAN_POINT('Ctrl Pts',(-11.3711943911796,-11.3711943911796,192.243878984598));
#2038=CARTESIAN_POINT('Ctrl Pts',(0.,-11.3711943911796,192.243878984598));
#2039=CARTESIAN_POINT('Ctrl Pts',(11.3711943911796,-11.3711943911796,192.243878984598));
#2040=CARTESIAN_POINT('Ctrl Pts',(11.3711943911796,0.,192.243878984598));
#2041=CARTESIAN_POINT('Ctrl Pts',(12.1044192501101,0.,188.222906929673));
#2042=CARTESIAN_POINT('Ctrl Pts',(12.1044192501101,12.1044192501101,188.222906929673));
#2043=CARTESIAN_POINT('Ctrl Pts',(0.,12.1044192501101,188.222906929673));
#2044=CARTESIAN_POINT('Ctrl Pts',(-12.1044192501101,12.1044192501101,188.222906929673));
#2045=CARTESIAN_POINT('Ctrl Pts',(-12.1044192501101,0.,188.222906929673));
#2046=CARTESIAN_POINT('Ctrl Pts',(-12.1044192501101,-12.1044192501101,188.222906929673));
#2047=CARTESIAN_POINT('Ctrl Pts',(0.,-12.1044192501101,188.222906929673));
#2048=CARTESIAN_POINT('Ctrl Pts',(12.1044192501101,-12.1044192501101,188.222906929673));
#2049=CARTESIAN_POINT('Ctrl Pts',(12.1044192501101,0.,188.222906929673));
#2050=CARTESIAN_POINT('Ctrl Pts',(12.7759156906998,0.,184.817465684608));
#2051=CARTESIAN_POINT('Ctrl Pts',(12.7759156906997,12.7759156906997,184.817465684608));
#2052=CARTESIAN_POINT('Ctrl Pts',(0.,12.7759156906998,184.817465684608));
#2053=CARTESIAN_POINT('Ctrl Pts',(-12.7759156906997,12.7759156906997,184.817465684608));
#2054=CARTESIAN_POINT('Ctrl Pts',(-12.7759156906998,0.,184.817465684608));
#2055=CARTESIAN_POINT('Ctrl Pts',(-12.7759156906997,-12.7759156906997,184.817465684608));
#2056=CARTESIAN_POINT('Ctrl Pts',(0.,-12.7759156906998,184.817465684608));
#2057=CARTESIAN_POINT('Ctrl Pts',(12.7759156906997,-12.7759156906997,184.817465684608));
#2058=CARTESIAN_POINT('Ctrl Pts',(12.7759156906998,0.,184.817465684608));
#2059=CARTESIAN_POINT('Ctrl Pts',(13.5155280647642,0.,181.066579854464));
#2060=CARTESIAN_POINT('Ctrl Pts',(13.5155280647642,13.5155280647642,181.066579854464));
#2061=CARTESIAN_POINT('Ctrl Pts',(0.,13.5155280647642,181.066579854464));
#2062=CARTESIAN_POINT('Ctrl Pts',(-13.5155280647642,13.5155280647642,181.066579854464));
#2063=CARTESIAN_POINT('Ctrl Pts',(-13.5155280647642,0.,181.066579854464));
#2064=CARTESIAN_POINT('Ctrl Pts',(-13.5155280647642,-13.5155280647642,181.066579854464));
#2065=CARTESIAN_POINT('Ctrl Pts',(0.,-13.5155280647642,181.066579854464));
#2066=CARTESIAN_POINT('Ctrl Pts',(13.5155280647642,-13.5155280647642,181.066579854464));
#2067=CARTESIAN_POINT('Ctrl Pts',(13.5155280647642,0.,181.066579854464));
#2068=CARTESIAN_POINT('Ctrl Pts',(14.168073281588,0.,178.053060401452));
#2069=CARTESIAN_POINT('Ctrl Pts',(14.168073281588,14.168073281588,178.053060401452));
#2070=CARTESIAN_POINT('Ctrl Pts',(0.,14.168073281588,178.053060401452));
#2071=CARTESIAN_POINT('Ctrl Pts',(-14.168073281588,14.168073281588,178.053060401452));
#2072=CARTESIAN_POINT('Ctrl Pts',(-14.168073281588,0.,178.053060401452));
#2073=CARTESIAN_POINT('Ctrl Pts',(-14.168073281588,-14.168073281588,178.053060401452));
#2074=CARTESIAN_POINT('Ctrl Pts',(0.,-14.168073281588,178.053060401452));
#2075=CARTESIAN_POINT('Ctrl Pts',(14.168073281588,-14.168073281588,178.053060401452));
#2076=CARTESIAN_POINT('Ctrl Pts',(14.168073281588,0.,178.053060401452));
#2077=CARTESIAN_POINT('Ctrl Pts',(14.5958973567731,0.,175.590729669548));
#2078=CARTESIAN_POINT('Ctrl Pts',(14.5958973567731,14.5958973567731,175.590729669548));
#2079=CARTESIAN_POINT('Ctrl Pts',(0.,14.5958973567731,175.590729669548));
#2080=CARTESIAN_POINT('Ctrl Pts',(-14.5958973567731,14.5958973567731,175.590729669548));
#2081=CARTESIAN_POINT('Ctrl Pts',(-14.5958973567731,0.,175.590729669548));
#2082=CARTESIAN_POINT('Ctrl Pts',(-14.5958973567731,-14.5958973567731,175.590729669548));
#2083=CARTESIAN_POINT('Ctrl Pts',(0.,-14.5958973567731,175.590729669548));
#2084=CARTESIAN_POINT('Ctrl Pts',(14.5958973567731,-14.5958973567731,175.590729669548));
#2085=CARTESIAN_POINT('Ctrl Pts',(14.5958973567731,0.,175.590729669548));
#2086=CARTESIAN_POINT('Ctrl Pts',(15.0592476544464,0.,172.923928655359));
#2087=CARTESIAN_POINT('Ctrl Pts',(15.0592476544464,15.0592476544464,172.923928655359));
#2088=CARTESIAN_POINT('Ctrl Pts',(0.,15.0592476544464,172.923928655359));
#2089=CARTESIAN_POINT('Ctrl Pts',(-15.0592476544464,15.0592476544464,172.923928655359));
#2090=CARTESIAN_POINT('Ctrl Pts',(-15.0592476544464,0.,172.923928655359));
#2091=CARTESIAN_POINT('Ctrl Pts',(-15.0592476544464,-15.0592476544464,172.923928655359));
#2092=CARTESIAN_POINT('Ctrl Pts',(0.,-15.0592476544464,172.923928655359));
#2093=CARTESIAN_POINT('Ctrl Pts',(15.0592476544464,-15.0592476544464,172.923928655359));
#2094=CARTESIAN_POINT('Ctrl Pts',(15.0592476544464,0.,172.923928655359));
#2095=CARTESIAN_POINT('Ctrl Pts',(15.2498120043454,0.,170.900424729602));
#2096=CARTESIAN_POINT('Ctrl Pts',(15.2498120043454,15.2498120043454,170.900424729602));
#2097=CARTESIAN_POINT('Ctrl Pts',(0.,15.2498120043454,170.900424729602));
#2098=CARTESIAN_POINT('Ctrl Pts',(-15.2498120043454,15.2498120043454,170.900424729602));
#2099=CARTESIAN_POINT('Ctrl Pts',(-15.2498120043454,0.,170.900424729602));
#2100=CARTESIAN_POINT('Ctrl Pts',(-15.2498120043454,-15.2498120043454,170.900424729602));
#2101=CARTESIAN_POINT('Ctrl Pts',(0.,-15.2498120043454,170.900424729602));
#2102=CARTESIAN_POINT('Ctrl Pts',(15.2498120043454,-15.2498120043454,170.900424729602));
#2103=CARTESIAN_POINT('Ctrl Pts',(15.2498120043454,0.,170.900424729602));
#2104=CARTESIAN_POINT('Ctrl Pts',(15.2683863316273,0.,168.635443866062));
#2105=CARTESIAN_POINT('Ctrl Pts',(15.2683863316273,15.2683863316273,168.635443866062));
#2106=CARTESIAN_POINT('Ctrl Pts',(0.,15.2683863316273,168.635443866062));
#2107=CARTESIAN_POINT('Ctrl Pts',(-15.2683863316273,15.2683863316273,168.635443866062));
#2108=CARTESIAN_POINT('Ctrl Pts',(-15.2683863316273,0.,168.635443866062));
#2109=CARTESIAN_POINT('Ctrl Pts',(-15.2683863316273,-15.2683863316273,168.635443866062));
#2110=CARTESIAN_POINT('Ctrl Pts',(0.,-15.2683863316273,168.635443866062));
#2111=CARTESIAN_POINT('Ctrl Pts',(15.2683863316273,-15.2683863316273,168.635443866062));
#2112=CARTESIAN_POINT('Ctrl Pts',(15.2683863316273,0.,168.635443866062));
#2113=CARTESIAN_POINT('Ctrl Pts',(15.2825451272996,0.,166.90889943935));
#2114=CARTESIAN_POINT('Ctrl Pts',(15.2825451272996,15.2825451272996,166.90889943935));
#2115=CARTESIAN_POINT('Ctrl Pts',(0.,15.2825451272996,166.90889943935));
#2116=CARTESIAN_POINT('Ctrl Pts',(-15.2825451272996,15.2825451272996,166.90889943935));
#2117=CARTESIAN_POINT('Ctrl Pts',(-15.2825451272996,0.,166.90889943935));
#2118=CARTESIAN_POINT('Ctrl Pts',(-15.2825451272996,-15.2825451272996,166.90889943935));
#2119=CARTESIAN_POINT('Ctrl Pts',(0.,-15.2825451272996,166.90889943935));
#2120=CARTESIAN_POINT('Ctrl Pts',(15.2825451272996,-15.2825451272996,166.90889943935));
#2121=CARTESIAN_POINT('Ctrl Pts',(15.2825451272996,0.,166.90889943935));
#2122=CARTESIAN_POINT('Ctrl Pts',(15.1880186866671,0.,165.003155308279));
#2123=CARTESIAN_POINT('Ctrl Pts',(15.1880186866671,15.1880186866671,165.003155308279));
#2124=CARTESIAN_POINT('Ctrl Pts',(0.,15.1880186866671,165.003155308279));
#2125=CARTESIAN_POINT('Ctrl Pts',(-15.1880186866671,15.1880186866671,165.003155308279));
#2126=CARTESIAN_POINT('Ctrl Pts',(-15.1880186866671,0.,165.003155308279));
#2127=CARTESIAN_POINT('Ctrl Pts',(-15.1880186866671,-15.1880186866671,165.003155308279));
#2128=CARTESIAN_POINT('Ctrl Pts',(0.,-15.1880186866671,165.003155308279));
#2129=CARTESIAN_POINT('Ctrl Pts',(15.1880186866671,-15.1880186866671,165.003155308279));
#2130=CARTESIAN_POINT('Ctrl Pts',(15.1880186866671,0.,165.003155308279));
#2131=CARTESIAN_POINT('Ctrl Pts',(15.2122564759505,0.,162.773830481233));
#2132=CARTESIAN_POINT('Ctrl Pts',(15.2122564759505,15.2122564759505,162.773830481233));
#2133=CARTESIAN_POINT('Ctrl Pts',(0.,15.2122564759505,162.773830481233));
#2134=CARTESIAN_POINT('Ctrl Pts',(-15.2122564759505,15.2122564759505,162.773830481233));
#2135=CARTESIAN_POINT('Ctrl Pts',(-15.2122564759505,0.,162.773830481233));
#2136=CARTESIAN_POINT('Ctrl Pts',(-15.2122564759505,-15.2122564759505,162.773830481233));
#2137=CARTESIAN_POINT('Ctrl Pts',(0.,-15.2122564759505,162.773830481233));
#2138=CARTESIAN_POINT('Ctrl Pts',(15.2122564759505,-15.2122564759505,162.773830481233));
#2139=CARTESIAN_POINT('Ctrl Pts',(15.2122564759505,0.,162.773830481233));
#2140=CARTESIAN_POINT('Ctrl Pts',(15.2358639174452,0.,160.602483300518));
#2141=CARTESIAN_POINT('Ctrl Pts',(15.2358639174452,15.2358639174452,160.602483300518));
#2142=CARTESIAN_POINT('Ctrl Pts',(0.,15.2358639174452,160.602483300518));
#2143=CARTESIAN_POINT('Ctrl Pts',(-15.2358639174452,15.2358639174452,160.602483300518));
#2144=CARTESIAN_POINT('Ctrl Pts',(-15.2358639174452,0.,160.602483300518));
#2145=CARTESIAN_POINT('Ctrl Pts',(-15.2358639174452,-15.2358639174452,160.602483300518));
#2146=CARTESIAN_POINT('Ctrl Pts',(0.,-15.2358639174452,160.602483300518));
#2147=CARTESIAN_POINT('Ctrl Pts',(15.2358639174452,-15.2358639174452,160.602483300518));
#2148=CARTESIAN_POINT('Ctrl Pts',(15.2358639174452,0.,160.602483300518));
#2149=CARTESIAN_POINT('Ctrl Pts',(15.3947981409643,0.,158.119760876012));
#2150=CARTESIAN_POINT('Ctrl Pts',(15.3947981409643,15.3947981409643,158.119760876012));
#2151=CARTESIAN_POINT('Ctrl Pts',(0.,15.3947981409643,158.119760876012));
#2152=CARTESIAN_POINT('Ctrl Pts',(-15.3947981409643,15.3947981409643,158.119760876012));
#2153=CARTESIAN_POINT('Ctrl Pts',(-15.3947981409643,0.,158.119760876012));
#2154=CARTESIAN_POINT('Ctrl Pts',(-15.3947981409643,-15.3947981409643,158.119760876012));
#2155=CARTESIAN_POINT('Ctrl Pts',(0.,-15.3947981409643,158.119760876012));
#2156=CARTESIAN_POINT('Ctrl Pts',(15.3947981409643,-15.3947981409643,158.119760876012));
#2157=CARTESIAN_POINT('Ctrl Pts',(15.3947981409643,0.,158.119760876012));
#2158=CARTESIAN_POINT('Ctrl Pts',(16.0902998130716,0.,155.622942620002));
#2159=CARTESIAN_POINT('Ctrl Pts',(16.0902998130716,16.0902998130716,155.622942620002));
#2160=CARTESIAN_POINT('Ctrl Pts',(0.,16.0902998130716,155.622942620002));
#2161=CARTESIAN_POINT('Ctrl Pts',(-16.0902998130716,16.0902998130716,155.622942620002));
#2162=CARTESIAN_POINT('Ctrl Pts',(-16.0902998130716,0.,155.622942620002));
#2163=CARTESIAN_POINT('Ctrl Pts',(-16.0902998130716,-16.0902998130716,155.622942620002));
#2164=CARTESIAN_POINT('Ctrl Pts',(0.,-16.0902998130716,155.622942620002));
#2165=CARTESIAN_POINT('Ctrl Pts',(16.0902998130716,-16.0902998130716,155.622942620002));
#2166=CARTESIAN_POINT('Ctrl Pts',(16.0902998130716,0.,155.622942620002));
#2167=CARTESIAN_POINT('Ctrl Pts',(16.6359808984603,0.,153.66397321619));
#2168=CARTESIAN_POINT('Ctrl Pts',(16.6359808984603,16.6359808984603,153.66397321619));
#2169=CARTESIAN_POINT('Ctrl Pts',(0.,16.6359808984603,153.66397321619));
#2170=CARTESIAN_POINT('Ctrl Pts',(-16.6359808984603,16.6359808984603,153.66397321619));
#2171=CARTESIAN_POINT('Ctrl Pts',(-16.6359808984603,0.,153.66397321619));
#2172=CARTESIAN_POINT('Ctrl Pts',(-16.6359808984603,-16.6359808984603,153.66397321619));
#2173=CARTESIAN_POINT('Ctrl Pts',(0.,-16.6359808984603,153.66397321619));
#2174=CARTESIAN_POINT('Ctrl Pts',(16.6359808984603,-16.6359808984603,153.66397321619));
#2175=CARTESIAN_POINT('Ctrl Pts',(16.6359808984603,0.,153.66397321619));
#2176=CARTESIAN_POINT('Ctrl Pts',(17.5368786236148,0.,151.723375134524));
#2177=CARTESIAN_POINT('Ctrl Pts',(17.5368786236148,17.5368786236148,151.723375134524));
#2178=CARTESIAN_POINT('Ctrl Pts',(0.,17.5368786236148,151.723375134524));
#2179=CARTESIAN_POINT('Ctrl Pts',(-17.5368786236148,17.5368786236148,151.723375134524));
#2180=CARTESIAN_POINT('Ctrl Pts',(-17.5368786236148,0.,151.723375134524));
#2181=CARTESIAN_POINT('Ctrl Pts',(-17.5368786236148,-17.5368786236148,151.723375134524));
#2182=CARTESIAN_POINT('Ctrl Pts',(0.,-17.5368786236148,151.723375134524));
#2183=CARTESIAN_POINT('Ctrl Pts',(17.5368786236148,-17.5368786236148,151.723375134524));
#2184=CARTESIAN_POINT('Ctrl Pts',(17.5368786236148,0.,151.723375134524));
#2185=CARTESIAN_POINT('Ctrl Pts',(18.7049086165535,0.,150.019515113879));
#2186=CARTESIAN_POINT('Ctrl Pts',(18.7049086165535,18.7049086165535,150.019515113879));
#2187=CARTESIAN_POINT('Ctrl Pts',(0.,18.7049086165535,150.019515113879));
#2188=CARTESIAN_POINT('Ctrl Pts',(-18.7049086165535,18.7049086165535,150.019515113879));
#2189=CARTESIAN_POINT('Ctrl Pts',(-18.7049086165535,0.,150.019515113879));
#2190=CARTESIAN_POINT('Ctrl Pts',(-18.7049086165535,-18.7049086165535,150.019515113879));
#2191=CARTESIAN_POINT('Ctrl Pts',(0.,-18.7049086165535,150.019515113879));
#2192=CARTESIAN_POINT('Ctrl Pts',(18.7049086165535,-18.7049086165535,150.019515113879));
#2193=CARTESIAN_POINT('Ctrl Pts',(18.7049086165535,0.,150.019515113879));
#2194=CARTESIAN_POINT('Ctrl Pts',(19.9066272958212,0.,148.266511829677));
#2195=CARTESIAN_POINT('Ctrl Pts',(19.9066272958212,19.9066272958212,148.266511829677));
#2196=CARTESIAN_POINT('Ctrl Pts',(0.,19.9066272958212,148.266511829677));
#2197=CARTESIAN_POINT('Ctrl Pts',(-19.9066272958212,19.9066272958212,148.266511829677));
#2198=CARTESIAN_POINT('Ctrl Pts',(-19.9066272958212,0.,148.266511829677));
#2199=CARTESIAN_POINT('Ctrl Pts',(-19.9066272958212,-19.9066272958212,148.266511829677));
#2200=CARTESIAN_POINT('Ctrl Pts',(0.,-19.9066272958212,148.266511829677));
#2201=CARTESIAN_POINT('Ctrl Pts',(19.9066272958212,-19.9066272958212,148.266511829677));
#2202=CARTESIAN_POINT('Ctrl Pts',(19.9066272958212,0.,148.266511829677));
#2203=CARTESIAN_POINT('Ctrl Pts',(21.3371566179285,0.,146.802628108214));
#2204=CARTESIAN_POINT('Ctrl Pts',(21.3371566179284,21.3371566179284,146.802628108214));
#2205=CARTESIAN_POINT('Ctrl Pts',(0.,21.3371566179285,146.802628108214));
#2206=CARTESIAN_POINT('Ctrl Pts',(-21.3371566179284,21.3371566179284,146.802628108214));
#2207=CARTESIAN_POINT('Ctrl Pts',(-21.3371566179285,0.,146.802628108214));
#2208=CARTESIAN_POINT('Ctrl Pts',(-21.3371566179284,-21.3371566179284,146.802628108214));
#2209=CARTESIAN_POINT('Ctrl Pts',(0.,-21.3371566179285,146.802628108214));
#2210=CARTESIAN_POINT('Ctrl Pts',(21.3371566179284,-21.3371566179284,146.802628108214));
#2211=CARTESIAN_POINT('Ctrl Pts',(21.3371566179285,0.,146.802628108214));
#2212=CARTESIAN_POINT('Ctrl Pts',(22.5022314379878,0.,145.556127830777));
#2213=CARTESIAN_POINT('Ctrl Pts',(22.5022314379878,22.5022314379878,145.556127830777));
#2214=CARTESIAN_POINT('Ctrl Pts',(0.,22.5022314379878,145.556127830777));
#2215=CARTESIAN_POINT('Ctrl Pts',(-22.5022314379878,22.5022314379878,145.556127830777));
#2216=CARTESIAN_POINT('Ctrl Pts',(-22.5022314379878,0.,145.556127830777));
#2217=CARTESIAN_POINT('Ctrl Pts',(-22.5022314379878,-22.5022314379878,145.556127830777));
#2218=CARTESIAN_POINT('Ctrl Pts',(0.,-22.5022314379878,145.556127830777));
#2219=CARTESIAN_POINT('Ctrl Pts',(22.5022314379878,-22.5022314379878,145.556127830777));
#2220=CARTESIAN_POINT('Ctrl Pts',(22.5022314379878,0.,145.556127830777));
#2221=CARTESIAN_POINT('Ctrl Pts',(23.8583716291925,0.,144.10520888937));
#2222=CARTESIAN_POINT('Ctrl Pts',(23.8583716291924,23.8583716291924,144.10520888937));
#2223=CARTESIAN_POINT('Ctrl Pts',(0.,23.8583716291925,144.10520888937));
#2224=CARTESIAN_POINT('Ctrl Pts',(-23.8583716291924,23.8583716291924,144.10520888937));
#2225=CARTESIAN_POINT('Ctrl Pts',(-23.8583716291925,0.,144.10520888937));
#2226=CARTESIAN_POINT('Ctrl Pts',(-23.8583716291924,-23.8583716291924,144.10520888937));
#2227=CARTESIAN_POINT('Ctrl Pts',(0.,-23.8583716291925,144.10520888937));
#2228=CARTESIAN_POINT('Ctrl Pts',(23.8583716291924,-23.8583716291924,144.10520888937));
#2229=CARTESIAN_POINT('Ctrl Pts',(23.8583716291925,0.,144.10520888937));
#2230=CARTESIAN_POINT('Ctrl Pts',(24.857100301415,0.,142.904142777335));
#2231=CARTESIAN_POINT('Ctrl Pts',(24.857100301415,24.857100301415,142.904142777335));
#2232=CARTESIAN_POINT('Ctrl Pts',(0.,24.857100301415,142.904142777335));
#2233=CARTESIAN_POINT('Ctrl Pts',(-24.857100301415,24.857100301415,142.904142777335));
#2234=CARTESIAN_POINT('Ctrl Pts',(-24.857100301415,0.,142.904142777335));
#2235=CARTESIAN_POINT('Ctrl Pts',(-24.857100301415,-24.857100301415,142.904142777335));
#2236=CARTESIAN_POINT('Ctrl Pts',(0.,-24.857100301415,142.904142777335));
#2237=CARTESIAN_POINT('Ctrl Pts',(24.857100301415,-24.857100301415,142.904142777335));
#2238=CARTESIAN_POINT('Ctrl Pts',(24.857100301415,0.,142.904142777335));
#2239=CARTESIAN_POINT('Ctrl Pts',(25.5407292530967,0.,141.735470594962));
#2240=CARTESIAN_POINT('Ctrl Pts',(25.5407292530967,25.5407292530967,141.735470594962));
#2241=CARTESIAN_POINT('Ctrl Pts',(0.,25.5407292530967,141.735470594962));
#2242=CARTESIAN_POINT('Ctrl Pts',(-25.5407292530967,25.5407292530967,141.735470594962));
#2243=CARTESIAN_POINT('Ctrl Pts',(-25.5407292530967,0.,141.735470594962));
#2244=CARTESIAN_POINT('Ctrl Pts',(-25.5407292530967,-25.5407292530967,141.735470594962));
#2245=CARTESIAN_POINT('Ctrl Pts',(0.,-25.5407292530967,141.735470594962));
#2246=CARTESIAN_POINT('Ctrl Pts',(25.5407292530967,-25.5407292530967,141.735470594962));
#2247=CARTESIAN_POINT('Ctrl Pts',(25.5407292530967,0.,141.735470594962));
#2248=CARTESIAN_POINT('Ctrl Pts',(26.2700137687072,0.,140.48874965909));
#2249=CARTESIAN_POINT('Ctrl Pts',(26.2700137687071,26.2700137687071,140.48874965909));
#2250=CARTESIAN_POINT('Ctrl Pts',(0.,26.2700137687072,140.48874965909));
#2251=CARTESIAN_POINT('Ctrl Pts',(-26.2700137687071,26.2700137687071,140.48874965909));
#2252=CARTESIAN_POINT('Ctrl Pts',(-26.2700137687072,0.,140.48874965909));
#2253=CARTESIAN_POINT('Ctrl Pts',(-26.2700137687071,-26.2700137687071,140.48874965909));
#2254=CARTESIAN_POINT('Ctrl Pts',(0.,-26.2700137687072,140.48874965909));
#2255=CARTESIAN_POINT('Ctrl Pts',(26.2700137687071,-26.2700137687071,140.48874965909));
#2256=CARTESIAN_POINT('Ctrl Pts',(26.2700137687072,0.,140.48874965909));
#2257=CARTESIAN_POINT('Ctrl Pts',(26.7114754833642,0.,139.233562143735));
#2258=CARTESIAN_POINT('Ctrl Pts',(26.7114754833642,26.7114754833642,139.233562143735));
#2259=CARTESIAN_POINT('Ctrl Pts',(0.,26.7114754833642,139.233562143735));
#2260=CARTESIAN_POINT('Ctrl Pts',(-26.7114754833642,26.7114754833642,139.233562143735));
#2261=CARTESIAN_POINT('Ctrl Pts',(-26.7114754833642,0.,139.233562143735));
#2262=CARTESIAN_POINT('Ctrl Pts',(-26.7114754833642,-26.7114754833642,139.233562143735));
#2263=CARTESIAN_POINT('Ctrl Pts',(0.,-26.7114754833642,139.233562143735));
#2264=CARTESIAN_POINT('Ctrl Pts',(26.7114754833642,-26.7114754833642,139.233562143735));
#2265=CARTESIAN_POINT('Ctrl Pts',(26.7114754833642,0.,139.233562143735));
#2266=CARTESIAN_POINT('Ctrl Pts',(27.0228210650288,0.,137.775604589044));
#2267=CARTESIAN_POINT('Ctrl Pts',(27.0228210650288,27.0228210650288,137.775604589044));
#2268=CARTESIAN_POINT('Ctrl Pts',(0.,27.0228210650288,137.775604589044));
#2269=CARTESIAN_POINT('Ctrl Pts',(-27.0228210650288,27.0228210650288,137.775604589044));
#2270=CARTESIAN_POINT('Ctrl Pts',(-27.0228210650288,0.,137.775604589044));
#2271=CARTESIAN_POINT('Ctrl Pts',(-27.0228210650288,-27.0228210650288,137.775604589044));
#2272=CARTESIAN_POINT('Ctrl Pts',(0.,-27.0228210650288,137.775604589044));
#2273=CARTESIAN_POINT('Ctrl Pts',(27.0228210650288,-27.0228210650288,137.775604589044));
#2274=CARTESIAN_POINT('Ctrl Pts',(27.0228210650288,0.,137.775604589044));
#2275=CARTESIAN_POINT('Ctrl Pts',(27.489104969952,0.,135.592107594552));
#2276=CARTESIAN_POINT('Ctrl Pts',(27.489104969952,27.489104969952,135.592107594552));
#2277=CARTESIAN_POINT('Ctrl Pts',(0.,27.489104969952,135.592107594552));
#2278=CARTESIAN_POINT('Ctrl Pts',(-27.489104969952,27.489104969952,135.592107594552));
#2279=CARTESIAN_POINT('Ctrl Pts',(-27.489104969952,0.,135.592107594552));
#2280=CARTESIAN_POINT('Ctrl Pts',(-27.489104969952,-27.489104969952,135.592107594552));
#2281=CARTESIAN_POINT('Ctrl Pts',(0.,-27.489104969952,135.592107594552));
#2282=CARTESIAN_POINT('Ctrl Pts',(27.489104969952,-27.489104969952,135.592107594552));
#2283=CARTESIAN_POINT('Ctrl Pts',(27.489104969952,0.,135.592107594552));
#2284=CARTESIAN_POINT('Ctrl Pts',(27.63498502297,0.,133.018950820617));
#2285=CARTESIAN_POINT('Ctrl Pts',(27.63498502297,27.63498502297,133.018950820617));
#2286=CARTESIAN_POINT('Ctrl Pts',(0.,27.63498502297,133.018950820617));
#2287=CARTESIAN_POINT('Ctrl Pts',(-27.63498502297,27.63498502297,133.018950820617));
#2288=CARTESIAN_POINT('Ctrl Pts',(-27.63498502297,0.,133.018950820617));
#2289=CARTESIAN_POINT('Ctrl Pts',(-27.63498502297,-27.63498502297,133.018950820617));
#2290=CARTESIAN_POINT('Ctrl Pts',(0.,-27.63498502297,133.018950820617));
#2291=CARTESIAN_POINT('Ctrl Pts',(27.63498502297,-27.63498502297,133.018950820617));
#2292=CARTESIAN_POINT('Ctrl Pts',(27.63498502297,0.,133.018950820617));
#2293=CARTESIAN_POINT('Ctrl Pts',(27.5025919747026,0.,130.113811928989));
#2294=CARTESIAN_POINT('Ctrl Pts',(27.5025919747026,27.5025919747026,130.113811928989));
#2295=CARTESIAN_POINT('Ctrl Pts',(0.,27.5025919747026,130.113811928989));
#2296=CARTESIAN_POINT('Ctrl Pts',(-27.5025919747026,27.5025919747026,130.113811928989));
#2297=CARTESIAN_POINT('Ctrl Pts',(-27.5025919747026,0.,130.113811928989));
#2298=CARTESIAN_POINT('Ctrl Pts',(-27.5025919747026,-27.5025919747026,130.113811928989));
#2299=CARTESIAN_POINT('Ctrl Pts',(0.,-27.5025919747026,130.113811928989));
#2300=CARTESIAN_POINT('Ctrl Pts',(27.5025919747026,-27.5025919747026,130.113811928989));
#2301=CARTESIAN_POINT('Ctrl Pts',(27.5025919747026,0.,130.113811928989));
#2302=CARTESIAN_POINT('Ctrl Pts',(27.4890861679854,0.,129.817450111881));
#2303=CARTESIAN_POINT('Ctrl Pts',(27.4890861679854,27.4890861679854,129.817450111881));
#2304=CARTESIAN_POINT('Ctrl Pts',(0.,27.4890861679854,129.817450111881));
#2305=CARTESIAN_POINT('Ctrl Pts',(-27.4890861679854,27.4890861679854,129.817450111881));
#2306=CARTESIAN_POINT('Ctrl Pts',(-27.4890861679854,0.,129.817450111881));
#2307=CARTESIAN_POINT('Ctrl Pts',(-27.4890861679854,-27.4890861679854,129.817450111881));
#2308=CARTESIAN_POINT('Ctrl Pts',(0.,-27.4890861679854,129.817450111881));
#2309=CARTESIAN_POINT('Ctrl Pts',(27.4890861679854,-27.4890861679854,129.817450111881));
#2310=CARTESIAN_POINT('Ctrl Pts',(27.4890861679854,0.,129.817450111881));
#2311=CARTESIAN_POINT('Ctrl Pts',(27.4755803612682,0.,129.521088294774));
#2312=CARTESIAN_POINT('Ctrl Pts',(27.4755803612682,27.4755803612682,129.521088294774));
#2313=CARTESIAN_POINT('Ctrl Pts',(0.,27.4755803612682,129.521088294774));
#2314=CARTESIAN_POINT('Ctrl Pts',(-27.4755803612682,27.4755803612682,129.521088294774));
#2315=CARTESIAN_POINT('Ctrl Pts',(-27.4755803612682,0.,129.521088294774));
#2316=CARTESIAN_POINT('Ctrl Pts',(-27.4755803612682,-27.4755803612682,129.521088294774));
#2317=CARTESIAN_POINT('Ctrl Pts',(0.,-27.4755803612682,129.521088294774));
#2318=CARTESIAN_POINT('Ctrl Pts',(27.4755803612682,-27.4755803612682,129.521088294774));
#2319=CARTESIAN_POINT('Ctrl Pts',(27.4755803612682,0.,129.521088294774));
#2320=CARTESIAN_POINT('Ctrl Pts',(27.462074554551,0.,129.224726477667));
#2321=CARTESIAN_POINT('Ctrl Pts',(27.462074554551,27.462074554551,129.224726477667));
#2322=CARTESIAN_POINT('Ctrl Pts',(0.,27.462074554551,129.224726477667));
#2323=CARTESIAN_POINT('Ctrl Pts',(-27.462074554551,27.462074554551,129.224726477667));
#2324=CARTESIAN_POINT('Ctrl Pts',(-27.462074554551,0.,129.224726477667));
#2325=CARTESIAN_POINT('Ctrl Pts',(-27.462074554551,-27.462074554551,129.224726477667));
#2326=CARTESIAN_POINT('Ctrl Pts',(0.,-27.462074554551,129.224726477667));
#2327=CARTESIAN_POINT('Ctrl Pts',(27.462074554551,-27.462074554551,129.224726477667));
#2328=CARTESIAN_POINT('Ctrl Pts',(27.462074554551,0.,129.224726477667));
#2329=CARTESIAN_POINT('Ctrl Pts',(27.5,-6.73555739531045E-15,130.056935479559));
#2330=CARTESIAN_POINT('Ctrl Pts',(27.5008639915675,-6.73576901221198E-15,
130.075894296036));
#2331=CARTESIAN_POINT('Ctrl Pts',(27.5017279831351,-6.73598062911351E-15,
130.094853112512));
#2332=CARTESIAN_POINT('Ctrl Pts',(27.5025919747026,-6.73619224601504E-15,
130.113811928989));
#2333=CARTESIAN_POINT('Ctrl Pts',(27.63498502297,-6.76861919057304E-15,
133.018950820617));
#2334=CARTESIAN_POINT('Ctrl Pts',(27.489104969952,-6.73288888257547E-15,
135.592107594552));
#2335=CARTESIAN_POINT('Ctrl Pts',(27.0228210650288,-6.61868226424385E-15,
137.775604589044));
#2336=CARTESIAN_POINT('Ctrl Pts',(26.7114754833642,-6.54242459024098E-15,
139.233562143735));
#2337=CARTESIAN_POINT('Ctrl Pts',(26.2700137687072,-6.43429765508082E-15,
140.48874965909));
#2338=CARTESIAN_POINT('Ctrl Pts',(25.5407292530967,-6.25567446553881E-15,
141.735470594962));
#2339=CARTESIAN_POINT('Ctrl Pts',(24.857100301415,-6.08823366404251E-15,
142.904142777335));
#2340=CARTESIAN_POINT('Ctrl Pts',(23.8583716291925,-5.84361568971171E-15,
144.10520888937));
#2341=CARTESIAN_POINT('Ctrl Pts',(22.5022314379878,-5.51145714084093E-15,
145.556127830777));
#2342=CARTESIAN_POINT('Ctrl Pts',(21.3371566179285,-5.22609611101037E-15,
146.802628108214));
#2343=CARTESIAN_POINT('Ctrl Pts',(19.9066272958212,-4.87571747992935E-15,
148.266511829677));
#2344=CARTESIAN_POINT('Ctrl Pts',(18.7049086165535,-4.5813812931212E-15,
150.019515113879));
#2345=CARTESIAN_POINT('Ctrl Pts',(17.5368786236148,-4.29529645468909E-15,
151.723375134524));
#2346=CARTESIAN_POINT('Ctrl Pts',(16.6359808984603,-4.07464015159517E-15,
153.66397321619));
#2347=CARTESIAN_POINT('Ctrl Pts',(16.0902998130716,-3.94098683267988E-15,
155.622942620002));
#2348=CARTESIAN_POINT('Ctrl Pts',(15.3947981409643,-3.7706380533703E-15,
158.119760876012));
#2349=CARTESIAN_POINT('Ctrl Pts',(15.2358639174452,-3.73171039574877E-15,
160.602483300518));
#2350=CARTESIAN_POINT('Ctrl Pts',(15.2122564759505,-3.72592824021627E-15,
162.773830481233));
#2351=CARTESIAN_POINT('Ctrl Pts',(15.1880186866671,-3.71999169400342E-15,
165.003155308279));
#2352=CARTESIAN_POINT('Ctrl Pts',(15.2825451272996,-3.74314399459449E-15,
166.90889943935));
#2353=CARTESIAN_POINT('Ctrl Pts',(15.2683863316273,-3.73967608983451E-15,
168.635443866062));
#2354=CARTESIAN_POINT('Ctrl Pts',(15.2498120043454,-3.73512669174409E-15,
170.900424729602));
#2355=CARTESIAN_POINT('Ctrl Pts',(15.0592476544464,-3.68845188751701E-15,
172.923928655359));
#2356=CARTESIAN_POINT('Ctrl Pts',(14.5958973567731,-3.5749637957311E-15,
175.590729669548));
#2357=CARTESIAN_POINT('Ctrl Pts',(14.168073281588,-3.47017711887637E-15,
178.053060401452));
#2358=CARTESIAN_POINT('Ctrl Pts',(13.5155280647642,-3.31034963665994E-15,
181.066579854464));
#2359=CARTESIAN_POINT('Ctrl Pts',(12.7759156906998,-3.12919685135838E-15,
184.817465684608));
#2360=CARTESIAN_POINT('Ctrl Pts',(12.1044192501101,-2.964727658037E-15,
188.222906929673));
#2361=CARTESIAN_POINT('Ctrl Pts',(11.3711943911796,-2.7851393627281E-15,
192.243878984598));
#2362=CARTESIAN_POINT('Ctrl Pts',(10.6910926651924,-2.61856248236313E-15,
196.575146280975));
#2363=CARTESIAN_POINT('Ctrl Pts',(9.76337473833397,-2.39133712443536E-15,
202.483371717444));
#2364=CARTESIAN_POINT('Ctrl Pts',(8.91582682963871,-2.18374775773383E-15,
208.918584283824));
#2365=CARTESIAN_POINT('Ctrl Pts',(8.34665191896235,-2.04434011123087E-15,
213.909106149615));
#2366=CARTESIAN_POINT('Ctrl Pts',(8.05145739235387,-1.97203830480349E-15,
216.497369813504));
#2367=CARTESIAN_POINT('Ctrl Pts',(7.82654833907707,-1.91695147436455E-15,
218.666152567009));
#2368=CARTESIAN_POINT('Ctrl Pts',(7.78859095919951,-1.90765459761034E-15,
220.429734667058));
#2369=CARTESIAN_POINT('Ctrl Pts',(7.76619896477417,-1.90217014075044E-15,
221.470115238118));
#2370=CARTESIAN_POINT('Ctrl Pts',(7.78118778848021,-1.90584134374535E-15,
222.358395681194));
#2371=CARTESIAN_POINT('Ctrl Pts',(8.03569071324367,-1.9681765821824E-15,
223.330101900965));
#2372=CARTESIAN_POINT('Ctrl Pts',(8.19022186754603,-2.00602579887938E-15,
223.920110380921));
#2373=CARTESIAN_POINT('Ctrl Pts',(8.48069641811493,-2.07717154459698E-15,
224.57722958766));
#2374=CARTESIAN_POINT('Ctrl Pts',(8.93399414488165,-2.1881974666261E-15,
225.114020558277));
#2375=CARTESIAN_POINT('Ctrl Pts',(9.40186076503736,-2.30279173838642E-15,
225.66806387754));
#2376=CARTESIAN_POINT('Ctrl Pts',(9.97693438550124,-2.44364415210145E-15,
226.023484487964));
#2377=CARTESIAN_POINT('Ctrl Pts',(10.3931057556227,-2.54557673936466E-15,
226.232314165142));
#2378=CARTESIAN_POINT('Ctrl Pts',(10.4826679207647,-2.56751314313784E-15,
226.277255358547));
#2379=CARTESIAN_POINT('Ctrl Pts',(10.5658898773562,-2.58789664368955E-15,
226.31650507312));
#2380=CARTESIAN_POINT('Ctrl Pts',(10.6427871024591,-2.60673103180664E-15,
226.351715337479));
#2381=CARTESIAN_POINT('Origin',(0.,0.,5.));
#2382=CARTESIAN_POINT('',(-30.,-3.67394039744206E-15,5.));
#2383=CARTESIAN_POINT('Origin',(0.,0.,5.));
#2384=CARTESIAN_POINT('',(-25.,-3.06161699786838E-15,0.));
#2385=CARTESIAN_POINT('Origin',(-25.,-3.06161699786838E-15,5.));
#2386=CARTESIAN_POINT('Origin',(0.,0.,0.));
#2387=CARTESIAN_POINT('Origin',(30.,0.,0.));
#2388=CARTESIAN_POINT('Origin',(0.,0.,65.));
#2389=CARTESIAN_POINT('',(-30.,-3.67394039744206E-15,65.));
#2390=UNCERTAINTY_MEASURE_WITH_UNIT(LENGTH_MEASURE(0.01),#2394,
'DISTANCE_ACCURACY_VALUE',
'Maximum model space distance between geometric entities at asserted c
onnectivities');
#2391=UNCERTAINTY_MEASURE_WITH_UNIT(LENGTH_MEASURE(0.01),#2394,
'DISTANCE_ACCURACY_VALUE',
'Maximum model space distance between geometric entities at asserted c
onnectivities');
#2392=(
GEOMETRIC_REPRESENTATION_CONTEXT(3)
GLOBAL_UNCERTAINTY_ASSIGNED_CONTEXT((#2390))
GLOBAL_UNIT_ASSIGNED_CONTEXT((#2394,#2396,#2397))
REPRESENTATION_CONTEXT('','3D')
);
#2393=(
GEOMETRIC_REPRESENTATION_CONTEXT(3)
GLOBAL_UNCERTAINTY_ASSIGNED_CONTEXT((#2391))
GLOBAL_UNIT_ASSIGNED_CONTEXT((#2394,#2396,#2397))
REPRESENTATION_CONTEXT('','3D')
);
#2394=(
LENGTH_UNIT()
NAMED_UNIT(*)
SI_UNIT(.MILLI.,.METRE.)
);
#2395=(
LENGTH_UNIT()
NAMED_UNIT(*)
SI_UNIT($,.METRE.)
);
#2396=(
NAMED_UNIT(*)
PLANE_ANGLE_UNIT()
SI_UNIT($,.RADIAN.)
);
#2397=(
NAMED_UNIT(*)
SI_UNIT($,.STERADIAN.)
SOLID_ANGLE_UNIT()
);
#2398=SHAPE_DEFINITION_REPRESENTATION(#2399,#2400);
#2399=PRODUCT_DEFINITION_SHAPE('',$,#2402);
#2400=SHAPE_REPRESENTATION('',(#194),#2392);
#2401=PRODUCT_DEFINITION_CONTEXT('part definition',#2406,'design');
#2402=PRODUCT_DEFINITION('2026-09-24-19-22-51-804','Bottle',#2403,#2401);
#2403=PRODUCT_DEFINITION_FORMATION('',$,#2408);
#2404=PRODUCT_RELATED_PRODUCT_CATEGORY('Bottle','Bottle',(#2408));
#2405=APPLICATION_PROTOCOL_DEFINITION('international standard',
'automotive_design',2009,#2406);
#2406=APPLICATION_CONTEXT(
'Core Data for Automotive Mechanical Design Process');
#2407=PRODUCT_CONTEXT('part definition',#2406,'mechanical');
#2408=PRODUCT('2026-09-24-19-22-51-804','Bottle',$,(#2407));
#2409=PRESENTATION_STYLE_ASSIGNMENT((#2411));
#2410=PRESENTATION_STYLE_ASSIGNMENT((#2412));
#2411=SURFACE_STYLE_USAGE(.BOTH.,#2413);
#2412=SURFACE_STYLE_USAGE(.BOTH.,#2414);
#2413=SURFACE_SIDE_STYLE('',(#2415));
#2414=SURFACE_SIDE_STYLE('',(#2416));
#2415=SURFACE_STYLE_FILL_AREA(#2417);
#2416=SURFACE_STYLE_FILL_AREA(#2418);
#2417=FILL_AREA_STYLE('Steel - Satin',(#2419));
#2418=FILL_AREA_STYLE('Glass (Red)',(#2420));
#2419=FILL_AREA_STYLE_COLOUR('Steel - Satin',#2421);
#2420=FILL_AREA_STYLE_COLOUR('Glass (Red)',#2422);
#2421=COLOUR_RGB('Steel - Satin',0.627450980392157,0.627450980392157,0.627450980392157);
#2422=COLOUR_RGB('Glass (Red)',0.768627450980392,0.207843137254902,0.152941176470588);
ENDSEC;
END-ISO-10303-21;
