ISO-10303-21;
HEADER;
/* Generated by software containing ST-Developer
 * from STEP Tools, Inc. (www.steptools.com) 
 */

FILE_DESCRIPTION(
/* description */ (''),
/* implementation_level */ '2;1');

FILE_NAME(
/* name */ 'Bulb.step',
/* time_stamp */ '2026-09-27T20:14:53-04:00',
/* author */ (''),
/* organization */ (''),
/* preprocessor_version */ 'ST-DEVELOPER v20.2',
/* originating_system */ 'Autodesk Translation Framework v15.15.0.0',
/* authorisation */ '');

FILE_SCHEMA (('AUTOMOTIVE_DESIGN { 1 0 10303 214 3 1 1 }'));
ENDSEC;

DATA;
#10=MECHANICAL_DESIGN_GEOMETRIC_PRESENTATION_REPRESENTATION('',(#17,#18,
#19),#1877);
#11=SHAPE_REPRESENTATION_RELATIONSHIP('SRR','None',#1884,#12);
#12=ADVANCED_BREP_SHAPE_REPRESENTATION('',(#14,#15),#1876);
#13=CONICAL_SURFACE('',#305,10.75,0.785398163397448);
#14=MANIFOLD_SOLID_BREP('Body1',#271);
#15=MANIFOLD_SOLID_BREP('Body2',#272);
#16=SPHERICAL_SURFACE('',#301,31.5);
#17=STYLED_ITEM('',(#1895),#260);
#18=STYLED_ITEM('',(#1894),#14);
#19=STYLED_ITEM('',(#1893),#15);
#20=FACE_BOUND('',#72,.T.);
#21=CYLINDRICAL_SURFACE('',#293,17.5);
#22=CYLINDRICAL_SURFACE('',#308,12.5);
#23=TOROIDAL_SURFACE('',#288,13.5,4.);
#24=TOROIDAL_SURFACE('',#297,62.5,45.);
#25=B_SPLINE_CURVE_WITH_KNOTS('',3,(#394,#395,#396,#397,#398,#399,#400,
#401,#402,#403,#404,#405,#406,#407,#408,#409,#410,#411,#412,#413,#414,#415,
#416,#417,#418,#419),.UNSPECIFIED.,.F.,.F.,(4,2,2,2,2,2,2,2,2,2,2,2,4),
(0.,0.507331961741428,0.654820391437719,0.724021747204945,0.743469743965297,
0.755520111251614,0.765794436119341,0.777508164176999,0.797101876330696,
0.844239476302773,0.982799782370122,1.27582749406332,1.59779466756179),
 .UNSPECIFIED.);
#26=B_SPLINE_CURVE_WITH_KNOTS('',3,(#509,#510,#511,#512,#513,#514,#515),
 .UNSPECIFIED.,.F.,.F.,(4,3,4),(9.47394488013515E-5,0.0310386044617662,
0.0338237868154733),.UNSPECIFIED.);
#27=B_SPLINE_CURVE_WITH_KNOTS('',3,(#517,#518,#519,#520,#521,#522),
 .UNSPECIFIED.,.F.,.F.,(4,2,4),(0.00223248329627351,0.0532079881894327,
0.105758230894816),.UNSPECIFIED.);
#28=B_SPLINE_CURVE_WITH_KNOTS('',3,(#524,#525,#526,#527,#528,#529,#530,
#531,#532,#533,#534,#535,#536,#537,#538,#539,#540,#541,#542,#543,#544,#545,
#546,#547,#548,#549,#550,#551,#552,#553,#554,#555,#556,#557,#558,#559,#560),
 .UNSPECIFIED.,.F.,.F.,(4,3,3,3,3,3,3,3,3,3,3,3,4),(0.00168710467997574,
0.00278284132680909,0.0159711592143041,0.0293489475182954,0.0390609791468456,
0.052435112371184,0.057104902165155,0.0704823357265495,0.0750447966626165,
0.0884002474827804,0.101668477593763,0.111024691925923,0.111394511143494),
 .UNSPECIFIED.);
#29=B_SPLINE_CURVE_WITH_KNOTS('',3,(#562,#563,#564,#565,#566,#567,#568,
#569,#570,#571),.UNSPECIFIED.,.F.,.F.,(4,1,1,1,1,1,1,4),(2.32484976534151,
2.89527457662575,3.46738583821924,4.03949709981273,4.61160836140621,5.1837196229997,
5.75583088459319,6.32794214618667),.UNSPECIFIED.);
#30=B_SPLINE_CURVE_WITH_KNOTS('',3,(#573,#574,#575,#576,#577,#578),
 .UNSPECIFIED.,.F.,.F.,(4,1,1,4),(-1.,-0.571428571428571,-0.285714285714286,
0.),.UNSPECIFIED.);
#31=B_SPLINE_CURVE_WITH_KNOTS('',3,(#580,#581,#582,#583,#584,#585,#586,
#587),.UNSPECIFIED.,.F.,.F.,(4,1,1,1,1,4),(-6.32794214618667,-5.75583088459319,
-5.1837196229997,-4.61160836140621,-4.03949709981273,-3.96673205200769),
 .UNSPECIFIED.);
#32=B_SPLINE_CURVE_WITH_KNOTS('',3,(#588,#589,#590,#591,#592,#593),
 .UNSPECIFIED.,.F.,.F.,(4,1,1,4),(-3.96673205200769,-3.46738583821924,-2.89527457662575,
-2.41553593725446),.UNSPECIFIED.);
#33=B_SPLINE_CURVE_WITH_KNOTS('',3,(#709,#710,#711,#712,#713,#714,#715,
#716,#717,#718,#719,#720,#721,#722,#723,#724,#725,#726,#727,#728,#729,#730,
#731),.UNSPECIFIED.,.F.,.F.,(4,1,1,1,1,1,1,1,1,1,1,1,1,1,1,1,1,1,1,1,4),
(-9.64047457603248,-9.55268476827111,-9.52282604028885,-9.43324985634206,
-9.40339112835979,-9.37353240037753,-9.3586030363864,-9.34367367239527,
-9.32127962640857,-9.31381494441301,-9.25409748844848,-9.19438003248395,
-9.0749451205549,-8.95551020862585,-8.77635784073227,-8.71664038476774,
-8.23890073705152,-7.76116108933531,-7.2834214416191,-6.80568179390289,
-6.32794214618667),.UNSPECIFIED.);
#34=B_SPLINE_CURVE_WITH_KNOTS('',3,(#733,#734,#735,#736,#737,#738,#739,
#740,#741,#742,#743,#744,#745,#746,#747,#748,#749,#750,#751,#752,#753,#754,
#755),.UNSPECIFIED.,.F.,.F.,(4,1,1,1,1,1,1,1,1,1,1,1,1,1,1,1,1,1,1,1,4),
(6.32794214618667,6.80568179390289,7.2834214416191,7.76116108933531,8.23890073705152,
8.71664038476774,8.77635784073227,8.95551020862585,9.0749451205549,9.19438003248395,
9.25409748844848,9.31381494441301,9.32127962640857,9.34367367239527,9.3586030363864,
9.37353240037753,9.40339112835979,9.43324985634206,9.52282604028885,9.55268476827111,
9.67036748943594),.UNSPECIFIED.);
#35=B_SPLINE_CURVE_WITH_KNOTS('',3,(#756,#757,#758,#759,#760,#761,#762,
#763,#764,#765,#766,#767,#768),.UNSPECIFIED.,.F.,.F.,(4,3,3,3,4),(-0.000152127448559622,
0.0107867511906674,0.0162647151128681,0.0217481288224187,0.0310470169458959),
 .UNSPECIFIED.);
#36=B_SPLINE_CURVE_WITH_KNOTS('',3,(#965,#966,#967,#968,#969,#970,#971,
#972,#973,#974,#975,#976,#977,#978,#979,#980,#981,#982,#983,#984,#985,#986,
#987,#988,#989,#990,#991,#992,#993,#994,#995,#996,#997,#998,#999,#1000,
#1001,#1002,#1003,#1004,#1005,#1006,#1007,#1008,#1009,#1010,#1011,#1012,
#1013,#1014,#1015,#1016,#1017,#1018,#1019,#1020,#1021,#1022,#1023,#1024,
#1025,#1026,#1027,#1028,#1029,#1030,#1031,#1032,#1033,#1034,#1035,#1036,
#1037,#1038,#1039,#1040,#1041,#1042,#1043,#1044,#1045,#1046,#1047,#1048,
#1049,#1050,#1051,#1052,#1053,#1054,#1055,#1056,#1057,#1058,#1059,#1060,
#1061,#1062,#1063,#1064,#1065,#1066,#1067,#1068,#1069,#1070,#1071,#1072,
#1073),.UNSPECIFIED.,.F.,.F.,(4,3,3,3,3,3,3,3,3,3,3,3,3,3,3,3,3,3,3,3,3,
3,3,3,3,3,3,3,3,3,3,3,3,3,3,3,4),(-27.4792202497108,-26.6340313110072,-25.7837298056274,
-24.9334283002475,-24.0831267948677,-23.5162591246145,-22.9493914543612,
-22.382523784108,-21.8156561138548,-21.437744333686,-20.6819207733483,-20.1150531030951,
-19.5481854328419,-18.9813177625887,-18.1310162572088,-17.280714751829,
-16.4304132464492,-15.5801117410693,-15.0132440708161,-14.4463764005629,
-13.8795087303096,-13.5015969501408,-12.7457733898032,-12.17890571955,-11.6120380492967,
-11.0451703790435,-10.4783027087903,-9.91143503853707,-9.34456736828385,
-8.58874380794622,-8.2108320277774,-7.83292024760859,-7.07709668727095,
-6.22679518189111,-5.37649367651128,-4.52619217113144,-3.6758906657516),
 .UNSPECIFIED.);
#37=B_SPLINE_CURVE_WITH_KNOTS('',3,(#1075,#1076,#1077,#1078,#1079,#1080,
#1081,#1082,#1083,#1084,#1085,#1086,#1087,#1088,#1089,#1090,#1091,#1092,
#1093,#1094,#1095,#1096,#1097,#1098,#1099,#1100,#1101,#1102,#1103,#1104,
#1105),.UNSPECIFIED.,.F.,.F.,(4,3,3,3,3,3,3,3,3,3,4),(0.,0.0132042956617423,
0.0265901997424276,0.0390589057032664,0.0524437483354557,0.0548876693513463,
0.0682756980436668,0.0752675605385564,0.0886370041473528,0.101924423995201,
0.109796326668442),.UNSPECIFIED.);
#38=B_SPLINE_CURVE_WITH_KNOTS('',3,(#1106,#1107,#1108,#1109,#1110,#1111,
#1112,#1113,#1114,#1115,#1116,#1117,#1118,#1119,#1120,#1121,#1122,#1123,
#1124,#1125,#1126,#1127,#1128,#1129,#1130,#1131,#1132,#1133,#1134,#1135,
#1136,#1137,#1138,#1139,#1140,#1141,#1142,#1143,#1144),.UNSPECIFIED.,.F.,
 .F.,(4,1,1,1,1,1,1,1,1,1,1,1,1,1,1,1,1,1,1,1,1,1,1,1,1,1,1,1,1,1,1,1,1,
1,1,1,4),(2.50075427923662E-16,0.780009428976444,1.56001885795289,2.34002828692933,
3.12003771590578,3.64004400189007,4.16005028787437,4.68005657385867,5.20006285984296,
5.54673371716583,6.24007543181155,6.76008171779585,7.28008800378015,7.80009428976444,
8.58010371874089,9.36011314771733,10.1401225766938,10.9201320056702,11.4401382916545,
11.9601445776388,12.4801508636231,12.826821720946,13.5201634355917,14.040169721576,
14.5601760075603,15.0801822935446,15.6001885795289,16.1201948655132,16.6402011514975,
17.3335428661432,17.6802137234661,18.0268845807889,18.7202262954347,19.5002357244111,
20.2802451533875,21.060254582364,21.8385777187184),.UNSPECIFIED.);
#39=B_SPLINE_CURVE_WITH_KNOTS('',3,(#1413,#1414,#1415,#1416,#1417,#1418,
#1419,#1420,#1421,#1422,#1423,#1424,#1425,#1426,#1427,#1428,#1429,#1430,
#1431,#1432,#1433,#1434,#1435,#1436,#1437,#1438,#1439,#1440,#1441,#1442,
#1443,#1444,#1445,#1446,#1447,#1448,#1449,#1450,#1451,#1452,#1453,#1454,
#1455,#1456,#1457,#1458,#1459,#1460,#1461,#1462,#1463,#1464,#1465),
 .UNSPECIFIED.,.F.,.F.,(4,1,1,1,1,1,1,1,1,1,1,1,1,1,1,1,1,1,1,1,1,1,1,1,
1,1,1,1,1,1,1,1,1,1,1,1,1,1,1,1,1,1,1,1,1,1,1,1,1,1,4),(3.437231179014,
3.9517572331269,4.46804101648618,4.98432479984546,5.50060858320474,6.01689236656402,
6.5331761499233,7.04945993328257,7.56574371664185,8.25412209445422,8.94250047226659,
9.63087885007897,10.3192572278913,11.2370950649745,11.6960139835161,12.3843923613285,
13.0727707391408,13.7611491169532,14.2774329003125,14.7937166836718,15.310000467031,
15.8262842503903,16.3425680337496,16.8588518171089,17.3751356004681,17.8914193838274,
18.5797977616398,19.2681761394522,19.9565545172645,20.6449328950769,21.3333112728893,
22.0216896507016,22.5379734340609,23.0542572174202,23.5705410007795,24.0868247841388,
24.603108567498,25.1193923508573,25.6356761342166,26.1519599175759,26.8403382953882,
27.5287166732006,28.217095051013,28.7333788343723,29.2496626177316,29.7659464010908,
30.2822301844501,30.7985139678094,31.3147977511687,31.8310815345279,32.3473653178872),
 .UNSPECIFIED.);
#40=B_SPLINE_CURVE_WITH_KNOTS('',3,(#1467,#1468,#1469,#1470,#1471,#1472,
#1473,#1474,#1475,#1476),.UNSPECIFIED.,.F.,.F.,(4,2,2,2,4),(0.,0.330825657914636,
0.65425188499628,0.957020710399842,1.2784388683156),.UNSPECIFIED.);
#41=B_SPLINE_CURVE_WITH_KNOTS('',3,(#1478,#1479,#1480,#1481,#1482,#1483,
#1484,#1485,#1486,#1487,#1488,#1489,#1490),.UNSPECIFIED.,.F.,.F.,(4,1,1,
1,1,1,1,1,1,1,4),(-30.7288361257357,-30.2822301844501,-29.7659464010908,
-29.2496626177316,-28.7333788343723,-28.217095051013,-27.5287166732006,
-26.8403382953882,-26.1519599175759,-25.6356761342166,-25.3321495417674),
 .UNSPECIFIED.);
#42=B_SPLINE_CURVE_WITH_KNOTS('',3,(#1491,#1492,#1493,#1494),
 .UNSPECIFIED.,.F.,.F.,(4,4),(0.,0.00168907119353478),.UNSPECIFIED.);
#43=B_SPLINE_CURVE_WITH_KNOTS('',3,(#1869,#1870,#1871,#1872),
 .UNSPECIFIED.,.F.,.F.,(4,4),(0.712406658131888,0.822800633920123),
 .UNSPECIFIED.);
#44=B_SPLINE_SURFACE_WITH_KNOTS('',3,3,((#374,#375,#376,#377),(#378,#379,
#380,#381),(#382,#383,#384,#385),(#386,#387,#388,#389),(#390,#391,#392,
#393)),.UNSPECIFIED.,.F.,.F.,.F.,(4,1,4),(4,4),(-2.21429743558818,-1.5707963267949,
-0.927295218001612),(27.8815890818661,28.2743338823081),.UNSPECIFIED.);
#45=B_SPLINE_SURFACE_WITH_KNOTS('',3,3,((#447,#448,#449,#450,#451,#452,
#453,#454,#455,#456),(#457,#458,#459,#460,#461,#462,#463,#464,#465,#466),
(#467,#468,#469,#470,#471,#472,#473,#474,#475,#476),(#477,#478,#479,#480,
#481,#482,#483,#484,#485,#486),(#487,#488,#489,#490,#491,#492,#493,#494,
#495,#496),(#497,#498,#499,#500,#501,#502,#503,#504,#505,#506)),
 .UNSPECIFIED.,.F.,.F.,.F.,(4,1,1,4),(4,1,1,1,1,1,1,4),(0.,0.285714285714286,
0.571428571428571,1.),(2.32316331503227,2.89527457662575,3.46738583821924,
4.03949709981273,4.61160836140621,5.1837196229997,5.75583088459319,6.32794214618667),
 .UNSPECIFIED.);
#46=B_SPLINE_SURFACE_WITH_KNOTS('',3,3,((#594,#595,#596,#597,#598,#599,
#600,#601,#602,#603,#604,#605,#606,#607,#608,#609,#610,#611,#612,#613,#614,
#615,#616),(#617,#618,#619,#620,#621,#622,#623,#624,#625,#626,#627,#628,
#629,#630,#631,#632,#633,#634,#635,#636,#637,#638,#639),(#640,#641,#642,
#643,#644,#645,#646,#647,#648,#649,#650,#651,#652,#653,#654,#655,#656,#657,
#658,#659,#660,#661,#662),(#663,#664,#665,#666,#667,#668,#669,#670,#671,
#672,#673,#674,#675,#676,#677,#678,#679,#680,#681,#682,#683,#684,#685),
(#686,#687,#688,#689,#690,#691,#692,#693,#694,#695,#696,#697,#698,#699,
#700,#701,#702,#703,#704,#705,#706,#707,#708)),.UNSPECIFIED.,.F.,.F.,.F.,
(4,1,4),(4,1,1,1,1,1,1,1,1,1,1,1,1,1,1,1,1,1,1,1,4),(0.,0.5,1.),(6.32794214618667,
6.80568179390289,7.2834214416191,7.76116108933531,8.23890073705152,8.71664038476774,
8.77635784073227,8.95551020862585,9.0749451205549,9.19438003248395,9.25409748844848,
9.31381494441301,9.32127962640857,9.34367367239527,9.3586030363864,9.37353240037753,
9.40339112835979,9.43324985634206,9.52282604028885,9.55268476827111,9.67211968020016),
 .UNSPECIFIED.);
#47=B_SPLINE_SURFACE_WITH_KNOTS('',3,3,((#769,#770,#771,#772,#773,#774,
#775,#776,#777,#778,#779,#780,#781,#782,#783,#784,#785,#786,#787,#788,#789,
#790,#791,#792,#793,#794,#795,#796,#797,#798,#799,#800,#801,#802,#803,#804,
#805,#806,#807),(#808,#809,#810,#811,#812,#813,#814,#815,#816,#817,#818,
#819,#820,#821,#822,#823,#824,#825,#826,#827,#828,#829,#830,#831,#832,#833,
#834,#835,#836,#837,#838,#839,#840,#841,#842,#843,#844,#845,#846),(#847,
#848,#849,#850,#851,#852,#853,#854,#855,#856,#857,#858,#859,#860,#861,#862,
#863,#864,#865,#866,#867,#868,#869,#870,#871,#872,#873,#874,#875,#876,#877,
#878,#879,#880,#881,#882,#883,#884,#885),(#886,#887,#888,#889,#890,#891,
#892,#893,#894,#895,#896,#897,#898,#899,#900,#901,#902,#903,#904,#905,#906,
#907,#908,#909,#910,#911,#912,#913,#914,#915,#916,#917,#918,#919,#920,#921,
#922,#923,#924),(#925,#926,#927,#928,#929,#930,#931,#932,#933,#934,#935,
#936,#937,#938,#939,#940,#941,#942,#943,#944,#945,#946,#947,#948,#949,#950,
#951,#952,#953,#954,#955,#956,#957,#958,#959,#960,#961,#962,#963)),
 .UNSPECIFIED.,.F.,.F.,.F.,(4,1,4),(4,1,1,1,1,1,1,1,1,1,1,1,1,1,1,1,1,1,
1,1,1,1,1,1,1,1,1,1,1,1,1,1,1,1,1,1,4),(0.,0.492408494636973,0.984816989273946),
(2.50075427923662E-16,0.780009428976444,1.56001885795289,2.34002828692933,
3.12003771590578,3.64004400189007,4.16005028787437,4.68005657385867,5.20006285984296,
5.54673371716583,6.24007543181155,6.76008171779585,7.28008800378015,7.80009428976444,
8.58010371874089,9.36011314771733,10.1401225766938,10.9201320056702,11.4401382916545,
11.9601445776388,12.4801508636231,12.826821720946,13.5201634355917,14.040169721576,
14.5601760075603,15.0801822935446,15.6001885795289,16.1201948655132,16.6402011514975,
17.3335428661432,17.6802137234661,18.0268845807889,18.7202262954347,19.5002357244111,
20.2802451533875,21.060254582364,21.8402640113404),.UNSPECIFIED.);
#48=B_SPLINE_SURFACE_WITH_KNOTS('',3,3,((#1147,#1148,#1149,#1150,#1151,
#1152,#1153,#1154,#1155,#1156,#1157,#1158,#1159,#1160,#1161,#1162,#1163,
#1164,#1165,#1166,#1167,#1168,#1169,#1170,#1171,#1172,#1173,#1174,#1175,
#1176,#1177,#1178,#1179,#1180,#1181,#1182,#1183,#1184,#1185,#1186,#1187,
#1188,#1189,#1190,#1191,#1192,#1193,#1194,#1195,#1196,#1197,#1198,#1199),
(#1200,#1201,#1202,#1203,#1204,#1205,#1206,#1207,#1208,#1209,#1210,#1211,
#1212,#1213,#1214,#1215,#1216,#1217,#1218,#1219,#1220,#1221,#1222,#1223,
#1224,#1225,#1226,#1227,#1228,#1229,#1230,#1231,#1232,#1233,#1234,#1235,
#1236,#1237,#1238,#1239,#1240,#1241,#1242,#1243,#1244,#1245,#1246,#1247,
#1248,#1249,#1250,#1251,#1252),(#1253,#1254,#1255,#1256,#1257,#1258,#1259,
#1260,#1261,#1262,#1263,#1264,#1265,#1266,#1267,#1268,#1269,#1270,#1271,
#1272,#1273,#1274,#1275,#1276,#1277,#1278,#1279,#1280,#1281,#1282,#1283,
#1284,#1285,#1286,#1287,#1288,#1289,#1290,#1291,#1292,#1293,#1294,#1295,
#1296,#1297,#1298,#1299,#1300,#1301,#1302,#1303,#1304,#1305),(#1306,#1307,
#1308,#1309,#1310,#1311,#1312,#1313,#1314,#1315,#1316,#1317,#1318,#1319,
#1320,#1321,#1322,#1323,#1324,#1325,#1326,#1327,#1328,#1329,#1330,#1331,
#1332,#1333,#1334,#1335,#1336,#1337,#1338,#1339,#1340,#1341,#1342,#1343,
#1344,#1345,#1346,#1347,#1348,#1349,#1350,#1351,#1352,#1353,#1354,#1355,
#1356,#1357,#1358),(#1359,#1360,#1361,#1362,#1363,#1364,#1365,#1366,#1367,
#1368,#1369,#1370,#1371,#1372,#1373,#1374,#1375,#1376,#1377,#1378,#1379,
#1380,#1381,#1382,#1383,#1384,#1385,#1386,#1387,#1388,#1389,#1390,#1391,
#1392,#1393,#1394,#1395,#1396,#1397,#1398,#1399,#1400,#1401,#1402,#1403,
#1404,#1405,#1406,#1407,#1408,#1409,#1410,#1411)),.UNSPECIFIED.,.F.,.F.,
 .F.,(4,1,4),(4,1,1,1,1,1,1,1,1,1,1,1,1,1,1,1,1,1,1,1,1,1,1,1,1,1,1,1,1,
1,1,1,1,1,1,1,1,1,1,1,1,1,1,1,1,1,1,1,1,1,4),(0.,0.5,1.),(3.43547344976762,
3.9517572331269,4.46804101648618,4.98432479984546,5.50060858320474,6.01689236656402,
6.5331761499233,7.04945993328257,7.56574371664185,8.25412209445422,8.94250047226659,
9.63087885007897,10.3192572278913,11.2370950649745,11.6960139835161,12.3843923613285,
13.0727707391408,13.7611491169532,14.2774329003125,14.7937166836718,15.310000467031,
15.8262842503903,16.3425680337496,16.8588518171089,17.3751356004681,17.8914193838274,
18.5797977616398,19.2681761394522,19.9565545172645,20.6449328950769,21.3333112728893,
22.0216896507016,22.5379734340609,23.0542572174202,23.5705410007795,24.0868247841388,
24.603108567498,25.1193923508573,25.6356761342166,26.1519599175759,26.8403382953882,
27.5287166732006,28.217095051013,28.7333788343723,29.2496626177316,29.7659464010908,
30.2822301844501,30.7985139678094,31.3147977511687,31.8310815345279,32.3473653178872),
 .UNSPECIFIED.);
#49=B_SPLINE_SURFACE_WITH_KNOTS('',3,3,((#1503,#1504,#1505,#1506,#1507,
#1508,#1509,#1510,#1511,#1512,#1513,#1514,#1515,#1516,#1517,#1518,#1519,
#1520,#1521,#1522,#1523,#1524,#1525,#1526,#1527,#1528,#1529,#1530,#1531,
#1532,#1533,#1534,#1535,#1536,#1537,#1538,#1539,#1540,#1541,#1542,#1543,
#1544,#1545,#1546,#1547,#1548,#1549,#1550,#1551,#1552,#1553,#1554,#1555,
#1556,#1557,#1558,#1559,#1560,#1561,#1562,#1563),(#1564,#1565,#1566,#1567,
#1568,#1569,#1570,#1571,#1572,#1573,#1574,#1575,#1576,#1577,#1578,#1579,
#1580,#1581,#1582,#1583,#1584,#1585,#1586,#1587,#1588,#1589,#1590,#1591,
#1592,#1593,#1594,#1595,#1596,#1597,#1598,#1599,#1600,#1601,#1602,#1603,
#1604,#1605,#1606,#1607,#1608,#1609,#1610,#1611,#1612,#1613,#1614,#1615,
#1616,#1617,#1618,#1619,#1620,#1621,#1622,#1623,#1624),(#1625,#1626,#1627,
#1628,#1629,#1630,#1631,#1632,#1633,#1634,#1635,#1636,#1637,#1638,#1639,
#1640,#1641,#1642,#1643,#1644,#1645,#1646,#1647,#1648,#1649,#1650,#1651,
#1652,#1653,#1654,#1655,#1656,#1657,#1658,#1659,#1660,#1661,#1662,#1663,
#1664,#1665,#1666,#1667,#1668,#1669,#1670,#1671,#1672,#1673,#1674,#1675,
#1676,#1677,#1678,#1679,#1680,#1681,#1682,#1683,#1684,#1685),(#1686,#1687,
#1688,#1689,#1690,#1691,#1692,#1693,#1694,#1695,#1696,#1697,#1698,#1699,
#1700,#1701,#1702,#1703,#1704,#1705,#1706,#1707,#1708,#1709,#1710,#1711,
#1712,#1713,#1714,#1715,#1716,#1717,#1718,#1719,#1720,#1721,#1722,#1723,
#1724,#1725,#1726,#1727,#1728,#1729,#1730,#1731,#1732,#1733,#1734,#1735,
#1736,#1737,#1738,#1739,#1740,#1741,#1742,#1743,#1744,#1745,#1746),(#1747,
#1748,#1749,#1750,#1751,#1752,#1753,#1754,#1755,#1756,#1757,#1758,#1759,
#1760,#1761,#1762,#1763,#1764,#1765,#1766,#1767,#1768,#1769,#1770,#1771,
#1772,#1773,#1774,#1775,#1776,#1777,#1778,#1779,#1780,#1781,#1782,#1783,
#1784,#1785,#1786,#1787,#1788,#1789,#1790,#1791,#1792,#1793,#1794,#1795,
#1796,#1797,#1798,#1799,#1800,#1801,#1802,#1803,#1804,#1805,#1806,#1807),
(#1808,#1809,#1810,#1811,#1812,#1813,#1814,#1815,#1816,#1817,#1818,#1819,
#1820,#1821,#1822,#1823,#1824,#1825,#1826,#1827,#1828,#1829,#1830,#1831,
#1832,#1833,#1834,#1835,#1836,#1837,#1838,#1839,#1840,#1841,#1842,#1843,
#1844,#1845,#1846,#1847,#1848,#1849,#1850,#1851,#1852,#1853,#1854,#1855,
#1856,#1857,#1858,#1859,#1860,#1861,#1862,#1863,#1864,#1865,#1866,#1867,
#1868)),.UNSPECIFIED.,.F.,.F.,.F.,(4,1,1,4),(4,1,1,1,1,1,1,1,1,1,1,1,1,
1,1,1,1,1,1,1,1,1,1,1,1,1,1,1,1,1,1,1,1,1,1,1,1,1,1,1,1,1,1,1,1,1,1,1,1,
1,1,1,1,1,1,1,1,1,4),(2.03165038510203,2.98302947237726,3.61728219722741,
4.25153492207757),(0.,0.487488515212209,0.974977030424419,1.46246554563663,
1.94995406084884,2.43744257606105,2.92493109127326,3.41241960648546,3.89990812169767,
4.38739663690988,4.87488515212209,5.3623736673343,5.84986218254651,6.33735069775872,
6.82483921297093,7.31232772818314,7.79981624339535,8.28730475860756,8.77479327381977,
9.26228178903198,9.74977030424419,10.2372588194564,10.7247473346686,11.2122358498808,
11.699724365093,12.1872128803052,12.6747013955174,13.1621899107297,13.6496784259419,
14.1371669411541,14.6246554563663,15.1121439715785,15.5996324867907,16.0871210020029,
16.5746095172151,17.0620980324273,17.5495865476395,18.0370750628517,18.524563578064,
19.0120520932762,19.4995406084884,19.9870291237006,20.4745176389128,20.962006154125,
21.4494946693372,21.9369831845494,22.4244716997616,22.9119602149738,23.399448730186,
23.8869372453983,24.3744257606105,24.8619142758227,25.3494027910349,25.8368913062471,
26.3243798214593,26.8118683366715,27.2993568518837,27.7868453670959,28.2743338823081),
 .UNSPECIFIED.);
#50=FACE_OUTER_BOUND('',#67,.T.);
#51=FACE_OUTER_BOUND('',#68,.T.);
#52=FACE_OUTER_BOUND('',#69,.T.);
#53=FACE_OUTER_BOUND('',#70,.T.);
#54=FACE_OUTER_BOUND('',#71,.T.);
#55=FACE_OUTER_BOUND('',#73,.T.);
#56=FACE_OUTER_BOUND('',#74,.T.);
#57=FACE_OUTER_BOUND('',#75,.T.);
#58=FACE_OUTER_BOUND('',#76,.T.);
#59=FACE_OUTER_BOUND('',#77,.T.);
#60=FACE_OUTER_BOUND('',#78,.T.);
#61=FACE_OUTER_BOUND('',#79,.T.);
#62=FACE_OUTER_BOUND('',#80,.T.);
#63=FACE_OUTER_BOUND('',#81,.T.);
#64=FACE_OUTER_BOUND('',#82,.T.);
#65=FACE_OUTER_BOUND('',#83,.T.);
#66=FACE_OUTER_BOUND('',#84,.T.);
#67=EDGE_LOOP('',(#173,#174));
#68=EDGE_LOOP('',(#175,#176));
#69=EDGE_LOOP('',(#177,#178,#179,#180,#181));
#70=EDGE_LOOP('',(#182,#183,#184,#185,#186,#187));
#71=EDGE_LOOP('',(#188));
#72=EDGE_LOOP('',(#189,#190));
#73=EDGE_LOOP('',(#191,#192,#193,#194,#195,#196));
#74=EDGE_LOOP('',(#197,#198,#199,#200));
#75=EDGE_LOOP('',(#201));
#76=EDGE_LOOP('',(#202,#203,#204,#205,#206,#207,#208));
#77=EDGE_LOOP('',(#209,#210,#211,#212,#213));
#78=EDGE_LOOP('',(#214,#215,#216,#217));
#79=EDGE_LOOP('',(#218,#219,#220,#221,#222,#223));
#80=EDGE_LOOP('',(#224,#225,#226,#227,#228,#229,#230));
#81=EDGE_LOOP('',(#231,#232,#233,#234,#235));
#82=EDGE_LOOP('',(#236,#237,#238));
#83=EDGE_LOOP('',(#239,#240,#241,#242,#243,#244));
#84=EDGE_LOOP('',(#245,#246,#247,#248));
#85=CIRCLE('',#287,1.25);
#86=CIRCLE('',#289,13.5);
#87=CIRCLE('',#290,4.);
#88=CIRCLE('',#291,17.5);
#89=CIRCLE('',#292,17.5);
#90=CIRCLE('',#294,17.5);
#91=CIRCLE('',#295,17.5);
#92=CIRCLE('',#298,25.7352941176471);
#93=CIRCLE('',#299,45.);
#94=CIRCLE('',#300,25.7352941176471);
#95=CIRCLE('',#302,31.5);
#96=CIRCLE('',#304,7.);
#97=CIRCLE('',#307,1.25);
#98=CIRCLE('',#309,12.5);
#99=LINE('',#372,#104);
#100=LINE('',#432,#105);
#101=LINE('',#1146,#106);
#102=LINE('',#1497,#107);
#103=LINE('',#1499,#108);
#104=VECTOR('',#315,10.);
#105=VECTOR('',#332,17.5);
#106=VECTOR('',#355,10.75);
#107=VECTOR('',#358,10.);
#108=VECTOR('',#359,10.);
#109=VERTEX_POINT('',#370);
#110=VERTEX_POINT('',#371);
#111=VERTEX_POINT('',#421);
#112=VERTEX_POINT('',#423);
#113=VERTEX_POINT('',#425);
#114=VERTEX_POINT('',#429);
#115=VERTEX_POINT('',#430);
#116=VERTEX_POINT('',#436);
#117=VERTEX_POINT('',#437);
#118=VERTEX_POINT('',#442);
#119=VERTEX_POINT('',#445);
#120=VERTEX_POINT('',#507);
#121=VERTEX_POINT('',#508);
#122=VERTEX_POINT('',#516);
#123=VERTEX_POINT('',#523);
#124=VERTEX_POINT('',#561);
#125=VERTEX_POINT('',#572);
#126=VERTEX_POINT('',#579);
#127=VERTEX_POINT('',#732);
#128=VERTEX_POINT('',#964);
#129=VERTEX_POINT('',#1074);
#130=VERTEX_POINT('',#1412);
#131=VERTEX_POINT('',#1466);
#132=VERTEX_POINT('',#1477);
#133=VERTEX_POINT('',#1496);
#134=VERTEX_POINT('',#1498);
#135=EDGE_CURVE('',#109,#110,#99,.T.);
#136=EDGE_CURVE('',#110,#109,#85,.T.);
#137=EDGE_CURVE('',#110,#109,#25,.T.);
#138=EDGE_CURVE('',#111,#111,#86,.T.);
#139=EDGE_CURVE('',#111,#112,#87,.T.);
#140=EDGE_CURVE('',#112,#113,#88,.T.);
#141=EDGE_CURVE('',#113,#112,#89,.T.);
#142=EDGE_CURVE('',#114,#115,#90,.T.);
#143=EDGE_CURVE('',#114,#113,#100,.T.);
#144=EDGE_CURVE('',#115,#114,#91,.T.);
#145=EDGE_CURVE('',#116,#117,#92,.T.);
#146=EDGE_CURVE('',#117,#115,#93,.T.);
#147=EDGE_CURVE('',#117,#116,#94,.T.);
#148=EDGE_CURVE('',#118,#116,#95,.T.);
#149=EDGE_CURVE('',#119,#119,#96,.T.);
#150=EDGE_CURVE('',#120,#121,#26,.T.);
#151=EDGE_CURVE('',#120,#122,#27,.T.);
#152=EDGE_CURVE('',#122,#123,#28,.T.);
#153=EDGE_CURVE('',#123,#124,#29,.T.);
#154=EDGE_CURVE('',#125,#124,#30,.T.);
#155=EDGE_CURVE('',#125,#126,#31,.T.);
#156=EDGE_CURVE('',#126,#121,#32,.T.);
#157=EDGE_CURVE('',#121,#125,#33,.T.);
#158=EDGE_CURVE('',#124,#127,#34,.T.);
#159=EDGE_CURVE('',#127,#120,#35,.T.);
#160=EDGE_CURVE('',#128,#122,#36,.T.);
#161=EDGE_CURVE('',#128,#129,#37,.F.);
#162=EDGE_CURVE('',#129,#123,#38,.T.);
#163=EDGE_CURVE('',#119,#126,#101,.T.);
#164=EDGE_CURVE('',#127,#130,#39,.T.);
#165=EDGE_CURVE('',#130,#131,#40,.T.);
#166=EDGE_CURVE('',#131,#132,#41,.T.);
#167=EDGE_CURVE('',#132,#128,#42,.T.);
#168=EDGE_CURVE('',#133,#132,#102,.T.);
#169=EDGE_CURVE('',#134,#133,#103,.T.);
#170=EDGE_CURVE('',#129,#134,#97,.T.);
#171=EDGE_CURVE('',#133,#131,#98,.T.);
#172=EDGE_CURVE('',#130,#134,#43,.T.);
#173=ORIENTED_EDGE('',*,*,#135,.F.);
#174=ORIENTED_EDGE('',*,*,#136,.F.);
#175=ORIENTED_EDGE('',*,*,#137,.F.);
#176=ORIENTED_EDGE('',*,*,#136,.T.);
#177=ORIENTED_EDGE('',*,*,#138,.T.);
#178=ORIENTED_EDGE('',*,*,#139,.T.);
#179=ORIENTED_EDGE('',*,*,#140,.T.);
#180=ORIENTED_EDGE('',*,*,#141,.T.);
#181=ORIENTED_EDGE('',*,*,#139,.F.);
#182=ORIENTED_EDGE('',*,*,#142,.F.);
#183=ORIENTED_EDGE('',*,*,#143,.T.);
#184=ORIENTED_EDGE('',*,*,#140,.F.);
#185=ORIENTED_EDGE('',*,*,#141,.F.);
#186=ORIENTED_EDGE('',*,*,#143,.F.);
#187=ORIENTED_EDGE('',*,*,#144,.F.);
#188=ORIENTED_EDGE('',*,*,#138,.F.);
#189=ORIENTED_EDGE('',*,*,#137,.T.);
#190=ORIENTED_EDGE('',*,*,#135,.T.);
#191=ORIENTED_EDGE('',*,*,#145,.T.);
#192=ORIENTED_EDGE('',*,*,#146,.T.);
#193=ORIENTED_EDGE('',*,*,#144,.T.);
#194=ORIENTED_EDGE('',*,*,#142,.T.);
#195=ORIENTED_EDGE('',*,*,#146,.F.);
#196=ORIENTED_EDGE('',*,*,#147,.T.);
#197=ORIENTED_EDGE('',*,*,#145,.F.);
#198=ORIENTED_EDGE('',*,*,#148,.F.);
#199=ORIENTED_EDGE('',*,*,#148,.T.);
#200=ORIENTED_EDGE('',*,*,#147,.F.);
#201=ORIENTED_EDGE('',*,*,#149,.F.);
#202=ORIENTED_EDGE('',*,*,#150,.F.);
#203=ORIENTED_EDGE('',*,*,#151,.T.);
#204=ORIENTED_EDGE('',*,*,#152,.T.);
#205=ORIENTED_EDGE('',*,*,#153,.T.);
#206=ORIENTED_EDGE('',*,*,#154,.F.);
#207=ORIENTED_EDGE('',*,*,#155,.T.);
#208=ORIENTED_EDGE('',*,*,#156,.T.);
#209=ORIENTED_EDGE('',*,*,#150,.T.);
#210=ORIENTED_EDGE('',*,*,#157,.T.);
#211=ORIENTED_EDGE('',*,*,#154,.T.);
#212=ORIENTED_EDGE('',*,*,#158,.T.);
#213=ORIENTED_EDGE('',*,*,#159,.T.);
#214=ORIENTED_EDGE('',*,*,#152,.F.);
#215=ORIENTED_EDGE('',*,*,#160,.F.);
#216=ORIENTED_EDGE('',*,*,#161,.T.);
#217=ORIENTED_EDGE('',*,*,#162,.T.);
#218=ORIENTED_EDGE('',*,*,#149,.T.);
#219=ORIENTED_EDGE('',*,*,#163,.T.);
#220=ORIENTED_EDGE('',*,*,#155,.F.);
#221=ORIENTED_EDGE('',*,*,#157,.F.);
#222=ORIENTED_EDGE('',*,*,#156,.F.);
#223=ORIENTED_EDGE('',*,*,#163,.F.);
#224=ORIENTED_EDGE('',*,*,#159,.F.);
#225=ORIENTED_EDGE('',*,*,#164,.T.);
#226=ORIENTED_EDGE('',*,*,#165,.T.);
#227=ORIENTED_EDGE('',*,*,#166,.T.);
#228=ORIENTED_EDGE('',*,*,#167,.T.);
#229=ORIENTED_EDGE('',*,*,#160,.T.);
#230=ORIENTED_EDGE('',*,*,#151,.F.);
#231=ORIENTED_EDGE('',*,*,#167,.F.);
#232=ORIENTED_EDGE('',*,*,#168,.F.);
#233=ORIENTED_EDGE('',*,*,#169,.F.);
#234=ORIENTED_EDGE('',*,*,#170,.F.);
#235=ORIENTED_EDGE('',*,*,#161,.F.);
#236=ORIENTED_EDGE('',*,*,#166,.F.);
#237=ORIENTED_EDGE('',*,*,#171,.F.);
#238=ORIENTED_EDGE('',*,*,#168,.T.);
#239=ORIENTED_EDGE('',*,*,#153,.F.);
#240=ORIENTED_EDGE('',*,*,#162,.F.);
#241=ORIENTED_EDGE('',*,*,#170,.T.);
#242=ORIENTED_EDGE('',*,*,#172,.F.);
#243=ORIENTED_EDGE('',*,*,#164,.F.);
#244=ORIENTED_EDGE('',*,*,#158,.F.);
#245=ORIENTED_EDGE('',*,*,#165,.F.);
#246=ORIENTED_EDGE('',*,*,#172,.T.);
#247=ORIENTED_EDGE('',*,*,#169,.T.);
#248=ORIENTED_EDGE('',*,*,#171,.T.);
#249=PLANE('',#286);
#250=PLANE('',#296);
#251=PLANE('',#303);
#252=PLANE('',#306);
#253=PLANE('',#310);
#254=ADVANCED_FACE('',(#50),#249,.F.);
#255=ADVANCED_FACE('',(#51),#44,.F.);
#256=ADVANCED_FACE('',(#52),#23,.T.);
#257=ADVANCED_FACE('',(#53),#21,.T.);
#258=ADVANCED_FACE('',(#54,#20),#250,.T.);
#259=ADVANCED_FACE('',(#55),#24,.F.);
#260=ADVANCED_FACE('',(#56),#16,.T.);
#261=ADVANCED_FACE('',(#57),#251,.T.);
#262=ADVANCED_FACE('',(#58),#45,.F.);
#263=ADVANCED_FACE('',(#59),#46,.F.);
#264=ADVANCED_FACE('',(#60),#47,.F.);
#265=ADVANCED_FACE('',(#61),#13,.T.);
#266=ADVANCED_FACE('',(#62),#48,.F.);
#267=ADVANCED_FACE('',(#63),#252,.F.);
#268=ADVANCED_FACE('',(#64),#22,.T.);
#269=ADVANCED_FACE('',(#65),#49,.F.);
#270=ADVANCED_FACE('',(#66),#253,.T.);
#271=CLOSED_SHELL('',(#254,#255,#256,#257,#258,#259,#260));
#272=CLOSED_SHELL('',(#261,#262,#263,#264,#265,#266,#267,#268,#269,#270));
#273=DERIVED_UNIT_ELEMENT(#275,1.);
#274=DERIVED_UNIT_ELEMENT(#1879,-3.);
#275=(
MASS_UNIT()
NAMED_UNIT(*)
SI_UNIT(.KILO.,.GRAM.)
);
#276=DERIVED_UNIT((#273,#274));
#277=MEASURE_REPRESENTATION_ITEM('density measure',
POSITIVE_RATIO_MEASURE(7850.),#276);
#278=PROPERTY_DEFINITION_REPRESENTATION(#283,#280);
#279=PROPERTY_DEFINITION_REPRESENTATION(#284,#281);
#280=REPRESENTATION('material name',(#282),#1876);
#281=REPRESENTATION('density',(#277),#1876);
#282=DESCRIPTIVE_REPRESENTATION_ITEM('Steel','Steel');
#283=PROPERTY_DEFINITION('material property','material name',#1886);
#284=PROPERTY_DEFINITION('material property','density of part',#1886);
#285=AXIS2_PLACEMENT_3D('',#368,#311,#312);
#286=AXIS2_PLACEMENT_3D('',#369,#313,#314);
#287=AXIS2_PLACEMENT_3D('',#373,#316,#317);
#288=AXIS2_PLACEMENT_3D('',#420,#318,#319);
#289=AXIS2_PLACEMENT_3D('',#422,#320,#321);
#290=AXIS2_PLACEMENT_3D('',#424,#322,#323);
#291=AXIS2_PLACEMENT_3D('',#426,#324,#325);
#292=AXIS2_PLACEMENT_3D('',#427,#326,#327);
#293=AXIS2_PLACEMENT_3D('',#428,#328,#329);
#294=AXIS2_PLACEMENT_3D('',#431,#330,#331);
#295=AXIS2_PLACEMENT_3D('',#433,#333,#334);
#296=AXIS2_PLACEMENT_3D('',#434,#335,#336);
#297=AXIS2_PLACEMENT_3D('',#435,#337,#338);
#298=AXIS2_PLACEMENT_3D('',#438,#339,#340);
#299=AXIS2_PLACEMENT_3D('',#439,#341,#342);
#300=AXIS2_PLACEMENT_3D('',#440,#343,#344);
#301=AXIS2_PLACEMENT_3D('',#441,#345,#346);
#302=AXIS2_PLACEMENT_3D('',#443,#347,#348);
#303=AXIS2_PLACEMENT_3D('',#444,#349,#350);
#304=AXIS2_PLACEMENT_3D('',#446,#351,#352);
#305=AXIS2_PLACEMENT_3D('',#1145,#353,#354);
#306=AXIS2_PLACEMENT_3D('',#1495,#356,#357);
#307=AXIS2_PLACEMENT_3D('',#1500,#360,#361);
#308=AXIS2_PLACEMENT_3D('',#1501,#362,#363);
#309=AXIS2_PLACEMENT_3D('',#1502,#364,#365);
#310=AXIS2_PLACEMENT_3D('',#1873,#366,#367);
#311=DIRECTION('axis',(0.,0.,1.));
#312=DIRECTION('refdir',(1.,0.,0.));
#313=DIRECTION('center_axis',(-1.10218211923262E-15,-1.,0.));
#314=DIRECTION('ref_axis',(0.,0.,1.));
#315=DIRECTION('',(1.,-1.10218211923262E-15,0.));
#316=DIRECTION('center_axis',(-1.10218211923262E-15,-1.,0.));
#317=DIRECTION('ref_axis',(-1.,1.10218211923262E-15,0.));
#318=DIRECTION('center_axis',(0.,0.,-1.));
#319=DIRECTION('ref_axis',(-1.,0.,0.));
#320=DIRECTION('center_axis',(0.,0.,1.));
#321=DIRECTION('ref_axis',(-1.,-1.22464679914735E-16,0.));
#322=DIRECTION('center_axis',(-1.22464679914735E-16,-1.,0.));
#323=DIRECTION('ref_axis',(1.,-1.22464679914735E-16,0.));
#324=DIRECTION('center_axis',(0.,0.,-1.));
#325=DIRECTION('ref_axis',(-1.,-1.22464679914735E-16,0.));
#326=DIRECTION('center_axis',(0.,0.,-1.));
#327=DIRECTION('ref_axis',(-1.,-1.22464679914735E-16,0.));
#328=DIRECTION('center_axis',(0.,0.,1.));
#329=DIRECTION('ref_axis',(1.,0.,0.));
#330=DIRECTION('center_axis',(0.,0.,1.));
#331=DIRECTION('ref_axis',(1.,0.,0.));
#332=DIRECTION('',(0.,0.,-1.));
#333=DIRECTION('center_axis',(0.,0.,1.));
#334=DIRECTION('ref_axis',(1.,0.,0.));
#335=DIRECTION('center_axis',(0.,0.,-1.));
#336=DIRECTION('ref_axis',(-1.,0.,0.));
#337=DIRECTION('center_axis',(0.,0.,-1.));
#338=DIRECTION('ref_axis',(-1.,0.,0.));
#339=DIRECTION('center_axis',(0.,0.,-1.));
#340=DIRECTION('ref_axis',(1.,0.,0.));
#341=DIRECTION('center_axis',(-1.22464679914735E-16,-1.,0.));
#342=DIRECTION('ref_axis',(1.,-1.22464679914735E-16,0.));
#343=DIRECTION('center_axis',(0.,0.,-1.));
#344=DIRECTION('ref_axis',(1.,0.,0.));
#345=DIRECTION('center_axis',(6.12323399573677E-17,0.,1.));
#346=DIRECTION('ref_axis',(1.,0.,0.));
#347=DIRECTION('center_axis',(1.22464679914735E-16,-1.,0.));
#348=DIRECTION('ref_axis',(-1.,-1.22464679914735E-16,0.));
#349=DIRECTION('center_axis',(0.,0.,-1.));
#350=DIRECTION('ref_axis',(0.,1.,0.));
#351=DIRECTION('center_axis',(0.,0.,1.));
#352=DIRECTION('ref_axis',(0.,-1.,0.));
#353=DIRECTION('center_axis',(0.,0.,1.));
#354=DIRECTION('ref_axis',(0.,-1.,0.));
#355=DIRECTION('',(8.65956056235493E-17,0.707106781186548,0.707106781186548));
#356=DIRECTION('center_axis',(-1.10218211923262E-15,-1.,0.));
#357=DIRECTION('ref_axis',(0.,0.,1.));
#358=DIRECTION('',(0.,0.,-1.));
#359=DIRECTION('',(-1.,1.10218211923262E-15,0.));
#360=DIRECTION('center_axis',(-1.10218211923262E-15,-1.,0.));
#361=DIRECTION('ref_axis',(-1.,1.10218211923262E-15,0.));
#362=DIRECTION('center_axis',(0.,0.,-1.));
#363=DIRECTION('ref_axis',(0.697667535872517,-0.716421670100487,0.));
#364=DIRECTION('center_axis',(0.,0.,1.));
#365=DIRECTION('ref_axis',(0.,1.,0.));
#366=DIRECTION('center_axis',(0.,0.,1.));
#367=DIRECTION('ref_axis',(0.,-1.,0.));
#368=CARTESIAN_POINT('',(0.,0.,0.));
#369=CARTESIAN_POINT('Origin',(-12.5,1.37772764904077E-14,-1.));
#370=CARTESIAN_POINT('',(-13.25,1.46039130798322E-14,0.));
#371=CARTESIAN_POINT('',(-11.75,1.29506399009833E-14,0.));
#372=CARTESIAN_POINT('',(-6.25,6.88863824520386E-15,0.));
#373=CARTESIAN_POINT('Origin',(-12.5,1.37772764904077E-14,-1.));
#374=CARTESIAN_POINT('Ctrl Pts',(-10.8553789199464,4.49702662927222,-0.250029105455982));
#375=CARTESIAN_POINT('Ctrl Pts',(-11.4441068619785,3.07589542005977,-0.166686070303989));
#376=CARTESIAN_POINT('Ctrl Pts',(-11.75,1.53825046839811,-0.0833430351519955));
#377=CARTESIAN_POINT('Ctrl Pts',(-11.75,1.29506399009833E-14,-2.22044604925031E-15));
#378=CARTESIAN_POINT('Ctrl Pts',(-11.05354766807,4.5791214270654,-0.0891538282576612));
#379=CARTESIAN_POINT('Ctrl Pts',(-11.6529962525172,3.132111644014,-0.00581079310566791));
#380=CARTESIAN_POINT('Ctrl Pts',(-11.9645003695978,1.56626176536434,0.0775322420463256));
#381=CARTESIAN_POINT('Ctrl Pts',(-11.9645003695978,1.31870583729227E-14,
0.160875277198319));
#382=CARTESIAN_POINT('Ctrl Pts',(-11.5482754467515,4.78407088220449,0.0893061807156586));
#383=CARTESIAN_POINT('Ctrl Pts',(-12.1745817680622,3.27222917027635,0.172649215867652));
#384=CARTESIAN_POINT('Ctrl Pts',(-12.5,1.63643666850863,0.255992251019644));
#385=CARTESIAN_POINT('Ctrl Pts',(-12.5,1.37772764904077E-14,0.339335286171637));
#386=CARTESIAN_POINT('Ctrl Pts',(-12.043003225433,4.98902033734358,-0.089153828257659));
#387=CARTESIAN_POINT('Ctrl Pts',(-12.6961672836072,3.4123466965387,-0.00581079310566564));
#388=CARTESIAN_POINT('Ctrl Pts',(-13.0354996304022,1.70661157165291,0.0775322420463277));
#389=CARTESIAN_POINT('Ctrl Pts',(-13.0354996304022,1.43674946078927E-14,
0.160875277198321));
#390=CARTESIAN_POINT('Ctrl Pts',(-12.2411719735566,5.07111513513676,-0.25002910545598));
#391=CARTESIAN_POINT('Ctrl Pts',(-12.9050566741459,3.46856292049293,-0.166686070303987));
#392=CARTESIAN_POINT('Ctrl Pts',(-13.25,1.73462286861914,-0.0833430351519933));
#393=CARTESIAN_POINT('Ctrl Pts',(-13.25,1.46039130798322E-14,0.));
#394=CARTESIAN_POINT('Ctrl Pts',(-11.75,5.38458166943201E-14,1.30473934590696E-16));
#395=CARTESIAN_POINT('Ctrl Pts',(-11.87184891971,1.68671105038217,1.3011294272372E-16));
#396=CARTESIAN_POINT('Ctrl Pts',(-11.6500232211788,3.04465588229845,-1.73860316597074E-12));
#397=CARTESIAN_POINT('Ctrl Pts',(-11.5023722321456,4.14821122807272,-1.73861102718254E-12));
#398=CARTESIAN_POINT('Ctrl Pts',(-11.4777883531656,4.35712054942962,1.17683640610267E-13));
#399=CARTESIAN_POINT('Ctrl Pts',(-11.4745778425496,4.58272269167246,1.17683640610267E-13));
#400=CARTESIAN_POINT('Ctrl Pts',(-11.4780805633533,4.66095535477832,-2.22044604925031E-15));
#401=CARTESIAN_POINT('Ctrl Pts',(-11.5016343166402,4.73116117860093,-2.22044604925031E-15));
#402=CARTESIAN_POINT('Ctrl Pts',(-11.5087371102425,4.74697352667428,0.));
#403=CARTESIAN_POINT('Ctrl Pts',(-11.5248752992009,4.76783540113481,0.));
#404=CARTESIAN_POINT('Ctrl Pts',(-11.5321974005048,4.77476215951527,2.22042394926826E-15));
#405=CARTESIAN_POINT('Ctrl Pts',(-11.548386624728,4.78411610697469,2.22046489202828E-15));
#406=CARTESIAN_POINT('Ctrl Pts',(-11.5564001389119,4.78678659035772,0.));
#407=CARTESIAN_POINT('Ctrl Pts',(-11.5746512150557,4.78923286600948,0.));
#408=CARTESIAN_POINT('Ctrl Pts',(-11.5845188312542,4.78847969010078,-3.58078972623299E-20));
#409=CARTESIAN_POINT('Ctrl Pts',(-11.6101687424998,4.7830831096426,5.98963565086828E-20));
#410=CARTESIAN_POINT('Ctrl Pts',(-11.6261040003327,4.77602314898346,2.22035553853616E-15));
#411=CARTESIAN_POINT('Ctrl Pts',(-11.6748426380695,4.74886570937183,2.22066379552541E-15));
#412=CARTESIAN_POINT('Ctrl Pts',(-11.7093725720066,4.71907432594394,0.));
#413=CARTESIAN_POINT('Ctrl Pts',(-11.8204372141657,4.6110270677036,0.));
#414=CARTESIAN_POINT('Ctrl Pts',(-11.9181947119704,4.48318597500988,2.21891598483136E-15));
#415=CARTESIAN_POINT('Ctrl Pts',(-12.241201291549,3.97147530520158,2.2236818336402E-15));
#416=CARTESIAN_POINT('Ctrl Pts',(-12.5068234516797,3.42964731452214,1.33226762955019E-14));
#417=CARTESIAN_POINT('Ctrl Pts',(-12.9891356351243,1.95483125245021,1.33226762955019E-14));
#418=CARTESIAN_POINT('Ctrl Pts',(-13.1836656048002,1.0354658791795,4.77137598246145E-16));
#419=CARTESIAN_POINT('Ctrl Pts',(-13.25,6.07847105982273E-14,4.77243030671301E-16));
#420=CARTESIAN_POINT('Origin',(0.,0.,4.));
#421=CARTESIAN_POINT('',(13.5,3.30654635769785E-15,0.));
#422=CARTESIAN_POINT('Origin',(0.,0.,0.));
#423=CARTESIAN_POINT('',(17.5,0.,4.));
#424=CARTESIAN_POINT('Origin',(13.5,-1.65327317884893E-15,4.));
#425=CARTESIAN_POINT('',(-17.5,-2.14313189850787E-15,4.));
#426=CARTESIAN_POINT('Origin',(0.,0.,4.));
#427=CARTESIAN_POINT('Origin',(0.,0.,4.));
#428=CARTESIAN_POINT('Origin',(0.,0.,20.));
#429=CARTESIAN_POINT('',(-17.5,-2.14313189850787E-15,15.8865099997744));
#430=CARTESIAN_POINT('',(17.5,-2.14313189850787E-15,15.8865099997744));
#431=CARTESIAN_POINT('Origin',(0.,0.,15.8865099997744));
#432=CARTESIAN_POINT('',(-17.5,-2.14313189850787E-15,20.));
#433=CARTESIAN_POINT('Origin',(0.,0.,15.8865099997744));
#434=CARTESIAN_POINT('Origin',(0.,0.,0.));
#435=CARTESIAN_POINT('Origin',(0.,0.,15.8865099997744));
#436=CARTESIAN_POINT('',(-25.7352941176471,3.15166455662922E-15,41.835621764613));
#437=CARTESIAN_POINT('',(25.7352941176471,-3.15166455662922E-15,41.835621764613));
#438=CARTESIAN_POINT('Origin',(0.,0.,41.835621764613));
#439=CARTESIAN_POINT('Origin',(62.5,-7.65404249467096E-15,15.8865099997744));
#440=CARTESIAN_POINT('Origin',(0.,0.,41.835621764613));
#441=CARTESIAN_POINT('Origin',(0.,0.,60.));
#442=CARTESIAN_POINT('',(-1.92881870865708E-15,-2.36212165769243E-31,91.5));
#443=CARTESIAN_POINT('Origin',(0.,0.,60.));
#444=CARTESIAN_POINT('Origin',(0.,0.,-21.));
#445=CARTESIAN_POINT('',(-8.57252759403147E-16,7.,-21.));
#446=CARTESIAN_POINT('Origin',(0.,0.,-21.));
#447=CARTESIAN_POINT('Ctrl Pts',(-11.8710626542601,1.32207090820535,-14.1903720286213));
#448=CARTESIAN_POINT('Ctrl Pts',(-11.6132381832419,3.28326959700013,-14.2763484879837));
#449=CARTESIAN_POINT('Ctrl Pts',(-10.1037872020312,7.09326326466665,-14.4464655273742));
#450=CARTESIAN_POINT('Ctrl Pts',(-5.31531513100842,11.0410726685942,-14.6963616826573));
#451=CARTESIAN_POINT('Ctrl Pts',(0.851050637462445,12.1413897839209,-14.9408077122396));
#452=CARTESIAN_POINT('Ctrl Pts',(6.79289334832735,10.001459619747,-15.1793555538432));
#453=CARTESIAN_POINT('Ctrl Pts',(10.8802654340273,5.12237747602457,-15.4112135183586));
#454=CARTESIAN_POINT('Ctrl Pts',(11.9005763134838,-1.20918444021276,-15.6351828441598));
#455=CARTESIAN_POINT('Ctrl Pts',(10.2966159336893,-5.19731965996352,-15.7780874807583));
#456=CARTESIAN_POINT('Ctrl Pts',(9.02865875505247,-6.84157678357178,-15.8474929435395));
#457=CARTESIAN_POINT('Ctrl Pts',(-12.0314553951077,1.34228683105561,-14.2706931012377));
#458=CARTESIAN_POINT('Ctrl Pts',(-11.7645759132618,3.32903537210849,-14.360850412308));
#459=CARTESIAN_POINT('Ctrl Pts',(-10.2244133376672,7.18299393926868,-14.5382662158722));
#460=CARTESIAN_POINT('Ctrl Pts',(-5.36939070127612,11.1612963309976,-14.7964425257154));
#461=CARTESIAN_POINT('Ctrl Pts',(0.861790054586333,12.2539345611389,-15.0464981731106));
#462=CARTESIAN_POINT('Ctrl Pts',(6.84775566548578,10.0780330946539,-15.2881014984781));
#463=CARTESIAN_POINT('Ctrl Pts',(10.9495331477348,5.15262340506146,-15.5204491748111));
#464=CARTESIAN_POINT('Ctrl Pts',(11.9572928376815,-1.21689634069924,-15.7423079870836));
#465=CARTESIAN_POINT('Ctrl Pts',(10.335829452529,-5.21684056214218,-15.8820051439045));
#466=CARTESIAN_POINT('Ctrl Pts',(9.05946694637183,-6.86350088433978,-15.9493356644624));
#467=CARTESIAN_POINT('Ctrl Pts',(-12.3075273900633,1.37291069027343,-14.5206078105722));
#468=CARTESIAN_POINT('Ctrl Pts',(-12.0227529654389,3.40343067479139,-14.6141311308812));
#469=CARTESIAN_POINT('Ctrl Pts',(-10.4261734898244,7.3300943197252,-14.7967345591328));
#470=CARTESIAN_POINT('Ctrl Pts',(-5.45805201758981,11.3533654292366,-15.0580825942846));
#471=CARTESIAN_POINT('Ctrl Pts',(0.876630583567454,12.4279687435987,-15.3071601321838));
#472=CARTESIAN_POINT('Ctrl Pts',(6.92764428625516,10.1920194093288,-15.5437325749497));
#473=CARTESIAN_POINT('Ctrl Pts',(11.0457141873894,5.19579969648323,-15.7671110165725));
#474=CARTESIAN_POINT('Ctrl Pts',(12.0301591314318,-1.22611344075797,-15.9760418381068));
#475=CARTESIAN_POINT('Ctrl Pts',(10.3826152009669,-5.23862005869268,-16.1044241506533));
#476=CARTESIAN_POINT('Ctrl Pts',(9.09472533600428,-6.88649973450959,-16.165365847111));
#477=CARTESIAN_POINT('Ctrl Pts',(-12.5023480929293,1.377686936445,-15.1475192877754));
#478=CARTESIAN_POINT('Ctrl Pts',(-12.2005073680044,3.43867257364842,-15.2324880150084));
#479=CARTESIAN_POINT('Ctrl Pts',(-10.5565757725762,7.41031065743795,-15.3969773764081));
#480=CARTESIAN_POINT('Ctrl Pts',(-5.51320799851428,11.4472560007855,-15.6286675859888));
#481=CARTESIAN_POINT('Ctrl Pts',(0.873203334168272,12.496527096409,-15.8455039245095));
#482=CARTESIAN_POINT('Ctrl Pts',(6.9393517010059,10.2223500196108,-16.0473110063337));
#483=CARTESIAN_POINT('Ctrl Pts',(11.0421461657572,5.20093262798921,-16.2332665829444));
#484=CARTESIAN_POINT('Ctrl Pts',(12.0010861939321,-1.21822770786824,-16.4019578022625));
#485=CARTESIAN_POINT('Ctrl Pts',(10.3455102050451,-5.21242430987849,-16.5014095212066));
#486=CARTESIAN_POINT('Ctrl Pts',(9.05830251704838,-6.85001502332267,-16.5473034918269));
#487=CARTESIAN_POINT('Ctrl Pts',(-12.3268267717963,1.33533334165124,-15.6010656446674));
#488=CARTESIAN_POINT('Ctrl Pts',(-12.0319694878417,3.3686017313665,-15.6749802076296));
#489=CARTESIAN_POINT('Ctrl Pts',(-10.417288269883,7.28683909843755,-15.8181897972134));
#490=CARTESIAN_POINT('Ctrl Pts',(-5.45045835380636,11.2748423597927,-16.0186446763547));
#491=CARTESIAN_POINT('Ctrl Pts',(0.844536157150015,12.3191260001714,-16.2051640136378));
#492=CARTESIAN_POINT('Ctrl Pts',(6.8298642916843,10.0862536347045,-16.3770162440218));
#493=CARTESIAN_POINT('Ctrl Pts',(10.8850557644273,5.1402410219208,-16.5332398180578));
#494=CARTESIAN_POINT('Ctrl Pts',(11.8424544475602,-1.19200191208698,-16.672086886423));
#495=CARTESIAN_POINT('Ctrl Pts',(10.2156358746131,-5.13845175923179,-16.7514315385834));
#496=CARTESIAN_POINT('Ctrl Pts',(8.94734565332695,-6.7582974241137,-16.7870804993562));
#497=CARTESIAN_POINT('Ctrl Pts',(-12.1382190667205,1.30088779742448,-15.7922700237438));
#498=CARTESIAN_POINT('Ctrl Pts',(-11.8527070484206,3.30354351436588,-15.862748076696));
#499=CARTESIAN_POINT('Ctrl Pts',(-10.2707744307495,7.16733549765781,-15.9988613810754));
#500=CARTESIAN_POINT('Ctrl Pts',(-5.38457454060381,11.1090804276863,-16.1890140158109));
#501=CARTESIAN_POINT('Ctrl Pts',(0.821826563575122,12.1530597503632,-16.3650291562844));
#502=CARTESIAN_POINT('Ctrl Pts',(6.73405676568151,9.96242071050714,-16.5262984671916));
#503=CARTESIAN_POINT('Ctrl Pts',(10.7500721498501,5.08613525321142,-16.671646483572));
#504=CARTESIAN_POINT('Ctrl Pts',(11.7105440936907,-1.17129336677801,-16.7992484359353));
#505=CARTESIAN_POINT('Ctrl Pts',(10.1096755744253,-5.0796416086383,-16.870671271646));
#506=CARTESIAN_POINT('Ctrl Pts',(8.85770371495595,-6.68585030646857,-16.902274583391));
#507=CARTESIAN_POINT('',(-12.0422416517074,1.93785148295714,-15.8026345774267));
#508=CARTESIAN_POINT('',(-11.9608988005221,2.26444536255489,-15.8261623476878));
#509=CARTESIAN_POINT('Ctrl Pts',(-12.0419537923861,1.93782804950404,-15.8026299726782));
#510=CARTESIAN_POINT('Ctrl Pts',(-12.0186543597132,2.03806548772767,-15.8097549214449));
#511=CARTESIAN_POINT('Ctrl Pts',(-11.9939497695083,2.1379913471174,-15.8169583319177));
#512=CARTESIAN_POINT('Ctrl Pts',(-11.9678416811124,2.23752532000544,-15.8242483699683));
#513=CARTESIAN_POINT('Ctrl Pts',(-11.9654917553011,2.24648413186644,-15.8249045286392));
#514=CARTESIAN_POINT('Ctrl Pts',(-11.963130413943,2.25543993833498,-15.8255614032501));
#515=CARTESIAN_POINT('Ctrl Pts',(-11.9607576604199,2.2643926652354,-15.8262189997933));
#516=CARTESIAN_POINT('',(-12.4246271696572,1.36933766088414,-15.069880837007));
#517=CARTESIAN_POINT('Ctrl Pts',(-12.0422416517074,1.93785148295713,-15.8026345774267));
#518=CARTESIAN_POINT('Ctrl Pts',(-12.1503804204769,1.84935721611082,-15.7068872946198));
#519=CARTESIAN_POINT('Ctrl Pts',(-12.2391703126251,1.76801910229621,-15.5928851091547));
#520=CARTESIAN_POINT('Ctrl Pts',(-12.3721941652414,1.58292072481338,-15.3342603339956));
#521=CARTESIAN_POINT('Ctrl Pts',(-12.4097215633,1.48563592234833,-15.1991065515592));
#522=CARTESIAN_POINT('Ctrl Pts',(-12.4246271696572,1.36933766088417,-15.069880837007));
#523=CARTESIAN_POINT('',(-11.8687699495593,1.33941291864673,-14.1911323200147));
#524=CARTESIAN_POINT('Ctrl Pts',(-12.4244285485165,1.36931196656049,-15.0697990381135));
#525=CARTESIAN_POINT('Ctrl Pts',(-12.4243572518827,1.36947244893659,-15.0661599739398));
#526=CARTESIAN_POINT('Ctrl Pts',(-12.4242654194674,1.36963024973784,-15.0625219773956));
#527=CARTESIAN_POINT('Ctrl Pts',(-12.4241530058047,1.36978535504088,-15.0588851971048));
#528=CARTESIAN_POINT('Ctrl Pts',(-12.4227999917175,1.37165220694227,-15.0151128046231));
#529=CARTESIAN_POINT('Ctrl Pts',(-12.418469866726,1.373129222782,-14.971517012838));
#530=CARTESIAN_POINT('Ctrl Pts',(-12.4113141461847,1.37422465122995,-14.9283757859313));
#531=CARTESIAN_POINT('Ctrl Pts',(-12.4040556227413,1.37533581718788,-14.8846147691241));
#532=CARTESIAN_POINT('Ctrl Pts',(-12.3938894515402,1.37605435372971,-14.8413203329886));
#533=CARTESIAN_POINT('Ctrl Pts',(-12.3809215246696,1.37638079982556,-14.7987876118391));
#534=CARTESIAN_POINT('Ctrl Pts',(-12.3715070450067,1.37661779376924,-14.7679096278506));
#535=CARTESIAN_POINT('Ctrl Pts',(-12.3606147917869,1.37664796791618,-14.7374331452046));
#536=CARTESIAN_POINT('Ctrl Pts',(-12.3482697026905,1.3764689152615,-14.7074779877664));
#537=CARTESIAN_POINT('Ctrl Pts',(-12.3312696729459,1.37622234754282,-14.6662276927322));
#538=CARTESIAN_POINT('Ctrl Pts',(-12.3116222022869,1.37558098672366,-14.6262219302535));
#539=CARTESIAN_POINT('Ctrl Pts',(-12.2894514005035,1.37454701263343,-14.5877485812165));
#540=CARTESIAN_POINT('Ctrl Pts',(-12.281710114982,1.37418598425329,-14.5743150039028));
#541=CARTESIAN_POINT('Ctrl Pts',(-12.2736607521815,1.37377701951017,-14.5610683862739));
#542=CARTESIAN_POINT('Ctrl Pts',(-12.2653072269911,1.37331998750068,-14.5480215488724));
#543=CARTESIAN_POINT('Ctrl Pts',(-12.2413770859852,1.372010738988,-14.5106465902073));
#544=CARTESIAN_POINT('Ctrl Pts',(-12.2149537007675,1.37030753637923,-14.4749085548062));
#545=CARTESIAN_POINT('Ctrl Pts',(-12.186244916364,1.36822812641981,-14.4410017981373));
#546=CARTESIAN_POINT('Ctrl Pts',(-12.1764535982638,1.36751893009554,-14.4294376777057));
#547=CARTESIAN_POINT('Ctrl Pts',(-12.1663961197645,1.36676591525477,-14.4180868734225));
#548=CARTESIAN_POINT('Ctrl Pts',(-12.1560798093033,1.36596961490398,-14.4069581225668));
#549=CARTESIAN_POINT('Ctrl Pts',(-12.1258814187986,1.36363864696319,-14.3743815182242));
#550=CARTESIAN_POINT('Ctrl Pts',(-12.0936476496051,1.36095125350596,-14.3438988689717));
#551=CARTESIAN_POINT('Ctrl Pts',(-12.0596112663573,1.35792885259429,-14.3156803228527));
#552=CARTESIAN_POINT('Ctrl Pts',(-12.0257971651969,1.35492619013656,-14.287646064156));
#553=CARTESIAN_POINT('Ctrl Pts',(-11.9902030660898,1.35159278246715,-14.26184572972));
#554=CARTESIAN_POINT('Ctrl Pts',(-11.9530228602658,1.34794347988367,-14.2384826786655));
#555=CARTESIAN_POINT('Ctrl Pts',(-11.9268048966268,1.34537014064789,-14.2220080086235));
#556=CARTESIAN_POINT('Ctrl Pts',(-11.8997975135147,1.34263959357455,-14.2067460129875));
#557=CARTESIAN_POINT('Ctrl Pts',(-11.8720617257852,1.33975558042601,-14.1927819454394));
#558=CARTESIAN_POINT('Ctrl Pts',(-11.8709654247651,1.33964158523007,-14.1922299935119));
#559=CARTESIAN_POINT('Ctrl Pts',(-11.869868076158,1.33952735945356,-14.1916801168904));
#560=CARTESIAN_POINT('Ctrl Pts',(-11.8687696841284,1.33941290336756,-14.1911323202276));
#561=CARTESIAN_POINT('',(9.02865875505247,-6.84157678357178,-15.8474929435395));
#562=CARTESIAN_POINT('Ctrl Pts',(-11.8687696841284,1.33941290336756,-14.1911323202276));
#563=CARTESIAN_POINT('Ctrl Pts',(-11.608785018737,3.29449800875107,-14.2768499456175));
#564=CARTESIAN_POINT('Ctrl Pts',(-10.09908210313,7.09714233786857,-14.4467110725311));
#565=CARTESIAN_POINT('Ctrl Pts',(-5.31531513100842,11.0410726685942,-14.6963616826573));
#566=CARTESIAN_POINT('Ctrl Pts',(0.851050637462445,12.1413897839209,-14.9408077122396));
#567=CARTESIAN_POINT('Ctrl Pts',(6.79289334832735,10.001459619747,-15.1793555538432));
#568=CARTESIAN_POINT('Ctrl Pts',(10.8802654340273,5.12237747602457,-15.4112135183586));
#569=CARTESIAN_POINT('Ctrl Pts',(11.9005763134838,-1.20918444021276,-15.6351828441598));
#570=CARTESIAN_POINT('Ctrl Pts',(10.2966159336893,-5.19731965996352,-15.7780874807583));
#571=CARTESIAN_POINT('Ctrl Pts',(9.02865875505247,-6.84157678357178,-15.8474929435395));
#572=CARTESIAN_POINT('',(8.85770371495595,-6.68585030646857,-16.902274583391));
#573=CARTESIAN_POINT('Ctrl Pts',(8.85770371495595,-6.68585030646857,-16.902274583391));
#574=CARTESIAN_POINT('Ctrl Pts',(8.94734565332695,-6.7582974241137,-16.7870804993562));
#575=CARTESIAN_POINT('Ctrl Pts',(9.05830251704838,-6.85001502332267,-16.5473034918269));
#576=CARTESIAN_POINT('Ctrl Pts',(9.09472533600428,-6.88649973450959,-16.165365847111));
#577=CARTESIAN_POINT('Ctrl Pts',(9.05946694637183,-6.86350088433978,-15.9493356644624));
#578=CARTESIAN_POINT('Ctrl Pts',(9.02865875505247,-6.84157678357178,-15.8474929435395));
#579=CARTESIAN_POINT('',(0.000306862330932186,11.6608298293461,-16.3410033797034));
#580=CARTESIAN_POINT('Ctrl Pts',(8.85770371495595,-6.68585030646857,-16.902274583391));
#581=CARTESIAN_POINT('Ctrl Pts',(10.1096755744253,-5.0796416086383,-16.870671271646));
#582=CARTESIAN_POINT('Ctrl Pts',(11.7105440936907,-1.17129336677801,-16.7992484359353));
#583=CARTESIAN_POINT('Ctrl Pts',(10.7500721498501,5.08613525321142,-16.671646483572));
#584=CARTESIAN_POINT('Ctrl Pts',(6.73405676568151,9.96242071050714,-16.5262984671916));
#585=CARTESIAN_POINT('Ctrl Pts',(2.5419172549351,11.5157202537983,-16.411948479621));
#586=CARTESIAN_POINT('Ctrl Pts',(0.258227991809255,11.6538492458624,-16.3482323760682));
#587=CARTESIAN_POINT('Ctrl Pts',(0.000306862330931197,11.6608298293461,
-16.3410033797034));
#588=CARTESIAN_POINT('Ctrl Pts',(0.000306862330931197,11.6608298293461,
-16.3410033797034));
#589=CARTESIAN_POINT('Ctrl Pts',(-1.76966296997247,11.7087337067952,-16.2913947822636));
#590=CARTESIAN_POINT('Ctrl Pts',(-5.59172805103646,10.9419676779332,-16.1809523755405));
#591=CARTESIAN_POINT('Ctrl Pts',(-10.007800468134,7.37947914858777,-16.0090953446836));
#592=CARTESIAN_POINT('Ctrl Pts',(-11.5863695821884,3.91933315192279,-15.8846639177946));
#593=CARTESIAN_POINT('Ctrl Pts',(-11.9607576604199,2.26439266523527,-15.8262189997933));
#594=CARTESIAN_POINT('Ctrl Pts',(9.02865875505248,-6.84157678357178,-15.8474929435395));
#595=CARTESIAN_POINT('Ctrl Pts',(7.96985523813863,-8.21460834529908,-15.9054497494348));
#596=CARTESIAN_POINT('Ctrl Pts',(5.20938017065571,-10.4728294875929,-16.018567901406));
#597=CARTESIAN_POINT('Ctrl Pts',(-0.0221238439804563,-11.6732146361853,
-16.177250907204));
#598=CARTESIAN_POINT('Ctrl Pts',(-5.25058511324357,-10.4121228621083,-16.3219876965883));
#599=CARTESIAN_POINT('Ctrl Pts',(-9.3671312360877,-6.95608718572415,-16.4459674107542));
#600=CARTESIAN_POINT('Ctrl Pts',(-10.8940617730196,-3.47375332401047,-16.5121804787209));
#601=CARTESIAN_POINT('Ctrl Pts',(-11.3065325919835,-0.914019514371057,-16.5398859176269));
#602=CARTESIAN_POINT('Ctrl Pts',(-11.376785213244,0.34633792570218,-16.5491728192236));
#603=CARTESIAN_POINT('Ctrl Pts',(-11.2429741882968,1.92403576973527,-16.5468224787146));
#604=CARTESIAN_POINT('Ctrl Pts',(-11.057937342005,2.87764347715102,-16.5354676860289));
#605=CARTESIAN_POINT('Ctrl Pts',(-10.8772937747421,3.61995321597996,-16.5141983934104));
#606=CARTESIAN_POINT('Ctrl Pts',(-10.7214751193967,4.15099398601487,-16.4907404070262));
#607=CARTESIAN_POINT('Ctrl Pts',(-10.6380952647383,4.46938040327193,-16.4545916136389));
#608=CARTESIAN_POINT('Ctrl Pts',(-10.596730888284,4.61124124074668,-16.4405095076929));
#609=CARTESIAN_POINT('Ctrl Pts',(-10.5975492324179,4.76014226138236,-16.3824111688379));
#610=CARTESIAN_POINT('Ctrl Pts',(-10.7257383834169,4.63797501199888,-16.310879074253));
#611=CARTESIAN_POINT('Ctrl Pts',(-10.8497812574025,4.43296850887207,-16.2707911450461));
#612=CARTESIAN_POINT('Ctrl Pts',(-11.0973405969708,3.98962955151157,-16.190835139338));
#613=CARTESIAN_POINT('Ctrl Pts',(-11.2979075099452,3.5177014912898,-16.1383448596372));
#614=CARTESIAN_POINT('Ctrl Pts',(-11.576231626125,2.7523990367545,-16.0562791095556));
#615=CARTESIAN_POINT('Ctrl Pts',(-11.7134314827478,2.25316512290472,-16.0127478970194));
#616=CARTESIAN_POINT('Ctrl Pts',(-11.8008244034416,1.85137883102498,-15.9789517516305));
#617=CARTESIAN_POINT('Ctrl Pts',(9.08257308986135,-6.87994395991578,-16.0257177051545));
#618=CARTESIAN_POINT('Ctrl Pts',(8.01139916799378,-8.25650974504579,-16.0806690126363));
#619=CARTESIAN_POINT('Ctrl Pts',(5.22748751786799,-10.5133134544923,-16.186511597936));
#620=CARTESIAN_POINT('Ctrl Pts',(-0.0244175229683687,-11.6951227764369,
-16.3305960828209));
#621=CARTESIAN_POINT('Ctrl Pts',(-5.25384670158611,-10.4126054137294,-16.456529271875));
#622=CARTESIAN_POINT('Ctrl Pts',(-9.35730063422143,-6.94468084488634,-16.5567254075871));
#623=CARTESIAN_POINT('Ctrl Pts',(-10.8734852078751,-3.4645733009867,-16.6015684958368));
#624=CARTESIAN_POINT('Ctrl Pts',(-11.2820912997827,-0.908912016914769,-16.6111391866103));
#625=CARTESIAN_POINT('Ctrl Pts',(-11.3512563781738,0.349116528213377,-16.6109286170708));
#626=CARTESIAN_POINT('Ctrl Pts',(-11.2184631159664,1.92416725624683,-16.594498367272));
#627=CARTESIAN_POINT('Ctrl Pts',(-11.0355397050728,2.87675412839412,-16.5730371326865));
#628=CARTESIAN_POINT('Ctrl Pts',(-10.8581087348611,3.61918358397515,-16.5421040714707));
#629=CARTESIAN_POINT('Ctrl Pts',(-10.7055962677226,4.15099494964987,-16.5105187844969));
#630=CARTESIAN_POINT('Ctrl Pts',(-10.6267751416772,4.47138670626872,-16.4665773134563));
#631=CARTESIAN_POINT('Ctrl Pts',(-10.5871992858209,4.61403572862489,-16.4492733223125));
#632=CARTESIAN_POINT('Ctrl Pts',(-10.5949813952062,4.76654362079142,-16.3821927716192));
#633=CARTESIAN_POINT('Ctrl Pts',(-10.731626987272,4.64856120560402,-16.302685937099));
#634=CARTESIAN_POINT('Ctrl Pts',(-10.8604723863625,4.44545145267638,-16.2595073367455));
#635=CARTESIAN_POINT('Ctrl Pts',(-11.1177044210782,4.00547751053077,-16.1736962113056));
#636=CARTESIAN_POINT('Ctrl Pts',(-11.3248371960772,3.53449590951114,-16.1190990415996));
#637=CARTESIAN_POINT('Ctrl Pts',(-11.6134579441839,2.76980275738514,-16.033904529311));
#638=CARTESIAN_POINT('Ctrl Pts',(-11.7561716359563,2.26979448804607,-15.9895447112583));
#639=CARTESIAN_POINT('Ctrl Pts',(-11.8477742951075,1.8670031652598,-15.9552122574784));
#640=CARTESIAN_POINT('Ctrl Pts',(9.10832266040984,-6.89175436308803,-16.4205530306434));
#641=CARTESIAN_POINT('Ctrl Pts',(8.02657989411321,-8.26604703269705,-16.4635860538126));
#642=CARTESIAN_POINT('Ctrl Pts',(5.22599295018597,-10.5100728954109,-16.544408715265));
#643=CARTESIAN_POINT('Ctrl Pts',(-0.0254011919302553,-11.6643568315555,
-16.6466404776945));
#644=CARTESIAN_POINT('Ctrl Pts',(-5.23241197263309,-10.3645975243208,-16.725855765544));
#645=CARTESIAN_POINT('Ctrl Pts',(-9.30563574716885,-6.90128952457218,-16.7730354228255));
#646=CARTESIAN_POINT('Ctrl Pts',(-10.808771019775,-3.43938798095113,-16.7741140653137));
#647=CARTESIAN_POINT('Ctrl Pts',(-11.217105631281,-0.897240467027824,-16.7479914179099));
#648=CARTESIAN_POINT('Ctrl Pts',(-11.2879484674665,0.354322198211203,-16.72933586884));
#649=CARTESIAN_POINT('Ctrl Pts',(-11.1619732425486,1.92322694799519,-16.6859601685538));
#650=CARTESIAN_POINT('Ctrl Pts',(-10.9860427559498,2.8738622865351,-16.6453234482841));
#651=CARTESIAN_POINT('Ctrl Pts',(-10.8170651741768,3.61682762820077,-16.5960255767183));
#652=CARTESIAN_POINT('Ctrl Pts',(-10.6725159873149,4.15053409856966,-16.5490007255035));
#653=CARTESIAN_POINT('Ctrl Pts',(-10.603538391292,4.47517744473296,-16.4900179481966));
#654=CARTESIAN_POINT('Ctrl Pts',(-10.5678580584945,4.61951703227947,-16.4665239021029));
#655=CARTESIAN_POINT('Ctrl Pts',(-10.5898278111106,4.77933789827677,-16.3817360069807));
#656=CARTESIAN_POINT('Ctrl Pts',(-10.7430825871765,4.66961297018364,-16.2859251850911));
#657=CARTESIAN_POINT('Ctrl Pts',(-10.8811460256877,4.47017684664392,-16.2360151661756));
#658=CARTESIAN_POINT('Ctrl Pts',(-11.1569459588379,4.03674230179651,-16.1372860544585));
#659=CARTESIAN_POINT('Ctrl Pts',(-11.3765239225711,3.56758755127981,-16.0771752813392));
#660=CARTESIAN_POINT('Ctrl Pts',(-11.6847581230566,2.80414557401704,-15.9835872841467));
#661=CARTESIAN_POINT('Ctrl Pts',(-11.8379773121908,2.30271343289656,-15.9361720771991));
#662=CARTESIAN_POINT('Ctrl Pts',(-11.9376397167734,1.89805610470855,-15.8996272812559));
#663=CARTESIAN_POINT('Ctrl Pts',(8.96228597638878,-6.77037194372122,-16.7678814853505));
#664=CARTESIAN_POINT('Ctrl Pts',(7.9009007620422,-8.12492423432629,-16.7981979289619));
#665=CARTESIAN_POINT('Ctrl Pts',(5.15033451629849,-10.3401629052414,-16.8535147882065));
#666=CARTESIAN_POINT('Ctrl Pts',(-0.0195925474797361,-11.4915536982965,
-16.9161470744705));
#667=CARTESIAN_POINT('Ctrl Pts',(-5.15901424395991,-10.2263162791018,-16.9539371768957));
#668=CARTESIAN_POINT('Ctrl Pts',(-9.19610925628678,-6.82119714368753,-16.9563995787164));
#669=CARTESIAN_POINT('Ctrl Pts',(-10.7017798264656,-3.40219623858727,-16.9218185504609));
#670=CARTESIAN_POINT('Ctrl Pts',(-11.1232097983917,-0.883208189660596,-16.8666601725087));
#671=CARTESIAN_POINT('Ctrl Pts',(-11.2025901582642,0.358683678606806,-16.8329990295143));
#672=CARTESIAN_POINT('Ctrl Pts',(-11.0919448909235,1.91992451505135,-16.7674114640383));
#673=CARTESIAN_POINT('Ctrl Pts',(-10.9279361398063,2.86879691244796,-16.7107287693243));
#674=CARTESIAN_POINT('Ctrl Pts',(-10.7710650396459,3.61286194541701,-16.6456479108726));
#675=CARTESIAN_POINT('Ctrl Pts',(-10.636942230606,4.14914338353444,-16.5851484805966));
#676=CARTESIAN_POINT('Ctrl Pts',(-10.5791585027645,4.47851476955292,-16.5123346410343));
#677=CARTESIAN_POINT('Ctrl Pts',(-10.5479693440334,4.62477215456875,-16.4832033156089));
#678=CARTESIAN_POINT('Ctrl Pts',(-10.584632026268,4.79211413482821,-16.3812333584978));
#679=CARTESIAN_POINT('Ctrl Pts',(-10.7538818264543,4.69039670232387,-16.2684243150056));
#680=CARTESIAN_POINT('Ctrl Pts',(-10.900327692685,4.49433453254926,-16.2107494184267));
#681=CARTESIAN_POINT('Ctrl Pts',(-11.1929432996333,4.06691306094527,-16.0968630766552));
#682=CARTESIAN_POINT('Ctrl Pts',(-11.4232522507399,3.59928051383741,-16.0288855712104));
#683=CARTESIAN_POINT('Ctrl Pts',(-11.7484374903965,2.8369072605105,-15.9230776201221));
#684=CARTESIAN_POINT('Ctrl Pts',(-11.9105303886618,2.33417148864449,-15.8701068929456));
#685=CARTESIAN_POINT('Ctrl Pts',(-12.0170075432633,1.92787815446374,-15.8293338810825));
#686=CARTESIAN_POINT('Ctrl Pts',(8.85770371495595,-6.68585030646856,-16.902274583391));
#687=CARTESIAN_POINT('Ctrl Pts',(7.81224868680708,-8.02710965403474,-16.928664826047));
#688=CARTESIAN_POINT('Ctrl Pts',(5.09840081823044,-10.2246439714503,-16.9757789358987));
#689=CARTESIAN_POINT('Ctrl Pts',(-0.0155412823502097,-11.3785418264405,
-17.0253467087296));
#690=CARTESIAN_POINT('Ctrl Pts',(-5.11244044860851,-10.1398763731747,-17.0488172535672));
#691=CARTESIAN_POINT('Ctrl Pts',(-9.12990154299025,-6.77388069229988,-17.035057981614));
#692=CARTESIAN_POINT('Ctrl Pts',(-10.6396571721263,-3.38122714935491,-16.9868002512957));
#693=CARTESIAN_POINT('Ctrl Pts',(-11.0702201467284,-0.875771806385426,-16.9199580005537));
#694=CARTESIAN_POINT('Ctrl Pts',(-11.1552245786294,0.360617361405427,-16.8801535879916));
#695=CARTESIAN_POINT('Ctrl Pts',(-11.0539781750001,1.91770682450906,-16.8051380142542));
#696=CARTESIAN_POINT('Ctrl Pts',(-10.896970099889,2.86574001961975,-16.7414490130636));
#697=CARTESIAN_POINT('Ctrl Pts',(-10.7469392186574,3.61048584229789,-16.6692675771163));
#698=CARTESIAN_POINT('Ctrl Pts',(-10.6185761332464,4.14821538351003,-16.6025982405982));
#699=CARTESIAN_POINT('Ctrl Pts',(-10.5666994067311,4.48006795527478,-16.5232001453904));
#700=CARTESIAN_POINT('Ctrl Pts',(-10.5378938742408,4.62734058201991,-16.4913992329619));
#701=CARTESIAN_POINT('Ctrl Pts',(-10.5820254550374,4.79849755072102,-16.3809722279784));
#702=CARTESIAN_POINT('Ctrl Pts',(-10.7591176369397,4.70071502177622,-16.259494365607));
#703=CARTESIAN_POINT('Ctrl Pts',(-10.9095312283058,4.50625026769605,-16.1976963874404));
#704=CARTESIAN_POINT('Ctrl Pts',(-11.2100711397783,4.08166880500711,-16.0757207467688));
#705=CARTESIAN_POINT('Ctrl Pts',(-11.4452404231064,3.61468030809863,-16.0032950826682));
#706=CARTESIAN_POINT('Ctrl Pts',(-11.7780771409333,2.85273663021081,-15.8905556212006));
#707=CARTESIAN_POINT('Ctrl Pts',(-11.9440741963238,2.34934864473676,-15.8342884712999));
#708=CARTESIAN_POINT('Ctrl Pts',(-12.05353049014,1.94227988307689,-15.7909849528744));
#709=CARTESIAN_POINT('Ctrl Pts',(-11.9615449201483,2.26468660350569,-15.8259030022812));
#710=CARTESIAN_POINT('Ctrl Pts',(-11.871814694243,2.56152956346952,-15.8587796359753));
#711=CARTESIAN_POINT('Ctrl Pts',(-11.7339834482418,2.95367774812694,-15.905491170381));
#712=CARTESIAN_POINT('Ctrl Pts',(-11.4452404231064,3.61468030809863,-16.0032950826682));
#713=CARTESIAN_POINT('Ctrl Pts',(-11.2100711397783,4.08166880500711,-16.0757207467688));
#714=CARTESIAN_POINT('Ctrl Pts',(-10.9095312283058,4.50625026769605,-16.1976963874404));
#715=CARTESIAN_POINT('Ctrl Pts',(-10.7591176369397,4.70071502177622,-16.259494365607));
#716=CARTESIAN_POINT('Ctrl Pts',(-10.5820254550374,4.79849755072102,-16.3809722279784));
#717=CARTESIAN_POINT('Ctrl Pts',(-10.5378938742408,4.62734058201991,-16.4913992329619));
#718=CARTESIAN_POINT('Ctrl Pts',(-10.5666994067311,4.48006795527478,-16.5232001453904));
#719=CARTESIAN_POINT('Ctrl Pts',(-10.6185761332464,4.14821538351003,-16.6025982405982));
#720=CARTESIAN_POINT('Ctrl Pts',(-10.7469392186574,3.61048584229789,-16.6692675771163));
#721=CARTESIAN_POINT('Ctrl Pts',(-10.896970099889,2.86574001961975,-16.7414490130636));
#722=CARTESIAN_POINT('Ctrl Pts',(-11.0539781750001,1.91770682450906,-16.8051380142542));
#723=CARTESIAN_POINT('Ctrl Pts',(-11.1552245786294,0.360617361405427,-16.8801535879916));
#724=CARTESIAN_POINT('Ctrl Pts',(-11.0702201467284,-0.875771806385426,-16.9199580005537));
#725=CARTESIAN_POINT('Ctrl Pts',(-10.6396571721263,-3.38122714935491,-16.9868002512957));
#726=CARTESIAN_POINT('Ctrl Pts',(-9.12990154299025,-6.77388069229988,-17.035057981614));
#727=CARTESIAN_POINT('Ctrl Pts',(-5.11244044860851,-10.1398763731747,-17.0488172535672));
#728=CARTESIAN_POINT('Ctrl Pts',(-0.0155412823502097,-11.3785418264405,
-17.0253467087296));
#729=CARTESIAN_POINT('Ctrl Pts',(5.09840081823044,-10.2246439714503,-16.9757789358987));
#730=CARTESIAN_POINT('Ctrl Pts',(7.81224868680708,-8.02710965403474,-16.928664826047));
#731=CARTESIAN_POINT('Ctrl Pts',(8.85770371495595,-6.68585030646856,-16.902274583391));
#732=CARTESIAN_POINT('',(-11.7969632609804,1.86905989772389,-15.9804405552395));
#733=CARTESIAN_POINT('Ctrl Pts',(9.02865875505248,-6.84157678357178,-15.8474929435395));
#734=CARTESIAN_POINT('Ctrl Pts',(7.96985523813863,-8.21460834529908,-15.9054497494348));
#735=CARTESIAN_POINT('Ctrl Pts',(5.20938017065571,-10.4728294875929,-16.018567901406));
#736=CARTESIAN_POINT('Ctrl Pts',(-0.0221238439804563,-11.6732146361853,
-16.177250907204));
#737=CARTESIAN_POINT('Ctrl Pts',(-5.25058511324357,-10.4121228621083,-16.3219876965883));
#738=CARTESIAN_POINT('Ctrl Pts',(-9.3671312360877,-6.95608718572415,-16.4459674107542));
#739=CARTESIAN_POINT('Ctrl Pts',(-10.8940617730196,-3.47375332401047,-16.5121804787209));
#740=CARTESIAN_POINT('Ctrl Pts',(-11.3065325919835,-0.914019514371057,-16.5398859176269));
#741=CARTESIAN_POINT('Ctrl Pts',(-11.376785213244,0.34633792570218,-16.5491728192236));
#742=CARTESIAN_POINT('Ctrl Pts',(-11.2429741882968,1.92403576973527,-16.5468224787146));
#743=CARTESIAN_POINT('Ctrl Pts',(-11.057937342005,2.87764347715102,-16.5354676860289));
#744=CARTESIAN_POINT('Ctrl Pts',(-10.8772937747421,3.61995321597996,-16.5141983934104));
#745=CARTESIAN_POINT('Ctrl Pts',(-10.7214751193967,4.15099398601487,-16.4907404070262));
#746=CARTESIAN_POINT('Ctrl Pts',(-10.6380952647383,4.46938040327193,-16.4545916136389));
#747=CARTESIAN_POINT('Ctrl Pts',(-10.596730888284,4.61124124074668,-16.4405095076929));
#748=CARTESIAN_POINT('Ctrl Pts',(-10.5975492324179,4.76014226138236,-16.3824111688379));
#749=CARTESIAN_POINT('Ctrl Pts',(-10.7257383834169,4.63797501199888,-16.310879074253));
#750=CARTESIAN_POINT('Ctrl Pts',(-10.8497812574025,4.43296850887207,-16.2707911450461));
#751=CARTESIAN_POINT('Ctrl Pts',(-11.0973405969708,3.98962955151157,-16.190835139338));
#752=CARTESIAN_POINT('Ctrl Pts',(-11.2979075099452,3.5177014912898,-16.1383448596372));
#753=CARTESIAN_POINT('Ctrl Pts',(-11.5741900248128,2.75801278850857,-16.0568810895254));
#754=CARTESIAN_POINT('Ctrl Pts',(-11.7102059170067,2.26488079878323,-16.013770777542));
#755=CARTESIAN_POINT('Ctrl Pts',(-11.7969636183738,1.86906067541845,-15.9804398651464));
#756=CARTESIAN_POINT('Ctrl Pts',(-11.7969636183737,1.86906067541855,-15.9804398651464));
#757=CARTESIAN_POINT('Ctrl Pts',(-11.8286524652175,1.87736475685215,-15.9644274809426));
#758=CARTESIAN_POINT('Ctrl Pts',(-11.8594312847507,1.88561719897029,-15.9466461593448));
#759=CARTESIAN_POINT('Ctrl Pts',(-11.8891635641284,1.89378084566195,-15.9271813394187));
#760=CARTESIAN_POINT('Ctrl Pts',(-11.9040528740044,1.89786903088873,-15.917433760638));
#761=CARTESIAN_POINT('Ctrl Pts',(-11.9186687876177,1.90193198528127,-15.9072707374701));
#762=CARTESIAN_POINT('Ctrl Pts',(-11.9329944042207,1.90596508998397,-15.896702806323));
#763=CARTESIAN_POINT('Ctrl Pts',(-11.9473342727548,1.91000220704661,-15.8861243616021));
#764=CARTESIAN_POINT('Ctrl Pts',(-11.9613832767572,1.91400941903542,-15.8751401947566));
#765=CARTESIAN_POINT('Ctrl Pts',(-11.9751261772224,1.91798232252453,-15.8637633216737));
#766=CARTESIAN_POINT('Ctrl Pts',(-11.9984316770812,1.92471965587994,-15.8444701808482));
#767=CARTESIAN_POINT('Ctrl Pts',(-12.0208280220661,1.93134990152364,-15.8240724599926));
#768=CARTESIAN_POINT('Ctrl Pts',(-12.042241475568,1.93785145595825,-15.8026343867727));
#769=CARTESIAN_POINT('Ctrl Pts',(-11.9441084674496,1.33226762955019E-14,
-2.11959126650702));
#770=CARTESIAN_POINT('Ctrl Pts',(-11.9441084674496,2.69631146564215,-2.26330439471304));
#771=CARTESIAN_POINT('Ctrl Pts',(-10.0516021260881,8.07988075353557,-2.55074448784529));
#772=CARTESIAN_POINT('Ctrl Pts',(-2.76824682096624,12.5969049611241,-2.98190568514433));
#773=CARTESIAN_POINT('Ctrl Pts',(5.73982814960588,11.550226779622,-3.4130649166303));
#774=CARTESIAN_POINT('Ctrl Pts',(11.0389080063918,6.08832275812994,-3.79631759455544));
#775=CARTESIAN_POINT('Ctrl Pts',(12.3515916919255,-0.237143944957381,-4.13166527394044));
#776=CARTESIAN_POINT('Ctrl Pts',(11.0171191906389,-5.59942146441548,-4.41910397288025));
#777=CARTESIAN_POINT('Ctrl Pts',(7.46527081210472,-9.84941544656286,-4.70654616062882));
#778=CARTESIAN_POINT('Ctrl Pts',(2.98465514128517,-11.8608222879114,-4.96204465780343));
#779=CARTESIAN_POINT('Ctrl Pts',(-2.4693380761883,-12.1231452633701,-5.24948815537913));
#780=CARTESIAN_POINT('Ctrl Pts',(-7.64920493310676,-9.90779042434671,-5.5369251851379));
#781=CARTESIAN_POINT('Ctrl Pts',(-11.3164154369212,-4.96225018352786,-5.85630522944358));
#782=CARTESIAN_POINT('Ctrl Pts',(-12.3460163177939,0.465324276551161,-6.14374567284045));
#783=CARTESIAN_POINT('Ctrl Pts',(-10.6742199775214,6.7063974909121,-6.47909045984824));
#784=CARTESIAN_POINT('Ctrl Pts',(-5.07356862612409,11.8581931177186,-6.86234480723167));
#785=CARTESIAN_POINT('Ctrl Pts',(3.47952330743402,12.4184684493487,-7.29350330050085));
#786=CARTESIAN_POINT('Ctrl Pts',(10.4963842213718,7.49646394506245,-7.72466539641681));
#787=CARTESIAN_POINT('Ctrl Pts',(12.604472113842,0.182181905776322,-8.10791744952159));
#788=CARTESIAN_POINT('Ctrl Pts',(10.7909322841154,-6.01462381871297,-8.4432649500976));
#789=CARTESIAN_POINT('Ctrl Pts',(7.08979056043479,-10.1254852047041,-8.73070345469593));
#790=CARTESIAN_POINT('Ctrl Pts',(2.53115826368012,-11.9647275531621,-8.98620624854063));
#791=CARTESIAN_POINT('Ctrl Pts',(-2.92712888395555,-12.0226861550022,-9.27364682574754));
#792=CARTESIAN_POINT('Ctrl Pts',(-8.02067361693764,-9.60914732197531,-9.56108582129802));
#793=CARTESIAN_POINT('Ctrl Pts',(-11.494865053814,-4.53040669167256,-9.88046522736874));
#794=CARTESIAN_POINT('Ctrl Pts',(-12.3227948954532,0.935369189436103,-10.1679033013279));
#795=CARTESIAN_POINT('Ctrl Pts',(-10.6783841707334,6.21970321740442,-10.4553448420118));
#796=CARTESIAN_POINT('Ctrl Pts',(-6.89393019513893,10.2562660053433,-10.7427835489699));
#797=CARTESIAN_POINT('Ctrl Pts',(-1.73085982008988,12.233612703842,-11.030224506551));
#798=CARTESIAN_POINT('Ctrl Pts',(4.399950671238,11.7177033091457,-11.3496006847782));
#799=CARTESIAN_POINT('Ctrl Pts',(9.01370412536112,8.47754998941367,-11.6370424171689));
#800=CARTESIAN_POINT('Ctrl Pts',(11.3597485652404,4.23140470657513,-11.8925429195306));
#801=CARTESIAN_POINT('Ctrl Pts',(12.361491830032,-0.510285359518475,-12.1480461835784));
#802=CARTESIAN_POINT('Ctrl Pts',(10.7727916321307,-6.90111877512485,-12.4833934618503));
#803=CARTESIAN_POINT('Ctrl Pts',(4.38759821535665,-12.1272515278332,-12.8985835502962));
#804=CARTESIAN_POINT('Ctrl Pts',(-4.17954859929501,-12.2010195570426,-13.3297458651757));
#805=CARTESIAN_POINT('Ctrl Pts',(-10.9051497294427,-6.88594153062185,-13.7608985249267));
#806=CARTESIAN_POINT('Ctrl Pts',(-12.1730842676477,-1.32207998710803,-14.0483507383776));
#807=CARTESIAN_POINT('Ctrl Pts',(-11.8667961946624,1.3567885452597,-14.1920643951476));
#808=CARTESIAN_POINT('Ctrl Pts',(-12.1074437811048,-0.00515156503736026,
-2.20041478266075));
#809=CARTESIAN_POINT('Ctrl Pts',(-12.1086019701458,2.72809221735657,-2.34412791086677));
#810=CARTESIAN_POINT('Ctrl Pts',(-10.1925517214385,8.18600243066756,-2.63156800399902));
#811=CARTESIAN_POINT('Ctrl Pts',(-2.81153375809917,12.7679976363883,-3.06272920129807));
#812=CARTESIAN_POINT('Ctrl Pts',(5.81333999684115,11.7106431862698,-3.49388843278403));
#813=CARTESIAN_POINT('Ctrl Pts',(11.1872428056033,6.17635380660915,-3.87714111070918));
#814=CARTESIAN_POINT('Ctrl Pts',(12.5206045277509,-0.235062815139253,-4.21248879009417));
#815=CARTESIAN_POINT('Ctrl Pts',(11.1702010661159,-5.671244148874,-4.49992748903398));
#816=CARTESIAN_POINT('Ctrl Pts',(7.57160619872015,-9.9808843726149,-4.78736967678255));
#817=CARTESIAN_POINT('Ctrl Pts',(3.03059661171743,-12.0217409666548,-5.04286817395716));
#818=CARTESIAN_POINT('Ctrl Pts',(-2.49788905642314,-12.2899913857098,-5.33031167153286));
#819=CARTESIAN_POINT('Ctrl Pts',(-7.74953898234643,-10.0465854455775,-5.61774870129164));
#820=CARTESIAN_POINT('Ctrl Pts',(-11.4690270876939,-5.03499456652118,-5.93712874559731));
#821=CARTESIAN_POINT('Ctrl Pts',(-12.5150557672744,0.466362737527838,-6.22456918899418));
#822=CARTESIAN_POINT('Ctrl Pts',(-10.8230783027451,6.79351808251402,-6.55991397600198));
#823=CARTESIAN_POINT('Ctrl Pts',(-5.14807028416456,12.0181623401328,-6.9431683233854));
#824=CARTESIAN_POINT('Ctrl Pts',(3.52175451040118,12.5898025319121,-7.37432681665459));
#825=CARTESIAN_POINT('Ctrl Pts',(10.6366893626339,7.60349879912508,-7.80548891257054));
#826=CARTESIAN_POINT('Ctrl Pts',(12.7767691813971,0.190123458837412,-8.18874096567532));
#827=CARTESIAN_POINT('Ctrl Pts',(10.9410954404608,-6.09222153362203,-8.52408846625132));
#828=CARTESIAN_POINT('Ctrl Pts',(7.19110450081619,-10.2609051517812,-8.81152697084966));
#829=CARTESIAN_POINT('Ctrl Pts',(2.57094124014909,-12.1272534513977,-9.06702976469436));
#830=CARTESIAN_POINT('Ctrl Pts',(-2.96197443344583,-12.1883669580632,-9.35447034190127));
#831=CARTESIAN_POINT('Ctrl Pts',(-8.12621903730592,-9.7440071874071,-9.64190933745176));
#832=CARTESIAN_POINT('Ctrl Pts',(-11.6501038785914,-4.59732820321186,-9.96128874352246));
#833=CARTESIAN_POINT('Ctrl Pts',(-12.4917188718564,0.942858859335507,-10.2487268174816));
#834=CARTESIAN_POINT('Ctrl Pts',(-10.8270962945016,6.3001479306649,-10.5361683581655));
#835=CARTESIAN_POINT('Ctrl Pts',(-6.99263084916498,10.3935548438101,-10.8236070651236));
#836=CARTESIAN_POINT('Ctrl Pts',(-1.75980588735546,12.4001618894252,-11.1110480227048));
#837=CARTESIAN_POINT('Ctrl Pts',(4.45507020795116,11.8798483166329,-11.4304242009319));
#838=CARTESIAN_POINT('Ctrl Pts',(9.13330380948011,8.59737573891672,-11.7178659333227));
#839=CARTESIAN_POINT('Ctrl Pts',(11.5132765290053,4.29417035107187,-11.9733664356844));
#840=CARTESIAN_POINT('Ctrl Pts',(12.5307549434305,-0.511939071765614,-12.2288696997321));
#841=CARTESIAN_POINT('Ctrl Pts',(10.923089368625,-6.99085789446324,-12.564216978004));
#842=CARTESIAN_POINT('Ctrl Pts',(4.45283132665915,-12.2911913987,-12.9794070664499));
#843=CARTESIAN_POINT('Ctrl Pts',(-4.23144543486091,-12.3696948502504,-13.4105693813294));
#844=CARTESIAN_POINT('Ctrl Pts',(-11.051307353705,-6.98477361462647,-13.8417220410804));
#845=CARTESIAN_POINT('Ctrl Pts',(-12.3389921671895,-1.34546912508721,-14.1291742545314));
#846=CARTESIAN_POINT('Ctrl Pts',(-12.0296594563509,1.37022436683308,-14.2728879113013));
#847=CARTESIAN_POINT('Ctrl Pts',(-12.3882952466608,-0.0203260774676173,
-2.45349048800764));
#848=CARTESIAN_POINT('Ctrl Pts',(-12.3928850408991,2.77621559797172,-2.59720361621365));
#849=CARTESIAN_POINT('Ctrl Pts',(-10.4391536180521,8.3632810099017,-2.88464370934591));
#850=CARTESIAN_POINT('Ctrl Pts',(-2.89263201333781,13.0606404599934,-3.31580490664496));
#851=CARTESIAN_POINT('Ctrl Pts',(5.93362819108091,11.9895391083555,-3.74696413813091));
#852=CARTESIAN_POINT('Ctrl Pts',(11.4390681998877,6.33351695971334,-4.13021681605607));
#853=CARTESIAN_POINT('Ctrl Pts',(12.8113336887161,-0.22494134705507,-4.46556449544106));
#854=CARTESIAN_POINT('Ctrl Pts',(11.4363555714765,-5.78890704771987,-4.75300319438087));
#855=CARTESIAN_POINT('Ctrl Pts',(7.75965660677668,-10.2030002034765,-5.04044538212944));
#856=CARTESIAN_POINT('Ctrl Pts',(3.11582731998973,-12.2968262231036,-5.29594387930405));
#857=CARTESIAN_POINT('Ctrl Pts',(-2.5405307621194,-12.5781938335477,-5.58338737687976));
#858=CARTESIAN_POINT('Ctrl Pts',(-7.91680572095355,-10.289261034637,-5.87082440663852));
#859=CARTESIAN_POINT('Ctrl Pts',(-11.7288144690181,-5.16604463511522,-6.1902044509442));
#860=CARTESIAN_POINT('Ctrl Pts',(-12.8059362858411,0.4616192787717,-6.47764489434107));
#861=CARTESIAN_POINT('Ctrl Pts',(-11.0825960504884,6.9376248085717,-6.81298968134886));
#862=CARTESIAN_POINT('Ctrl Pts',(-5.28242403326717,12.2905530471305,-7.19624402873229));
#863=CARTESIAN_POINT('Ctrl Pts',(3.58778608192096,12.886209458922,-7.62740252200147));
#864=CARTESIAN_POINT('Ctrl Pts',(10.8739739967646,7.7931149728988,-8.05856461791744));
#865=CARTESIAN_POINT('Ctrl Pts',(13.0729005388063,0.210396893110736,-8.44181667102221));
#866=CARTESIAN_POINT('Ctrl Pts',(11.2024669245739,-6.219935312672,-8.77716417159822));
#867=CARTESIAN_POINT('Ctrl Pts',(7.37068612601947,-10.4899657817635,-9.06460267619656));
#868=CARTESIAN_POINT('Ctrl Pts',(2.64564380511915,-12.405373766814,-9.32010547004125));
#869=CARTESIAN_POINT('Ctrl Pts',(-3.01552388673422,-12.4747704374704,-9.60754604724817));
#870=CARTESIAN_POINT('Ctrl Pts',(-8.30259479425917,-9.98015181246894,-9.89498504279863));
#871=CARTESIAN_POINT('Ctrl Pts',(-11.9146350562622,-4.71844115254251,-10.2143644488694));
#872=CARTESIAN_POINT('Ctrl Pts',(-12.7826512054884,0.949174760059069,-10.5018025228285));
#873=CARTESIAN_POINT('Ctrl Pts',(-11.086082756068,6.43283707164597,-10.7892440635124));
#874=CARTESIAN_POINT('Ctrl Pts',(-7.16775857319465,10.6259465587192,-11.0766827704705));
#875=CARTESIAN_POINT('Ctrl Pts',(-1.8160469490651,12.6856192726644,-11.3641237280517));
#876=CARTESIAN_POINT('Ctrl Pts',(4.5436359546984,12.1609522760235,-11.6834999062788));
#877=CARTESIAN_POINT('Ctrl Pts',(9.33449041635357,8.80815363107919,-11.9709416386696));
#878=CARTESIAN_POINT('Ctrl Pts',(11.774996777207,4.40809556097051,-12.2264421410313));
#879=CARTESIAN_POINT('Ctrl Pts',(12.8220687289712,-0.508220878878931,-12.481945405079));
#880=CARTESIAN_POINT('Ctrl Pts',(11.1851596797166,-7.13942127537786,-12.8172926833509));
#881=CARTESIAN_POINT('Ctrl Pts',(4.57140402242749,-12.5707878388246,-13.2324827717968));
#882=CARTESIAN_POINT('Ctrl Pts',(-4.31421561868707,-12.6618562131672,-13.6636450866763));
#883=CARTESIAN_POINT('Ctrl Pts',(-11.2989794382174,-7.16060472055753,-14.0947977464273));
#884=CARTESIAN_POINT('Ctrl Pts',(-12.6235304045515,-1.39192037217664,-14.3822499598783));
#885=CARTESIAN_POINT('Ctrl Pts',(-12.3104167616374,1.38705134103297,-14.5259636166482));
#886=CARTESIAN_POINT('Ctrl Pts',(-12.4967216141197,-0.0408105760271567,
-2.81540101884043));
#887=CARTESIAN_POINT('Ctrl Pts',(-12.5059339354253,2.78035755052984,-2.95911414704644));
#888=CARTESIAN_POINT('Ctrl Pts',(-10.5442746721642,8.41930153217433,-3.2465542401787));
#889=CARTESIAN_POINT('Ctrl Pts',(-2.93936510946059,13.1703056295586,-3.67771543747775));
#890=CARTESIAN_POINT('Ctrl Pts',(5.96592949522646,12.1042138459685,-4.10887466896371));
#891=CARTESIAN_POINT('Ctrl Pts',(11.5288435308534,6.4077486495728,-4.49212734688886));
#892=CARTESIAN_POINT('Ctrl Pts',(12.9238735726824,-0.205918292965075,-4.82747502627385));
#893=CARTESIAN_POINT('Ctrl Pts',(11.5459903749921,-5.82084774412964,-5.11491372521366));
#894=CARTESIAN_POINT('Ctrl Pts',(7.84431650603813,-10.2796039710471,-5.40235591296224));
#895=CARTESIAN_POINT('Ctrl Pts',(3.16329128944731,-12.3993996955171,-5.65785441013684));
#896=CARTESIAN_POINT('Ctrl Pts',(-2.54218458083918,-12.6924760706644,-5.94529790771255));
#897=CARTESIAN_POINT('Ctrl Pts',(-7.96926202976526,-10.3923391337802,-6.23273493747131));
#898=CARTESIAN_POINT('Ctrl Pts',(-11.8230321971353,-5.23051121209816,-6.552114981777));
#899=CARTESIAN_POINT('Ctrl Pts',(-12.9188273387659,0.444668591087419,-6.83955542517386));
#900=CARTESIAN_POINT('Ctrl Pts',(-11.1909892932443,6.98023448502366,-7.17490021218166));
#901=CARTESIAN_POINT('Ctrl Pts',(-5.34883304879147,12.3894898695586,-7.55815455956508));
#902=CARTESIAN_POINT('Ctrl Pts',(3.59808497180429,13.004937885649,-7.98931305283427));
#903=CARTESIAN_POINT('Ctrl Pts',(10.9564042514661,7.87915283898672,-8.42047514875022));
#904=CARTESIAN_POINT('Ctrl Pts',(13.1870312232951,0.233703566045981,-8.80372720185501));
#905=CARTESIAN_POINT('Ctrl Pts',(11.3107488544335,-6.25603283410786,-9.13907470243101));
#906=CARTESIAN_POINT('Ctrl Pts',(7.45239882900916,-10.5697547457144,-9.42651320702935));
#907=CARTESIAN_POINT('Ctrl Pts',(2.68916334803219,-12.5096456044428,-9.68201600087404));
#908=CARTESIAN_POINT('Ctrl Pts',(-3.02148159327379,-12.5889515461535,-9.96945657808095));
#909=CARTESIAN_POINT('Ctrl Pts',(-8.35894407551826,-10.0811281668993,-10.2568955736314));
#910=CARTESIAN_POINT('Ctrl Pts',(-12.0112139537892,-4.77930753994702,-10.5762749797021));
#911=CARTESIAN_POINT('Ctrl Pts',(-12.8961381948695,0.936563947736391,-10.8637130536613));
#912=CARTESIAN_POINT('Ctrl Pts',(-11.1936927489238,6.4709745352206,-11.1511545943452));
#913=CARTESIAN_POINT('Ctrl Pts',(-7.2479383918555,10.7072472922744,-11.4385933013033));
#914=CARTESIAN_POINT('Ctrl Pts',(-1.8527410658187,12.79370875771,-11.7260342588845));
#915=CARTESIAN_POINT('Ctrl Pts',(4.56349086681779,12.2748900231881,-12.0454104371116));
#916=CARTESIAN_POINT('Ctrl Pts',(9.40175969714406,8.90058839942359,-12.3328521695024));
#917=CARTESIAN_POINT('Ctrl Pts',(11.8708828531006,4.4659956346154,-12.588352671864));
#918=CARTESIAN_POINT('Ctrl Pts',(12.9351603798414,-0.49167051766853,-12.8438559359118));
#919=CARTESIAN_POINT('Ctrl Pts',(11.2947998318874,-7.18362394464911,-13.1792032141837));
#920=CARTESIAN_POINT('Ctrl Pts',(4.63203680736491,-12.6733329259643,-13.5943933026296));
#921=CARTESIAN_POINT('Ctrl Pts',(-4.3312375841628,-12.7798429292386,-14.0255556175091));
#922=CARTESIAN_POINT('Ctrl Pts',(-11.3861707405767,-7.24172671256824,-14.4567082772601));
#923=CARTESIAN_POINT('Ctrl Pts',(-12.7317867020058,-1.42494784202369,-14.744160490711));
#924=CARTESIAN_POINT('Ctrl Pts',(-12.4204682352443,1.37901610621866,-14.887874147481));
#925=CARTESIAN_POINT('Ctrl Pts',(-12.4997542074186,-0.0508988076575766,
-2.99740770836884));
#926=CARTESIAN_POINT('Ctrl Pts',(-12.5112443105978,2.77084637985632,-3.14112083657485));
#927=CARTESIAN_POINT('Ctrl Pts',(-10.5536392780393,8.41292668724711,-3.42856092970711));
#928=CARTESIAN_POINT('Ctrl Pts',(-2.95070765526701,13.1711224621326,-3.85972212700616));
#929=CARTESIAN_POINT('Ctrl Pts',(5.95762743494514,12.1120087437621,-4.29088135849212));
#930=CARTESIAN_POINT('Ctrl Pts',(11.5264985079775,6.41859586894677,-4.67413403641727));
#931=CARTESIAN_POINT('Ctrl Pts',(12.9272043187057,-0.195540733769899,-5.00948171580226));
#932=CARTESIAN_POINT('Ctrl Pts',(11.5535023990281,-5.81296075529843,-5.29692041474207));
#933=CARTESIAN_POINT('Ctrl Pts',(7.85453129475067,-10.275802427623,-5.58436260249065));
#934=CARTESIAN_POINT('Ctrl Pts',(3.17404664195596,-12.3998746589102,-5.83986109966525));
#935=CARTESIAN_POINT('Ctrl Pts',(-2.53255112768307,-12.6976427575194,-6.12730459724096));
#936=CARTESIAN_POINT('Ctrl Pts',(-7.96282845941,-10.4013020973595,-6.41474162699972));
#937=CARTESIAN_POINT('Ctrl Pts',(-11.8217143822592,-5.2413204244687,-6.73412167130541));
#938=CARTESIAN_POINT('Ctrl Pts',(-12.9223419466325,0.434359884446466,-7.02156211470227));
#939=CARTESIAN_POINT('Ctrl Pts',(-11.1993686322795,6.97289508137757,-7.35690690171007));
#940=CARTESIAN_POINT('Ctrl Pts',(-5.36012619494884,12.3882214503651,-7.74016124909349));
#941=CARTESIAN_POINT('Ctrl Pts',(3.58847217284659,13.0110093407574,-8.17131974236268));
#942=CARTESIAN_POINT('Ctrl Pts',(10.9527355778657,7.88993255013219,-8.60248183827864));
#943=CARTESIAN_POINT('Ctrl Pts',(13.1900619393107,0.244369988178292,-8.9857338913834));
#944=CARTESIAN_POINT('Ctrl Pts',(11.3185625172147,-6.24844240159167,-9.32108139195943));
#945=CARTESIAN_POINT('Ctrl Pts',(7.46275996691599,-10.5663151626197,-9.60851989655774));
#946=CARTESIAN_POINT('Ctrl Pts',(2.6998956523515,-12.5105461862528,-9.86402269040246));
#947=CARTESIAN_POINT('Ctrl Pts',(-3.01206668465821,-12.5944610793238,-10.1514632676094));
#948=CARTESIAN_POINT('Ctrl Pts',(-8.35285068954634,-10.0903489548612,-10.4389022631599));
#949=CARTESIAN_POINT('Ctrl Pts',(-12.0103058266969,-4.79014781110675,-10.7582816692305));
#950=CARTESIAN_POINT('Ctrl Pts',(-12.9000433090473,0.926370471610301,-11.0457197431897));
#951=CARTESIAN_POINT('Ctrl Pts',(-11.2016525393189,6.46354180799989,-11.3331612838736));
#952=CARTESIAN_POINT('Ctrl Pts',(-7.25834539340387,10.7040145921403,-11.6205999908317));
#953=CARTESIAN_POINT('Ctrl Pts',(-1.86351276692176,12.7953504091332,-11.9080409484129));
#954=CARTESIAN_POINT('Ctrl Pts',(4.55470451700753,12.2815665884536,-12.22741712664));
#955=CARTESIAN_POINT('Ctrl Pts',(9.39689966689124,8.9103408790509,-12.5148588590308));
#956=CARTESIAN_POINT('Ctrl Pts',(11.8701778249652,4.47666032063264,-12.7703593613924));
#957=CARTESIAN_POINT('Ctrl Pts',(12.938728985084,-0.481346631293188,-13.0258626254402));
#958=CARTESIAN_POINT('Ctrl Pts',(11.3033556765208,-7.17625483975077,-13.3612099037121));
#959=CARTESIAN_POINT('Ctrl Pts',(4.64339067641098,-12.6727197935548,-13.7763999921581));
#960=CARTESIAN_POINT('Ctrl Pts',(-4.32198962209446,-12.7864277186861,-14.2075623070375));
#961=CARTESIAN_POINT('Ctrl Pts',(-11.3831187459615,-7.25275025541379,-14.6387149667885));
#962=CARTESIAN_POINT('Ctrl Pts',(-12.7337481412956,-1.43545836031721,-14.9261671802395));
#963=CARTESIAN_POINT('Ctrl Pts',(-12.4246271696572,1.36933766088409,-15.0698808370094));
#964=CARTESIAN_POINT('',(-12.4998578365715,1.37753782321579E-14,-2.99999999999999));
#965=CARTESIAN_POINT('Ctrl Pts',(-12.499854108465,-5.06347275883341E-7,
-3.00000000001054));
#966=CARTESIAN_POINT('Ctrl Pts',(-12.4994457962904,2.80474791944779,-3.14284911370435));
#967=CARTESIAN_POINT('Ctrl Pts',(-11.5218802319595,5.60513572817591,-3.28570502276118));
#968=CARTESIAN_POINT('Ctrl Pts',(-9.77588526571675,7.79543923954708,-3.42856110597149));
#969=CARTESIAN_POINT('Ctrl Pts',(-8.01932873711506,9.99899194554233,-3.57228132880439));
#970=CARTESIAN_POINT('Ctrl Pts',(-5.48501819619096,11.5850572038374,-3.71600172790407));
#971=CARTESIAN_POINT('Ctrl Pts',(-2.73314041069356,12.2015708799232,-3.85972179936824));
#972=CARTESIAN_POINT('Ctrl Pts',(0.0187373748038377,12.818084556009,-4.00344187083241));
#973=CARTESIAN_POINT('Ctrl Pts',(2.98818240487453,12.4650466498855,-4.14716161466106));
#974=CARTESIAN_POINT('Ctrl Pts',(5.51706824610343,11.2210127827959,-4.29088136368636));
#975=CARTESIAN_POINT('Ctrl Pts',(8.04595408733233,9.97697891570626,-4.43460111271165));
#976=CARTESIAN_POINT('Ctrl Pts',(10.1342807397194,7.84194908765048,-4.57832086693358));
#977=CARTESIAN_POINT('Ctrl Pts',(11.3297928948615,5.28715917287245,-4.72204102903564));
#978=CARTESIAN_POINT('Ctrl Pts',(12.1268009982895,3.58396589635377,-4.81785447043701));
#979=CARTESIAN_POINT('Ctrl Pts',(12.5270026584976,1.69421258129187,-4.91366809311843));
#980=CARTESIAN_POINT('Ctrl Pts',(12.4981531686553,-0.186900746493831,-5.00948135428245));
#981=CARTESIAN_POINT('Ctrl Pts',(12.4693036788131,-2.06801407427954,-5.10529461544646));
#982=CARTESIAN_POINT('Ctrl Pts',(12.0114030389206,-3.94048741478905,-5.20110751509307));
#983=CARTESIAN_POINT('Ctrl Pts',(11.165957534928,-5.62053103043122,-5.2969209962078));
#984=CARTESIAN_POINT('Ctrl Pts',(10.3205120309355,-7.30057464607338,-5.39273447732253));
#985=CARTESIAN_POINT('Ctrl Pts',(9.08752166284303,-8.7881885368482,-5.48854853990539));
#986=CARTESIAN_POINT('Ctrl Pts',(7.59343560639777,-9.93025902560197,-5.58436153941705));
#987=CARTESIAN_POINT('Ctrl Pts',(6.09934954995251,-11.0723295143557,-5.68017453892872));
#988=CARTESIAN_POINT('Ctrl Pts',(4.34416780515449,-11.8688566010884,-5.7759864753692));
#989=CARTESIAN_POINT('Ctrl Pts',(2.50077555330748,-12.2470210555033,-5.87179994946053));
#990=CARTESIAN_POINT('Ctrl Pts',(1.27184738540947,-12.4991306917799,-5.93567559885475));
#991=CARTESIAN_POINT('Ctrl Pts',(0.00371454771191035,-12.5653013803598,
-5.99955193164936));
#992=CARTESIAN_POINT('Ctrl Pts',(-1.24395010939957,-12.4393158645863,-6.06342778534641));
#993=CARTESIAN_POINT('Ctrl Pts',(-3.73927942362251,-12.1873448330394,-6.19117949274051));
#994=CARTESIAN_POINT('Ctrl Pts',(-6.15273601550112,-11.1667489840794,-6.3189292837444));
#995=CARTESIAN_POINT('Ctrl Pts',(-8.06910562295746,-9.54992638072149,-6.4466803471588));
#996=CARTESIAN_POINT('Ctrl Pts',(-9.50638282854973,-8.33730942820306,-6.54249364471959));
#997=CARTESIAN_POINT('Ctrl Pts',(-10.6640486054045,-6.78931492633582,-6.6383076580113));
#998=CARTESIAN_POINT('Ctrl Pts',(-11.4263194212274,-5.06937095724966,-6.73412140522329));
#999=CARTESIAN_POINT('Ctrl Pts',(-12.1885902370503,-3.34942698816351,-6.82993515243529));
#1000=CARTESIAN_POINT('Ctrl Pts',(-12.5554660918414,-1.45753355185845,-6.92574863356758));
#1001=CARTESIAN_POINT('Ctrl Pts',(-12.4927649743294,0.422489622998509,-7.02156177227769));
#1002=CARTESIAN_POINT('Ctrl Pts',(-12.4300638568173,2.30251279785547,-7.11737491098781));
#1003=CARTESIAN_POINT('Ctrl Pts',(-11.9377857670022,4.17066571126434,-7.21318770727575));
#1004=CARTESIAN_POINT('Ctrl Pts',(-11.05849466938,5.83309009620841,-7.30900081978686));
#1005=CARTESIAN_POINT('Ctrl Pts',(-9.73955802294674,8.32672667362451,-7.45272048855352));
#1006=CARTESIAN_POINT('Ctrl Pts',(-7.54984210894771,10.3574740619948,-7.5964408688223));
#1007=CARTESIAN_POINT('Ctrl Pts',(-4.96355109064896,11.476645737912,-7.74016080783489));
#1008=CARTESIAN_POINT('Ctrl Pts',(-2.37726007235022,12.5958174138292,-7.88388074684748));
#1009=CARTESIAN_POINT('Ctrl Pts',(0.605606050248252,12.8034133772933,-8.02760024460388));
#1010=CARTESIAN_POINT('Ctrl Pts',(3.32441634571732,12.0536985605878,-8.17132034280141));
#1011=CARTESIAN_POINT('Ctrl Pts',(6.04322664118638,11.3039837438823,-8.31504044099893));
#1012=CARTESIAN_POINT('Ctrl Pts',(8.49798110952603,9.59695814700716,-8.45876113963758));
#1013=CARTESIAN_POINT('Ctrl Pts',(10.1448570364668,7.30990236820326,-8.60248124891405));
#1014=CARTESIAN_POINT('Ctrl Pts',(11.7917329634076,5.02284658939935,-8.74620135819052));
#1015=CARTESIAN_POINT('Ctrl Pts',(12.6307303489494,2.15576062866663,-8.88992087810481));
#1016=CARTESIAN_POINT('Ctrl Pts',(12.4850865946272,-0.660654084424441,-9.03364090050436));
#1017=CARTESIAN_POINT('Ctrl Pts',(12.3879907584124,-2.53826389315182,-9.12945424877073));
#1018=CARTESIAN_POINT('Ctrl Pts',(11.8532766378135,-4.39335314737179,-9.22526782036388));
#1019=CARTESIAN_POINT('Ctrl Pts',(10.9432858191309,-6.0405432346531,-9.32108102359351));
#1020=CARTESIAN_POINT('Ctrl Pts',(10.0332950004484,-7.68773332193441,-9.41689422682313));
#1021=CARTESIAN_POINT('Ctrl Pts',(8.74802748368209,-9.12702424227708,-9.51270706168924));
#1022=CARTESIAN_POINT('Ctrl Pts',(7.21235666631812,-10.2112130193796,-9.60852025296817));
#1023=CARTESIAN_POINT('Ctrl Pts',(5.67668584895416,-11.2954017964821,-9.70433344424711));
#1024=CARTESIAN_POINT('Ctrl Pts',(3.89061173099249,-12.0244884303445,-9.80014699193887));
#1025=CARTESIAN_POINT('Ctrl Pts',(2.03378961640587,-12.3329060625037,-9.89596052645696));
#1026=CARTESIAN_POINT('Ctrl Pts',(0.795908206681468,-12.5385178172764,-9.95983621613569));
#1027=CARTESIAN_POINT('Ctrl Pts',(-0.473416757098477,-12.5571655712922,
-10.0237118999594));
#1028=CARTESIAN_POINT('Ctrl Pts',(-1.71524702961014,-12.3841076203055,-10.0875874666235));
#1029=CARTESIAN_POINT('Ctrl Pts',(-4.19890757463347,-12.037991718332,-10.2153385999515));
#1030=CARTESIAN_POINT('Ctrl Pts',(-6.57258935458372,-10.9250529963486,-10.3430892646406));
#1031=CARTESIAN_POINT('Ctrl Pts',(-8.42587129162538,-9.23660471121186,-10.4708405566093));
#1032=CARTESIAN_POINT('Ctrl Pts',(-9.81583274440662,-7.97026849735928,-10.5666540255857));
#1033=CARTESIAN_POINT('Ctrl Pts',(-10.9130692855518,-6.38020815423294,-10.6624678474069));
#1034=CARTESIAN_POINT('Ctrl Pts',(-11.6099771365161,-4.63242493555025,-10.7582811039774));
#1035=CARTESIAN_POINT('Ctrl Pts',(-12.3068849874804,-2.88464171686758,-10.8540943605479));
#1036=CARTESIAN_POINT('Ctrl Pts',(-12.6034641482638,-0.979135622628555,
-10.9499070518676));
#1037=CARTESIAN_POINT('Ctrl Pts',(-12.4686886003675,0.896479313889206,-11.0457203209748));
#1038=CARTESIAN_POINT('Ctrl Pts',(-12.3339130524711,2.77209425040696,-11.141533590082));
#1039=CARTESIAN_POINT('Ctrl Pts',(-11.7677827958949,4.61781802920348,-11.2373474369766));
#1040=CARTESIAN_POINT('Ctrl Pts',(-10.8274998099543,6.24742538262512,-11.3331608115836));
#1041=CARTESIAN_POINT('Ctrl Pts',(-9.88721682401375,7.87703273604678,-11.4289741861906));
#1042=CARTESIAN_POINT('Ctrl Pts',(-8.57278110870874,9.29052366409356,-11.5247870885099));
#1043=CARTESIAN_POINT('Ctrl Pts',(-7.01642447997588,10.3458250976158,-11.6206003659332));
#1044=CARTESIAN_POINT('Ctrl Pts',(-5.46006785124302,11.401126531138,-11.7164136433564));
#1045=CARTESIAN_POINT('Ctrl Pts',(-3.66179030908232,12.0982384701356,-11.8122272958834));
#1046=CARTESIAN_POINT('Ctrl Pts',(-1.79991894541258,12.3697268665325,-11.908040548881));
#1047=CARTESIAN_POINT('Ctrl Pts',(0.0619524182571643,12.6412152629293,-12.0038538018786));
#1048=CARTESIAN_POINT('Ctrl Pts',(1.98741760343593,12.4870801167254,-12.0996666553467));
#1049=CARTESIAN_POINT('Ctrl Pts',(3.77942558780718,11.9173992175513,-12.1954799619558));
#1050=CARTESIAN_POINT('Ctrl Pts',(6.16876956696886,11.1578246853193,-12.3232310374345));
#1051=CARTESIAN_POINT('Ctrl Pts',(8.32085630025049,9.65950214780693,-12.4509829184971));
#1052=CARTESIAN_POINT('Ctrl Pts',(9.862644597369,7.68216778249673,-12.5787337129718));
#1053=CARTESIAN_POINT('Ctrl Pts',(10.6335387459283,6.69350059984163,-12.6426091102092));
#1054=CARTESIAN_POINT('Ctrl Pts',(11.2518582854467,5.58508046023706,-12.7064842357996));
#1055=CARTESIAN_POINT('Ctrl Pts',(11.6945869502208,4.41111952144406,-12.7703597066008));
#1056=CARTESIAN_POINT('Ctrl Pts',(12.1373156149949,3.23715858265104,-12.834235177402));
#1057=CARTESIAN_POINT('Ctrl Pts',(12.4044534050246,1.9976568446696,-12.8981109934139));
#1058=CARTESIAN_POINT('Ctrl Pts',(12.4787120391039,0.746248815637038,-12.9619867614392));
#1059=CARTESIAN_POINT('Ctrl Pts',(12.6272293072624,-1.75656724242809,-13.0897382974896));
#1060=CARTESIAN_POINT('Ctrl Pts',(12.0042299516192,-4.30700846469763,-13.2174896415932));
#1061=CARTESIAN_POINT('Ctrl Pts',(10.7100679397922,-6.45311028156308,-13.345240727975));
#1062=CARTESIAN_POINT('Ctrl Pts',(9.25413567648687,-8.8674748255367,-13.4889607001546));
#1063=CARTESIAN_POINT('Ctrl Pts',(6.94876317644884,-10.7700973095458,-13.6326803461551));
#1064=CARTESIAN_POINT('Ctrl Pts',(4.30184687667892,-11.7403598724055,-13.7764005549686));
#1065=CARTESIAN_POINT('Ctrl Pts',(1.65493057690902,-12.7106224352652,-13.9201207637821));
#1066=CARTESIAN_POINT('Ctrl Pts',(-1.33352952259278,-12.7485250769756,-14.0638415354086));
#1067=CARTESIAN_POINT('Ctrl Pts',(-4.0046144263215,-11.8451968206188,-14.207560697847));
#1068=CARTESIAN_POINT('Ctrl Pts',(-6.67569933005023,-10.9418685642619,-14.3512798602854));
#1069=CARTESIAN_POINT('Ctrl Pts',(-9.02940903800588,-9.09730940983778,-14.4949974135357));
#1070=CARTESIAN_POINT('Ctrl Pts',(-10.5439212408172,-6.72070685885156,-14.6387192435237));
#1071=CARTESIAN_POINT('Ctrl Pts',(-12.0584334436285,-4.34410430786535,-14.7824410735116));
#1072=CARTESIAN_POINT('Ctrl Pts',(-12.7337481412955,-1.43545836031707,-14.926167180237));
#1073=CARTESIAN_POINT('Ctrl Pts',(-12.4246271696572,1.36933766088422,-15.069880837007));
#1074=CARTESIAN_POINT('',(-11.9441084674496,1.64355207350472E-14,-2.11959126650702));
#1075=CARTESIAN_POINT('Ctrl Pts',(-11.9441084674496,1.99399978908773E-14,
-2.11959126650702));
#1076=CARTESIAN_POINT('Ctrl Pts',(-11.9835309050583,1.99834883729779E-14,
-2.13916501624476));
#1077=CARTESIAN_POINT('Ctrl Pts',(-12.0214919775224,-4.05058995250014E-6,
-2.16134045251468));
#1078=CARTESIAN_POINT('Ctrl Pts',(-12.0578108392587,-7.26956896439195E-6,
-2.18587305874209));
#1079=CARTESIAN_POINT('Ctrl Pts',(-12.0946292210926,-1.05328209692503E-5,
-2.21074308000045));
#1080=CARTESIAN_POINT('Ctrl Pts',(-12.1297608039317,-1.2976265733889E-5,
-2.23803624480538));
#1081=CARTESIAN_POINT('Ctrl Pts',(-12.1629919600537,-1.32890700884087E-5,
-2.26754459616826));
#1082=CARTESIAN_POINT('Ctrl Pts',(-12.1939461273574,-1.35804411826782E-5,
-2.29503104417469));
#1083=CARTESIAN_POINT('Ctrl Pts',(-12.2232517009806,-1.20853041796901E-5,
-2.32444046038247));
#1084=CARTESIAN_POINT('Ctrl Pts',(-12.2507063293666,-1.0227315966756E-5,
-2.35563247812785));
#1085=CARTESIAN_POINT('Ctrl Pts',(-12.2801781832723,-8.23281229326495E-6,
-2.38911632562683));
#1086=CARTESIAN_POINT('Ctrl Pts',(-12.3073337803878,-5.62503527505683E-6,
-2.42444540601063));
#1087=CARTESIAN_POINT('Ctrl Pts',(-12.3319675984951,-3.68666649745719E-6,
-2.46140698023457));
#1088=CARTESIAN_POINT('Ctrl Pts',(-12.3364654553194,-3.33274226223836E-6,
-2.46815574602201));
#1089=CARTESIAN_POINT('Ctrl Pts',(-12.3408791421886,-3.0097174172402E-6,
-2.47495903718275));
#1090=CARTESIAN_POINT('Ctrl Pts',(-12.3452072698207,-2.73648543884855E-6,
-2.48181568560782));
#1091=CARTESIAN_POINT('Ctrl Pts',(-12.368917159194,-1.2396950178024E-6,
-2.51937704919161));
#1092=CARTESIAN_POINT('Ctrl Pts',(-12.3900632493397,-1.06629252901251E-6,
-2.55853772437103));
#1093=CARTESIAN_POINT('Ctrl Pts',(-12.4085652125335,-1.04392512726825E-6,
-2.59901072954945));
#1094=CARTESIAN_POINT('Ctrl Pts',(-12.4182278137655,-1.03224381099996E-6,
-2.62014764921596));
#1095=CARTESIAN_POINT('Ctrl Pts',(-12.4271684773373,-1.09760797266291E-6,
-2.64164290127008));
#1096=CARTESIAN_POINT('Ctrl Pts',(-12.4353704035627,-1.25997023506588E-6,
-2.66345738221922));
#1097=CARTESIAN_POINT('Ctrl Pts',(-12.4510536654941,-1.57043021959667E-6,
-2.7051698055237));
#1098=CARTESIAN_POINT('Ctrl Pts',(-12.4639455511215,-1.91419994059635E-6,
-2.74780010197225));
#1099=CARTESIAN_POINT('Ctrl Pts',(-12.4739898006039,-1.72327835443534E-6,
-2.79105328060771));
#1100=CARTESIAN_POINT('Ctrl Pts',(-12.4839724269446,-1.53352810397096E-6,
-2.83404109379578));
#1101=CARTESIAN_POINT('Ctrl Pts',(-12.4911425247764,-8.77717826015834E-7,
-2.8776452776341));
#1102=CARTESIAN_POINT('Ctrl Pts',(-12.4953966318895,-5.19895851730512E-7,
-2.92159128022198));
#1103=CARTESIAN_POINT('Ctrl Pts',(-12.4979169042629,-3.07910395699552E-7,
-2.94762633136141));
#1104=CARTESIAN_POINT('Ctrl Pts',(-12.4994127980061,-2.21075557356544E-7,
-2.97378155834665));
#1105=CARTESIAN_POINT('Ctrl Pts',(-12.499854108465,-5.06347275799207E-7,
-3.00000000001054));
#1106=CARTESIAN_POINT('Ctrl Pts',(-11.9441084674496,1.33226762955019E-14,
-2.11959126650702));
#1107=CARTESIAN_POINT('Ctrl Pts',(-11.9441084674496,2.69631146564215,-2.26330439471304));
#1108=CARTESIAN_POINT('Ctrl Pts',(-10.0516021260881,8.07988075353557,-2.55074448784529));
#1109=CARTESIAN_POINT('Ctrl Pts',(-2.76824682096624,12.5969049611241,-2.98190568514433));
#1110=CARTESIAN_POINT('Ctrl Pts',(5.73982814960588,11.550226779622,-3.4130649166303));
#1111=CARTESIAN_POINT('Ctrl Pts',(11.0389080063918,6.08832275812994,-3.79631759455544));
#1112=CARTESIAN_POINT('Ctrl Pts',(12.3515916919255,-0.237143944957381,-4.13166527394044));
#1113=CARTESIAN_POINT('Ctrl Pts',(11.0171191906389,-5.59942146441548,-4.41910397288025));
#1114=CARTESIAN_POINT('Ctrl Pts',(7.46527081210472,-9.84941544656286,-4.70654616062882));
#1115=CARTESIAN_POINT('Ctrl Pts',(2.98465514128517,-11.8608222879114,-4.96204465780343));
#1116=CARTESIAN_POINT('Ctrl Pts',(-2.4693380761883,-12.1231452633701,-5.24948815537913));
#1117=CARTESIAN_POINT('Ctrl Pts',(-7.64920493310676,-9.90779042434671,-5.5369251851379));
#1118=CARTESIAN_POINT('Ctrl Pts',(-11.3164154369212,-4.96225018352786,-5.85630522944358));
#1119=CARTESIAN_POINT('Ctrl Pts',(-12.3460163177939,0.465324276551161,-6.14374567284045));
#1120=CARTESIAN_POINT('Ctrl Pts',(-10.6742199775214,6.7063974909121,-6.47909045984824));
#1121=CARTESIAN_POINT('Ctrl Pts',(-5.07356862612409,11.8581931177186,-6.86234480723167));
#1122=CARTESIAN_POINT('Ctrl Pts',(3.47952330743402,12.4184684493487,-7.29350330050085));
#1123=CARTESIAN_POINT('Ctrl Pts',(10.4963842213718,7.49646394506245,-7.72466539641681));
#1124=CARTESIAN_POINT('Ctrl Pts',(12.604472113842,0.182181905776322,-8.10791744952159));
#1125=CARTESIAN_POINT('Ctrl Pts',(10.7909322841154,-6.01462381871297,-8.4432649500976));
#1126=CARTESIAN_POINT('Ctrl Pts',(7.08979056043479,-10.1254852047041,-8.73070345469593));
#1127=CARTESIAN_POINT('Ctrl Pts',(2.53115826368012,-11.9647275531621,-8.98620624854063));
#1128=CARTESIAN_POINT('Ctrl Pts',(-2.92712888395555,-12.0226861550022,-9.27364682574754));
#1129=CARTESIAN_POINT('Ctrl Pts',(-8.02067361693764,-9.60914732197531,-9.56108582129802));
#1130=CARTESIAN_POINT('Ctrl Pts',(-11.494865053814,-4.53040669167256,-9.88046522736874));
#1131=CARTESIAN_POINT('Ctrl Pts',(-12.3227948954532,0.935369189436103,-10.1679033013279));
#1132=CARTESIAN_POINT('Ctrl Pts',(-10.6783841707334,6.21970321740442,-10.4553448420118));
#1133=CARTESIAN_POINT('Ctrl Pts',(-6.89393019513893,10.2562660053433,-10.7427835489699));
#1134=CARTESIAN_POINT('Ctrl Pts',(-1.73085982008988,12.233612703842,-11.030224506551));
#1135=CARTESIAN_POINT('Ctrl Pts',(4.399950671238,11.7177033091457,-11.3496006847782));
#1136=CARTESIAN_POINT('Ctrl Pts',(9.01370412536112,8.47754998941367,-11.6370424171689));
#1137=CARTESIAN_POINT('Ctrl Pts',(11.3597485652404,4.23140470657513,-11.8925429195306));
#1138=CARTESIAN_POINT('Ctrl Pts',(12.361491830032,-0.510285359518475,-12.1480461835784));
#1139=CARTESIAN_POINT('Ctrl Pts',(10.7727916321307,-6.90111877512485,-12.4833934618503));
#1140=CARTESIAN_POINT('Ctrl Pts',(4.38759821535665,-12.1272515278332,-12.8985835502962));
#1141=CARTESIAN_POINT('Ctrl Pts',(-4.17954859929501,-12.2010195570426,-13.3297458651757));
#1142=CARTESIAN_POINT('Ctrl Pts',(-10.9003030651405,-6.88977173084274,-13.760587823747));
#1143=CARTESIAN_POINT('Ctrl Pts',(-12.170339378372,-1.33410606893863,-14.0477292990551));
#1144=CARTESIAN_POINT('Ctrl Pts',(-11.8687694935179,1.33941286928558,-14.1911323167056));
#1145=CARTESIAN_POINT('Origin',(0.,0.,-17.25));
#1146=CARTESIAN_POINT('',(1.3164953090834E-15,10.75,-17.25));
#1147=CARTESIAN_POINT('Ctrl Pts',(-11.7940968826123,1.88706274558018,-15.9814121916653));
#1148=CARTESIAN_POINT('Ctrl Pts',(-12.0760817582995,0.124664038342936,-15.8862817314877));
#1149=CARTESIAN_POINT('Ctrl Pts',(-11.8374738521531,-3.5271986268173,-15.6960302057405));
#1150=CARTESIAN_POINT('Ctrl Pts',(-9.1385248123939,-8.30947510977881,-15.4106458949663));
#1151=CARTESIAN_POINT('Ctrl Pts',(-4.63452234230075,-11.4491612279532,-15.1252642386555));
#1152=CARTESIAN_POINT('Ctrl Pts',(0.785968756811368,-12.3264929705894,-14.8398815882685));
#1153=CARTESIAN_POINT('Ctrl Pts',(6.05026903707376,-10.7682354008516,-14.5544996913675));
#1154=CARTESIAN_POINT('Ctrl Pts',(10.1205030044517,-7.0813339290192,-14.2691171872202));
#1155=CARTESIAN_POINT('Ctrl Pts',(12.1878882321816,-1.99667242049512,-13.9837344177433));
#1156=CARTESIAN_POINT('Ctrl Pts',(11.8154455407821,4.09501150281093,-13.6666443585899));
#1157=CARTESIAN_POINT('Ctrl Pts',(8.04739376482224,9.80229875572653,-13.3178422304016));
#1158=CARTESIAN_POINT('Ctrl Pts',(1.12570975514805,12.627696323095,-12.9373334038622));
#1159=CARTESIAN_POINT('Ctrl Pts',(-6.15983305527756,11.0769785816368,-12.5568233152129));
#1160=CARTESIAN_POINT('Ctrl Pts',(-11.9310016355464,5.08172772518258,-12.1340339874875));
#1161=CARTESIAN_POINT('Ctrl Pts',(-12.4406366560805,-2.60221329650789,-11.7535253808825));
#1162=CARTESIAN_POINT('Ctrl Pts',(-8.71436868217579,-8.8854330620522,-11.3730147260231));
#1163=CARTESIAN_POINT('Ctrl Pts',(-3.05455922758323,-12.3099473256984,-11.0347846447845));
#1164=CARTESIAN_POINT('Ctrl Pts',(4.4151632288639,-11.8867452011717,-10.6542751364029));
#1165=CARTESIAN_POINT('Ctrl Pts',(9.83591309131075,-7.72326616779566,-10.305473596946));
#1166=CARTESIAN_POINT('Ctrl Pts',(12.1734943134481,-2.08290103036754,-9.98838248023114));
#1167=CARTESIAN_POINT('Ctrl Pts',(11.8754232933428,3.39669007972108,-9.70300036549321));
#1168=CARTESIAN_POINT('Ctrl Pts',(9.22909862586363,8.20925885995217,-9.41761766412938));
#1169=CARTESIAN_POINT('Ctrl Pts',(4.75923558486715,11.3975315726717,-9.13223547324941));
#1170=CARTESIAN_POINT('Ctrl Pts',(-0.650107182188903,12.3344890195289,-8.84685337582421));
#1171=CARTESIAN_POINT('Ctrl Pts',(-5.9336808805458,10.8337140407105,-8.56147096254834));
#1172=CARTESIAN_POINT('Ctrl Pts',(-10.038969504182,7.19193186763517,-8.2760882286233));
#1173=CARTESIAN_POINT('Ctrl Pts',(-12.4088979357633,1.56704589070518,-7.9589979449389));
#1174=CARTESIAN_POINT('Ctrl Pts',(-11.5547486409892,-5.22039084875777,-7.61019588983383));
#1175=CARTESIAN_POINT('Ctrl Pts',(-6.6122101773536,-10.8193830829897,-7.22968665249492));
#1176=CARTESIAN_POINT('Ctrl Pts',(0.621707196758632,-12.6626818976656,-6.84917717499213));
#1177=CARTESIAN_POINT('Ctrl Pts',(7.64028483937378,-10.1196066910231,-6.46866703472788));
#1178=CARTESIAN_POINT('Ctrl Pts',(12.0105685713684,-4.06336198809554,-6.08815700409908));
#1179=CARTESIAN_POINT('Ctrl Pts',(12.1957000448789,2.77507636033104,-5.73935668731595));
#1180=CARTESIAN_POINT('Ctrl Pts',(9.28617394100658,8.14076214148409,-5.42226540612151));
#1181=CARTESIAN_POINT('Ctrl Pts',(4.84384572204879,11.3628721779622,-5.1368832045737));
#1182=CARTESIAN_POINT('Ctrl Pts',(-0.561245331356405,12.3388415618866,-4.85150103223328));
#1183=CARTESIAN_POINT('Ctrl Pts',(-5.85295990275018,10.8765161586413,-4.56611823405182));
#1184=CARTESIAN_POINT('Ctrl Pts',(-9.9886739285861,7.26565250183827,-4.28073638327772));
#1185=CARTESIAN_POINT('Ctrl Pts',(-12.1514720309341,2.2171193257031,-3.99535381476772));
#1186=CARTESIAN_POINT('Ctrl Pts',(-11.9100628416675,-3.26554670499417,-3.70997204291955));
#1187=CARTESIAN_POINT('Ctrl Pts',(-9.03378122203877,-8.64933560176876,-3.39287849713877));
#1188=CARTESIAN_POINT('Ctrl Pts',(-3.22644960932254,-12.26283984838,-3.04408148701486));
#1189=CARTESIAN_POINT('Ctrl Pts',(4.2375984506069,-11.9507383744766,-2.66356827666648));
#1190=CARTESIAN_POINT('Ctrl Pts',(9.72349636596336,-7.86512327426643,-2.31476909867604));
#1191=CARTESIAN_POINT('Ctrl Pts',(12.1411033826311,-2.26086752049326,-1.99767779732424));
#1192=CARTESIAN_POINT('Ctrl Pts',(11.9241652301611,3.22317474008572,-1.712295224354));
#1193=CARTESIAN_POINT('Ctrl Pts',(9.34762119706212,8.07352259259692,-1.42691310565436));
#1194=CARTESIAN_POINT('Ctrl Pts',(4.92560767214972,11.3268748246716,-1.14153092436941));
#1195=CARTESIAN_POINT('Ctrl Pts',(-0.470765390946493,12.3426610850063,-0.856148488233271));
#1196=CARTESIAN_POINT('Ctrl Pts',(-5.77331021709304,10.9191608431018,-0.57076573919451));
#1197=CARTESIAN_POINT('Ctrl Pts',(-9.93599954053243,7.33781263891495,-0.285384545921398));
#1198=CARTESIAN_POINT('Ctrl Pts',(-11.4006734622673,3.98393886202155,-0.0951279590301589));
#1199=CARTESIAN_POINT('Ctrl Pts',(-11.7339799955803,2.23056955630703,1.80411241501588E-15));
#1200=CARTESIAN_POINT('Ctrl Pts',(-11.957040871429,1.9184314050685,-15.8993426122064));
#1201=CARTESIAN_POINT('Ctrl Pts',(-12.2437166290802,0.13164122388497,-15.8042121520288));
#1202=CARTESIAN_POINT('Ctrl Pts',(-12.0033951493998,-3.57096834979265,-15.6139606262815));
#1203=CARTESIAN_POINT('Ctrl Pts',(-9.26906244212607,-8.42087133364977,-15.3285763155074));
#1204=CARTESIAN_POINT('Ctrl Pts',(-4.70389180207868,-11.6061102701758,-15.0431946591966));
#1205=CARTESIAN_POINT('Ctrl Pts',(0.791484635187522,-12.4980071177022,-14.7578120088096));
#1206=CARTESIAN_POINT('Ctrl Pts',(6.12956815625248,-10.9204128991338,-14.4724301119086));
#1207=CARTESIAN_POINT('Ctrl Pts',(10.2579362431472,-7.18409830416715,-14.1870476077613));
#1208=CARTESIAN_POINT('Ctrl Pts',(12.3562566929902,-2.02973697008872,-13.9016648382844));
#1209=CARTESIAN_POINT('Ctrl Pts',(11.9813080798706,4.14670530972717,-13.584574779131));
#1210=CARTESIAN_POINT('Ctrl Pts',(8.16343426456404,9.93488801507394,-13.2357726509427));
#1211=CARTESIAN_POINT('Ctrl Pts',(1.14687101632019,12.8025549732046,-12.8552638244033));
#1212=CARTESIAN_POINT('Ctrl Pts',(-6.24051460391885,11.2334925808681,-12.474753735754));
#1213=CARTESIAN_POINT('Ctrl Pts',(-12.0944537000019,5.15751780306883,-12.0519644080285));
#1214=CARTESIAN_POINT('Ctrl Pts',(-12.6145293145887,-2.63289842266377,-11.6714558014236));
#1215=CARTESIAN_POINT('Ctrl Pts',(-8.83926281043525,-9.00500397891485,-11.2909451465642));
#1216=CARTESIAN_POINT('Ctrl Pts',(-3.10237451039462,-12.4795482757554,-10.9527150653256));
#1217=CARTESIAN_POINT('Ctrl Pts',(4.47126743049659,-12.0537377314639,-10.572205556944));
#1218=CARTESIAN_POINT('Ctrl Pts',(9.96911788400692,-7.83481861147605,-10.2234040174871));
#1219=CARTESIAN_POINT('Ctrl Pts',(12.3416221215259,-2.11715696513347,-9.90631290077221));
#1220=CARTESIAN_POINT('Ctrl Pts',(12.0418157137344,3.43865712357306,-9.62093078603426));
#1221=CARTESIAN_POINT('Ctrl Pts',(9.36084950359911,8.31921140792601,-9.33554808467044));
#1222=CARTESIAN_POINT('Ctrl Pts',(4.83031436193162,11.5537153645611,-9.05016589379047));
#1223=CARTESIAN_POINT('Ctrl Pts',(-0.653732744403182,12.5060512200237,-8.76478379636526));
#1224=CARTESIAN_POINT('Ctrl Pts',(-6.0113330697155,10.9867521341936,-8.47940138308941));
#1225=CARTESIAN_POINT('Ctrl Pts',(-10.1752206236786,7.29619390782094,-8.19401864916436));
#1226=CARTESIAN_POINT('Ctrl Pts',(-12.5805266719935,1.59424320208877,-7.87692836547997));
#1227=CARTESIAN_POINT('Ctrl Pts',(-11.7174832993767,-5.28781887185236,-7.52812631037488));
#1228=CARTESIAN_POINT('Ctrl Pts',(-6.70876301107994,-10.9667351166516,-7.14761707303599));
#1229=CARTESIAN_POINT('Ctrl Pts',(0.62479396722764,-12.8387821829111,-6.76710759553318));
#1230=CARTESIAN_POINT('Ctrl Pts',(7.7419460633412,-10.2634836862015,-6.38659745526895));
#1231=CARTESIAN_POINT('Ctrl Pts',(12.1755665285325,-4.12504396216983,-6.00608742464013));
#1232=CARTESIAN_POINT('Ctrl Pts',(12.3662690064223,2.80827423757053,-5.65728710785702));
#1233=CARTESIAN_POINT('Ctrl Pts',(9.41868692336706,8.24973633561308,-5.34019582666256));
#1234=CARTESIAN_POINT('Ctrl Pts',(4.91608458052558,11.5185386090503,-5.05481362511476));
#1235=CARTESIAN_POINT('Ctrl Pts',(-0.56363547609557,12.5104251820898,-4.76943145277433));
#1236=CARTESIAN_POINT('Ctrl Pts',(-5.9294717126839,11.0301125426014,-4.48404865459288));
#1237=CARTESIAN_POINT('Ctrl Pts',(-10.1241957241004,7.3709179716576,-4.19866680381878));
#1238=CARTESIAN_POINT('Ctrl Pts',(-12.3192385951828,2.25322894546317,-3.91328423530878));
#1239=CARTESIAN_POINT('Ctrl Pts',(-12.0768761609795,-3.30567836563948,-3.62790246346061));
#1240=CARTESIAN_POINT('Ctrl Pts',(-9.16301475386709,-8.76548301447769,-3.31080891767983));
#1241=CARTESIAN_POINT('Ctrl Pts',(-3.27662444671089,-12.4317123504062,-2.96201190755592));
#1242=CARTESIAN_POINT('Ctrl Pts',(4.29121280038122,-12.1185393501889,-2.58149869720754));
#1243=CARTESIAN_POINT('Ctrl Pts',(9.85507196562313,-7.97860163795597,-2.2326995192171));
#1244=CARTESIAN_POINT('Ctrl Pts',(12.308706262892,-2.29757815738923,-1.9156082178653));
#1245=CARTESIAN_POINT('Ctrl Pts',(12.0911572261939,3.26271025109765,-1.63022564489506));
#1246=CARTESIAN_POINT('Ctrl Pts',(9.4809587967957,8.18153778916715,-1.34484352619542));
#1247=CARTESIAN_POINT('Ctrl Pts',(4.99896618045372,11.482006837641,-1.05946134491047));
#1248=CARTESIAN_POINT('Ctrl Pts',(-0.471898388078203,12.5142532370288,-0.774078908774331));
#1249=CARTESIAN_POINT('Ctrl Pts',(-5.84869500872778,11.0733256047783,-0.48869615973557));
#1250=CARTESIAN_POINT('Ctrl Pts',(-10.0707634324313,7.44403273539338,-0.203314966462458));
#1251=CARTESIAN_POINT('Ctrl Pts',(-11.5572314260915,4.04429455595865,-0.0130583795712185));
#1252=CARTESIAN_POINT('Ctrl Pts',(-11.8959387728183,2.26668175320988,0.082069579458942));
#1253=CARTESIAN_POINT('Ctrl Pts',(-12.2354318444118,1.97865938424208,-15.6408660230513));
#1254=CARTESIAN_POINT('Ctrl Pts',(-12.53110019475,0.150341638617682,-15.5457355628737));
#1255=CARTESIAN_POINT('Ctrl Pts',(-12.2898341951435,-3.6396480511091,-15.3554840371265));
#1256=CARTESIAN_POINT('Ctrl Pts',(-9.49743657245832,-8.60685909824602,-15.0700997263523));
#1257=CARTESIAN_POINT('Ctrl Pts',(-4.82909231244927,-11.8727284236901,-14.7847180700416));
#1258=CARTESIAN_POINT('Ctrl Pts',(0.794215141510606,-12.7925300522673,-14.4993354196545));
#1259=CARTESIAN_POINT('Ctrl Pts',(6.25966825509339,-11.184665026658,-14.2139535227535));
#1260=CARTESIAN_POINT('Ctrl Pts',(10.4897349356197,-7.36583707534706,-13.9285710186062));
#1261=CARTESIAN_POINT('Ctrl Pts',(12.6438749936284,-2.09308303809455,-13.6431882491293));
#1262=CARTESIAN_POINT('Ctrl Pts',(12.2679605302385,4.22888319472351,-13.3260981899759));
#1263=CARTESIAN_POINT('Ctrl Pts',(8.36776240062851,10.1578610619212,-12.9772960617876));
#1264=CARTESIAN_POINT('Ctrl Pts',(1.19005142846834,13.1017723786501,-12.5967872352482));
#1265=CARTESIAN_POINT('Ctrl Pts',(-6.37282967231592,11.5052362852432,-12.2162771465989));
#1266=CARTESIAN_POINT('Ctrl Pts',(-12.37195153432,5.29399195051575,-11.7934878188735));
#1267=CARTESIAN_POINT('Ctrl Pts',(-12.9141286440451,-2.67873010071395,-11.4129792122685));
#1268=CARTESIAN_POINT('Ctrl Pts',(-9.0582944198193,-9.20527094549439,-11.0324685574091));
#1269=CARTESIAN_POINT('Ctrl Pts',(-3.19105587632401,-12.7686999359648,-10.6942384761705));
#1270=CARTESIAN_POINT('Ctrl Pts',(4.56098293422657,-12.3425036995881,-10.3137289677889));
#1271=CARTESIAN_POINT('Ctrl Pts',(10.1932999687486,-8.03147548376199,-9.96492742833203));
#1272=CARTESIAN_POINT('Ctrl Pts',(12.6287910147395,-2.18253715077696,-9.64783631161713));
#1273=CARTESIAN_POINT('Ctrl Pts',(12.3289860329433,3.50413546342497,-9.36245419687921));
#1274=CARTESIAN_POINT('Ctrl Pts',(9.591251759676,8.5027165502675,-9.07707149551537));
#1275=CARTESIAN_POINT('Ctrl Pts',(4.95841703307311,11.8189317018974,-8.79168930463541));
#1276=CARTESIAN_POINT('Ctrl Pts',(-0.653218120573315,12.8005943112066,-8.50630720721019));
#1277=CARTESIAN_POINT('Ctrl Pts',(-6.13857104074644,11.2524080725165,-8.22092479393435));
#1278=CARTESIAN_POINT('Ctrl Pts',(-10.4049369635601,7.48046456646215,-7.93554206000929));
#1279=CARTESIAN_POINT('Ctrl Pts',(-12.8739592741372,1.64764273934045,-7.61845177632491));
#1280=CARTESIAN_POINT('Ctrl Pts',(-11.9993889396557,-5.39714351947929,-7.26964972121981));
#1281=CARTESIAN_POINT('Ctrl Pts',(-6.88024298660406,-11.2157685219237,-6.88914048388092));
#1282=CARTESIAN_POINT('Ctrl Pts',(0.623178482516798,-13.1411147237926,-6.50863100637812));
#1283=CARTESIAN_POINT('Ctrl Pts',(7.91074966113078,-10.5143358619111,-6.12812086611387));
#1284=CARTESIAN_POINT('Ctrl Pts',(12.4562879049515,-4.23737602189757,-5.74761083548507));
#1285=CARTESIAN_POINT('Ctrl Pts',(12.6602569926905,2.85853100706758,-5.39881051870196));
#1286=CARTESIAN_POINT('Ctrl Pts',(9.65036023348324,8.4315402180966,-5.0817192375075));
#1287=CARTESIAN_POINT('Ctrl Pts',(5.04615633998521,11.7828182933473,-4.7963370359597));
#1288=CARTESIAN_POINT('Ctrl Pts',(-0.560998557084847,12.8049568441048,-4.51095486361927));
#1289=CARTESIAN_POINT('Ctrl Pts',(-6.05473334293908,11.2966842169598,-4.22557206543782));
#1290=CARTESIAN_POINT('Ctrl Pts',(-10.3526165924946,7.55687573700321,-3.94019021466371));
#1291=CARTESIAN_POINT('Ctrl Pts',(-12.6057033603659,2.3217771114102,-3.65480764615372));
#1292=CARTESIAN_POINT('Ctrl Pts',(-12.3647057615347,-3.3679875524349,-3.36942587430555));
#1293=CARTESIAN_POINT('Ctrl Pts',(-9.38933336652722,-8.959723034888,-3.05233232852477));
#1294=CARTESIAN_POINT('Ctrl Pts',(-3.36934903210864,-12.7195175494751,-2.70353531840086));
#1295=CARTESIAN_POINT('Ctrl Pts',(4.37661063685514,-12.4086027894075,-2.32302210805248));
#1296=CARTESIAN_POINT('Ctrl Pts',(10.0764037842645,-8.17848168390702,-1.97422293006203));
#1297=CARTESIAN_POINT('Ctrl Pts',(12.5948682705539,-2.36715788884211,-1.65713162871024));
#1298=CARTESIAN_POINT('Ctrl Pts',(12.3792653349074,3.32399498244891,-1.37174905574));
#1299=CARTESIAN_POINT('Ctrl Pts',(9.71400662912446,8.36165822237123,-1.08636693704036));
#1300=CARTESIAN_POINT('Ctrl Pts',(5.13093796845668,11.745321226434,-0.800984755755408));
#1301=CARTESIAN_POINT('Ctrl Pts',(-0.467100314120545,12.8087668021124,-0.515602319619269));
#1302=CARTESIAN_POINT('Ctrl Pts',(-5.97200910824433,11.3407905992762,-0.230219570580507));
#1303=CARTESIAN_POINT('Ctrl Pts',(-10.2978269081478,7.63168168891812,0.0551616226926051));
#1304=CARTESIAN_POINT('Ctrl Pts',(-11.8235446494745,4.15387032975553,0.245418209583843));
#1305=CARTESIAN_POINT('Ctrl Pts',(-12.1724528233282,2.33501127233776,0.340546168614005));
#1306=CARTESIAN_POINT('Ctrl Pts',(-12.3363701947905,2.01595513796808,-15.2715970605975));
#1307=CARTESIAN_POINT('Ctrl Pts',(-12.6376272956857,0.172449212811421,-15.1764666004198));
#1308=CARTESIAN_POINT('Ctrl Pts',(-12.4006261580144,-3.65006829501075,-14.9862150746726));
#1309=CARTESIAN_POINT('Ctrl Pts',(-9.59273899641831,-8.66435964510178,-14.7008307638985));
#1310=CARTESIAN_POINT('Ctrl Pts',(-4.89006998222994,-11.9658101755596,-14.4154491075877));
#1311=CARTESIAN_POINT('Ctrl Pts',(0.77961334455976,-12.9028633643944,-14.1300664572006));
#1312=CARTESIAN_POINT('Ctrl Pts',(6.2943220042285,-11.2904181654729,-13.8446845602997));
#1313=CARTESIAN_POINT('Ctrl Pts',(10.5668094091953,-7.44612023736857,-13.5593020561524));
#1314=CARTESIAN_POINT('Ctrl Pts',(12.7481126598148,-2.13204014620831,-13.2739192866755));
#1315=CARTESIAN_POINT('Ctrl Pts',(12.3795515601029,4.24443451704967,-12.9568292275221));
#1316=CARTESIAN_POINT('Ctrl Pts',(8.45602942429793,10.230428393556,-12.6080270993337));
#1317=CARTESIAN_POINT('Ctrl Pts',(1.22207533720796,13.2114240911549,-12.2275182727943));
#1318=CARTESIAN_POINT('Ctrl Pts',(-6.40790255871126,11.6139124235352,-11.847008184145));
#1319=CARTESIAN_POINT('Ctrl Pts',(-12.4685302151598,5.35976522034125,-11.4242188564196));
#1320=CARTESIAN_POINT('Ctrl Pts',(-13.0286409954519,-2.67997930640174,-11.0437102498147));
#1321=CARTESIAN_POINT('Ctrl Pts',(-9.15083868873159,-9.26858281954777,-10.6631995949552));
#1322=CARTESIAN_POINT('Ctrl Pts',(-3.23959517993911,-12.87216800402,-10.3249695137167));
#1323=CARTESIAN_POINT('Ctrl Pts',(4.57922944298624,-12.4552832188451,-9.94446000533505));
#1324=CARTESIAN_POINT('Ctrl Pts',(10.2667481995364,-8.11693277564272,-9.59565846587816));
#1325=CARTESIAN_POINT('Ctrl Pts',(12.7327432099357,-2.22223152015952,-9.27856734916328));
#1326=CARTESIAN_POINT('Ctrl Pts',(12.439892874369,3.51340037319952,-8.99318523442535));
#1327=CARTESIAN_POINT('Ctrl Pts',(9.68717605713178,8.55914240981637,-8.70780253306151));
#1328=CARTESIAN_POINT('Ctrl Pts',(5.02040818011299,11.911354645286,-8.42242034218156));
#1329=CARTESIAN_POINT('Ctrl Pts',(-0.637401506232158,12.9107521467634,-8.13703824475633));
#1330=CARTESIAN_POINT('Ctrl Pts',(-6.17208115031728,11.3585422299083,-7.85165583148049));
#1331=CARTESIAN_POINT('Ctrl Pts',(-10.4810941214257,7.56157656253525,-7.56627309755543));
#1332=CARTESIAN_POINT('Ctrl Pts',(-12.9809089776116,1.68319381018601,-7.24918281387105));
#1333=CARTESIAN_POINT('Ctrl Pts',(-12.1106402209452,-5.42308021716272,-6.90038075876596));
#1334=CARTESIAN_POINT('Ctrl Pts',(-6.95759464510445,-11.2998622651715,-6.51987152142707));
#1335=CARTESIAN_POINT('Ctrl Pts',(0.606536520800585,-13.2541068322617,-6.13936204392426));
#1336=CARTESIAN_POINT('Ctrl Pts',(7.960586861014,-10.6171602351878,-5.75885190366002));
#1337=CARTESIAN_POINT('Ctrl Pts',(12.555338151173,-4.29428189230344,-5.37834187303121));
#1338=CARTESIAN_POINT('Ctrl Pts',(12.7729119134115,2.86174858967962,-5.02954155624809));
#1339=CARTESIAN_POINT('Ctrl Pts',(9.74666778369838,8.48725549097627,-4.71245027505365));
#1340=CARTESIAN_POINT('Ctrl Pts',(5.1088357933637,11.8747893336033,-4.42706807350583));
#1341=CARTESIAN_POINT('Ctrl Pts',(-0.544389987206159,12.9149976220713,-4.14168590116542));
#1342=CARTESIAN_POINT('Ctrl Pts',(-6.08745345028568,11.4030536970424,-3.85630310298395));
#1343=CARTESIAN_POINT('Ctrl Pts',(-10.4282034162766,7.63855600297774,-3.57092125220986));
#1344=CARTESIAN_POINT('Ctrl Pts',(-12.7092346000284,2.36261878591251,-3.28553868369985));
#1345=CARTESIAN_POINT('Ctrl Pts',(-12.4756830428053,-3.37603531697262,-3.00015691185169));
#1346=CARTESIAN_POINT('Ctrl Pts',(-9.48430558844746,-9.02037573937814,-2.68306336607091));
#1347=CARTESIAN_POINT('Ctrl Pts',(-3.4193088850791,-12.8222722635891,-2.334266355947));
#1348=CARTESIAN_POINT('Ctrl Pts',(4.39318574436145,-12.5216322130682,-1.95375314559861));
#1349=CARTESIAN_POINT('Ctrl Pts',(10.1485945801155,-8.26500842838849,-1.60495396760817));
#1350=CARTESIAN_POINT('Ctrl Pts',(12.698230360005,-2.40836324816304,-1.28786266625638));
#1351=CARTESIAN_POINT('Ctrl Pts',(12.4902964031191,3.33163940390566,-1.00248009328614));
#1352=CARTESIAN_POINT('Ctrl Pts',(9.8107420060247,8.41667559858593,-0.717097974586499));
#1353=CARTESIAN_POINT('Ctrl Pts',(5.1942775298143,11.8368342442445,-0.431715793301549));
#1354=CARTESIAN_POINT('Ctrl Pts',(-0.449688463975188,12.9186712536943,-0.146333357165408));
#1355=CARTESIAN_POINT('Ctrl Pts',(-6.00394307444627,11.4474248057708,0.139049391873353));
#1356=CARTESIAN_POINT('Ctrl Pts',(-10.3728387664212,7.71384838784838,0.424430585146465));
#1357=CARTESIAN_POINT('Ctrl Pts',(-11.9173215774141,4.20911508812755,0.614687172037704));
#1358=CARTESIAN_POINT('Ctrl Pts',(-12.2722593575588,2.37523787482964,0.709815131067865));
#1359=CARTESIAN_POINT('Ctrl Pts',(-12.3347116909638,2.02605219597125,-15.0867580740527));
#1360=CARTESIAN_POINT('Ctrl Pts',(-12.6374658404773,0.182869105763863,-14.9916276138751));
#1361=CARTESIAN_POINT('Ctrl Pts',(-12.4036022835683,-3.63995772234611,-14.8013760881279));
#1362=CARTESIAN_POINT('Ctrl Pts',(-9.59981826522566,-8.65647551881967,-14.5159917773537));
#1363=CARTESIAN_POINT('Ctrl Pts',(-4.89985992124127,-11.9618028579358,-14.2306101210429));
#1364=CARTESIAN_POINT('Ctrl Pts',(0.769050656700205,-12.90348089808,-13.9452274706559));
#1365=CARTESIAN_POINT('Ctrl Pts',(6.28507178082401,-11.2955588269102,-13.6598455737549));
#1366=CARTESIAN_POINT('Ctrl Pts',(10.5607014731381,-7.45476099580489,-13.3744630696076));
#1367=CARTESIAN_POINT('Ctrl Pts',(12.7463513150359,-2.14247109447962,-13.0890803001307));
#1368=CARTESIAN_POINT('Ctrl Pts',(12.3830129749308,4.23428769783347,-12.7719902409773));
#1369=CARTESIAN_POINT('Ctrl Pts',(8.46439274568473,10.2234983030893,-12.423188112789));
#1370=CARTESIAN_POINT('Ctrl Pts',(1.23288928332047,13.2104041311255,-12.0426792862496));
#1371=CARTESIAN_POINT('Ctrl Pts',(-6.39839424748508,11.6191439198707,-11.6621691976003));
#1372=CARTESIAN_POINT('Ctrl Pts',(-12.4641236472653,5.36996564342727,-11.2393798698749));
#1373=CARTESIAN_POINT('Ctrl Pts',(-13.0308175238046,-2.66931348465716,-10.8588712632699));
#1374=CARTESIAN_POINT('Ctrl Pts',(-9.15842464415934,-9.26107461267103,-10.4783606084105));
#1375=CARTESIAN_POINT('Ctrl Pts',(-3.25011323860379,-12.8694993677667,-10.1401305271719));
#1376=CARTESIAN_POINT('Ctrl Pts',(4.56902734081161,-12.4590196553382,-9.75962101879031));
#1377=CARTESIAN_POINT('Ctrl Pts',(10.2600833358842,-8.1253286906565,-9.41081947933341));
#1378=CARTESIAN_POINT('Ctrl Pts',(12.7309134281887,-2.23264963747072,-9.09372836261854));
#1379=CARTESIAN_POINT('Ctrl Pts',(12.4427512485312,3.50321166090203,-8.80834624788059));
#1380=CARTESIAN_POINT('Ctrl Pts',(9.69417177686998,8.55120295427676,-8.52296354651677));
#1381=CARTESIAN_POINT('Ctrl Pts',(5.03015228189956,11.9072295745261,-8.2375813556368));
#1382=CARTESIAN_POINT('Ctrl Pts',(-0.626832463119653,12.9112594480179,-7.95219925821159));
#1383=CARTESIAN_POINT('Ctrl Pts',(-6.16277439147641,11.3635783886725,-7.66681684493574));
#1384=CARTESIAN_POINT('Ctrl Pts',(-10.4748941103828,7.57015147040197,-7.38143411101068));
#1385=CARTESIAN_POINT('Ctrl Pts',(-12.9795094228311,1.6938122258784,-7.06434382732631));
#1386=CARTESIAN_POINT('Ctrl Pts',(-12.1150688961107,-5.41316456741265,-6.7155417722212));
#1387=CARTESIAN_POINT('Ctrl Pts',(-6.96684073777899,-11.2941376511627,-6.33503253488233));
#1388=CARTESIAN_POINT('Ctrl Pts',(0.59568677367747,-13.2546005777824,-5.9545230573795));
#1389=CARTESIAN_POINT('Ctrl Pts',(7.95188903333144,-10.6236479597951,-5.57401291711528));
#1390=CARTESIAN_POINT('Ctrl Pts',(12.5518121982596,-4.30455852317581,-5.19350288648645));
#1391=CARTESIAN_POINT('Ctrl Pts',(12.7752336452295,2.85128312752215,-4.84470256970335));
#1392=CARTESIAN_POINT('Ctrl Pts',(9.7536056827712,8.4792712633253,-4.52761128850889));
#1393=CARTESIAN_POINT('Ctrl Pts',(5.11854909922612,11.8705902405558,-4.24222908696108));
#1394=CARTESIAN_POINT('Ctrl Pts',(-0.533816798697667,12.9154289069143,-3.95684691462067));
#1395=CARTESIAN_POINT('Ctrl Pts',(-6.07811155970728,11.408021888764,-3.67146411643921));
#1396=CARTESIAN_POINT('Ctrl Pts',(-10.4219382667178,7.6470842204004,-3.38608226566511));
#1397=CARTESIAN_POINT('Ctrl Pts',(-12.7072839626364,2.37301782194371,-3.10069969715511));
#1398=CARTESIAN_POINT('Ctrl Pts',(-12.4784335496317,-3.36581559527426,-2.81531792530694));
#1399=CARTESIAN_POINT('Ctrl Pts',(-9.49167556455391,-9.01260495757695,-2.49822437952616));
#1400=CARTESIAN_POINT('Ctrl Pts',(-3.42979761230534,-12.8194539632818,-2.14942736940225));
#1401=CARTESIAN_POINT('Ctrl Pts',(4.38292240758952,-12.5252200204881,-1.76891415905387));
#1402=CARTESIAN_POINT('Ctrl Pts',(10.1418200384604,-8.27329886899957,-1.42011498106342));
#1403=CARTESIAN_POINT('Ctrl Pts',(12.6962429942632,-2.41875671594587,-1.10302367971163));
#1404=CARTESIAN_POINT('Ctrl Pts',(12.4930082781662,3.32141077784146,-0.81764110674139));
#1405=CARTESIAN_POINT('Ctrl Pts',(9.81762042052958,8.40863626860539,-0.532258988041751));
#1406=CARTESIAN_POINT('Ctrl Pts',(5.20395939136084,11.8325630497405,-0.2468768067568));
#1407=CARTESIAN_POINT('Ctrl Pts',(-0.439110064681961,12.9190335223808,0.0385056293793407));
#1408=CARTESIAN_POINT('Ctrl Pts',(-5.99457055269864,11.4523052785557,0.323888378418102));
#1409=CARTESIAN_POINT('Ctrl Pts',(-10.366499691313,7.72237353724989,0.609269571691213));
#1410=CARTESIAN_POINT('Ctrl Pts',(-11.9138820651238,4.21879303317109,0.799526158582452));
#1411=CARTESIAN_POINT('Ctrl Pts',(-12.2703067920308,2.38528221169781,0.894654117612613));
#1412=CARTESIAN_POINT('',(-11.7339799955803,2.2305695563071,-8.07709409968431E-16));
#1413=CARTESIAN_POINT('Ctrl Pts',(-11.7969630487208,1.8690598632541,-15.9804405541509));
#1414=CARTESIAN_POINT('Ctrl Pts',(-12.0752648761283,0.112232324785013,-15.8856340050071));
#1415=CARTESIAN_POINT('Ctrl Pts',(-11.8344109231888,-3.53262584049917,-15.6957063345378));
#1416=CARTESIAN_POINT('Ctrl Pts',(-9.1385248123939,-8.30947510977881,-15.4106458949663));
#1417=CARTESIAN_POINT('Ctrl Pts',(-4.63452234230075,-11.4491612279532,-15.1252642386555));
#1418=CARTESIAN_POINT('Ctrl Pts',(0.785968756811368,-12.3264929705894,-14.8398815882685));
#1419=CARTESIAN_POINT('Ctrl Pts',(6.05026903707376,-10.7682354008516,-14.5544996913675));
#1420=CARTESIAN_POINT('Ctrl Pts',(10.1205030044517,-7.0813339290192,-14.2691171872202));
#1421=CARTESIAN_POINT('Ctrl Pts',(12.1878882321816,-1.99667242049512,-13.9837344177433));
#1422=CARTESIAN_POINT('Ctrl Pts',(11.8154455407821,4.09501150281093,-13.6666443585899));
#1423=CARTESIAN_POINT('Ctrl Pts',(8.04739376482224,9.80229875572653,-13.3178422304016));
#1424=CARTESIAN_POINT('Ctrl Pts',(1.12570975514805,12.627696323095,-12.9373334038622));
#1425=CARTESIAN_POINT('Ctrl Pts',(-6.15983305527756,11.0769785816368,-12.5568233152129));
#1426=CARTESIAN_POINT('Ctrl Pts',(-11.9310016355464,5.08172772518258,-12.1340339874875));
#1427=CARTESIAN_POINT('Ctrl Pts',(-12.4406366560805,-2.60221329650789,-11.7535253808825));
#1428=CARTESIAN_POINT('Ctrl Pts',(-8.71436868217579,-8.8854330620522,-11.3730147260231));
#1429=CARTESIAN_POINT('Ctrl Pts',(-3.05455922758323,-12.3099473256984,-11.0347846447845));
#1430=CARTESIAN_POINT('Ctrl Pts',(4.4151632288639,-11.8867452011717,-10.6542751364029));
#1431=CARTESIAN_POINT('Ctrl Pts',(9.83591309131075,-7.72326616779566,-10.305473596946));
#1432=CARTESIAN_POINT('Ctrl Pts',(12.1734943134481,-2.08290103036754,-9.98838248023114));
#1433=CARTESIAN_POINT('Ctrl Pts',(11.8754232933428,3.39669007972108,-9.70300036549321));
#1434=CARTESIAN_POINT('Ctrl Pts',(9.22909862586363,8.20925885995217,-9.41761766412938));
#1435=CARTESIAN_POINT('Ctrl Pts',(4.75923558486715,11.3975315726717,-9.13223547324941));
#1436=CARTESIAN_POINT('Ctrl Pts',(-0.650107182188903,12.3344890195289,-8.84685337582421));
#1437=CARTESIAN_POINT('Ctrl Pts',(-5.9336808805458,10.8337140407105,-8.56147096254834));
#1438=CARTESIAN_POINT('Ctrl Pts',(-10.038969504182,7.19193186763517,-8.2760882286233));
#1439=CARTESIAN_POINT('Ctrl Pts',(-12.4088979357633,1.56704589070518,-7.9589979449389));
#1440=CARTESIAN_POINT('Ctrl Pts',(-11.5547486409892,-5.22039084875777,-7.61019588983383));
#1441=CARTESIAN_POINT('Ctrl Pts',(-6.6122101773536,-10.8193830829897,-7.22968665249492));
#1442=CARTESIAN_POINT('Ctrl Pts',(0.621707196758632,-12.6626818976656,-6.84917717499213));
#1443=CARTESIAN_POINT('Ctrl Pts',(7.64028483937378,-10.1196066910231,-6.46866703472788));
#1444=CARTESIAN_POINT('Ctrl Pts',(12.0105685713684,-4.06336198809554,-6.08815700409908));
#1445=CARTESIAN_POINT('Ctrl Pts',(12.1957000448789,2.77507636033104,-5.73935668731595));
#1446=CARTESIAN_POINT('Ctrl Pts',(9.28617394100658,8.14076214148409,-5.42226540612151));
#1447=CARTESIAN_POINT('Ctrl Pts',(4.84384572204879,11.3628721779622,-5.1368832045737));
#1448=CARTESIAN_POINT('Ctrl Pts',(-0.561245331356405,12.3388415618866,-4.85150103223328));
#1449=CARTESIAN_POINT('Ctrl Pts',(-5.85295990275018,10.8765161586413,-4.56611823405182));
#1450=CARTESIAN_POINT('Ctrl Pts',(-9.9886739285861,7.26565250183827,-4.28073638327772));
#1451=CARTESIAN_POINT('Ctrl Pts',(-12.1514720309341,2.2171193257031,-3.99535381476772));
#1452=CARTESIAN_POINT('Ctrl Pts',(-11.9100628416675,-3.26554670499417,-3.70997204291955));
#1453=CARTESIAN_POINT('Ctrl Pts',(-9.03378122203877,-8.64933560176876,-3.39287849713877));
#1454=CARTESIAN_POINT('Ctrl Pts',(-3.22644960932254,-12.26283984838,-3.04408148701486));
#1455=CARTESIAN_POINT('Ctrl Pts',(4.2375984506069,-11.9507383744766,-2.66356827666648));
#1456=CARTESIAN_POINT('Ctrl Pts',(9.72349636596336,-7.86512327426643,-2.31476909867604));
#1457=CARTESIAN_POINT('Ctrl Pts',(12.1411033826311,-2.26086752049326,-1.99767779732424));
#1458=CARTESIAN_POINT('Ctrl Pts',(11.9241652301611,3.22317474008572,-1.712295224354));
#1459=CARTESIAN_POINT('Ctrl Pts',(9.34762119706212,8.07352259259692,-1.42691310565436));
#1460=CARTESIAN_POINT('Ctrl Pts',(4.92560767214972,11.3268748246716,-1.14153092436941));
#1461=CARTESIAN_POINT('Ctrl Pts',(-0.470765390946493,12.3426610850063,-0.856148488233271));
#1462=CARTESIAN_POINT('Ctrl Pts',(-5.77331021709304,10.9191608431018,-0.57076573919451));
#1463=CARTESIAN_POINT('Ctrl Pts',(-9.93599954053243,7.33781263891495,-0.285384545921398));
#1464=CARTESIAN_POINT('Ctrl Pts',(-11.4006734622673,3.98393886202155,-0.0951279590301589));
#1465=CARTESIAN_POINT('Ctrl Pts',(-11.7339799955803,2.23056955630703,1.80411241501588E-15));
#1466=CARTESIAN_POINT('',(0.331500234739248,12.495603530617,3.51975393275694E-14));
#1467=CARTESIAN_POINT('Ctrl Pts',(-11.7339799955803,2.23056955630703,1.0073832897798E-17));
#1468=CARTESIAN_POINT('Ctrl Pts',(-11.6448485965509,3.3297137656722,1.06510123881089E-17));
#1469=CARTESIAN_POINT('Ctrl Pts',(-11.3235672047357,4.67655534107902,6.35866914677763E-10));
#1470=CARTESIAN_POINT('Ctrl Pts',(-9.92705376167948,7.424566402117,6.35866914677763E-10));
#1471=CARTESIAN_POINT('Ctrl Pts',(-8.96625924217362,8.63414967411352,3.23023552351032E-11));
#1472=CARTESIAN_POINT('Ctrl Pts',(-6.71808436761158,10.5553296990789,3.23023552351032E-11));
#1473=CARTESIAN_POINT('Ctrl Pts',(-5.47096696342281,11.2807668264714,3.57117366885342E-11));
#1474=CARTESIAN_POINT('Ctrl Pts',(-2.70000282331823,12.2901653360419,3.57117560093667E-11));
#1475=CARTESIAN_POINT('Ctrl Pts',(-1.18676906581871,12.5358822277044,7.60662133288742E-17));
#1476=CARTESIAN_POINT('Ctrl Pts',(0.331500234740595,12.495603530617,7.61911908997745E-17));
#1477=CARTESIAN_POINT('',(-12.5,1.86847578818462E-14,-2.98311485203419));
#1478=CARTESIAN_POINT('Ctrl Pts',(0.331510436120172,12.4959962945998,-9.65131404772474E-6));
#1479=CARTESIAN_POINT('Ctrl Pts',(1.94651519579022,12.4520272179542,-0.0822987249290289));
#1480=CARTESIAN_POINT('Ctrl Pts',(5.41151316632834,11.6785315931285,-0.259715233476854));
#1481=CARTESIAN_POINT('Ctrl Pts',(9.81762042052958,8.40863626860539,-0.532258988041751));
#1482=CARTESIAN_POINT('Ctrl Pts',(12.4930082781662,3.32141077784146,-0.81764110674139));
#1483=CARTESIAN_POINT('Ctrl Pts',(12.6962429942632,-2.41875671594587,-1.10302367971163));
#1484=CARTESIAN_POINT('Ctrl Pts',(10.1418200384604,-8.27329886899957,-1.42011498106342));
#1485=CARTESIAN_POINT('Ctrl Pts',(4.38292240758952,-12.5252200204881,-1.76891415905387));
#1486=CARTESIAN_POINT('Ctrl Pts',(-3.42979761230534,-12.8194539632818,-2.14942736940225));
#1487=CARTESIAN_POINT('Ctrl Pts',(-9.49167556455391,-9.01260495757695,-2.49822437952616));
#1488=CARTESIAN_POINT('Ctrl Pts',(-12.1091864847528,-4.06391715168991,-2.77611626864223));
#1489=CARTESIAN_POINT('Ctrl Pts',(-12.4985237587491,-1.09796304872771,-2.9271697227336));
#1490=CARTESIAN_POINT('Ctrl Pts',(-12.4991448193225,1.54289867820845E-6,
-2.983095722923));
#1491=CARTESIAN_POINT('Ctrl Pts',(-12.4991450137442,0.0003539726245583,
-2.9831136743081));
#1492=CARTESIAN_POINT('Ctrl Pts',(-12.4991453892596,0.000353950366061255,
-2.98874390240855));
#1493=CARTESIAN_POINT('Ctrl Pts',(-12.4990970342086,0.000353936983177006,
-2.99437229692859));
#1494=CARTESIAN_POINT('Ctrl Pts',(-12.4990002546187,0.000353933338135873,
-2.99999828627541));
#1495=CARTESIAN_POINT('Origin',(-12.5,1.37772764904077E-14,-1.));
#1496=CARTESIAN_POINT('',(-12.5,1.37772764904077E-14,0.));
#1497=CARTESIAN_POINT('',(-12.5,1.37772764904077E-14,-9.5));
#1498=CARTESIAN_POINT('',(-11.75,1.29506399009833E-14,0.));
#1499=CARTESIAN_POINT('',(-6.25,6.88863824520386E-15,0.));
#1500=CARTESIAN_POINT('Origin',(-12.5,1.37772764904077E-14,-1.));
#1501=CARTESIAN_POINT('Origin',(0.,0.,-9.5));
#1502=CARTESIAN_POINT('Origin',(0.,0.,0.));
#1503=CARTESIAN_POINT('Ctrl Pts',(11.9441084674496,0.,-20.119591266507));
#1504=CARTESIAN_POINT('Ctrl Pts',(11.9441084674496,1.94087190077687,-20.016142990645));
#1505=CARTESIAN_POINT('Ctrl Pts',(10.9804187135228,5.82083387381964,-19.8092464389208));
#1506=CARTESIAN_POINT('Ctrl Pts',(6.97397980481927,10.2863604322045,-19.4989016113346));
#1507=CARTESIAN_POINT('Ctrl Pts',(1.34377220121265,12.3546624022859,-19.1885567837484));
#1508=CARTESIAN_POINT('Ctrl Pts',(-4.59998454137643,11.544993148432,-18.8782119561622));
#1509=CARTESIAN_POINT('Ctrl Pts',(-9.47181685143368,8.04543611309939,-18.567867128576));
#1510=CARTESIAN_POINT('Ctrl Pts',(-12.1370628009197,2.6715770753301,-18.2575223009898));
#1511=CARTESIAN_POINT('Ctrl Pts',(-11.9746063554793,-3.32474026579829,-17.9471774734036));
#1512=CARTESIAN_POINT('Ctrl Pts',(-9.02238451842253,-8.54645071427383,-17.6368326458174));
#1513=CARTESIAN_POINT('Ctrl Pts',(-3.96814977578418,-11.7770552211427,-17.3264878182311));
#1514=CARTESIAN_POINT('Ctrl Pts',(2.010560982638,-12.2638839822993,-17.016142990645));
#1515=CARTESIAN_POINT('Ctrl Pts',(7.52086309499801,-9.89352597433778,-16.7057981630587));
#1516=CARTESIAN_POINT('Ctrl Pts',(11.2789834681515,-5.21821335687664,-16.3954533354725));
#1517=CARTESIAN_POINT('Ctrl Pts',(12.4093732911133,0.672816584032006,-16.0851085078864));
#1518=CARTESIAN_POINT('Ctrl Pts',(10.6486776174508,6.40709681061101,-15.7747636803001));
#1519=CARTESIAN_POINT('Ctrl Pts',(6.40709679670251,10.6486776497656,-15.4644188527139));
#1520=CARTESIAN_POINT('Ctrl Pts',(0.672816651210837,12.4093731962023,-15.1540740251277));
#1521=CARTESIAN_POINT('Ctrl Pts',(-5.21821351136309,11.278983673747,-14.8437291975415));
#1522=CARTESIAN_POINT('Ctrl Pts',(-9.89352565427041,7.52086267454953,-14.5333843699553));
#1523=CARTESIAN_POINT('Ctrl Pts',(-12.2638846301154,2.01056183096713,-14.2230395423691));
#1524=CARTESIAN_POINT('Ctrl Pts',(-11.7770539173505,-3.96815148181484,-13.9126947147829));
#1525=CARTESIAN_POINT('Ctrl Pts',(-8.54645333463145,-9.02238109029954,-13.6023498871967));
#1526=CARTESIAN_POINT('Ctrl Pts',(-3.32473500122349,-11.9746132426178,-13.2920050596105));
#1527=CARTESIAN_POINT('Ctrl Pts',(2.67156649912752,-12.1370489652143,-12.9816602320243));
#1528=CARTESIAN_POINT('Ctrl Pts',(8.04545735984049,-9.47184464665833,-12.6713154044381));
#1529=CARTESIAN_POINT('Ctrl Pts',(11.5449504620725,-4.59992869183343,-12.3609705768518));
#1530=CARTESIAN_POINT('Ctrl Pts',(12.3547482116037,1.34365984108254,-12.0506257492657));
#1531=CARTESIAN_POINT('Ctrl Pts',(10.286187240078,6.97420799826307,-11.7402809216794));
#1532=CARTESIAN_POINT('Ctrl Pts',(5.82119242444396,10.9799336928127,-11.4299360940932));
#1533=CARTESIAN_POINT('Ctrl Pts',(1.96679597772236E-14,12.4275993313622,
-11.119591266507));
#1534=CARTESIAN_POINT('Ctrl Pts',(-5.82119242444393,10.9799336928128,-10.8092464389208));
#1535=CARTESIAN_POINT('Ctrl Pts',(-10.286187240078,6.97420799826308,-10.4989016113346));
#1536=CARTESIAN_POINT('Ctrl Pts',(-12.3547482116037,1.34365984108256,-10.1885567837484));
#1537=CARTESIAN_POINT('Ctrl Pts',(-11.5449504620725,-4.59992869183342,-9.87821195616219));
#1538=CARTESIAN_POINT('Ctrl Pts',(-8.0454573598405,-9.47184464665831,-9.56786712857599));
#1539=CARTESIAN_POINT('Ctrl Pts',(-2.67156649912754,-12.1370489652144,-9.25752230098978));
#1540=CARTESIAN_POINT('Ctrl Pts',(3.32473500122346,-11.9746132426178,-8.94717747340358));
#1541=CARTESIAN_POINT('Ctrl Pts',(8.54645333463142,-9.02238109029958,-8.63683264581736));
#1542=CARTESIAN_POINT('Ctrl Pts',(11.7770539173505,-3.96815148181487,-8.32648781823118));
#1543=CARTESIAN_POINT('Ctrl Pts',(12.2638846301154,2.0105618309671,-8.01614299064495));
#1544=CARTESIAN_POINT('Ctrl Pts',(9.89352565427042,7.52086267454952,-7.70579816305875));
#1545=CARTESIAN_POINT('Ctrl Pts',(5.21821351136309,11.278983673747,-7.39545333547254));
#1546=CARTESIAN_POINT('Ctrl Pts',(-0.672816651210819,12.4093731962023,-7.08510850788634));
#1547=CARTESIAN_POINT('Ctrl Pts',(-6.40709679670249,10.6486776497656,-6.77476368030013));
#1548=CARTESIAN_POINT('Ctrl Pts',(-10.6486776174508,6.40709681061104,-6.46441885271392));
#1549=CARTESIAN_POINT('Ctrl Pts',(-12.4093732911133,0.672816584032043,-6.15407402512772));
#1550=CARTESIAN_POINT('Ctrl Pts',(-11.2789834681515,-5.2182133568766,-5.8437291975415));
#1551=CARTESIAN_POINT('Ctrl Pts',(-7.52086309499804,-9.89352597433778,-5.53338436995531));
#1552=CARTESIAN_POINT('Ctrl Pts',(-2.01056098263802,-12.2638839822993,-5.22303954236909));
#1553=CARTESIAN_POINT('Ctrl Pts',(3.96814977578416,-11.7770552211427,-4.91269471478289));
#1554=CARTESIAN_POINT('Ctrl Pts',(9.02238451842253,-8.54645071427383,-4.60234988719668));
#1555=CARTESIAN_POINT('Ctrl Pts',(11.9746063554793,-3.3247402657983,-4.29200505961047));
#1556=CARTESIAN_POINT('Ctrl Pts',(12.1370628009198,2.67157707533009,-3.98166023202427));
#1557=CARTESIAN_POINT('Ctrl Pts',(9.47181685143367,8.04543611309935,-3.67131540443806));
#1558=CARTESIAN_POINT('Ctrl Pts',(4.59998454137648,11.544993148432,-3.36097057685186));
#1559=CARTESIAN_POINT('Ctrl Pts',(-1.34377220121262,12.3546624022859,-3.05062574926564));
#1560=CARTESIAN_POINT('Ctrl Pts',(-6.97397980481925,10.2863604322045,-2.74028092167944));
#1561=CARTESIAN_POINT('Ctrl Pts',(-10.9804187135228,5.82083387381966,-2.42993609409323));
#1562=CARTESIAN_POINT('Ctrl Pts',(-11.9441084674496,1.94087190077688,-2.2230395423691));
#1563=CARTESIAN_POINT('Ctrl Pts',(-11.9441084674496,1.31645827829979E-14,
-2.11959126650703));
#1564=CARTESIAN_POINT('Ctrl Pts',(11.5890565616994,0.,-19.9433034068864));
#1565=CARTESIAN_POINT('Ctrl Pts',(11.5890565616994,1.88248475988648,-19.8398551310244));
#1566=CARTESIAN_POINT('Ctrl Pts',(10.6539063489153,5.64817057331055,-19.6329585793002));
#1567=CARTESIAN_POINT('Ctrl Pts',(6.76664514675357,9.98033321069166,-19.322613751714));
#1568=CARTESIAN_POINT('Ctrl Pts',(1.30380973393285,11.9874226072648,-19.0122689241278));
#1569=CARTESIAN_POINT('Ctrl Pts',(-4.46321171600543,11.201686874062,-18.7019240965416));
#1570=CARTESIAN_POINT('Ctrl Pts',(-9.19019964371978,7.80624946030839,-18.3915792689554));
#1571=CARTESIAN_POINT('Ctrl Pts',(-11.7761982360433,2.59213329250269,-18.0812344413692));
#1572=CARTESIAN_POINT('Ctrl Pts',(-11.6185736549323,-3.2258821805857,-17.770889613783));
#1573=CARTESIAN_POINT('Ctrl Pts',(-8.75412750399855,-8.29234745670096,-17.4605447861968));
#1574=CARTESIAN_POINT('Ctrl Pts',(-3.85016747320946,-11.4268942131354,-17.1501999586105));
#1575=CARTESIAN_POINT('Ctrl Pts',(1.95078233707347,-11.8992505340884,-16.8398551310244));
#1576=CARTESIAN_POINT('Ctrl Pts',(7.29725008839943,-9.59936779432847,-16.5295103034382));
#1577=CARTESIAN_POINT('Ctrl Pts',(10.943632742244,-5.06306375892008,-16.2191654758519));
#1578=CARTESIAN_POINT('Ctrl Pts',(12.0404133883541,0.65281224950955,-15.9088206482658));
#1579=CARTESIAN_POINT('Ctrl Pts',(10.3320673563559,6.21659868911117,-15.5984758206795));
#1580=CARTESIAN_POINT('Ctrl Pts',(6.21659871692086,10.3320674051438,-15.2881309930933));
#1581=CARTESIAN_POINT('Ctrl Pts',(0.652812228587808,12.0404132938689,-14.9777861655071));
#1582=CARTESIAN_POINT('Ctrl Pts',(-5.06306373428587,10.9436329302992,-14.6674413379209));
#1583=CARTESIAN_POINT('Ctrl Pts',(-9.59936783515648,7.29724971149269,-14.3570965103347));
#1584=CARTESIAN_POINT('Ctrl Pts',(-11.8992504563803,1.95078309379814,-14.0467516827485));
#1585=CARTESIAN_POINT('Ctrl Pts',(-11.4268943670957,-3.85016899315992,-13.7364068551623));
#1586=CARTESIAN_POINT('Ctrl Pts',(-8.29234714848175,-8.75412445071235,-13.4260620275761));
#1587=CARTESIAN_POINT('Ctrl Pts',(-3.22588279923057,-11.6185797885593,-13.1157171999899));
#1588=CARTESIAN_POINT('Ctrl Pts',(2.59213453504733,-11.7761859143107,-12.8053723724037));
#1589=CARTESIAN_POINT('Ctrl Pts',(7.80624696393567,-9.19022439733648,-12.4950275448175));
#1590=CARTESIAN_POINT('Ctrl Pts',(11.2016918942527,-4.46316197808752,-12.1846827172312));
#1591=CARTESIAN_POINT('Ctrl Pts',(11.9874124494636,1.30370966941941,-11.8743378896451));
#1592=CARTESIAN_POINT('Ctrl Pts',(9.98035466747919,6.76684836887781,-11.5639930620588));
#1593=CARTESIAN_POINT('Ctrl Pts',(5.64811466363681,10.6534744042651,-11.2536482344726));
#1594=CARTESIAN_POINT('Ctrl Pts',(2.27410784924148E-14,12.0580975338548,
-10.9433034068864));
#1595=CARTESIAN_POINT('Ctrl Pts',(-5.64811466363679,10.6534744042651,-10.6329585793002));
#1596=CARTESIAN_POINT('Ctrl Pts',(-9.98035466747918,6.76684836887781,-10.322613751714));
#1597=CARTESIAN_POINT('Ctrl Pts',(-11.9874124494636,1.30370966941942,-10.0122689241278));
#1598=CARTESIAN_POINT('Ctrl Pts',(-11.2016918942527,-4.46316197808751,-9.70192409654159));
#1599=CARTESIAN_POINT('Ctrl Pts',(-7.80624696393568,-9.19022439733648,-9.39157926895539));
#1600=CARTESIAN_POINT('Ctrl Pts',(-2.59213453504735,-11.7761859143107,-9.08123444136918));
#1601=CARTESIAN_POINT('Ctrl Pts',(3.22588279923055,-11.6185797885593,-8.77088961378298));
#1602=CARTESIAN_POINT('Ctrl Pts',(8.29234714848172,-8.75412445071237,-8.46054478619677));
#1603=CARTESIAN_POINT('Ctrl Pts',(11.4268943670957,-3.85016899315995,-8.15019995861057));
#1604=CARTESIAN_POINT('Ctrl Pts',(11.8992504563803,1.95078309379812,-7.83985513102436));
#1605=CARTESIAN_POINT('Ctrl Pts',(9.59936783515649,7.29724971149268,-7.52951030343815));
#1606=CARTESIAN_POINT('Ctrl Pts',(5.06306373428589,10.9436329302992,-7.21916547585194));
#1607=CARTESIAN_POINT('Ctrl Pts',(-0.652812228587796,12.0404132938689,-6.90882064826574));
#1608=CARTESIAN_POINT('Ctrl Pts',(-6.21659871692083,10.3320674051438,-6.59847582067953));
#1609=CARTESIAN_POINT('Ctrl Pts',(-10.3320673563559,6.21659868911119,-6.28813099309332));
#1610=CARTESIAN_POINT('Ctrl Pts',(-12.0404133883541,0.652812249509589,-5.97778616550712));
#1611=CARTESIAN_POINT('Ctrl Pts',(-10.943632742244,-5.06306375892005,-5.66744133792091));
#1612=CARTESIAN_POINT('Ctrl Pts',(-7.29725008839946,-9.59936779432846,-5.3570965103347));
#1613=CARTESIAN_POINT('Ctrl Pts',(-1.95078233707349,-11.8992505340883,-5.0467516827485));
#1614=CARTESIAN_POINT('Ctrl Pts',(3.85016747320944,-11.4268942131354,-4.73640685516228));
#1615=CARTESIAN_POINT('Ctrl Pts',(8.75412750399854,-8.29234745670096,-4.42606202757608));
#1616=CARTESIAN_POINT('Ctrl Pts',(11.6185736549323,-3.22588218058571,-4.11571719998987));
#1617=CARTESIAN_POINT('Ctrl Pts',(11.7761982360433,2.59213329250268,-3.80537237240367));
#1618=CARTESIAN_POINT('Ctrl Pts',(9.19019964371979,7.80624946030836,-3.49502754481746));
#1619=CARTESIAN_POINT('Ctrl Pts',(4.46321171600547,11.201686874062,-3.18468271723126));
#1620=CARTESIAN_POINT('Ctrl Pts',(-1.30380973393282,11.9874226072648,-2.87433788964504));
#1621=CARTESIAN_POINT('Ctrl Pts',(-6.76664514675354,9.98033321069169,-2.56399306205885));
#1622=CARTESIAN_POINT('Ctrl Pts',(-10.6539063489153,5.64817057331056,-2.25364823447263));
#1623=CARTESIAN_POINT('Ctrl Pts',(-11.5890565616994,1.88248475988649,-2.0467516827485));
#1624=CARTESIAN_POINT('Ctrl Pts',(-11.5890565616994,1.27732509210805E-14,
-1.94330340688643));
#1625=CARTESIAN_POINT('Ctrl Pts',(11.1557514744418,0.,-19.3503267865198));
#1626=CARTESIAN_POINT('Ctrl Pts',(11.1557514744418,1.81294698242453,-19.2468785106578));
#1627=CARTESIAN_POINT('Ctrl Pts',(10.255696817738,5.43654095779321,-19.0399819589336));
#1628=CARTESIAN_POINT('Ctrl Pts',(6.51367696804225,9.60748714092447,-18.7296371313474));
#1629=CARTESIAN_POINT('Ctrl Pts',(1.25508258909199,11.539203040366,-18.4192923037612));
#1630=CARTESIAN_POINT('Ctrl Pts',(-4.29637653426022,10.7830101133749,-18.108947476175));
#1631=CARTESIAN_POINT('Ctrl Pts',(-8.84665539191273,7.51441350718201,-17.7986026485888));
#1632=CARTESIAN_POINT('Ctrl Pts',(-11.335990070367,2.49525006452856,-17.4882578210026));
#1633=CARTESIAN_POINT('Ctrl Pts',(-11.1842556805845,-3.10530153603119,-17.1779129934164));
#1634=CARTESIAN_POINT('Ctrl Pts',(-8.42688723498939,-7.98236530340923,-16.8675681658302));
#1635=CARTESIAN_POINT('Ctrl Pts',(-3.70624306942384,-10.9997438701986,-16.557223338244));
#1636=CARTESIAN_POINT('Ctrl Pts',(1.87785948864046,-11.454440302603,-16.2468785106578));
#1637=CARTESIAN_POINT('Ctrl Pts',(7.02446948771448,-9.24053144642281,-15.9365336830716));
#1638=CARTESIAN_POINT('Ctrl Pts',(10.5345455823426,-4.87379967627919,-15.6261888554854));
#1639=CARTESIAN_POINT('Ctrl Pts',(11.5903271807516,0.628409177161857,-15.3158440278992));
#1640=CARTESIAN_POINT('Ctrl Pts',(9.94584131661581,5.98421424657672,-15.0054992003129));
#1641=CARTESIAN_POINT('Ctrl Pts',(5.98421422284653,9.94584134226475,-14.6951543727268));
#1642=CARTESIAN_POINT('Ctrl Pts',(0.628409262294557,11.590327092728,-14.3848095451405));
#1643=CARTESIAN_POINT('Ctrl Pts',(-4.87379986594834,10.5345457773396,-14.0744647175543));
#1644=CARTESIAN_POINT('Ctrl Pts',(-9.24053105611798,7.02446908694556,-13.7641198899681));
#1645=CARTESIAN_POINT('Ctrl Pts',(-11.4544410912983,1.87786029823799,-13.4537750623819));
#1646=CARTESIAN_POINT('Ctrl Pts',(-10.9997422835065,-3.70624469804679,-13.1434302347957));
#1647=CARTESIAN_POINT('Ctrl Pts',(-7.98236849202376,-8.42688396217022,-12.8330854072095));
#1648=CARTESIAN_POINT('Ctrl Pts',(-3.10529512992437,-11.1842622558354,-12.5227405796233));
#1649=CARTESIAN_POINT('Ctrl Pts',(2.49523719513067,-11.335976861159,-12.2123957520371));
#1650=CARTESIAN_POINT('Ctrl Pts',(7.51443936082032,-8.84668192856599,-11.9020509244509));
#1651=CARTESIAN_POINT('Ctrl Pts',(10.782958170156,-4.29632321357703,-11.5917060968647));
#1652=CARTESIAN_POINT('Ctrl Pts',(11.5393074752621,1.25497531660613,-11.2813612692785));
#1653=CARTESIAN_POINT('Ctrl Pts',(9.60727610781263,6.51389482893621,-10.9710164416923));
#1654=CARTESIAN_POINT('Ctrl Pts',(5.43698083585685,10.2552337586589,-10.6606716141061));
#1655=CARTESIAN_POINT('Ctrl Pts',(2.15118310063383E-14,11.6073502598181,
-10.3503267865198));
#1656=CARTESIAN_POINT('Ctrl Pts',(-5.43698083585683,10.2552337586589,-10.0399819589337));
#1657=CARTESIAN_POINT('Ctrl Pts',(-9.60727610781262,6.51389482893623,-9.72963713134742));
#1658=CARTESIAN_POINT('Ctrl Pts',(-11.5393074752621,1.25497531660614,-9.41929230376123));
#1659=CARTESIAN_POINT('Ctrl Pts',(-10.782958170156,-4.29632321357701,-9.10894747617501));
#1660=CARTESIAN_POINT('Ctrl Pts',(-7.51443936082033,-8.84668192856599,-8.79860264858881));
#1661=CARTESIAN_POINT('Ctrl Pts',(-2.49523719513068,-11.3359768611589,-8.4882578210026));
#1662=CARTESIAN_POINT('Ctrl Pts',(3.10529512992434,-11.1842622558354,-8.1779129934164));
#1663=CARTESIAN_POINT('Ctrl Pts',(7.98236849202374,-8.42688396217023,-7.86756816583018));
#1664=CARTESIAN_POINT('Ctrl Pts',(10.9997422835065,-3.70624469804682,-7.55722333824399));
#1665=CARTESIAN_POINT('Ctrl Pts',(11.4544410912982,1.87786029823797,-7.24687851065776));
#1666=CARTESIAN_POINT('Ctrl Pts',(9.24053105611801,7.02446908694556,-6.93653368307158));
#1667=CARTESIAN_POINT('Ctrl Pts',(4.87379986594834,10.5345457773396,-6.62618885548535));
#1668=CARTESIAN_POINT('Ctrl Pts',(-0.628409262294532,11.590327092728,-6.31584402789917));
#1669=CARTESIAN_POINT('Ctrl Pts',(-5.98421422284653,9.94584134226475,-6.00549920031294));
#1670=CARTESIAN_POINT('Ctrl Pts',(-9.94584131661577,5.98421424657676,-5.69515437272675));
#1671=CARTESIAN_POINT('Ctrl Pts',(-11.5903271807516,0.628409177161888,-5.38480954514053));
#1672=CARTESIAN_POINT('Ctrl Pts',(-10.5345455823426,-4.87379967627916,-5.07446471755433));
#1673=CARTESIAN_POINT('Ctrl Pts',(-7.02446948771452,-9.24053144642279,-4.76411988996812));
#1674=CARTESIAN_POINT('Ctrl Pts',(-1.87785948864048,-11.454440302603,-4.45377506238191));
#1675=CARTESIAN_POINT('Ctrl Pts',(3.70624306942383,-10.9997438701986,-4.14343023479571));
#1676=CARTESIAN_POINT('Ctrl Pts',(8.42688723498937,-7.98236530340923,-3.8330854072095));
#1677=CARTESIAN_POINT('Ctrl Pts',(11.1842556805845,-3.1053015360312,-3.5227405796233));
#1678=CARTESIAN_POINT('Ctrl Pts',(11.335990070367,2.49525006452854,-3.21239575203708));
#1679=CARTESIAN_POINT('Ctrl Pts',(8.84665539191274,7.51441350718199,-2.90205092445088));
#1680=CARTESIAN_POINT('Ctrl Pts',(4.29637653426026,10.7830101133749,-2.59170609686467));
#1681=CARTESIAN_POINT('Ctrl Pts',(-1.25508258909196,11.539203040366,-2.28136126927847));
#1682=CARTESIAN_POINT('Ctrl Pts',(-6.51367696804224,9.60748714092448,-1.97101644169226));
#1683=CARTESIAN_POINT('Ctrl Pts',(-10.2556968177379,5.43654095779324,-1.66067161410605));
#1684=CARTESIAN_POINT('Ctrl Pts',(-11.1557514744418,1.81294698242454,-1.45377506238191));
#1685=CARTESIAN_POINT('Ctrl Pts',(-11.1557514744418,1.22956698017327E-14,
-1.35032678651984));
#1686=CARTESIAN_POINT('Ctrl Pts',(11.313039625659,0.,-18.3866455334165));
#1687=CARTESIAN_POINT('Ctrl Pts',(11.313039625659,1.83817378127481,-18.2831972575544));
#1688=CARTESIAN_POINT('Ctrl Pts',(10.4002430648295,5.51336977164508,-18.0763007058303));
#1689=CARTESIAN_POINT('Ctrl Pts',(6.60550293055249,9.74282333819477,-17.7659558782441));
#1690=CARTESIAN_POINT('Ctrl Pts',(1.27276998363313,11.7019054491657,-17.4556110506579));
#1691=CARTESIAN_POINT('Ctrl Pts',(-4.35693636494124,10.9349856419404,-17.1452662230717));
#1692=CARTESIAN_POINT('Ctrl Pts',(-8.97135944456017,7.62034829007065,-16.8349213954855));
#1693=CARTESIAN_POINT('Ctrl Pts',(-11.4957823310095,2.53041770269389,-16.5245765678992));
#1694=CARTESIAN_POINT('Ctrl Pts',(-11.3419098818106,-3.14907128636264,-16.214231740313));
#1695=CARTESIAN_POINT('Ctrl Pts',(-8.54567300886125,-8.0948865782302,-15.9038869127268));
#1696=CARTESIAN_POINT('Ctrl Pts',(-3.75848655880188,-11.1547962315358,-15.5935420851406));
#1697=CARTESIAN_POINT('Ctrl Pts',(1.9043299408606,-11.615903118455,-15.2831972575544));
#1698=CARTESIAN_POINT('Ctrl Pts',(7.12348681292923,-9.37078635984091,-14.9728524299682));
#1699=CARTESIAN_POINT('Ctrl Pts',(10.6830411742339,-4.94250113217527,-14.662507602382));
#1700=CARTESIAN_POINT('Ctrl Pts',(11.7537051209833,0.637267312539384,-14.3521627747958));
#1701=CARTESIAN_POINT('Ctrl Pts',(10.0860384919176,6.06856806710484,-14.0418179472096));
#1702=CARTESIAN_POINT('Ctrl Pts',(6.06856806298747,10.0860385263474,-13.7314731196234));
#1703=CARTESIAN_POINT('Ctrl Pts',(0.637267357290144,11.7537050305617,-13.4211282920372));
#1704=CARTESIAN_POINT('Ctrl Pts',(-4.94250124023314,10.6830413664609,-13.110783464451));
#1705=CARTESIAN_POINT('Ctrl Pts',(-9.37078613372648,7.12348642150165,-12.8004386368648));
#1706=CARTESIAN_POINT('Ctrl Pts',(-11.6159035771908,1.90433072981244,-12.4900938092786));
#1707=CARTESIAN_POINT('Ctrl Pts',(-11.154795307752,-3.75848814501431,-12.1797489816924));
#1708=CARTESIAN_POINT('Ctrl Pts',(-8.09488843511343,-8.54566982170546,-11.8694041541061));
#1709=CARTESIAN_POINT('Ctrl Pts',(-3.14906755555684,-11.3419162847423,-11.55905932652));
#1710=CARTESIAN_POINT('Ctrl Pts',(2.53041020767749,-11.4957694680865,-11.2487144989337));
#1711=CARTESIAN_POINT('Ctrl Pts',(7.62036334691239,-8.9713852854896,-10.9383696713475));
#1712=CARTESIAN_POINT('Ctrl Pts',(10.9349553926202,-4.35688444221814,-10.6280248437613));
#1713=CARTESIAN_POINT('Ctrl Pts',(11.7019662427114,1.27266552362753,-10.3176800161751));
#1714=CARTESIAN_POINT('Ctrl Pts',(9.74270084569966,6.60571507954201,-10.0073351885889));
#1715=CARTESIAN_POINT('Ctrl Pts',(5.51362084248641,10.3997921462954,-9.69699036100271));
#1716=CARTESIAN_POINT('Ctrl Pts',(1.84387122911472E-14,11.7709681624236,
-9.38664553341649));
#1717=CARTESIAN_POINT('Ctrl Pts',(-5.51362084248637,10.3997921462954,-9.07630070583029));
#1718=CARTESIAN_POINT('Ctrl Pts',(-9.74270084569966,6.60571507954203,-8.76595587824408));
#1719=CARTESIAN_POINT('Ctrl Pts',(-11.7019662427114,1.27266552362754,-8.45561105065786));
#1720=CARTESIAN_POINT('Ctrl Pts',(-10.9349553926202,-4.35688444221813,-8.14526622307166));
#1721=CARTESIAN_POINT('Ctrl Pts',(-7.6203633469124,-8.97138528548959,-7.83492139548546));
#1722=CARTESIAN_POINT('Ctrl Pts',(-2.53041020767751,-11.4957694680865,-7.52457656789925));
#1723=CARTESIAN_POINT('Ctrl Pts',(3.14906755555682,-11.3419162847423,-7.21423174031305));
#1724=CARTESIAN_POINT('Ctrl Pts',(8.0948884351134,-8.54566982170548,-6.90388691272683));
#1725=CARTESIAN_POINT('Ctrl Pts',(11.154795307752,-3.75848814501435,-6.59354208514063));
#1726=CARTESIAN_POINT('Ctrl Pts',(11.6159035771908,1.90433072981242,-6.28319725755443));
#1727=CARTESIAN_POINT('Ctrl Pts',(9.37078613372649,7.12348642150164,-5.97285242996821));
#1728=CARTESIAN_POINT('Ctrl Pts',(4.94250124023315,10.6830413664609,-5.66250760238201));
#1729=CARTESIAN_POINT('Ctrl Pts',(-0.637267357290131,11.7537050305617,-5.3521627747958));
#1730=CARTESIAN_POINT('Ctrl Pts',(-6.06856806298746,10.0860385263475,-5.0418179472096));
#1731=CARTESIAN_POINT('Ctrl Pts',(-10.0860384919176,6.06856806710487,-4.73147311962338));
#1732=CARTESIAN_POINT('Ctrl Pts',(-11.7537051209833,0.637267312539417,-4.42112829203719));
#1733=CARTESIAN_POINT('Ctrl Pts',(-10.6830411742339,-4.94250113217523,-4.11078346445097));
#1734=CARTESIAN_POINT('Ctrl Pts',(-7.12348681292926,-9.37078635984091,-3.80043863686477));
#1735=CARTESIAN_POINT('Ctrl Pts',(-1.90432994086062,-11.6159031184549,-3.49009380927856));
#1736=CARTESIAN_POINT('Ctrl Pts',(3.75848655880187,-11.1547962315359,-3.17974898169236));
#1737=CARTESIAN_POINT('Ctrl Pts',(8.54567300886124,-8.09488657823018,-2.86940415410615));
#1738=CARTESIAN_POINT('Ctrl Pts',(11.3419098818106,-3.14907128636266,-2.55905932651994));
#1739=CARTESIAN_POINT('Ctrl Pts',(11.4957823310095,2.53041770269389,-2.24871449893374));
#1740=CARTESIAN_POINT('Ctrl Pts',(8.97135944456019,7.62034829007062,-1.93836967134753));
#1741=CARTESIAN_POINT('Ctrl Pts',(4.35693636494126,10.9349856419404,-1.62802484376132));
#1742=CARTESIAN_POINT('Ctrl Pts',(-1.2727699836331,11.7019054491657,-1.31768001617512));
#1743=CARTESIAN_POINT('Ctrl Pts',(-6.60550293055248,9.7428233381948,-1.00733518858891));
#1744=CARTESIAN_POINT('Ctrl Pts',(-10.4002430648295,5.51336977164509,-0.696990361002702));
#1745=CARTESIAN_POINT('Ctrl Pts',(-11.313039625659,1.83817378127483,-0.490093809278562));
#1746=CARTESIAN_POINT('Ctrl Pts',(-11.313039625659,1.24690299895714E-14,
-0.386645533416493));
#1747=CARTESIAN_POINT('Ctrl Pts',(11.7074071969495,0.,-17.99793397324));
#1748=CARTESIAN_POINT('Ctrl Pts',(11.7074071969495,1.90232959277163,-17.894485697378));
#1749=CARTESIAN_POINT('Ctrl Pts',(10.7628030070378,5.70552208642003,-17.6875891456538));
#1750=CARTESIAN_POINT('Ctrl Pts',(6.83577070028727,10.0824823950063,-17.3772443180676));
#1751=CARTESIAN_POINT('Ctrl Pts',(1.31714013436304,12.1098268803947,-17.0668994904814));
#1752=CARTESIAN_POINT('Ctrl Pts',(-4.50882097502402,11.3161877460641,-16.7565546628952));
#1753=CARTESIAN_POINT('Ctrl Pts',(-9.28410347864676,7.8859933198356,-16.446209835309));
#1754=CARTESIAN_POINT('Ctrl Pts',(-11.8965288778096,2.61863011712386,-16.1358650077228));
#1755=CARTESIAN_POINT('Ctrl Pts',(-11.7372922031089,-3.25884950068764,-15.8255201801366));
#1756=CARTESIAN_POINT('Ctrl Pts',(-8.84357776586725,-8.37707643363878,-15.5151753525504));
#1757=CARTESIAN_POINT('Ctrl Pts',(-3.88950851314577,-11.5436559361308,-15.2048305249642));
#1758=CARTESIAN_POINT('Ctrl Pts',(1.97071544661519,-12.0208369085178,-14.894485697378));
#1759=CARTESIAN_POINT('Ctrl Pts',(7.37181370530407,-9.69745482475582,-14.5841408697918));
#1760=CARTESIAN_POINT('Ctrl Pts',(11.0554551944526,-5.1147981855688,-14.2737960422056));
#1761=CARTESIAN_POINT('Ctrl Pts',(12.1634428105972,0.659482632546786,-13.9634512146193));
#1762=CARTESIAN_POINT('Ctrl Pts',(10.4376408208453,6.28012017642848,-13.6531063870331));
#1763=CARTESIAN_POINT('Ctrl Pts',(6.28012016752256,10.4376408545148,-13.3427615594469));
#1764=CARTESIAN_POINT('Ctrl Pts',(0.659482688540541,12.163442717293,-13.0324167318607));
#1765=CARTESIAN_POINT('Ctrl Pts',(-5.11479831702057,11.0554553946658,-12.7220719042745));
#1766=CARTESIAN_POINT('Ctrl Pts',(-9.69745455124366,7.37181329674042,-12.4117270766883));
#1767=CARTESIAN_POINT('Ctrl Pts',(-12.0208374626701,1.97071627053527,-12.1013822491021));
#1768=CARTESIAN_POINT('Ctrl Pts',(-11.5436548205674,-3.88951016987588,-11.7910374215159));
#1769=CARTESIAN_POINT('Ctrl Pts',(-8.37707867583333,-8.84357443691532,-11.4806925939297));
#1770=CARTESIAN_POINT('Ctrl Pts',(-3.25884499581365,-11.7372988909589,-11.1703477663435));
#1771=CARTESIAN_POINT('Ctrl Pts',(2.61862106708147,-11.8965154424848,-10.8600029387573));
#1772=CARTESIAN_POINT('Ctrl Pts',(7.8860115006206,-9.28413046951419,-10.5496581111711));
#1773=CARTESIAN_POINT('Ctrl Pts',(11.3161512199969,-4.50876674169977,-10.2393132835849));
#1774=CARTESIAN_POINT('Ctrl Pts',(12.1099002985587,1.31703102580349,-9.92896845599865));
#1775=CARTESIAN_POINT('Ctrl Pts',(10.0823343216867,6.83599229007845,-9.61862362841246));
#1776=CARTESIAN_POINT('Ctrl Pts',(5.70582732010132,10.7623320222633,-9.30827880082623));
#1777=CARTESIAN_POINT('Ctrl Pts',(2.64288209506443E-14,12.1813076459046,
-8.99793397324005));
#1778=CARTESIAN_POINT('Ctrl Pts',(-5.7058273201013,10.7623320222633,-8.68758914565382));
#1779=CARTESIAN_POINT('Ctrl Pts',(-10.0823343216867,6.83599229007847,-8.37724431806762));
#1780=CARTESIAN_POINT('Ctrl Pts',(-12.1099002985587,1.3170310258035,-8.06689949048141));
#1781=CARTESIAN_POINT('Ctrl Pts',(-11.3161512199969,-4.50876674169975,-7.7565546628952));
#1782=CARTESIAN_POINT('Ctrl Pts',(-7.88601150062061,-9.28413046951418,-7.446209835309));
#1783=CARTESIAN_POINT('Ctrl Pts',(-2.61862106708148,-11.8965154424848,-7.13586500772279));
#1784=CARTESIAN_POINT('Ctrl Pts',(3.25884499581363,-11.7372988909589,-6.82552018013659));
#1785=CARTESIAN_POINT('Ctrl Pts',(8.3770786758333,-8.84357443691534,-6.51517535255038));
#1786=CARTESIAN_POINT('Ctrl Pts',(11.5436548205673,-3.88951016987592,-6.20483052496418));
#1787=CARTESIAN_POINT('Ctrl Pts',(12.0208374626701,1.97071627053525,-5.89448569737797));
#1788=CARTESIAN_POINT('Ctrl Pts',(9.69745455124366,7.37181329674042,-5.58414086979176));
#1789=CARTESIAN_POINT('Ctrl Pts',(5.11479831702059,11.0554553946657,-5.27379604220555));
#1790=CARTESIAN_POINT('Ctrl Pts',(-0.65948268854053,12.163442717293,-4.96345121461935));
#1791=CARTESIAN_POINT('Ctrl Pts',(-6.28012016752254,10.4376408545148,-4.65310638703314));
#1792=CARTESIAN_POINT('Ctrl Pts',(-10.4376408208452,6.28012017642852,-4.34276155944694));
#1793=CARTESIAN_POINT('Ctrl Pts',(-12.1634428105972,0.659482632546819,-4.03241673186072));
#1794=CARTESIAN_POINT('Ctrl Pts',(-11.0554551944526,-5.11479818556876,-3.72207190427452));
#1795=CARTESIAN_POINT('Ctrl Pts',(-7.3718137053041,-9.69745482475582,-3.41172707668831));
#1796=CARTESIAN_POINT('Ctrl Pts',(-1.97071544661521,-12.0208369085178,-3.10138224910211));
#1797=CARTESIAN_POINT('Ctrl Pts',(3.88950851314576,-11.5436559361308,-2.7910374215159));
#1798=CARTESIAN_POINT('Ctrl Pts',(8.84357776586724,-8.37707643363877,-2.48069259392969));
#1799=CARTESIAN_POINT('Ctrl Pts',(11.7372922031089,-3.25884950068766,-2.17034776634348));
#1800=CARTESIAN_POINT('Ctrl Pts',(11.8965288778096,2.61863011712385,-1.86000293875728));
#1801=CARTESIAN_POINT('Ctrl Pts',(9.28410347864676,7.88599331983557,-1.54965811117107));
#1802=CARTESIAN_POINT('Ctrl Pts',(4.50882097502406,11.3161877460641,-1.23931328358487));
#1803=CARTESIAN_POINT('Ctrl Pts',(-1.31714013436302,12.1098268803948,-0.928968455998658));
#1804=CARTESIAN_POINT('Ctrl Pts',(-6.83577070028724,10.0824823950063,-0.618623628412452));
#1805=CARTESIAN_POINT('Ctrl Pts',(-10.7628030070378,5.70552208642004,-0.308278800826244));
#1806=CARTESIAN_POINT('Ctrl Pts',(-11.7074071969495,1.90232959277165,-0.101382249102107));
#1807=CARTESIAN_POINT('Ctrl Pts',(-11.7074071969495,1.2903694875053E-14,
0.00206602675996195));
#1808=CARTESIAN_POINT('Ctrl Pts',(11.9441084674496,0.,-17.880408733493));
#1809=CARTESIAN_POINT('Ctrl Pts',(11.9441084674496,1.94087190077687,-17.7769604576309));
#1810=CARTESIAN_POINT('Ctrl Pts',(10.9804187135228,5.82083387381964,-17.5700639059068));
#1811=CARTESIAN_POINT('Ctrl Pts',(6.97397980481928,10.2863604322045,-17.2597190783206));
#1812=CARTESIAN_POINT('Ctrl Pts',(1.34377220121265,12.3546624022859,-16.9493742507344));
#1813=CARTESIAN_POINT('Ctrl Pts',(-4.59998454137644,11.544993148432,-16.6390294231481));
#1814=CARTESIAN_POINT('Ctrl Pts',(-9.47181685143368,8.04543611309939,-16.3286845955619));
#1815=CARTESIAN_POINT('Ctrl Pts',(-12.1370628009197,2.6715770753301,-16.0183397679757));
#1816=CARTESIAN_POINT('Ctrl Pts',(-11.9746063554794,-3.3247402657983,-15.7079949403895));
#1817=CARTESIAN_POINT('Ctrl Pts',(-9.02238451842254,-8.54645071427383,-15.3976501128033));
#1818=CARTESIAN_POINT('Ctrl Pts',(-3.96814977578418,-11.7770552211427,-15.0873052852171));
#1819=CARTESIAN_POINT('Ctrl Pts',(2.010560982638,-12.2638839822993,-14.7769604576309));
#1820=CARTESIAN_POINT('Ctrl Pts',(7.52086309499801,-9.89352597433781,-14.4666156300447));
#1821=CARTESIAN_POINT('Ctrl Pts',(11.2789834681516,-5.21821335687663,-14.1562708024585));
#1822=CARTESIAN_POINT('Ctrl Pts',(12.4093732911133,0.672816584032,-13.8459259748723));
#1823=CARTESIAN_POINT('Ctrl Pts',(10.6486776174508,6.40709681061103,-13.5355811472861));
#1824=CARTESIAN_POINT('Ctrl Pts',(6.40709679670252,10.6486776497656,-13.2252363196999));
#1825=CARTESIAN_POINT('Ctrl Pts',(0.672816651210834,12.4093731962023,-12.9148914921137));
#1826=CARTESIAN_POINT('Ctrl Pts',(-5.21821351136309,11.278983673747,-12.6045466645275));
#1827=CARTESIAN_POINT('Ctrl Pts',(-9.89352565427042,7.52086267454954,-12.2942018369412));
#1828=CARTESIAN_POINT('Ctrl Pts',(-12.2638846301154,2.01056183096713,-11.983857009355));
#1829=CARTESIAN_POINT('Ctrl Pts',(-11.7770539173506,-3.96815148181484,-11.6735121817688));
#1830=CARTESIAN_POINT('Ctrl Pts',(-8.54645333463145,-9.02238109029956,-11.3631673541826));
#1831=CARTESIAN_POINT('Ctrl Pts',(-3.32473500122349,-11.9746132426178,-11.0528225265964));
#1832=CARTESIAN_POINT('Ctrl Pts',(2.67156649912752,-12.1370489652144,-10.7424776990102));
#1833=CARTESIAN_POINT('Ctrl Pts',(8.04545735984049,-9.47184464665833,-10.432132871424));
#1834=CARTESIAN_POINT('Ctrl Pts',(11.5449504620725,-4.59992869183343,-10.1217880438378));
#1835=CARTESIAN_POINT('Ctrl Pts',(12.3547482116037,1.34365984108254,-9.81144321625159));
#1836=CARTESIAN_POINT('Ctrl Pts',(10.286187240078,6.97420799826307,-9.50109838866539));
#1837=CARTESIAN_POINT('Ctrl Pts',(5.82119242444396,10.9799336928127,-9.19075356107918));
#1838=CARTESIAN_POINT('Ctrl Pts',(2.5814197207606E-14,12.4275993313622,
-8.88040873349296));
#1839=CARTESIAN_POINT('Ctrl Pts',(-5.82119242444394,10.9799336928128,-8.57006390590678));
#1840=CARTESIAN_POINT('Ctrl Pts',(-10.286187240078,6.97420799826308,-8.25971907832055));
#1841=CARTESIAN_POINT('Ctrl Pts',(-12.3547482116037,1.34365984108256,-7.94937425073435));
#1842=CARTESIAN_POINT('Ctrl Pts',(-11.5449504620725,-4.59992869183343,-7.63902942314814));
#1843=CARTESIAN_POINT('Ctrl Pts',(-8.0454573598405,-9.47184464665831,-7.32868459556194));
#1844=CARTESIAN_POINT('Ctrl Pts',(-2.67156649912754,-12.1370489652144,-7.01833976797573));
#1845=CARTESIAN_POINT('Ctrl Pts',(3.32473500122346,-11.9746132426178,-6.70799494038952));
#1846=CARTESIAN_POINT('Ctrl Pts',(8.54645333463143,-9.02238109029959,-6.39765011280332));
#1847=CARTESIAN_POINT('Ctrl Pts',(11.7770539173505,-3.96815148181487,-6.08730528521711));
#1848=CARTESIAN_POINT('Ctrl Pts',(12.2638846301154,2.01056183096711,-5.77696045763091));
#1849=CARTESIAN_POINT('Ctrl Pts',(9.89352565427043,7.52086267454952,-5.46661563004469));
#1850=CARTESIAN_POINT('Ctrl Pts',(5.2182135113631,11.278983673747,-5.15627080245849));
#1851=CARTESIAN_POINT('Ctrl Pts',(-0.67281665121082,12.4093731962023,-4.84592597487228));
#1852=CARTESIAN_POINT('Ctrl Pts',(-6.4070967967025,10.6486776497656,-4.53558114728608));
#1853=CARTESIAN_POINT('Ctrl Pts',(-10.6486776174508,6.40709681061105,-4.22523631969987));
#1854=CARTESIAN_POINT('Ctrl Pts',(-12.4093732911133,0.672816584032041,-3.91489149211367));
#1855=CARTESIAN_POINT('Ctrl Pts',(-11.2789834681516,-5.2182133568766,-3.60454666452745));
#1856=CARTESIAN_POINT('Ctrl Pts',(-7.52086309499805,-9.89352597433779,-3.29420183694125));
#1857=CARTESIAN_POINT('Ctrl Pts',(-2.01056098263802,-12.2638839822993,-2.98385700935504));
#1858=CARTESIAN_POINT('Ctrl Pts',(3.96814977578416,-11.7770552211427,-2.67351218176884));
#1859=CARTESIAN_POINT('Ctrl Pts',(9.02238451842253,-8.54645071427383,-2.36316735418262));
#1860=CARTESIAN_POINT('Ctrl Pts',(11.9746063554793,-3.32474026579831,-2.05282252659642));
#1861=CARTESIAN_POINT('Ctrl Pts',(12.1370628009198,2.6715770753301,-1.74247769901021));
#1862=CARTESIAN_POINT('Ctrl Pts',(9.47181685143368,8.04543611309936,-1.43213287142401));
#1863=CARTESIAN_POINT('Ctrl Pts',(4.59998454137648,11.544993148432,-1.1217880438378));
#1864=CARTESIAN_POINT('Ctrl Pts',(-1.34377220121262,12.3546624022859,-0.811443216251594));
#1865=CARTESIAN_POINT('Ctrl Pts',(-6.97397980481926,10.2863604322045,-0.501098388665387));
#1866=CARTESIAN_POINT('Ctrl Pts',(-10.9804187135228,5.82083387381966,-0.19075356107918));
#1867=CARTESIAN_POINT('Ctrl Pts',(-11.9441084674496,1.94087190077688,0.0161429906449574));
#1868=CARTESIAN_POINT('Ctrl Pts',(-11.9441084674496,1.31645827829979E-14,
0.119591266507026));
#1869=CARTESIAN_POINT('Ctrl Pts',(-11.7339799955803,2.2305695563071,6.05789302568235E-16));
#1870=CARTESIAN_POINT('Ctrl Pts',(-11.7866892193546,1.58057372181279,6.05434177577817E-16));
#1871=CARTESIAN_POINT('Ctrl Pts',(-11.8099039560885,0.829229056249662,5.99517675169229E-16));
#1872=CARTESIAN_POINT('Ctrl Pts',(-11.75,5.53723733531797E-14,6.05242270262099E-16));
#1873=CARTESIAN_POINT('Origin',(0.,0.,0.));
#1874=UNCERTAINTY_MEASURE_WITH_UNIT(LENGTH_MEASURE(0.01),#1878,
'DISTANCE_ACCURACY_VALUE',
'Maximum model space distance between geometric entities at asserted c
onnectivities');
#1875=UNCERTAINTY_MEASURE_WITH_UNIT(LENGTH_MEASURE(0.01),#1878,
'DISTANCE_ACCURACY_VALUE',
'Maximum model space distance between geometric entities at asserted c
onnectivities');
#1876=(
GEOMETRIC_REPRESENTATION_CONTEXT(3)
GLOBAL_UNCERTAINTY_ASSIGNED_CONTEXT((#1874))
GLOBAL_UNIT_ASSIGNED_CONTEXT((#1878,#1880,#1881))
REPRESENTATION_CONTEXT('','3D')
);
#1877=(
GEOMETRIC_REPRESENTATION_CONTEXT(3)
GLOBAL_UNCERTAINTY_ASSIGNED_CONTEXT((#1875))
GLOBAL_UNIT_ASSIGNED_CONTEXT((#1878,#1880,#1881))
REPRESENTATION_CONTEXT('','3D')
);
#1878=(
LENGTH_UNIT()
NAMED_UNIT(*)
SI_UNIT(.MILLI.,.METRE.)
);
#1879=(
LENGTH_UNIT()
NAMED_UNIT(*)
SI_UNIT($,.METRE.)
);
#1880=(
NAMED_UNIT(*)
PLANE_ANGLE_UNIT()
SI_UNIT($,.RADIAN.)
);
#1881=(
NAMED_UNIT(*)
SI_UNIT($,.STERADIAN.)
SOLID_ANGLE_UNIT()
);
#1882=SHAPE_DEFINITION_REPRESENTATION(#1883,#1884);
#1883=PRODUCT_DEFINITION_SHAPE('',$,#1886);
#1884=SHAPE_REPRESENTATION('',(#285),#1876);
#1885=PRODUCT_DEFINITION_CONTEXT('part definition',#1890,'design');
#1886=PRODUCT_DEFINITION('2026-09-27-19-34-32-801','Bulb',#1887,#1885);
#1887=PRODUCT_DEFINITION_FORMATION('',$,#1892);
#1888=PRODUCT_RELATED_PRODUCT_CATEGORY('Bulb','Bulb',(#1892));
#1889=APPLICATION_PROTOCOL_DEFINITION('international standard',
'automotive_design',2009,#1890);
#1890=APPLICATION_CONTEXT(
'Core Data for Automotive Mechanical Design Process');
#1891=PRODUCT_CONTEXT('part definition',#1890,'mechanical');
#1892=PRODUCT('2026-09-27-19-34-32-801','Bulb',$,(#1891));
#1893=PRESENTATION_STYLE_ASSIGNMENT((#1896));
#1894=PRESENTATION_STYLE_ASSIGNMENT((#1897));
#1895=PRESENTATION_STYLE_ASSIGNMENT((#1898));
#1896=SURFACE_STYLE_USAGE(.BOTH.,#1899);
#1897=SURFACE_STYLE_USAGE(.BOTH.,#1900);
#1898=SURFACE_STYLE_USAGE(.BOTH.,#1901);
#1899=SURFACE_SIDE_STYLE('',(#1902));
#1900=SURFACE_SIDE_STYLE('',(#1903));
#1901=SURFACE_SIDE_STYLE('',(#1904));
#1902=SURFACE_STYLE_FILL_AREA(#1905);
#1903=SURFACE_STYLE_FILL_AREA(#1906);
#1904=SURFACE_STYLE_FILL_AREA(#1907);
#1905=FILL_AREA_STYLE('Steel - Satin',(#1908));
#1906=FILL_AREA_STYLE('Steel - Satin',(#1909));
#1907=FILL_AREA_STYLE('LED - SMD 5050 - 20lm (White)',(#1910));
#1908=FILL_AREA_STYLE_COLOUR('Steel - Satin',#1911);
#1909=FILL_AREA_STYLE_COLOUR('Steel - Satin',#1912);
#1910=FILL_AREA_STYLE_COLOUR('LED - SMD 5050 - 20lm (White)',#1913);
#1911=COLOUR_RGB('Steel - Satin',0.627450980392157,0.627450980392157,0.627450980392157);
#1912=COLOUR_RGB('Steel - Satin',0.631372549019608,0.603921568627451,0.603921568627451);
#1913=COLOUR_RGB('LED - SMD 5050 - 20lm (White)',0.929411764705882,0.929411764705882,
0.929411764705882);
ENDSEC;
END-ISO-10303-21;
