ISO-10303-21;
HEADER;
/* Generated by software containing ST-Developer
 * from STEP Tools, Inc. (www.steptools.com) 
 */

FILE_DESCRIPTION(
/* description */ (''),
/* implementation_level */ '2;1');

FILE_NAME(
/* name */ 'Painters Tripod.step',
/* time_stamp */ '2026-09-30T00:34:25-04:00',
/* author */ (''),
/* organization */ (''),
/* preprocessor_version */ 'ST-DEVELOPER v20.2',
/* originating_system */ 'Autodesk Translation Framework v15.15.0.0',
/* authorisation */ '');

FILE_SCHEMA (('AUTOMOTIVE_DESIGN { 1 0 10303 214 3 1 1 }'));
ENDSEC;

DATA;
#10=MECHANICAL_DESIGN_GEOMETRIC_PRESENTATION_REPRESENTATION('',(#13),#1866);
#11=SHAPE_REPRESENTATION_RELATIONSHIP('SRR','None',#1873,#12);
#12=ADVANCED_BREP_SHAPE_REPRESENTATION('',(#14),#1865);
#13=STYLED_ITEM('',(#1882),#14);
#14=MANIFOLD_SOLID_BREP('Body1',#1041);
#15=ELLIPSE('',#1191,1.22474487139159,1.);
#16=ELLIPSE('',#1193,1.22474487139159,1.);
#17=ELLIPSE('',#1195,1.22474487139159,1.);
#18=SPHERICAL_SURFACE('',#1184,1.);
#19=FACE_BOUND('',#291,.T.);
#20=FACE_BOUND('',#311,.T.);
#21=FACE_BOUND('',#331,.T.);
#22=FACE_BOUND('',#340,.T.);
#23=FACE_BOUND('',#342,.T.);
#24=FACE_BOUND('',#344,.T.);
#25=FACE_BOUND('',#346,.T.);
#26=PLANE('',#1094);
#27=PLANE('',#1095);
#28=PLANE('',#1096);
#29=PLANE('',#1097);
#30=PLANE('',#1137);
#31=PLANE('',#1138);
#32=PLANE('',#1139);
#33=PLANE('',#1140);
#34=PLANE('',#1180);
#35=PLANE('',#1181);
#36=PLANE('',#1182);
#37=PLANE('',#1183);
#38=PLANE('',#1196);
#39=PLANE('',#1197);
#40=PLANE('',#1198);
#41=PLANE('',#1199);
#42=LINE('',#1581,#111);
#43=LINE('',#1582,#112);
#44=LINE('',#1602,#113);
#45=LINE('',#1603,#114);
#46=LINE('',#1614,#115);
#47=LINE('',#1615,#116);
#48=LINE('',#1617,#117);
#49=LINE('',#1618,#118);
#50=LINE('',#1629,#119);
#51=LINE('',#1630,#120);
#52=LINE('',#1632,#121);
#53=LINE('',#1633,#122);
#54=LINE('',#1635,#123);
#55=LINE('',#1636,#124);
#56=LINE('',#1638,#125);
#57=LINE('',#1639,#126);
#58=LINE('',#1641,#127);
#59=LINE('',#1642,#128);
#60=LINE('',#1646,#129);
#61=LINE('',#1648,#130);
#62=LINE('',#1649,#131);
#63=LINE('',#1699,#132);
#64=LINE('',#1700,#133);
#65=LINE('',#1711,#134);
#66=LINE('',#1712,#135);
#67=LINE('',#1714,#136);
#68=LINE('',#1715,#137);
#69=LINE('',#1717,#138);
#70=LINE('',#1718,#139);
#71=LINE('',#1720,#140);
#72=LINE('',#1721,#141);
#73=LINE('',#1723,#142);
#74=LINE('',#1724,#143);
#75=LINE('',#1726,#144);
#76=LINE('',#1727,#145);
#77=LINE('',#1729,#146);
#78=LINE('',#1730,#147);
#79=LINE('',#1732,#148);
#80=LINE('',#1733,#149);
#81=LINE('',#1737,#150);
#82=LINE('',#1739,#151);
#83=LINE('',#1740,#152);
#84=LINE('',#1790,#153);
#85=LINE('',#1791,#154);
#86=LINE('',#1802,#155);
#87=LINE('',#1803,#156);
#88=LINE('',#1805,#157);
#89=LINE('',#1806,#158);
#90=LINE('',#1808,#159);
#91=LINE('',#1809,#160);
#92=LINE('',#1811,#161);
#93=LINE('',#1812,#162);
#94=LINE('',#1814,#163);
#95=LINE('',#1815,#164);
#96=LINE('',#1817,#165);
#97=LINE('',#1818,#166);
#98=LINE('',#1820,#167);
#99=LINE('',#1821,#168);
#100=LINE('',#1823,#169);
#101=LINE('',#1824,#170);
#102=LINE('',#1827,#171);
#103=LINE('',#1828,#172);
#104=LINE('',#1846,#173);
#105=LINE('',#1847,#174);
#106=LINE('',#1851,#175);
#107=LINE('',#1855,#176);
#108=LINE('',#1857,#177);
#109=LINE('',#1859,#178);
#110=LINE('',#1860,#179);
#111=VECTOR('',#1224,10.);
#112=VECTOR('',#1225,10.);
#113=VECTOR('',#1248,10.);
#114=VECTOR('',#1249,10.);
#115=VECTOR('',#1262,10.);
#116=VECTOR('',#1263,10.);
#117=VECTOR('',#1266,10.);
#118=VECTOR('',#1267,10.);
#119=VECTOR('',#1280,10.);
#120=VECTOR('',#1281,10.);
#121=VECTOR('',#1284,10.);
#122=VECTOR('',#1285,10.);
#123=VECTOR('',#1288,10.);
#124=VECTOR('',#1289,10.);
#125=VECTOR('',#1292,10.);
#126=VECTOR('',#1293,10.);
#127=VECTOR('',#1296,10.);
#128=VECTOR('',#1297,10.);
#129=VECTOR('',#1300,10.);
#130=VECTOR('',#1301,10.);
#131=VECTOR('',#1302,10.);
#132=VECTOR('',#1361,10.);
#133=VECTOR('',#1362,10.);
#134=VECTOR('',#1375,10.);
#135=VECTOR('',#1376,10.);
#136=VECTOR('',#1379,10.);
#137=VECTOR('',#1380,10.);
#138=VECTOR('',#1383,10.);
#139=VECTOR('',#1384,10.);
#140=VECTOR('',#1387,10.);
#141=VECTOR('',#1388,10.);
#142=VECTOR('',#1391,10.);
#143=VECTOR('',#1392,10.);
#144=VECTOR('',#1395,10.);
#145=VECTOR('',#1396,10.);
#146=VECTOR('',#1399,10.);
#147=VECTOR('',#1400,10.);
#148=VECTOR('',#1403,10.);
#149=VECTOR('',#1404,10.);
#150=VECTOR('',#1407,10.);
#151=VECTOR('',#1408,10.);
#152=VECTOR('',#1409,10.);
#153=VECTOR('',#1468,10.);
#154=VECTOR('',#1469,10.);
#155=VECTOR('',#1482,10.);
#156=VECTOR('',#1483,10.);
#157=VECTOR('',#1486,10.);
#158=VECTOR('',#1487,10.);
#159=VECTOR('',#1490,10.);
#160=VECTOR('',#1491,10.);
#161=VECTOR('',#1494,10.);
#162=VECTOR('',#1495,10.);
#163=VECTOR('',#1498,10.);
#164=VECTOR('',#1499,10.);
#165=VECTOR('',#1502,10.);
#166=VECTOR('',#1503,10.);
#167=VECTOR('',#1506,10.);
#168=VECTOR('',#1507,10.);
#169=VECTOR('',#1510,10.);
#170=VECTOR('',#1511,10.);
#171=VECTOR('',#1514,10.);
#172=VECTOR('',#1515,10.);
#173=VECTOR('',#1538,10.);
#174=VECTOR('',#1539,10.);
#175=VECTOR('',#1544,10.);
#176=VECTOR('',#1549,10.);
#177=VECTOR('',#1552,10.);
#178=VECTOR('',#1555,10.);
#179=VECTOR('',#1556,10.);
#180=CYLINDRICAL_SURFACE('',#1065,0.5);
#181=CYLINDRICAL_SURFACE('',#1076,0.5);
#182=CYLINDRICAL_SURFACE('',#1082,0.5);
#183=CYLINDRICAL_SURFACE('',#1083,0.5);
#184=CYLINDRICAL_SURFACE('',#1089,0.5);
#185=CYLINDRICAL_SURFACE('',#1090,2.);
#186=CYLINDRICAL_SURFACE('',#1091,0.5);
#187=CYLINDRICAL_SURFACE('',#1092,2.);
#188=CYLINDRICAL_SURFACE('',#1093,2.);
#189=CYLINDRICAL_SURFACE('',#1123,0.5);
#190=CYLINDRICAL_SURFACE('',#1129,0.5);
#191=CYLINDRICAL_SURFACE('',#1130,0.5);
#192=CYLINDRICAL_SURFACE('',#1131,2.);
#193=CYLINDRICAL_SURFACE('',#1132,0.5);
#194=CYLINDRICAL_SURFACE('',#1133,0.5);
#195=CYLINDRICAL_SURFACE('',#1134,2.);
#196=CYLINDRICAL_SURFACE('',#1135,2.);
#197=CYLINDRICAL_SURFACE('',#1136,0.5);
#198=CYLINDRICAL_SURFACE('',#1166,0.5);
#199=CYLINDRICAL_SURFACE('',#1172,0.5);
#200=CYLINDRICAL_SURFACE('',#1173,0.5);
#201=CYLINDRICAL_SURFACE('',#1174,2.);
#202=CYLINDRICAL_SURFACE('',#1175,0.5);
#203=CYLINDRICAL_SURFACE('',#1176,2.);
#204=CYLINDRICAL_SURFACE('',#1177,0.5);
#205=CYLINDRICAL_SURFACE('',#1178,2.);
#206=CYLINDRICAL_SURFACE('',#1179,0.5);
#207=CYLINDRICAL_SURFACE('',#1190,1.);
#208=CYLINDRICAL_SURFACE('',#1192,1.);
#209=CYLINDRICAL_SURFACE('',#1194,1.);
#210=FACE_OUTER_BOUND('',#275,.T.);
#211=FACE_OUTER_BOUND('',#276,.T.);
#212=FACE_OUTER_BOUND('',#277,.T.);
#213=FACE_OUTER_BOUND('',#278,.T.);
#214=FACE_OUTER_BOUND('',#279,.T.);
#215=FACE_OUTER_BOUND('',#280,.T.);
#216=FACE_OUTER_BOUND('',#281,.T.);
#217=FACE_OUTER_BOUND('',#282,.T.);
#218=FACE_OUTER_BOUND('',#283,.T.);
#219=FACE_OUTER_BOUND('',#284,.T.);
#220=FACE_OUTER_BOUND('',#285,.T.);
#221=FACE_OUTER_BOUND('',#286,.T.);
#222=FACE_OUTER_BOUND('',#287,.T.);
#223=FACE_OUTER_BOUND('',#288,.T.);
#224=FACE_OUTER_BOUND('',#289,.T.);
#225=FACE_OUTER_BOUND('',#290,.T.);
#226=FACE_OUTER_BOUND('',#292,.T.);
#227=FACE_OUTER_BOUND('',#293,.T.);
#228=FACE_OUTER_BOUND('',#294,.T.);
#229=FACE_OUTER_BOUND('',#295,.T.);
#230=FACE_OUTER_BOUND('',#296,.T.);
#231=FACE_OUTER_BOUND('',#297,.T.);
#232=FACE_OUTER_BOUND('',#298,.T.);
#233=FACE_OUTER_BOUND('',#299,.T.);
#234=FACE_OUTER_BOUND('',#300,.T.);
#235=FACE_OUTER_BOUND('',#301,.T.);
#236=FACE_OUTER_BOUND('',#302,.T.);
#237=FACE_OUTER_BOUND('',#303,.T.);
#238=FACE_OUTER_BOUND('',#304,.T.);
#239=FACE_OUTER_BOUND('',#305,.T.);
#240=FACE_OUTER_BOUND('',#306,.T.);
#241=FACE_OUTER_BOUND('',#307,.T.);
#242=FACE_OUTER_BOUND('',#308,.T.);
#243=FACE_OUTER_BOUND('',#309,.T.);
#244=FACE_OUTER_BOUND('',#310,.T.);
#245=FACE_OUTER_BOUND('',#312,.T.);
#246=FACE_OUTER_BOUND('',#313,.T.);
#247=FACE_OUTER_BOUND('',#314,.T.);
#248=FACE_OUTER_BOUND('',#315,.T.);
#249=FACE_OUTER_BOUND('',#316,.T.);
#250=FACE_OUTER_BOUND('',#317,.T.);
#251=FACE_OUTER_BOUND('',#318,.T.);
#252=FACE_OUTER_BOUND('',#319,.T.);
#253=FACE_OUTER_BOUND('',#320,.T.);
#254=FACE_OUTER_BOUND('',#321,.T.);
#255=FACE_OUTER_BOUND('',#322,.T.);
#256=FACE_OUTER_BOUND('',#323,.T.);
#257=FACE_OUTER_BOUND('',#324,.T.);
#258=FACE_OUTER_BOUND('',#325,.T.);
#259=FACE_OUTER_BOUND('',#326,.T.);
#260=FACE_OUTER_BOUND('',#327,.T.);
#261=FACE_OUTER_BOUND('',#328,.T.);
#262=FACE_OUTER_BOUND('',#329,.T.);
#263=FACE_OUTER_BOUND('',#330,.T.);
#264=FACE_OUTER_BOUND('',#332,.T.);
#265=FACE_OUTER_BOUND('',#333,.T.);
#266=FACE_OUTER_BOUND('',#334,.T.);
#267=FACE_OUTER_BOUND('',#335,.T.);
#268=FACE_OUTER_BOUND('',#336,.T.);
#269=FACE_OUTER_BOUND('',#337,.T.);
#270=FACE_OUTER_BOUND('',#338,.T.);
#271=FACE_OUTER_BOUND('',#339,.T.);
#272=FACE_OUTER_BOUND('',#341,.T.);
#273=FACE_OUTER_BOUND('',#343,.T.);
#274=FACE_OUTER_BOUND('',#345,.T.);
#275=EDGE_LOOP('',(#660,#661,#662,#663));
#276=EDGE_LOOP('',(#664,#665,#666,#667));
#277=EDGE_LOOP('',(#668,#669,#670,#671));
#278=EDGE_LOOP('',(#672,#673,#674,#675));
#279=EDGE_LOOP('',(#676,#677,#678,#679));
#280=EDGE_LOOP('',(#680,#681,#682,#683));
#281=EDGE_LOOP('',(#684,#685,#686,#687));
#282=EDGE_LOOP('',(#688,#689,#690,#691));
#283=EDGE_LOOP('',(#692,#693,#694,#695));
#284=EDGE_LOOP('',(#696,#697,#698,#699));
#285=EDGE_LOOP('',(#700,#701,#702,#703));
#286=EDGE_LOOP('',(#704,#705,#706,#707));
#287=EDGE_LOOP('',(#708,#709,#710,#711));
#288=EDGE_LOOP('',(#712,#713,#714,#715));
#289=EDGE_LOOP('',(#716,#717,#718,#719));
#290=EDGE_LOOP('',(#720,#721,#722));
#291=EDGE_LOOP('',(#723,#724,#725,#726,#727,#728));
#292=EDGE_LOOP('',(#729,#730,#731,#732));
#293=EDGE_LOOP('',(#733,#734,#735,#736));
#294=EDGE_LOOP('',(#737,#738,#739,#740));
#295=EDGE_LOOP('',(#741,#742,#743,#744));
#296=EDGE_LOOP('',(#745,#746,#747,#748));
#297=EDGE_LOOP('',(#749,#750,#751,#752));
#298=EDGE_LOOP('',(#753,#754,#755,#756));
#299=EDGE_LOOP('',(#757,#758,#759,#760));
#300=EDGE_LOOP('',(#761,#762,#763,#764));
#301=EDGE_LOOP('',(#765,#766,#767,#768));
#302=EDGE_LOOP('',(#769,#770,#771,#772));
#303=EDGE_LOOP('',(#773,#774,#775,#776));
#304=EDGE_LOOP('',(#777,#778,#779,#780));
#305=EDGE_LOOP('',(#781,#782,#783,#784));
#306=EDGE_LOOP('',(#785,#786,#787,#788));
#307=EDGE_LOOP('',(#789,#790,#791,#792));
#308=EDGE_LOOP('',(#793,#794,#795,#796));
#309=EDGE_LOOP('',(#797,#798,#799,#800));
#310=EDGE_LOOP('',(#801,#802,#803));
#311=EDGE_LOOP('',(#804,#805,#806,#807,#808,#809));
#312=EDGE_LOOP('',(#810,#811,#812,#813));
#313=EDGE_LOOP('',(#814,#815,#816,#817));
#314=EDGE_LOOP('',(#818,#819,#820,#821));
#315=EDGE_LOOP('',(#822,#823,#824,#825));
#316=EDGE_LOOP('',(#826,#827,#828,#829));
#317=EDGE_LOOP('',(#830,#831,#832,#833));
#318=EDGE_LOOP('',(#834,#835,#836,#837));
#319=EDGE_LOOP('',(#838,#839,#840,#841));
#320=EDGE_LOOP('',(#842,#843,#844,#845));
#321=EDGE_LOOP('',(#846,#847,#848,#849));
#322=EDGE_LOOP('',(#850,#851,#852,#853));
#323=EDGE_LOOP('',(#854,#855,#856,#857));
#324=EDGE_LOOP('',(#858,#859,#860,#861));
#325=EDGE_LOOP('',(#862,#863,#864,#865));
#326=EDGE_LOOP('',(#866,#867,#868,#869));
#327=EDGE_LOOP('',(#870,#871,#872,#873));
#328=EDGE_LOOP('',(#874,#875,#876,#877));
#329=EDGE_LOOP('',(#878,#879,#880,#881));
#330=EDGE_LOOP('',(#882,#883,#884));
#331=EDGE_LOOP('',(#885,#886,#887,#888,#889,#890));
#332=EDGE_LOOP('',(#891,#892,#893,#894));
#333=EDGE_LOOP('',(#895,#896,#897,#898));
#334=EDGE_LOOP('',(#899,#900,#901,#902));
#335=EDGE_LOOP('',(#903,#904,#905,#906,#907,#908));
#336=EDGE_LOOP('',(#909,#910,#911,#912));
#337=EDGE_LOOP('',(#913,#914,#915,#916));
#338=EDGE_LOOP('',(#917,#918,#919,#920,#921));
#339=EDGE_LOOP('',(#922,#923,#924));
#340=EDGE_LOOP('',(#925,#926,#927,#928,#929,#930));
#341=EDGE_LOOP('',(#931,#932,#933,#934,#935,#936));
#342=EDGE_LOOP('',(#937,#938,#939));
#343=EDGE_LOOP('',(#940,#941,#942));
#344=EDGE_LOOP('',(#943,#944,#945,#946,#947,#948));
#345=EDGE_LOOP('',(#949,#950,#951));
#346=EDGE_LOOP('',(#952,#953,#954,#955,#956,#957));
#347=CIRCLE('',#1056,2.5);
#348=CIRCLE('',#1057,0.5);
#349=CIRCLE('',#1058,2.);
#350=CIRCLE('',#1059,0.499999999999999);
#351=CIRCLE('',#1061,2.5);
#352=CIRCLE('',#1062,0.500000000000001);
#353=CIRCLE('',#1063,2.);
#354=CIRCLE('',#1064,0.499999999999994);
#355=CIRCLE('',#1067,2.49999999999999);
#356=CIRCLE('',#1068,0.500000000000001);
#357=CIRCLE('',#1069,2.);
#358=CIRCLE('',#1070,0.499999999999998);
#359=CIRCLE('',#1072,2.5);
#360=CIRCLE('',#1073,0.499999999999998);
#361=CIRCLE('',#1074,2.);
#362=CIRCLE('',#1075,0.499999999999999);
#363=CIRCLE('',#1078,2.5);
#364=CIRCLE('',#1079,0.499999999999999);
#365=CIRCLE('',#1080,2.);
#366=CIRCLE('',#1081,0.499999999999997);
#367=CIRCLE('',#1085,2.49999999999999);
#368=CIRCLE('',#1086,0.5);
#369=CIRCLE('',#1087,2.);
#370=CIRCLE('',#1088,0.5);
#371=CIRCLE('',#1099,2.50000000000002);
#372=CIRCLE('',#1100,0.499999999999999);
#373=CIRCLE('',#1101,2.);
#374=CIRCLE('',#1102,0.500000000000001);
#375=CIRCLE('',#1104,2.5);
#376=CIRCLE('',#1105,0.499999999999999);
#377=CIRCLE('',#1106,2.);
#378=CIRCLE('',#1107,0.499999999999998);
#379=CIRCLE('',#1109,2.49999999999997);
#380=CIRCLE('',#1110,0.500000000000001);
#381=CIRCLE('',#1111,2.);
#382=CIRCLE('',#1112,0.5);
#383=CIRCLE('',#1114,2.5);
#384=CIRCLE('',#1115,0.499999999999998);
#385=CIRCLE('',#1116,2.);
#386=CIRCLE('',#1117,0.500000000000001);
#387=CIRCLE('',#1119,2.50000000000001);
#388=CIRCLE('',#1120,0.5);
#389=CIRCLE('',#1121,2.);
#390=CIRCLE('',#1122,0.500000000000001);
#391=CIRCLE('',#1125,2.5);
#392=CIRCLE('',#1126,0.500000000000002);
#393=CIRCLE('',#1127,2.);
#394=CIRCLE('',#1128,0.500000000000001);
#395=CIRCLE('',#1142,2.5);
#396=CIRCLE('',#1143,0.5);
#397=CIRCLE('',#1144,2.);
#398=CIRCLE('',#1145,0.500000000000002);
#399=CIRCLE('',#1147,2.49999999999999);
#400=CIRCLE('',#1148,0.499999999999996);
#401=CIRCLE('',#1149,1.99999999999999);
#402=CIRCLE('',#1150,0.499999999999998);
#403=CIRCLE('',#1152,2.5);
#404=CIRCLE('',#1153,0.500000000000001);
#405=CIRCLE('',#1154,2.);
#406=CIRCLE('',#1155,0.499999999999998);
#407=CIRCLE('',#1157,2.49999999999999);
#408=CIRCLE('',#1158,0.499999999999999);
#409=CIRCLE('',#1159,2.);
#410=CIRCLE('',#1160,0.5);
#411=CIRCLE('',#1162,2.5);
#412=CIRCLE('',#1163,0.499999999999999);
#413=CIRCLE('',#1164,2.);
#414=CIRCLE('',#1165,0.5);
#415=CIRCLE('',#1168,2.5);
#416=CIRCLE('',#1169,0.5);
#417=CIRCLE('',#1170,2.);
#418=CIRCLE('',#1171,0.500000000000001);
#419=CIRCLE('',#1185,1.);
#420=CIRCLE('',#1186,1.);
#421=CIRCLE('',#1187,1.);
#422=CIRCLE('',#1188,1.);
#423=CIRCLE('',#1189,1.);
#424=VERTEX_POINT('',#1563);
#425=VERTEX_POINT('',#1564);
#426=VERTEX_POINT('',#1566);
#427=VERTEX_POINT('',#1568);
#428=VERTEX_POINT('',#1572);
#429=VERTEX_POINT('',#1573);
#430=VERTEX_POINT('',#1575);
#431=VERTEX_POINT('',#1577);
#432=VERTEX_POINT('',#1584);
#433=VERTEX_POINT('',#1585);
#434=VERTEX_POINT('',#1587);
#435=VERTEX_POINT('',#1589);
#436=VERTEX_POINT('',#1593);
#437=VERTEX_POINT('',#1594);
#438=VERTEX_POINT('',#1596);
#439=VERTEX_POINT('',#1598);
#440=VERTEX_POINT('',#1605);
#441=VERTEX_POINT('',#1606);
#442=VERTEX_POINT('',#1608);
#443=VERTEX_POINT('',#1610);
#444=VERTEX_POINT('',#1620);
#445=VERTEX_POINT('',#1621);
#446=VERTEX_POINT('',#1623);
#447=VERTEX_POINT('',#1625);
#448=VERTEX_POINT('',#1644);
#449=VERTEX_POINT('',#1645);
#450=VERTEX_POINT('',#1647);
#451=VERTEX_POINT('',#1654);
#452=VERTEX_POINT('',#1655);
#453=VERTEX_POINT('',#1657);
#454=VERTEX_POINT('',#1659);
#455=VERTEX_POINT('',#1663);
#456=VERTEX_POINT('',#1664);
#457=VERTEX_POINT('',#1666);
#458=VERTEX_POINT('',#1668);
#459=VERTEX_POINT('',#1672);
#460=VERTEX_POINT('',#1673);
#461=VERTEX_POINT('',#1675);
#462=VERTEX_POINT('',#1677);
#463=VERTEX_POINT('',#1681);
#464=VERTEX_POINT('',#1682);
#465=VERTEX_POINT('',#1684);
#466=VERTEX_POINT('',#1686);
#467=VERTEX_POINT('',#1690);
#468=VERTEX_POINT('',#1691);
#469=VERTEX_POINT('',#1693);
#470=VERTEX_POINT('',#1695);
#471=VERTEX_POINT('',#1702);
#472=VERTEX_POINT('',#1703);
#473=VERTEX_POINT('',#1705);
#474=VERTEX_POINT('',#1707);
#475=VERTEX_POINT('',#1735);
#476=VERTEX_POINT('',#1736);
#477=VERTEX_POINT('',#1738);
#478=VERTEX_POINT('',#1745);
#479=VERTEX_POINT('',#1746);
#480=VERTEX_POINT('',#1748);
#481=VERTEX_POINT('',#1750);
#482=VERTEX_POINT('',#1754);
#483=VERTEX_POINT('',#1755);
#484=VERTEX_POINT('',#1757);
#485=VERTEX_POINT('',#1759);
#486=VERTEX_POINT('',#1763);
#487=VERTEX_POINT('',#1764);
#488=VERTEX_POINT('',#1766);
#489=VERTEX_POINT('',#1768);
#490=VERTEX_POINT('',#1772);
#491=VERTEX_POINT('',#1773);
#492=VERTEX_POINT('',#1775);
#493=VERTEX_POINT('',#1777);
#494=VERTEX_POINT('',#1781);
#495=VERTEX_POINT('',#1782);
#496=VERTEX_POINT('',#1784);
#497=VERTEX_POINT('',#1786);
#498=VERTEX_POINT('',#1793);
#499=VERTEX_POINT('',#1794);
#500=VERTEX_POINT('',#1796);
#501=VERTEX_POINT('',#1798);
#502=VERTEX_POINT('',#1826);
#503=VERTEX_POINT('',#1833);
#504=VERTEX_POINT('',#1834);
#505=VERTEX_POINT('',#1836);
#506=VERTEX_POINT('',#1840);
#507=VERTEX_POINT('',#1843);
#508=VERTEX_POINT('',#1844);
#509=VERTEX_POINT('',#1849);
#510=VERTEX_POINT('',#1853);
#511=EDGE_CURVE('',#424,#425,#347,.T.);
#512=EDGE_CURVE('',#426,#425,#348,.T.);
#513=EDGE_CURVE('',#427,#426,#349,.F.);
#514=EDGE_CURVE('',#424,#427,#350,.T.);
#515=EDGE_CURVE('',#428,#429,#351,.T.);
#516=EDGE_CURVE('',#430,#429,#352,.T.);
#517=EDGE_CURVE('',#431,#430,#353,.F.);
#518=EDGE_CURVE('',#428,#431,#354,.T.);
#519=EDGE_CURVE('',#429,#424,#42,.T.);
#520=EDGE_CURVE('',#427,#430,#43,.T.);
#521=EDGE_CURVE('',#432,#433,#355,.T.);
#522=EDGE_CURVE('',#434,#433,#356,.T.);
#523=EDGE_CURVE('',#435,#434,#357,.F.);
#524=EDGE_CURVE('',#432,#435,#358,.T.);
#525=EDGE_CURVE('',#436,#437,#359,.T.);
#526=EDGE_CURVE('',#438,#437,#360,.T.);
#527=EDGE_CURVE('',#439,#438,#361,.F.);
#528=EDGE_CURVE('',#436,#439,#362,.T.);
#529=EDGE_CURVE('',#433,#436,#44,.T.);
#530=EDGE_CURVE('',#439,#434,#45,.T.);
#531=EDGE_CURVE('',#440,#441,#363,.T.);
#532=EDGE_CURVE('',#442,#441,#364,.T.);
#533=EDGE_CURVE('',#443,#442,#365,.F.);
#534=EDGE_CURVE('',#440,#443,#366,.T.);
#535=EDGE_CURVE('',#425,#440,#46,.T.);
#536=EDGE_CURVE('',#443,#426,#47,.T.);
#537=EDGE_CURVE('',#441,#428,#48,.T.);
#538=EDGE_CURVE('',#431,#442,#49,.T.);
#539=EDGE_CURVE('',#444,#445,#367,.T.);
#540=EDGE_CURVE('',#446,#445,#368,.T.);
#541=EDGE_CURVE('',#447,#446,#369,.F.);
#542=EDGE_CURVE('',#444,#447,#370,.T.);
#543=EDGE_CURVE('',#445,#432,#50,.T.);
#544=EDGE_CURVE('',#435,#446,#51,.T.);
#545=EDGE_CURVE('',#442,#447,#52,.T.);
#546=EDGE_CURVE('',#446,#443,#53,.T.);
#547=EDGE_CURVE('',#437,#444,#54,.T.);
#548=EDGE_CURVE('',#447,#438,#55,.T.);
#549=EDGE_CURVE('',#430,#439,#56,.T.);
#550=EDGE_CURVE('',#438,#431,#57,.T.);
#551=EDGE_CURVE('',#426,#435,#58,.T.);
#552=EDGE_CURVE('',#434,#427,#59,.T.);
#553=EDGE_CURVE('',#448,#449,#60,.T.);
#554=EDGE_CURVE('',#448,#450,#61,.T.);
#555=EDGE_CURVE('',#449,#450,#62,.T.);
#556=EDGE_CURVE('',#451,#452,#371,.T.);
#557=EDGE_CURVE('',#453,#452,#372,.T.);
#558=EDGE_CURVE('',#454,#453,#373,.F.);
#559=EDGE_CURVE('',#451,#454,#374,.T.);
#560=EDGE_CURVE('',#455,#456,#375,.T.);
#561=EDGE_CURVE('',#457,#456,#376,.T.);
#562=EDGE_CURVE('',#458,#457,#377,.F.);
#563=EDGE_CURVE('',#455,#458,#378,.T.);
#564=EDGE_CURVE('',#459,#460,#379,.T.);
#565=EDGE_CURVE('',#461,#460,#380,.T.);
#566=EDGE_CURVE('',#462,#461,#381,.F.);
#567=EDGE_CURVE('',#459,#462,#382,.T.);
#568=EDGE_CURVE('',#463,#464,#383,.T.);
#569=EDGE_CURVE('',#465,#464,#384,.T.);
#570=EDGE_CURVE('',#466,#465,#385,.F.);
#571=EDGE_CURVE('',#463,#466,#386,.T.);
#572=EDGE_CURVE('',#467,#468,#387,.T.);
#573=EDGE_CURVE('',#469,#468,#388,.T.);
#574=EDGE_CURVE('',#470,#469,#389,.F.);
#575=EDGE_CURVE('',#467,#470,#390,.T.);
#576=EDGE_CURVE('',#468,#451,#63,.T.);
#577=EDGE_CURVE('',#454,#469,#64,.T.);
#578=EDGE_CURVE('',#471,#472,#391,.T.);
#579=EDGE_CURVE('',#473,#472,#392,.T.);
#580=EDGE_CURVE('',#474,#473,#393,.F.);
#581=EDGE_CURVE('',#471,#474,#394,.T.);
#582=EDGE_CURVE('',#460,#471,#65,.T.);
#583=EDGE_CURVE('',#474,#461,#66,.T.);
#584=EDGE_CURVE('',#472,#463,#67,.T.);
#585=EDGE_CURVE('',#466,#473,#68,.T.);
#586=EDGE_CURVE('',#469,#474,#69,.T.);
#587=EDGE_CURVE('',#473,#470,#70,.T.);
#588=EDGE_CURVE('',#456,#467,#71,.T.);
#589=EDGE_CURVE('',#470,#457,#72,.T.);
#590=EDGE_CURVE('',#464,#459,#73,.T.);
#591=EDGE_CURVE('',#462,#465,#74,.T.);
#592=EDGE_CURVE('',#457,#466,#75,.T.);
#593=EDGE_CURVE('',#465,#458,#76,.T.);
#594=EDGE_CURVE('',#453,#462,#77,.T.);
#595=EDGE_CURVE('',#461,#454,#78,.T.);
#596=EDGE_CURVE('',#452,#455,#79,.T.);
#597=EDGE_CURVE('',#458,#453,#80,.T.);
#598=EDGE_CURVE('',#475,#476,#81,.T.);
#599=EDGE_CURVE('',#475,#477,#82,.T.);
#600=EDGE_CURVE('',#476,#477,#83,.F.);
#601=EDGE_CURVE('',#478,#479,#395,.T.);
#602=EDGE_CURVE('',#480,#479,#396,.T.);
#603=EDGE_CURVE('',#481,#480,#397,.F.);
#604=EDGE_CURVE('',#478,#481,#398,.T.);
#605=EDGE_CURVE('',#482,#483,#399,.T.);
#606=EDGE_CURVE('',#484,#483,#400,.T.);
#607=EDGE_CURVE('',#485,#484,#401,.F.);
#608=EDGE_CURVE('',#482,#485,#402,.T.);
#609=EDGE_CURVE('',#486,#487,#403,.T.);
#610=EDGE_CURVE('',#488,#487,#404,.T.);
#611=EDGE_CURVE('',#489,#488,#405,.F.);
#612=EDGE_CURVE('',#486,#489,#406,.T.);
#613=EDGE_CURVE('',#490,#491,#407,.T.);
#614=EDGE_CURVE('',#492,#491,#408,.T.);
#615=EDGE_CURVE('',#493,#492,#409,.F.);
#616=EDGE_CURVE('',#490,#493,#410,.T.);
#617=EDGE_CURVE('',#494,#495,#411,.T.);
#618=EDGE_CURVE('',#496,#495,#412,.T.);
#619=EDGE_CURVE('',#497,#496,#413,.F.);
#620=EDGE_CURVE('',#494,#497,#414,.T.);
#621=EDGE_CURVE('',#495,#482,#84,.T.);
#622=EDGE_CURVE('',#485,#496,#85,.T.);
#623=EDGE_CURVE('',#498,#499,#415,.T.);
#624=EDGE_CURVE('',#500,#499,#416,.T.);
#625=EDGE_CURVE('',#501,#500,#417,.F.);
#626=EDGE_CURVE('',#498,#501,#418,.T.);
#627=EDGE_CURVE('',#491,#498,#86,.T.);
#628=EDGE_CURVE('',#501,#492,#87,.T.);
#629=EDGE_CURVE('',#499,#486,#88,.T.);
#630=EDGE_CURVE('',#489,#500,#89,.T.);
#631=EDGE_CURVE('',#496,#501,#90,.T.);
#632=EDGE_CURVE('',#500,#497,#91,.T.);
#633=EDGE_CURVE('',#479,#494,#92,.T.);
#634=EDGE_CURVE('',#497,#480,#93,.T.);
#635=EDGE_CURVE('',#484,#493,#94,.T.);
#636=EDGE_CURVE('',#492,#485,#95,.T.);
#637=EDGE_CURVE('',#487,#490,#96,.T.);
#638=EDGE_CURVE('',#493,#488,#97,.T.);
#639=EDGE_CURVE('',#480,#489,#98,.T.);
#640=EDGE_CURVE('',#488,#481,#99,.T.);
#641=EDGE_CURVE('',#483,#478,#100,.T.);
#642=EDGE_CURVE('',#481,#484,#101,.T.);
#643=EDGE_CURVE('',#502,#475,#102,.T.);
#644=EDGE_CURVE('',#502,#477,#103,.T.);
#645=EDGE_CURVE('',#503,#504,#419,.F.);
#646=EDGE_CURVE('',#505,#503,#420,.F.);
#647=EDGE_CURVE('',#449,#505,#421,.F.);
#648=EDGE_CURVE('',#504,#449,#422,.F.);
#649=EDGE_CURVE('',#506,#504,#423,.T.);
#650=EDGE_CURVE('',#507,#508,#15,.T.);
#651=EDGE_CURVE('',#508,#505,#104,.T.);
#652=EDGE_CURVE('',#503,#507,#105,.T.);
#653=EDGE_CURVE('',#509,#448,#16,.T.);
#654=EDGE_CURVE('',#505,#509,#106,.T.);
#655=EDGE_CURVE('',#450,#510,#17,.T.);
#656=EDGE_CURVE('',#510,#503,#107,.T.);
#657=EDGE_CURVE('',#510,#507,#108,.T.);
#658=EDGE_CURVE('',#508,#509,#109,.T.);
#659=EDGE_CURVE('',#476,#502,#110,.T.);
#660=ORIENTED_EDGE('',*,*,#511,.T.);
#661=ORIENTED_EDGE('',*,*,#512,.F.);
#662=ORIENTED_EDGE('',*,*,#513,.F.);
#663=ORIENTED_EDGE('',*,*,#514,.F.);
#664=ORIENTED_EDGE('',*,*,#515,.T.);
#665=ORIENTED_EDGE('',*,*,#516,.F.);
#666=ORIENTED_EDGE('',*,*,#517,.F.);
#667=ORIENTED_EDGE('',*,*,#518,.F.);
#668=ORIENTED_EDGE('',*,*,#516,.T.);
#669=ORIENTED_EDGE('',*,*,#519,.T.);
#670=ORIENTED_EDGE('',*,*,#514,.T.);
#671=ORIENTED_EDGE('',*,*,#520,.T.);
#672=ORIENTED_EDGE('',*,*,#521,.T.);
#673=ORIENTED_EDGE('',*,*,#522,.F.);
#674=ORIENTED_EDGE('',*,*,#523,.F.);
#675=ORIENTED_EDGE('',*,*,#524,.F.);
#676=ORIENTED_EDGE('',*,*,#525,.T.);
#677=ORIENTED_EDGE('',*,*,#526,.F.);
#678=ORIENTED_EDGE('',*,*,#527,.F.);
#679=ORIENTED_EDGE('',*,*,#528,.F.);
#680=ORIENTED_EDGE('',*,*,#522,.T.);
#681=ORIENTED_EDGE('',*,*,#529,.T.);
#682=ORIENTED_EDGE('',*,*,#528,.T.);
#683=ORIENTED_EDGE('',*,*,#530,.T.);
#684=ORIENTED_EDGE('',*,*,#531,.T.);
#685=ORIENTED_EDGE('',*,*,#532,.F.);
#686=ORIENTED_EDGE('',*,*,#533,.F.);
#687=ORIENTED_EDGE('',*,*,#534,.F.);
#688=ORIENTED_EDGE('',*,*,#512,.T.);
#689=ORIENTED_EDGE('',*,*,#535,.T.);
#690=ORIENTED_EDGE('',*,*,#534,.T.);
#691=ORIENTED_EDGE('',*,*,#536,.T.);
#692=ORIENTED_EDGE('',*,*,#532,.T.);
#693=ORIENTED_EDGE('',*,*,#537,.T.);
#694=ORIENTED_EDGE('',*,*,#518,.T.);
#695=ORIENTED_EDGE('',*,*,#538,.T.);
#696=ORIENTED_EDGE('',*,*,#539,.T.);
#697=ORIENTED_EDGE('',*,*,#540,.F.);
#698=ORIENTED_EDGE('',*,*,#541,.F.);
#699=ORIENTED_EDGE('',*,*,#542,.F.);
#700=ORIENTED_EDGE('',*,*,#540,.T.);
#701=ORIENTED_EDGE('',*,*,#543,.T.);
#702=ORIENTED_EDGE('',*,*,#524,.T.);
#703=ORIENTED_EDGE('',*,*,#544,.T.);
#704=ORIENTED_EDGE('',*,*,#533,.T.);
#705=ORIENTED_EDGE('',*,*,#545,.T.);
#706=ORIENTED_EDGE('',*,*,#541,.T.);
#707=ORIENTED_EDGE('',*,*,#546,.T.);
#708=ORIENTED_EDGE('',*,*,#526,.T.);
#709=ORIENTED_EDGE('',*,*,#547,.T.);
#710=ORIENTED_EDGE('',*,*,#542,.T.);
#711=ORIENTED_EDGE('',*,*,#548,.T.);
#712=ORIENTED_EDGE('',*,*,#517,.T.);
#713=ORIENTED_EDGE('',*,*,#549,.T.);
#714=ORIENTED_EDGE('',*,*,#527,.T.);
#715=ORIENTED_EDGE('',*,*,#550,.T.);
#716=ORIENTED_EDGE('',*,*,#513,.T.);
#717=ORIENTED_EDGE('',*,*,#551,.T.);
#718=ORIENTED_EDGE('',*,*,#523,.T.);
#719=ORIENTED_EDGE('',*,*,#552,.T.);
#720=ORIENTED_EDGE('',*,*,#553,.F.);
#721=ORIENTED_EDGE('',*,*,#554,.T.);
#722=ORIENTED_EDGE('',*,*,#555,.F.);
#723=ORIENTED_EDGE('',*,*,#525,.F.);
#724=ORIENTED_EDGE('',*,*,#529,.F.);
#725=ORIENTED_EDGE('',*,*,#521,.F.);
#726=ORIENTED_EDGE('',*,*,#543,.F.);
#727=ORIENTED_EDGE('',*,*,#539,.F.);
#728=ORIENTED_EDGE('',*,*,#547,.F.);
#729=ORIENTED_EDGE('',*,*,#530,.F.);
#730=ORIENTED_EDGE('',*,*,#549,.F.);
#731=ORIENTED_EDGE('',*,*,#520,.F.);
#732=ORIENTED_EDGE('',*,*,#552,.F.);
#733=ORIENTED_EDGE('',*,*,#538,.F.);
#734=ORIENTED_EDGE('',*,*,#550,.F.);
#735=ORIENTED_EDGE('',*,*,#548,.F.);
#736=ORIENTED_EDGE('',*,*,#545,.F.);
#737=ORIENTED_EDGE('',*,*,#544,.F.);
#738=ORIENTED_EDGE('',*,*,#551,.F.);
#739=ORIENTED_EDGE('',*,*,#536,.F.);
#740=ORIENTED_EDGE('',*,*,#546,.F.);
#741=ORIENTED_EDGE('',*,*,#556,.T.);
#742=ORIENTED_EDGE('',*,*,#557,.F.);
#743=ORIENTED_EDGE('',*,*,#558,.F.);
#744=ORIENTED_EDGE('',*,*,#559,.F.);
#745=ORIENTED_EDGE('',*,*,#560,.T.);
#746=ORIENTED_EDGE('',*,*,#561,.F.);
#747=ORIENTED_EDGE('',*,*,#562,.F.);
#748=ORIENTED_EDGE('',*,*,#563,.F.);
#749=ORIENTED_EDGE('',*,*,#564,.T.);
#750=ORIENTED_EDGE('',*,*,#565,.F.);
#751=ORIENTED_EDGE('',*,*,#566,.F.);
#752=ORIENTED_EDGE('',*,*,#567,.F.);
#753=ORIENTED_EDGE('',*,*,#568,.T.);
#754=ORIENTED_EDGE('',*,*,#569,.F.);
#755=ORIENTED_EDGE('',*,*,#570,.F.);
#756=ORIENTED_EDGE('',*,*,#571,.F.);
#757=ORIENTED_EDGE('',*,*,#572,.T.);
#758=ORIENTED_EDGE('',*,*,#573,.F.);
#759=ORIENTED_EDGE('',*,*,#574,.F.);
#760=ORIENTED_EDGE('',*,*,#575,.F.);
#761=ORIENTED_EDGE('',*,*,#573,.T.);
#762=ORIENTED_EDGE('',*,*,#576,.T.);
#763=ORIENTED_EDGE('',*,*,#559,.T.);
#764=ORIENTED_EDGE('',*,*,#577,.T.);
#765=ORIENTED_EDGE('',*,*,#578,.T.);
#766=ORIENTED_EDGE('',*,*,#579,.F.);
#767=ORIENTED_EDGE('',*,*,#580,.F.);
#768=ORIENTED_EDGE('',*,*,#581,.F.);
#769=ORIENTED_EDGE('',*,*,#565,.T.);
#770=ORIENTED_EDGE('',*,*,#582,.T.);
#771=ORIENTED_EDGE('',*,*,#581,.T.);
#772=ORIENTED_EDGE('',*,*,#583,.T.);
#773=ORIENTED_EDGE('',*,*,#579,.T.);
#774=ORIENTED_EDGE('',*,*,#584,.T.);
#775=ORIENTED_EDGE('',*,*,#571,.T.);
#776=ORIENTED_EDGE('',*,*,#585,.T.);
#777=ORIENTED_EDGE('',*,*,#574,.T.);
#778=ORIENTED_EDGE('',*,*,#586,.T.);
#779=ORIENTED_EDGE('',*,*,#580,.T.);
#780=ORIENTED_EDGE('',*,*,#587,.T.);
#781=ORIENTED_EDGE('',*,*,#561,.T.);
#782=ORIENTED_EDGE('',*,*,#588,.T.);
#783=ORIENTED_EDGE('',*,*,#575,.T.);
#784=ORIENTED_EDGE('',*,*,#589,.T.);
#785=ORIENTED_EDGE('',*,*,#569,.T.);
#786=ORIENTED_EDGE('',*,*,#590,.T.);
#787=ORIENTED_EDGE('',*,*,#567,.T.);
#788=ORIENTED_EDGE('',*,*,#591,.T.);
#789=ORIENTED_EDGE('',*,*,#562,.T.);
#790=ORIENTED_EDGE('',*,*,#592,.T.);
#791=ORIENTED_EDGE('',*,*,#570,.T.);
#792=ORIENTED_EDGE('',*,*,#593,.T.);
#793=ORIENTED_EDGE('',*,*,#558,.T.);
#794=ORIENTED_EDGE('',*,*,#594,.T.);
#795=ORIENTED_EDGE('',*,*,#566,.T.);
#796=ORIENTED_EDGE('',*,*,#595,.T.);
#797=ORIENTED_EDGE('',*,*,#557,.T.);
#798=ORIENTED_EDGE('',*,*,#596,.T.);
#799=ORIENTED_EDGE('',*,*,#563,.T.);
#800=ORIENTED_EDGE('',*,*,#597,.T.);
#801=ORIENTED_EDGE('',*,*,#598,.F.);
#802=ORIENTED_EDGE('',*,*,#599,.T.);
#803=ORIENTED_EDGE('',*,*,#600,.F.);
#804=ORIENTED_EDGE('',*,*,#560,.F.);
#805=ORIENTED_EDGE('',*,*,#596,.F.);
#806=ORIENTED_EDGE('',*,*,#556,.F.);
#807=ORIENTED_EDGE('',*,*,#576,.F.);
#808=ORIENTED_EDGE('',*,*,#572,.F.);
#809=ORIENTED_EDGE('',*,*,#588,.F.);
#810=ORIENTED_EDGE('',*,*,#583,.F.);
#811=ORIENTED_EDGE('',*,*,#586,.F.);
#812=ORIENTED_EDGE('',*,*,#577,.F.);
#813=ORIENTED_EDGE('',*,*,#595,.F.);
#814=ORIENTED_EDGE('',*,*,#585,.F.);
#815=ORIENTED_EDGE('',*,*,#592,.F.);
#816=ORIENTED_EDGE('',*,*,#589,.F.);
#817=ORIENTED_EDGE('',*,*,#587,.F.);
#818=ORIENTED_EDGE('',*,*,#591,.F.);
#819=ORIENTED_EDGE('',*,*,#594,.F.);
#820=ORIENTED_EDGE('',*,*,#597,.F.);
#821=ORIENTED_EDGE('',*,*,#593,.F.);
#822=ORIENTED_EDGE('',*,*,#601,.T.);
#823=ORIENTED_EDGE('',*,*,#602,.F.);
#824=ORIENTED_EDGE('',*,*,#603,.F.);
#825=ORIENTED_EDGE('',*,*,#604,.F.);
#826=ORIENTED_EDGE('',*,*,#605,.T.);
#827=ORIENTED_EDGE('',*,*,#606,.F.);
#828=ORIENTED_EDGE('',*,*,#607,.F.);
#829=ORIENTED_EDGE('',*,*,#608,.F.);
#830=ORIENTED_EDGE('',*,*,#609,.T.);
#831=ORIENTED_EDGE('',*,*,#610,.F.);
#832=ORIENTED_EDGE('',*,*,#611,.F.);
#833=ORIENTED_EDGE('',*,*,#612,.F.);
#834=ORIENTED_EDGE('',*,*,#613,.T.);
#835=ORIENTED_EDGE('',*,*,#614,.F.);
#836=ORIENTED_EDGE('',*,*,#615,.F.);
#837=ORIENTED_EDGE('',*,*,#616,.F.);
#838=ORIENTED_EDGE('',*,*,#617,.T.);
#839=ORIENTED_EDGE('',*,*,#618,.F.);
#840=ORIENTED_EDGE('',*,*,#619,.F.);
#841=ORIENTED_EDGE('',*,*,#620,.F.);
#842=ORIENTED_EDGE('',*,*,#618,.T.);
#843=ORIENTED_EDGE('',*,*,#621,.T.);
#844=ORIENTED_EDGE('',*,*,#608,.T.);
#845=ORIENTED_EDGE('',*,*,#622,.T.);
#846=ORIENTED_EDGE('',*,*,#623,.T.);
#847=ORIENTED_EDGE('',*,*,#624,.F.);
#848=ORIENTED_EDGE('',*,*,#625,.F.);
#849=ORIENTED_EDGE('',*,*,#626,.F.);
#850=ORIENTED_EDGE('',*,*,#614,.T.);
#851=ORIENTED_EDGE('',*,*,#627,.T.);
#852=ORIENTED_EDGE('',*,*,#626,.T.);
#853=ORIENTED_EDGE('',*,*,#628,.T.);
#854=ORIENTED_EDGE('',*,*,#624,.T.);
#855=ORIENTED_EDGE('',*,*,#629,.T.);
#856=ORIENTED_EDGE('',*,*,#612,.T.);
#857=ORIENTED_EDGE('',*,*,#630,.T.);
#858=ORIENTED_EDGE('',*,*,#619,.T.);
#859=ORIENTED_EDGE('',*,*,#631,.T.);
#860=ORIENTED_EDGE('',*,*,#625,.T.);
#861=ORIENTED_EDGE('',*,*,#632,.T.);
#862=ORIENTED_EDGE('',*,*,#602,.T.);
#863=ORIENTED_EDGE('',*,*,#633,.T.);
#864=ORIENTED_EDGE('',*,*,#620,.T.);
#865=ORIENTED_EDGE('',*,*,#634,.T.);
#866=ORIENTED_EDGE('',*,*,#607,.T.);
#867=ORIENTED_EDGE('',*,*,#635,.T.);
#868=ORIENTED_EDGE('',*,*,#615,.T.);
#869=ORIENTED_EDGE('',*,*,#636,.T.);
#870=ORIENTED_EDGE('',*,*,#610,.T.);
#871=ORIENTED_EDGE('',*,*,#637,.T.);
#872=ORIENTED_EDGE('',*,*,#616,.T.);
#873=ORIENTED_EDGE('',*,*,#638,.T.);
#874=ORIENTED_EDGE('',*,*,#603,.T.);
#875=ORIENTED_EDGE('',*,*,#639,.T.);
#876=ORIENTED_EDGE('',*,*,#611,.T.);
#877=ORIENTED_EDGE('',*,*,#640,.T.);
#878=ORIENTED_EDGE('',*,*,#606,.T.);
#879=ORIENTED_EDGE('',*,*,#641,.T.);
#880=ORIENTED_EDGE('',*,*,#604,.T.);
#881=ORIENTED_EDGE('',*,*,#642,.T.);
#882=ORIENTED_EDGE('',*,*,#643,.F.);
#883=ORIENTED_EDGE('',*,*,#644,.T.);
#884=ORIENTED_EDGE('',*,*,#599,.F.);
#885=ORIENTED_EDGE('',*,*,#601,.F.);
#886=ORIENTED_EDGE('',*,*,#641,.F.);
#887=ORIENTED_EDGE('',*,*,#605,.F.);
#888=ORIENTED_EDGE('',*,*,#621,.F.);
#889=ORIENTED_EDGE('',*,*,#617,.F.);
#890=ORIENTED_EDGE('',*,*,#633,.F.);
#891=ORIENTED_EDGE('',*,*,#628,.F.);
#892=ORIENTED_EDGE('',*,*,#631,.F.);
#893=ORIENTED_EDGE('',*,*,#622,.F.);
#894=ORIENTED_EDGE('',*,*,#636,.F.);
#895=ORIENTED_EDGE('',*,*,#630,.F.);
#896=ORIENTED_EDGE('',*,*,#639,.F.);
#897=ORIENTED_EDGE('',*,*,#634,.F.);
#898=ORIENTED_EDGE('',*,*,#632,.F.);
#899=ORIENTED_EDGE('',*,*,#635,.F.);
#900=ORIENTED_EDGE('',*,*,#642,.F.);
#901=ORIENTED_EDGE('',*,*,#640,.F.);
#902=ORIENTED_EDGE('',*,*,#638,.F.);
#903=ORIENTED_EDGE('',*,*,#645,.F.);
#904=ORIENTED_EDGE('',*,*,#646,.F.);
#905=ORIENTED_EDGE('',*,*,#647,.F.);
#906=ORIENTED_EDGE('',*,*,#648,.F.);
#907=ORIENTED_EDGE('',*,*,#649,.F.);
#908=ORIENTED_EDGE('',*,*,#649,.T.);
#909=ORIENTED_EDGE('',*,*,#650,.T.);
#910=ORIENTED_EDGE('',*,*,#651,.T.);
#911=ORIENTED_EDGE('',*,*,#646,.T.);
#912=ORIENTED_EDGE('',*,*,#652,.T.);
#913=ORIENTED_EDGE('',*,*,#653,.T.);
#914=ORIENTED_EDGE('',*,*,#553,.T.);
#915=ORIENTED_EDGE('',*,*,#647,.T.);
#916=ORIENTED_EDGE('',*,*,#654,.T.);
#917=ORIENTED_EDGE('',*,*,#655,.T.);
#918=ORIENTED_EDGE('',*,*,#656,.T.);
#919=ORIENTED_EDGE('',*,*,#645,.T.);
#920=ORIENTED_EDGE('',*,*,#648,.T.);
#921=ORIENTED_EDGE('',*,*,#555,.T.);
#922=ORIENTED_EDGE('',*,*,#652,.F.);
#923=ORIENTED_EDGE('',*,*,#656,.F.);
#924=ORIENTED_EDGE('',*,*,#657,.T.);
#925=ORIENTED_EDGE('',*,*,#609,.F.);
#926=ORIENTED_EDGE('',*,*,#629,.F.);
#927=ORIENTED_EDGE('',*,*,#623,.F.);
#928=ORIENTED_EDGE('',*,*,#627,.F.);
#929=ORIENTED_EDGE('',*,*,#613,.F.);
#930=ORIENTED_EDGE('',*,*,#637,.F.);
#931=ORIENTED_EDGE('',*,*,#650,.F.);
#932=ORIENTED_EDGE('',*,*,#657,.F.);
#933=ORIENTED_EDGE('',*,*,#655,.F.);
#934=ORIENTED_EDGE('',*,*,#554,.F.);
#935=ORIENTED_EDGE('',*,*,#653,.F.);
#936=ORIENTED_EDGE('',*,*,#658,.F.);
#937=ORIENTED_EDGE('',*,*,#659,.T.);
#938=ORIENTED_EDGE('',*,*,#643,.T.);
#939=ORIENTED_EDGE('',*,*,#598,.T.);
#940=ORIENTED_EDGE('',*,*,#659,.F.);
#941=ORIENTED_EDGE('',*,*,#600,.T.);
#942=ORIENTED_EDGE('',*,*,#644,.F.);
#943=ORIENTED_EDGE('',*,*,#515,.F.);
#944=ORIENTED_EDGE('',*,*,#537,.F.);
#945=ORIENTED_EDGE('',*,*,#531,.F.);
#946=ORIENTED_EDGE('',*,*,#535,.F.);
#947=ORIENTED_EDGE('',*,*,#511,.F.);
#948=ORIENTED_EDGE('',*,*,#519,.F.);
#949=ORIENTED_EDGE('',*,*,#651,.F.);
#950=ORIENTED_EDGE('',*,*,#658,.T.);
#951=ORIENTED_EDGE('',*,*,#654,.F.);
#952=ORIENTED_EDGE('',*,*,#568,.F.);
#953=ORIENTED_EDGE('',*,*,#584,.F.);
#954=ORIENTED_EDGE('',*,*,#578,.F.);
#955=ORIENTED_EDGE('',*,*,#582,.F.);
#956=ORIENTED_EDGE('',*,*,#564,.F.);
#957=ORIENTED_EDGE('',*,*,#590,.F.);
#958=TOROIDAL_SURFACE('',#1055,2.50000000000001,0.499999999999999);
#959=TOROIDAL_SURFACE('',#1060,2.49999999999998,0.499999999999994);
#960=TOROIDAL_SURFACE('',#1066,2.50000000000001,0.500000000000001);
#961=TOROIDAL_SURFACE('',#1071,2.49999999999999,0.499999999999998);
#962=TOROIDAL_SURFACE('',#1077,2.49999999999999,0.499999999999999);
#963=TOROIDAL_SURFACE('',#1084,2.50000000000001,0.499999999999999);
#964=TOROIDAL_SURFACE('',#1098,2.50000000000007,0.499999999999999);
#965=TOROIDAL_SURFACE('',#1103,2.49999999999999,0.499999999999998);
#966=TOROIDAL_SURFACE('',#1108,2.5,0.5);
#967=TOROIDAL_SURFACE('',#1113,2.50000000000002,0.499999999999998);
#968=TOROIDAL_SURFACE('',#1118,2.5,0.500000000000001);
#969=TOROIDAL_SURFACE('',#1124,2.49999999999999,0.500000000000002);
#970=TOROIDAL_SURFACE('',#1141,2.5,0.500000000000002);
#971=TOROIDAL_SURFACE('',#1146,2.5,0.499999999999996);
#972=TOROIDAL_SURFACE('',#1151,2.49999999999999,0.500000000000001);
#973=TOROIDAL_SURFACE('',#1156,2.49999999999998,0.5);
#974=TOROIDAL_SURFACE('',#1161,2.5,0.500000000000001);
#975=TOROIDAL_SURFACE('',#1167,2.5,0.5);
#976=ADVANCED_FACE('',(#210),#958,.T.);
#977=ADVANCED_FACE('',(#211),#959,.T.);
#978=ADVANCED_FACE('',(#212),#180,.T.);
#979=ADVANCED_FACE('',(#213),#960,.T.);
#980=ADVANCED_FACE('',(#214),#961,.T.);
#981=ADVANCED_FACE('',(#215),#181,.T.);
#982=ADVANCED_FACE('',(#216),#962,.T.);
#983=ADVANCED_FACE('',(#217),#182,.T.);
#984=ADVANCED_FACE('',(#218),#183,.T.);
#985=ADVANCED_FACE('',(#219),#963,.T.);
#986=ADVANCED_FACE('',(#220),#184,.T.);
#987=ADVANCED_FACE('',(#221),#185,.F.);
#988=ADVANCED_FACE('',(#222),#186,.T.);
#989=ADVANCED_FACE('',(#223),#187,.F.);
#990=ADVANCED_FACE('',(#224),#188,.F.);
#991=ADVANCED_FACE('',(#225,#19),#26,.T.);
#992=ADVANCED_FACE('',(#226),#27,.F.);
#993=ADVANCED_FACE('',(#227),#28,.F.);
#994=ADVANCED_FACE('',(#228),#29,.F.);
#995=ADVANCED_FACE('',(#229),#964,.T.);
#996=ADVANCED_FACE('',(#230),#965,.T.);
#997=ADVANCED_FACE('',(#231),#966,.T.);
#998=ADVANCED_FACE('',(#232),#967,.T.);
#999=ADVANCED_FACE('',(#233),#968,.T.);
#1000=ADVANCED_FACE('',(#234),#189,.T.);
#1001=ADVANCED_FACE('',(#235),#969,.T.);
#1002=ADVANCED_FACE('',(#236),#190,.T.);
#1003=ADVANCED_FACE('',(#237),#191,.T.);
#1004=ADVANCED_FACE('',(#238),#192,.F.);
#1005=ADVANCED_FACE('',(#239),#193,.T.);
#1006=ADVANCED_FACE('',(#240),#194,.T.);
#1007=ADVANCED_FACE('',(#241),#195,.F.);
#1008=ADVANCED_FACE('',(#242),#196,.F.);
#1009=ADVANCED_FACE('',(#243),#197,.T.);
#1010=ADVANCED_FACE('',(#244,#20),#30,.F.);
#1011=ADVANCED_FACE('',(#245),#31,.F.);
#1012=ADVANCED_FACE('',(#246),#32,.F.);
#1013=ADVANCED_FACE('',(#247),#33,.F.);
#1014=ADVANCED_FACE('',(#248),#970,.T.);
#1015=ADVANCED_FACE('',(#249),#971,.T.);
#1016=ADVANCED_FACE('',(#250),#972,.T.);
#1017=ADVANCED_FACE('',(#251),#973,.T.);
#1018=ADVANCED_FACE('',(#252),#974,.T.);
#1019=ADVANCED_FACE('',(#253),#198,.T.);
#1020=ADVANCED_FACE('',(#254),#975,.T.);
#1021=ADVANCED_FACE('',(#255),#199,.T.);
#1022=ADVANCED_FACE('',(#256),#200,.T.);
#1023=ADVANCED_FACE('',(#257),#201,.F.);
#1024=ADVANCED_FACE('',(#258),#202,.T.);
#1025=ADVANCED_FACE('',(#259),#203,.F.);
#1026=ADVANCED_FACE('',(#260),#204,.T.);
#1027=ADVANCED_FACE('',(#261),#205,.F.);
#1028=ADVANCED_FACE('',(#262),#206,.T.);
#1029=ADVANCED_FACE('',(#263,#21),#34,.F.);
#1030=ADVANCED_FACE('',(#264),#35,.F.);
#1031=ADVANCED_FACE('',(#265),#36,.F.);
#1032=ADVANCED_FACE('',(#266),#37,.F.);
#1033=ADVANCED_FACE('',(#267),#18,.T.);
#1034=ADVANCED_FACE('',(#268),#207,.T.);
#1035=ADVANCED_FACE('',(#269),#208,.T.);
#1036=ADVANCED_FACE('',(#270),#209,.T.);
#1037=ADVANCED_FACE('',(#271,#22),#38,.T.);
#1038=ADVANCED_FACE('',(#272,#23),#39,.F.);
#1039=ADVANCED_FACE('',(#273,#24),#40,.F.);
#1040=ADVANCED_FACE('',(#274,#25),#41,.T.);
#1041=CLOSED_SHELL('',(#976,#977,#978,#979,#980,#981,#982,#983,#984,#985,
#986,#987,#988,#989,#990,#991,#992,#993,#994,#995,#996,#997,#998,#999,#1000,
#1001,#1002,#1003,#1004,#1005,#1006,#1007,#1008,#1009,#1010,#1011,#1012,
#1013,#1014,#1015,#1016,#1017,#1018,#1019,#1020,#1021,#1022,#1023,#1024,
#1025,#1026,#1027,#1028,#1029,#1030,#1031,#1032,#1033,#1034,#1035,#1036,
#1037,#1038,#1039,#1040));
#1042=DERIVED_UNIT_ELEMENT(#1044,1.);
#1043=DERIVED_UNIT_ELEMENT(#1868,-3.);
#1044=(
MASS_UNIT()
NAMED_UNIT(*)
SI_UNIT(.KILO.,.GRAM.)
);
#1045=DERIVED_UNIT((#1042,#1043));
#1046=MEASURE_REPRESENTATION_ITEM('density measure',
POSITIVE_RATIO_MEASURE(7850.),#1045);
#1047=PROPERTY_DEFINITION_REPRESENTATION(#1052,#1049);
#1048=PROPERTY_DEFINITION_REPRESENTATION(#1053,#1050);
#1049=REPRESENTATION('material name',(#1051),#1865);
#1050=REPRESENTATION('density',(#1046),#1865);
#1051=DESCRIPTIVE_REPRESENTATION_ITEM('Steel','Steel');
#1052=PROPERTY_DEFINITION('material property','material name',#1875);
#1053=PROPERTY_DEFINITION('material property','density of part',#1875);
#1054=AXIS2_PLACEMENT_3D('',#1561,#1200,#1201);
#1055=AXIS2_PLACEMENT_3D('',#1562,#1202,#1203);
#1056=AXIS2_PLACEMENT_3D('',#1565,#1204,#1205);
#1057=AXIS2_PLACEMENT_3D('',#1567,#1206,#1207);
#1058=AXIS2_PLACEMENT_3D('',#1569,#1208,#1209);
#1059=AXIS2_PLACEMENT_3D('',#1570,#1210,#1211);
#1060=AXIS2_PLACEMENT_3D('',#1571,#1212,#1213);
#1061=AXIS2_PLACEMENT_3D('',#1574,#1214,#1215);
#1062=AXIS2_PLACEMENT_3D('',#1576,#1216,#1217);
#1063=AXIS2_PLACEMENT_3D('',#1578,#1218,#1219);
#1064=AXIS2_PLACEMENT_3D('',#1579,#1220,#1221);
#1065=AXIS2_PLACEMENT_3D('',#1580,#1222,#1223);
#1066=AXIS2_PLACEMENT_3D('',#1583,#1226,#1227);
#1067=AXIS2_PLACEMENT_3D('',#1586,#1228,#1229);
#1068=AXIS2_PLACEMENT_3D('',#1588,#1230,#1231);
#1069=AXIS2_PLACEMENT_3D('',#1590,#1232,#1233);
#1070=AXIS2_PLACEMENT_3D('',#1591,#1234,#1235);
#1071=AXIS2_PLACEMENT_3D('',#1592,#1236,#1237);
#1072=AXIS2_PLACEMENT_3D('',#1595,#1238,#1239);
#1073=AXIS2_PLACEMENT_3D('',#1597,#1240,#1241);
#1074=AXIS2_PLACEMENT_3D('',#1599,#1242,#1243);
#1075=AXIS2_PLACEMENT_3D('',#1600,#1244,#1245);
#1076=AXIS2_PLACEMENT_3D('',#1601,#1246,#1247);
#1077=AXIS2_PLACEMENT_3D('',#1604,#1250,#1251);
#1078=AXIS2_PLACEMENT_3D('',#1607,#1252,#1253);
#1079=AXIS2_PLACEMENT_3D('',#1609,#1254,#1255);
#1080=AXIS2_PLACEMENT_3D('',#1611,#1256,#1257);
#1081=AXIS2_PLACEMENT_3D('',#1612,#1258,#1259);
#1082=AXIS2_PLACEMENT_3D('',#1613,#1260,#1261);
#1083=AXIS2_PLACEMENT_3D('',#1616,#1264,#1265);
#1084=AXIS2_PLACEMENT_3D('',#1619,#1268,#1269);
#1085=AXIS2_PLACEMENT_3D('',#1622,#1270,#1271);
#1086=AXIS2_PLACEMENT_3D('',#1624,#1272,#1273);
#1087=AXIS2_PLACEMENT_3D('',#1626,#1274,#1275);
#1088=AXIS2_PLACEMENT_3D('',#1627,#1276,#1277);
#1089=AXIS2_PLACEMENT_3D('',#1628,#1278,#1279);
#1090=AXIS2_PLACEMENT_3D('',#1631,#1282,#1283);
#1091=AXIS2_PLACEMENT_3D('',#1634,#1286,#1287);
#1092=AXIS2_PLACEMENT_3D('',#1637,#1290,#1291);
#1093=AXIS2_PLACEMENT_3D('',#1640,#1294,#1295);
#1094=AXIS2_PLACEMENT_3D('',#1643,#1298,#1299);
#1095=AXIS2_PLACEMENT_3D('',#1650,#1303,#1304);
#1096=AXIS2_PLACEMENT_3D('',#1651,#1305,#1306);
#1097=AXIS2_PLACEMENT_3D('',#1652,#1307,#1308);
#1098=AXIS2_PLACEMENT_3D('',#1653,#1309,#1310);
#1099=AXIS2_PLACEMENT_3D('',#1656,#1311,#1312);
#1100=AXIS2_PLACEMENT_3D('',#1658,#1313,#1314);
#1101=AXIS2_PLACEMENT_3D('',#1660,#1315,#1316);
#1102=AXIS2_PLACEMENT_3D('',#1661,#1317,#1318);
#1103=AXIS2_PLACEMENT_3D('',#1662,#1319,#1320);
#1104=AXIS2_PLACEMENT_3D('',#1665,#1321,#1322);
#1105=AXIS2_PLACEMENT_3D('',#1667,#1323,#1324);
#1106=AXIS2_PLACEMENT_3D('',#1669,#1325,#1326);
#1107=AXIS2_PLACEMENT_3D('',#1670,#1327,#1328);
#1108=AXIS2_PLACEMENT_3D('',#1671,#1329,#1330);
#1109=AXIS2_PLACEMENT_3D('',#1674,#1331,#1332);
#1110=AXIS2_PLACEMENT_3D('',#1676,#1333,#1334);
#1111=AXIS2_PLACEMENT_3D('',#1678,#1335,#1336);
#1112=AXIS2_PLACEMENT_3D('',#1679,#1337,#1338);
#1113=AXIS2_PLACEMENT_3D('',#1680,#1339,#1340);
#1114=AXIS2_PLACEMENT_3D('',#1683,#1341,#1342);
#1115=AXIS2_PLACEMENT_3D('',#1685,#1343,#1344);
#1116=AXIS2_PLACEMENT_3D('',#1687,#1345,#1346);
#1117=AXIS2_PLACEMENT_3D('',#1688,#1347,#1348);
#1118=AXIS2_PLACEMENT_3D('',#1689,#1349,#1350);
#1119=AXIS2_PLACEMENT_3D('',#1692,#1351,#1352);
#1120=AXIS2_PLACEMENT_3D('',#1694,#1353,#1354);
#1121=AXIS2_PLACEMENT_3D('',#1696,#1355,#1356);
#1122=AXIS2_PLACEMENT_3D('',#1697,#1357,#1358);
#1123=AXIS2_PLACEMENT_3D('',#1698,#1359,#1360);
#1124=AXIS2_PLACEMENT_3D('',#1701,#1363,#1364);
#1125=AXIS2_PLACEMENT_3D('',#1704,#1365,#1366);
#1126=AXIS2_PLACEMENT_3D('',#1706,#1367,#1368);
#1127=AXIS2_PLACEMENT_3D('',#1708,#1369,#1370);
#1128=AXIS2_PLACEMENT_3D('',#1709,#1371,#1372);
#1129=AXIS2_PLACEMENT_3D('',#1710,#1373,#1374);
#1130=AXIS2_PLACEMENT_3D('',#1713,#1377,#1378);
#1131=AXIS2_PLACEMENT_3D('',#1716,#1381,#1382);
#1132=AXIS2_PLACEMENT_3D('',#1719,#1385,#1386);
#1133=AXIS2_PLACEMENT_3D('',#1722,#1389,#1390);
#1134=AXIS2_PLACEMENT_3D('',#1725,#1393,#1394);
#1135=AXIS2_PLACEMENT_3D('',#1728,#1397,#1398);
#1136=AXIS2_PLACEMENT_3D('',#1731,#1401,#1402);
#1137=AXIS2_PLACEMENT_3D('',#1734,#1405,#1406);
#1138=AXIS2_PLACEMENT_3D('',#1741,#1410,#1411);
#1139=AXIS2_PLACEMENT_3D('',#1742,#1412,#1413);
#1140=AXIS2_PLACEMENT_3D('',#1743,#1414,#1415);
#1141=AXIS2_PLACEMENT_3D('',#1744,#1416,#1417);
#1142=AXIS2_PLACEMENT_3D('',#1747,#1418,#1419);
#1143=AXIS2_PLACEMENT_3D('',#1749,#1420,#1421);
#1144=AXIS2_PLACEMENT_3D('',#1751,#1422,#1423);
#1145=AXIS2_PLACEMENT_3D('',#1752,#1424,#1425);
#1146=AXIS2_PLACEMENT_3D('',#1753,#1426,#1427);
#1147=AXIS2_PLACEMENT_3D('',#1756,#1428,#1429);
#1148=AXIS2_PLACEMENT_3D('',#1758,#1430,#1431);
#1149=AXIS2_PLACEMENT_3D('',#1760,#1432,#1433);
#1150=AXIS2_PLACEMENT_3D('',#1761,#1434,#1435);
#1151=AXIS2_PLACEMENT_3D('',#1762,#1436,#1437);
#1152=AXIS2_PLACEMENT_3D('',#1765,#1438,#1439);
#1153=AXIS2_PLACEMENT_3D('',#1767,#1440,#1441);
#1154=AXIS2_PLACEMENT_3D('',#1769,#1442,#1443);
#1155=AXIS2_PLACEMENT_3D('',#1770,#1444,#1445);
#1156=AXIS2_PLACEMENT_3D('',#1771,#1446,#1447);
#1157=AXIS2_PLACEMENT_3D('',#1774,#1448,#1449);
#1158=AXIS2_PLACEMENT_3D('',#1776,#1450,#1451);
#1159=AXIS2_PLACEMENT_3D('',#1778,#1452,#1453);
#1160=AXIS2_PLACEMENT_3D('',#1779,#1454,#1455);
#1161=AXIS2_PLACEMENT_3D('',#1780,#1456,#1457);
#1162=AXIS2_PLACEMENT_3D('',#1783,#1458,#1459);
#1163=AXIS2_PLACEMENT_3D('',#1785,#1460,#1461);
#1164=AXIS2_PLACEMENT_3D('',#1787,#1462,#1463);
#1165=AXIS2_PLACEMENT_3D('',#1788,#1464,#1465);
#1166=AXIS2_PLACEMENT_3D('',#1789,#1466,#1467);
#1167=AXIS2_PLACEMENT_3D('',#1792,#1470,#1471);
#1168=AXIS2_PLACEMENT_3D('',#1795,#1472,#1473);
#1169=AXIS2_PLACEMENT_3D('',#1797,#1474,#1475);
#1170=AXIS2_PLACEMENT_3D('',#1799,#1476,#1477);
#1171=AXIS2_PLACEMENT_3D('',#1800,#1478,#1479);
#1172=AXIS2_PLACEMENT_3D('',#1801,#1480,#1481);
#1173=AXIS2_PLACEMENT_3D('',#1804,#1484,#1485);
#1174=AXIS2_PLACEMENT_3D('',#1807,#1488,#1489);
#1175=AXIS2_PLACEMENT_3D('',#1810,#1492,#1493);
#1176=AXIS2_PLACEMENT_3D('',#1813,#1496,#1497);
#1177=AXIS2_PLACEMENT_3D('',#1816,#1500,#1501);
#1178=AXIS2_PLACEMENT_3D('',#1819,#1504,#1505);
#1179=AXIS2_PLACEMENT_3D('',#1822,#1508,#1509);
#1180=AXIS2_PLACEMENT_3D('',#1825,#1512,#1513);
#1181=AXIS2_PLACEMENT_3D('',#1829,#1516,#1517);
#1182=AXIS2_PLACEMENT_3D('',#1830,#1518,#1519);
#1183=AXIS2_PLACEMENT_3D('',#1831,#1520,#1521);
#1184=AXIS2_PLACEMENT_3D('',#1832,#1522,#1523);
#1185=AXIS2_PLACEMENT_3D('',#1835,#1524,#1525);
#1186=AXIS2_PLACEMENT_3D('',#1837,#1526,#1527);
#1187=AXIS2_PLACEMENT_3D('',#1838,#1528,#1529);
#1188=AXIS2_PLACEMENT_3D('',#1839,#1530,#1531);
#1189=AXIS2_PLACEMENT_3D('',#1841,#1532,#1533);
#1190=AXIS2_PLACEMENT_3D('',#1842,#1534,#1535);
#1191=AXIS2_PLACEMENT_3D('',#1845,#1536,#1537);
#1192=AXIS2_PLACEMENT_3D('',#1848,#1540,#1541);
#1193=AXIS2_PLACEMENT_3D('',#1850,#1542,#1543);
#1194=AXIS2_PLACEMENT_3D('',#1852,#1545,#1546);
#1195=AXIS2_PLACEMENT_3D('',#1854,#1547,#1548);
#1196=AXIS2_PLACEMENT_3D('',#1856,#1550,#1551);
#1197=AXIS2_PLACEMENT_3D('',#1858,#1553,#1554);
#1198=AXIS2_PLACEMENT_3D('',#1861,#1557,#1558);
#1199=AXIS2_PLACEMENT_3D('',#1862,#1559,#1560);
#1200=DIRECTION('axis',(0.,0.,1.));
#1201=DIRECTION('refdir',(1.,0.,0.));
#1202=DIRECTION('center_axis',(0.816496580927725,-0.471404520791033,-0.333333333333333));
#1203=DIRECTION('ref_axis',(-0.377964473009227,0.,-0.925820099772551));
#1204=DIRECTION('center_axis',(0.816496580927726,-0.471404520791032,-0.333333333333333));
#1205=DIRECTION('ref_axis',(0.288675134594812,0.833333333333332,-0.471404520791035));
#1206=DIRECTION('center_axis',(4.33680868994203E-16,-0.577350269189624,
0.816496580927728));
#1207=DIRECTION('ref_axis',(-0.577350269189625,-0.666666666666669,-0.47140452079103));
#1208=DIRECTION('center_axis',(-0.816496580927726,0.471404520791031,0.333333333333334));
#1209=DIRECTION('ref_axis',(-0.288675134594813,0.166666666666667,-0.942809041582063));
#1210=DIRECTION('center_axis',(-0.500000000000002,-0.866025403784437,-2.27682456221956E-15));
#1211=DIRECTION('ref_axis',(0.816496580927725,-0.471404520791033,-0.333333333333333));
#1212=DIRECTION('center_axis',(0.816496580927724,-0.471404520791033,-0.333333333333336));
#1213=DIRECTION('ref_axis',(-0.37796447300923,0.,-0.92582009977255));
#1214=DIRECTION('center_axis',(0.816496580927726,-0.471404520791032,-0.333333333333333));
#1215=DIRECTION('ref_axis',(-0.577350269189625,-0.666666666666667,-0.471404520791032));
#1216=DIRECTION('center_axis',(0.500000000000002,0.866025403784437,1.40946282423116E-15));
#1217=DIRECTION('ref_axis',(0.288675134594811,-0.166666666666668,0.942809041582064));
#1218=DIRECTION('center_axis',(-0.816496580927725,0.471404520791032,0.333333333333334));
#1219=DIRECTION('ref_axis',(-0.288675134594813,-0.833333333333333,0.471404520791032));
#1220=DIRECTION('center_axis',(0.500000000000001,0.288675134594805,0.816496580927728));
#1221=DIRECTION('ref_axis',(0.816496580927724,-0.471404520791033,-0.333333333333336));
#1222=DIRECTION('center_axis',(-0.5,-0.866025403784439,-1.66533453693773E-16));
#1223=DIRECTION('ref_axis',(0.781474414421557,-0.451184463531091,0.430964406271152));
#1224=DIRECTION('',(0.5,0.866025403784439,1.85037170770859E-16));
#1225=DIRECTION('',(-0.5,-0.866025403784439,-1.49344755300734E-16));
#1226=DIRECTION('center_axis',(0.816496580927724,-0.471404520791033,-0.333333333333336));
#1227=DIRECTION('ref_axis',(-0.37796447300923,0.,-0.92582009977255));
#1228=DIRECTION('center_axis',(-0.816496580927726,0.471404520791032,0.333333333333333));
#1229=DIRECTION('ref_axis',(0.288675134594811,0.833333333333332,-0.471404520791036));
#1230=DIRECTION('center_axis',(-0.500000000000002,-0.866025403784438,1.53956708492942E-15));
#1231=DIRECTION('ref_axis',(0.288675134594813,-0.166666666666666,0.942809041582063));
#1232=DIRECTION('center_axis',(0.816496580927726,-0.471404520791033,-0.333333333333333));
#1233=DIRECTION('ref_axis',(0.577350269189626,0.666666666666666,0.471404520791032));
#1234=DIRECTION('center_axis',(1.04083408558609E-15,-0.577350269189626,
0.816496580927726));
#1235=DIRECTION('ref_axis',(-0.816496580927727,0.47140452079103,0.333333333333334));
#1236=DIRECTION('center_axis',(0.816496580927728,-0.471404520791035,-0.333333333333323));
#1237=DIRECTION('ref_axis',(-0.377964473009217,0.,-0.925820099772556));
#1238=DIRECTION('center_axis',(-0.816496580927726,0.471404520791032,0.333333333333333));
#1239=DIRECTION('ref_axis',(-0.577350269189626,-0.666666666666668,-0.47140452079103));
#1240=DIRECTION('center_axis',(0.499999999999992,0.288675134594814,0.816496580927731));
#1241=DIRECTION('ref_axis',(0.288675134594817,0.833333333333333,-0.471404520791029));
#1242=DIRECTION('center_axis',(0.816496580927726,-0.471404520791031,-0.333333333333334));
#1243=DIRECTION('ref_axis',(-0.288675134594814,0.166666666666667,-0.942809041582063));
#1244=DIRECTION('center_axis',(0.500000000000001,0.866025403784438,-3.03576608295942E-16));
#1245=DIRECTION('ref_axis',(-0.816496580927726,0.471404520791034,0.333333333333331));
#1246=DIRECTION('center_axis',(0.5,0.866025403784439,1.66533453693773E-16));
#1247=DIRECTION('ref_axis',(-0.373226123957691,0.215482203135574,0.902368927062184));
#1248=DIRECTION('',(-0.5,-0.866025403784439,-1.85037170770859E-16));
#1249=DIRECTION('',(0.5,0.866025403784439,1.49344755300734E-16));
#1250=DIRECTION('center_axis',(-0.816496580927726,0.47140452079103,0.333333333333334));
#1251=DIRECTION('ref_axis',(0.377964473009228,0.,0.925820099772551));
#1252=DIRECTION('center_axis',(0.816496580927726,-0.471404520791032,-0.333333333333333));
#1253=DIRECTION('ref_axis',(0.288675134594815,-0.166666666666662,0.942809041582063));
#1254=DIRECTION('center_axis',(-0.499999999999999,-0.28867513459481,-0.816496580927727));
#1255=DIRECTION('ref_axis',(0.288675134594814,0.833333333333334,-0.471404520791029));
#1256=DIRECTION('center_axis',(-0.816496580927726,0.471404520791032,0.333333333333333));
#1257=DIRECTION('ref_axis',(0.577350269189627,0.666666666666666,0.471404520791031));
#1258=DIRECTION('center_axis',(-2.12503625807161E-15,0.577350269189625,
-0.816496580927726));
#1259=DIRECTION('ref_axis',(0.816496580927726,-0.471404520791031,-0.333333333333334));
#1260=DIRECTION('center_axis',(2.4980018054066E-16,0.577350269189626,-0.816496580927726));
#1261=DIRECTION('ref_axis',(0.169101978725762,-0.804737854124367,-0.569035593728847));
#1262=DIRECTION('',(-2.95124845724344E-16,-0.577350269189626,0.816496580927726));
#1263=DIRECTION('',(2.17750802434267E-16,0.577350269189626,-0.816496580927726));
#1264=DIRECTION('center_axis',(0.5,0.288675134594812,0.816496580927726));
#1265=DIRECTION('ref_axis',(0.781474414421554,0.255922317655458,-0.569035593728854));
#1266=DIRECTION('',(-0.5,-0.288675134594812,-0.816496580927726));
#1267=DIRECTION('',(0.5,0.288675134594812,0.816496580927726));
#1268=DIRECTION('center_axis',(-0.816496580927727,0.47140452079103,0.333333333333333));
#1269=DIRECTION('ref_axis',(0.377964473009227,0.,0.925820099772552));
#1270=DIRECTION('center_axis',(-0.816496580927726,0.471404520791032,0.333333333333333));
#1271=DIRECTION('ref_axis',(0.288675134594815,-0.166666666666662,0.942809041582063));
#1272=DIRECTION('center_axis',(2.08166817117218E-15,0.57735026918963,-0.816496580927723));
#1273=DIRECTION('ref_axis',(-0.577350269189623,-0.666666666666665,-0.471404520791037));
#1274=DIRECTION('center_axis',(0.816496580927725,-0.471404520791033,-0.333333333333336));
#1275=DIRECTION('ref_axis',(-0.288675134594813,-0.833333333333334,0.471404520791031));
#1276=DIRECTION('center_axis',(-0.499999999999999,-0.288675134594811,-0.816496580927728));
#1277=DIRECTION('ref_axis',(-0.816496580927727,0.471404520791031,0.333333333333332));
#1278=DIRECTION('center_axis',(-2.4980018054066E-16,-0.577350269189626,
0.816496580927726));
#1279=DIRECTION('ref_axis',(-0.985598559653488,-0.138071187457706,-0.0976310729378181));
#1280=DIRECTION('',(2.95124845724344E-16,0.577350269189626,-0.816496580927726));
#1281=DIRECTION('',(-2.17750802434267E-16,-0.577350269189626,0.816496580927726));
#1282=DIRECTION('center_axis',(0.816496580927726,-0.471404520791032,-0.333333333333334));
#1283=DIRECTION('ref_axis',(0.288675134594814,-0.166666666666664,0.942809041582063));
#1284=DIRECTION('',(-0.816496580927726,0.471404520791032,0.333333333333334));
#1285=DIRECTION('',(0.816496580927726,-0.471404520791032,-0.333333333333334));
#1286=DIRECTION('center_axis',(-0.5,-0.288675134594812,-0.816496580927726));
#1287=DIRECTION('ref_axis',(-0.373226123957694,0.922588984322124,-0.0976310729378095));
#1288=DIRECTION('',(0.5,0.288675134594812,0.816496580927726));
#1289=DIRECTION('',(-0.5,-0.288675134594812,-0.816496580927726));
#1290=DIRECTION('center_axis',(0.816496580927726,-0.471404520791032,-0.333333333333334));
#1291=DIRECTION('ref_axis',(-0.577350269189627,-0.666666666666668,-0.47140452079103));
#1292=DIRECTION('',(-0.816496580927726,0.471404520791032,0.333333333333334));
#1293=DIRECTION('',(0.816496580927726,-0.471404520791032,-0.333333333333334));
#1294=DIRECTION('center_axis',(0.816496580927726,-0.471404520791032,-0.333333333333334));
#1295=DIRECTION('ref_axis',(0.288675134594813,0.833333333333333,-0.471404520791033));
#1296=DIRECTION('',(-0.816496580927726,0.471404520791032,0.333333333333334));
#1297=DIRECTION('',(0.816496580927726,-0.471404520791032,-0.333333333333334));
#1298=DIRECTION('center_axis',(-0.816496580927726,0.471404520791032,0.333333333333333));
#1299=DIRECTION('ref_axis',(0.377964473009227,0.,0.925820099772552));
#1300=DIRECTION('',(-4.53246651836839E-17,-0.577350269189626,0.816496580927726));
#1301=DIRECTION('',(-0.5,-0.866025403784439,0.));
#1302=DIRECTION('',(-0.5,-0.288675134594813,-0.816496580927726));
#1303=DIRECTION('center_axis',(-0.288675134594813,0.166666666666667,-0.942809041582063));
#1304=DIRECTION('ref_axis',(0.5,0.866025403784438,0.));
#1305=DIRECTION('center_axis',(-0.288675134594813,-0.833333333333333,0.471404520791031));
#1306=DIRECTION('ref_axis',(-0.5,-0.288675134594812,-0.816496580927726));
#1307=DIRECTION('center_axis',(0.577350269189626,0.666666666666666,0.471404520791032));
#1308=DIRECTION('ref_axis',(-3.05311331771918E-16,-0.577350269189626,0.816496580927726));
#1309=DIRECTION('center_axis',(0.816496580927727,0.47140452079103,0.333333333333332));
#1310=DIRECTION('ref_axis',(-0.288675134594821,-0.16666666666665,0.942809041582064));
#1311=DIRECTION('center_axis',(-0.816496580927726,-0.471404520791032,-0.333333333333333));
#1312=DIRECTION('ref_axis',(-0.288675134594803,-0.166666666666686,0.942809041582063));
#1313=DIRECTION('center_axis',(1.77809156287624E-15,0.577350269189624,-0.816496580927727));
#1314=DIRECTION('ref_axis',(0.577350269189627,-0.666666666666668,-0.471404520791029));
#1315=DIRECTION('center_axis',(0.816496580927724,0.471404520791032,0.333333333333337));
#1316=DIRECTION('ref_axis',(0.288675134594812,-0.833333333333334,0.471404520791032));
#1317=DIRECTION('center_axis',(0.50000000000001,-0.288675134594846,-0.816496580927709));
#1318=DIRECTION('ref_axis',(-0.816496580927727,-0.471404520791032,-0.333333333333332));
#1319=DIRECTION('center_axis',(-0.816496580927726,-0.471404520791031,-0.333333333333334));
#1320=DIRECTION('ref_axis',(-0.377964473009228,0.,0.925820099772551));
#1321=DIRECTION('center_axis',(-0.816496580927726,-0.471404520791032,-0.333333333333333));
#1322=DIRECTION('ref_axis',(-0.288675134594812,0.833333333333333,-0.471404520791033));
#1323=DIRECTION('center_axis',(0.5,-0.866025403784439,-4.33680868994202E-16));
#1324=DIRECTION('ref_axis',(-0.288675134594812,-0.166666666666666,0.942809041582064));
#1325=DIRECTION('center_axis',(0.816496580927726,0.471404520791032,0.333333333333334));
#1326=DIRECTION('ref_axis',(-0.577350269189626,0.666666666666667,0.471404520791032));
#1327=DIRECTION('center_axis',(-2.12503625807161E-15,-0.577350269189625,
0.816496580927726));
#1328=DIRECTION('ref_axis',(-0.816496580927727,-0.47140452079103,-0.333333333333334));
#1329=DIRECTION('center_axis',(0.816496580927707,0.471404520791055,0.333333333333348));
#1330=DIRECTION('ref_axis',(-0.288675134594827,-0.166666666666672,0.942809041582058));
#1331=DIRECTION('center_axis',(0.816496580927726,0.471404520791032,0.333333333333333));
#1332=DIRECTION('ref_axis',(-0.288675134594803,-0.166666666666683,0.942809041582064));
#1333=DIRECTION('center_axis',(0.500000000000025,-0.288675134594804,-0.816496580927714));
#1334=DIRECTION('ref_axis',(-0.288675134594811,0.833333333333331,-0.471404520791036));
#1335=DIRECTION('center_axis',(-0.816496580927726,-0.471404520791032,-0.333333333333334));
#1336=DIRECTION('ref_axis',(-0.577350269189626,0.666666666666667,0.471404520791031));
#1337=DIRECTION('center_axis',(0.,0.577350269189624,-0.816496580927727));
#1338=DIRECTION('ref_axis',(0.816496580927727,0.471404520791032,0.333333333333332));
#1339=DIRECTION('center_axis',(-0.816496580927727,-0.471404520791032,-0.333333333333332));
#1340=DIRECTION('ref_axis',(-0.377964473009225,0.,0.925820099772552));
#1341=DIRECTION('center_axis',(0.816496580927726,0.471404520791032,0.333333333333333));
#1342=DIRECTION('ref_axis',(-0.288675134594811,0.833333333333333,-0.471404520791034));
#1343=DIRECTION('center_axis',(0.,-0.577350269189624,0.816496580927727));
#1344=DIRECTION('ref_axis',(0.577350269189626,-0.666666666666667,-0.47140452079103));
#1345=DIRECTION('center_axis',(-0.816496580927726,-0.471404520791032,-0.333333333333334));
#1346=DIRECTION('ref_axis',(0.288675134594813,0.166666666666667,-0.942809041582063));
#1347=DIRECTION('center_axis',(0.500000000000002,-0.866025403784438,-7.67615138119732E-15));
#1348=DIRECTION('ref_axis',(0.816496580927726,0.471404520791031,0.333333333333334));
#1349=DIRECTION('center_axis',(-0.816496580927728,-0.471404520791033,-0.333333333333326));
#1350=DIRECTION('ref_axis',(0.577350269189623,-0.666666666666669,-0.471404520791032));
#1351=DIRECTION('center_axis',(-0.816496580927726,-0.471404520791032,-0.333333333333333));
#1352=DIRECTION('ref_axis',(0.577350269189626,-0.666666666666663,-0.471404520791036));
#1353=DIRECTION('center_axis',(-0.499999999999995,0.288675134594817,0.816496580927727));
#1354=DIRECTION('ref_axis',(-0.288675134594812,0.833333333333333,-0.471404520791033));
#1355=DIRECTION('center_axis',(0.816496580927726,0.471404520791032,0.333333333333334));
#1356=DIRECTION('ref_axis',(0.288675134594813,0.166666666666667,-0.942809041582063));
#1357=DIRECTION('center_axis',(-0.5,0.866025403784439,-8.02309607639272E-16));
#1358=DIRECTION('ref_axis',(-0.816496580927726,-0.471404520791032,-0.333333333333333));
#1359=DIRECTION('center_axis',(0.5,-0.288675134594813,-0.816496580927726));
#1360=DIRECTION('ref_axis',(-0.781474414421557,0.255922317655457,-0.569035593728849));
#1361=DIRECTION('',(-0.5,0.288675134594813,0.816496580927726));
#1362=DIRECTION('',(0.5,-0.288675134594813,-0.816496580927726));
#1363=DIRECTION('center_axis',(-0.816496580927725,-0.471404520791034,-0.333333333333332));
#1364=DIRECTION('ref_axis',(0.577350269189626,-0.666666666666669,-0.471404520791028));
#1365=DIRECTION('center_axis',(0.816496580927726,0.471404520791032,0.333333333333333));
#1366=DIRECTION('ref_axis',(0.577350269189626,-0.666666666666664,-0.471404520791035));
#1367=DIRECTION('center_axis',(-0.500000000000002,0.866025403784438,-1.71303943252708E-15));
#1368=DIRECTION('ref_axis',(-0.288675134594815,-0.166666666666667,0.942809041582063));
#1369=DIRECTION('center_axis',(-0.816496580927727,-0.471404520791031,-0.333333333333333));
#1370=DIRECTION('ref_axis',(0.288675134594813,-0.833333333333333,0.471404520791032));
#1371=DIRECTION('center_axis',(-0.500000000000002,0.288675134594819,0.816496580927722));
#1372=DIRECTION('ref_axis',(0.816496580927726,0.471404520791031,0.333333333333334));
#1373=DIRECTION('center_axis',(-0.5,0.288675134594813,0.816496580927726));
#1374=DIRECTION('ref_axis',(0.373226123957691,0.922588984322125,-0.0976310729378164));
#1375=DIRECTION('',(0.5,-0.288675134594813,-0.816496580927726));
#1376=DIRECTION('',(-0.5,0.288675134594813,0.816496580927726));
#1377=DIRECTION('center_axis',(0.5,-0.866025403784439,8.32667268468867E-17));
#1378=DIRECTION('ref_axis',(0.37322612395769,0.215482203135575,0.902368927062184));
#1379=DIRECTION('',(-0.5,0.866025403784439,-7.40148683083438E-17));
#1380=DIRECTION('',(0.5,-0.866025403784439,8.77564814727317E-17));
#1381=DIRECTION('center_axis',(-0.816496580927726,-0.471404520791031,-0.333333333333334));
#1382=DIRECTION('ref_axis',(0.577350269189627,-0.666666666666666,-0.471404520791032));
#1383=DIRECTION('',(0.816496580927726,0.471404520791031,0.333333333333334));
#1384=DIRECTION('',(-0.816496580927726,-0.471404520791031,-0.333333333333334));
#1385=DIRECTION('center_axis',(-0.5,0.866025403784439,-8.32667268468867E-17));
#1386=DIRECTION('ref_axis',(-0.781474414421558,-0.451184463531092,0.430964406271149));
#1387=DIRECTION('',(0.5,-0.866025403784439,7.40148683083438E-17));
#1388=DIRECTION('',(-0.5,0.866025403784439,-8.77564814727317E-17));
#1389=DIRECTION('center_axis',(1.94289029309402E-16,0.577350269189625,-0.816496580927726));
#1390=DIRECTION('ref_axis',(0.98559855965349,-0.138071187457697,-0.0976310729378095));
#1391=DIRECTION('',(-1.94289029309402E-16,-0.577350269189625,0.816496580927726));
#1392=DIRECTION('',(1.94289029309402E-16,0.577350269189625,-0.816496580927726));
#1393=DIRECTION('center_axis',(-0.816496580927726,-0.471404520791031,-0.333333333333334));
#1394=DIRECTION('ref_axis',(-0.288675134594813,0.833333333333334,-0.47140452079103));
#1395=DIRECTION('',(0.816496580927726,0.471404520791031,0.333333333333334));
#1396=DIRECTION('',(-0.816496580927726,-0.471404520791031,-0.333333333333334));
#1397=DIRECTION('center_axis',(-0.816496580927726,-0.471404520791031,-0.333333333333334));
#1398=DIRECTION('ref_axis',(-0.288675134594812,-0.166666666666668,0.942809041582063));
#1399=DIRECTION('',(0.816496580927726,0.471404520791031,0.333333333333334));
#1400=DIRECTION('',(-0.816496580927726,-0.471404520791031,-0.333333333333334));
#1401=DIRECTION('center_axis',(-1.94289029309402E-16,-0.577350269189625,
0.816496580927726));
#1402=DIRECTION('ref_axis',(-0.169101978725761,-0.804737854124363,-0.569035593728853));
#1403=DIRECTION('',(1.94289029309402E-16,0.577350269189625,-0.816496580927726));
#1404=DIRECTION('',(-1.94289029309402E-16,-0.577350269189625,0.816496580927726));
#1405=DIRECTION('center_axis',(0.816496580927726,0.471404520791032,0.333333333333333));
#1406=DIRECTION('ref_axis',(0.377964473009227,0.,-0.925820099772552));
#1407=DIRECTION('',(-0.5,0.866025403784439,0.));
#1408=DIRECTION('',(-0.5,0.288675134594813,0.816496580927726));
#1409=DIRECTION('',(0.,0.577350269189626,-0.816496580927726));
#1410=DIRECTION('center_axis',(0.288675134594812,-0.833333333333334,0.471404520791032));
#1411=DIRECTION('ref_axis',(-0.5,0.288675134594813,0.816496580927726));
#1412=DIRECTION('center_axis',(0.288675134594813,0.166666666666667,-0.942809041582063));
#1413=DIRECTION('ref_axis',(0.5,-0.866025403784439,0.));
#1414=DIRECTION('center_axis',(-0.577350269189626,0.666666666666667,0.471404520791031));
#1415=DIRECTION('ref_axis',(3.88578058618805E-16,0.577350269189626,-0.816496580927726));
#1416=DIRECTION('center_axis',(0.,0.942809041582064,-0.333333333333331));
#1417=DIRECTION('ref_axis',(0.,0.33333333333333,0.942809041582064));
#1418=DIRECTION('center_axis',(-4.18691322315673E-17,0.942809041582063,
-0.333333333333333));
#1419=DIRECTION('ref_axis',(0.866025403784438,-0.166666666666666,-0.471404520791033));
#1420=DIRECTION('center_axis',(-1.,0.,0.));
#1421=DIRECTION('ref_axis',(0.,0.333333333333332,0.942809041582064));
#1422=DIRECTION('center_axis',(1.02658164247039E-15,-0.942809041582064,
0.333333333333333));
#1423=DIRECTION('ref_axis',(0.866025403784439,0.166666666666667,0.471404520791031));
#1424=DIRECTION('center_axis',(-0.500000000000002,0.28867513459481,0.816496580927726));
#1425=DIRECTION('ref_axis',(0.,0.942809041582064,-0.333333333333331));
#1426=DIRECTION('center_axis',(1.57041952721324E-15,-0.942809041582064,
0.333333333333333));
#1427=DIRECTION('ref_axis',(2.54207057918564E-15,0.333333333333333,0.942809041582064));
#1428=DIRECTION('center_axis',(-4.18691322315673E-17,0.942809041582063,
-0.333333333333333));
#1429=DIRECTION('ref_axis',(-1.11022302462516E-15,0.333333333333331,0.942809041582064));
#1430=DIRECTION('center_axis',(0.5,-0.288675134594811,-0.816496580927726));
#1431=DIRECTION('ref_axis',(-0.866025403784439,-0.166666666666667,-0.471404520791032));
#1432=DIRECTION('center_axis',(-7.26118722722962E-16,-0.942809041582063,
0.333333333333333));
#1433=DIRECTION('ref_axis',(-0.866025403784439,0.166666666666667,0.471404520791031));
#1434=DIRECTION('center_axis',(-0.500000000000004,-0.288675134594812,-0.816496580927724));
#1435=DIRECTION('ref_axis',(0.,0.942809041582063,-0.333333333333333));
#1436=DIRECTION('center_axis',(0.,0.942809041582061,-0.333333333333341));
#1437=DIRECTION('ref_axis',(0.,0.333333333333341,0.942809041582061));
#1438=DIRECTION('center_axis',(4.18691322315673E-17,-0.942809041582063,
0.333333333333333));
#1439=DIRECTION('ref_axis',(0.866025403784438,-0.166666666666666,-0.471404520791032));
#1440=DIRECTION('center_axis',(-0.499999999999995,0.288675134594821,0.816496580927726));
#1441=DIRECTION('ref_axis',(-0.866025403784441,-0.166666666666666,-0.471404520791027));
#1442=DIRECTION('center_axis',(-6.00925839494865E-16,0.942809041582063,
-0.333333333333334));
#1443=DIRECTION('ref_axis',(0.,-0.333333333333334,-0.942809041582063));
#1444=DIRECTION('center_axis',(-1.,0.,0.));
#1445=DIRECTION('ref_axis',(0.,-0.942809041582063,0.333333333333333));
#1446=DIRECTION('center_axis',(-1.28197512425571E-15,-0.942809041582064,
0.333333333333331));
#1447=DIRECTION('ref_axis',(-2.54207057918564E-15,0.333333333333331,0.942809041582064));
#1448=DIRECTION('center_axis',(4.18691322315673E-17,-0.942809041582063,
0.333333333333333));
#1449=DIRECTION('ref_axis',(-1.55431223447522E-15,0.333333333333334,0.942809041582063));
#1450=DIRECTION('center_axis',(-0.499999999999997,-0.288675134594811,-0.816496580927728));
#1451=DIRECTION('ref_axis',(0.86602540378444,-0.166666666666666,-0.471404520791029));
#1452=DIRECTION('center_axis',(1.25192883228097E-16,0.942809041582063,-0.333333333333333));
#1453=DIRECTION('ref_axis',(0.866025403784438,0.166666666666667,0.471404520791032));
#1454=DIRECTION('center_axis',(0.5,-0.288675134594812,-0.816496580927727));
#1455=DIRECTION('ref_axis',(5.55111512312579E-16,-0.942809041582064,0.333333333333332));
#1456=DIRECTION('center_axis',(0.,0.942809041582064,-0.333333333333333));
#1457=DIRECTION('ref_axis',(0.,0.333333333333332,0.942809041582064));
#1458=DIRECTION('center_axis',(-4.18691322315673E-17,0.942809041582063,
-0.333333333333333));
#1459=DIRECTION('ref_axis',(-0.866025403784438,-0.166666666666666,-0.471404520791033));
#1460=DIRECTION('center_axis',(0.499999999999999,0.288675134594813,0.816496580927727));
#1461=DIRECTION('ref_axis',(0.866025403784439,-0.166666666666666,-0.471404520791031));
#1462=DIRECTION('center_axis',(1.20185167898973E-15,-0.942809041582063,
0.333333333333334));
#1463=DIRECTION('ref_axis',(0.,-0.333333333333334,-0.942809041582063));
#1464=DIRECTION('center_axis',(1.,0.,0.));
#1465=DIRECTION('ref_axis',(0.,0.942809041582064,-0.333333333333333));
#1466=DIRECTION('center_axis',(-0.5,-0.288675134594813,-0.816496580927726));
#1467=DIRECTION('ref_axis',(0.612372435695792,0.548815536468911,-0.56903559372885));
#1468=DIRECTION('',(0.5,0.288675134594813,0.816496580927726));
#1469=DIRECTION('',(-0.5,-0.288675134594813,-0.816496580927726));
#1470=DIRECTION('center_axis',(0.,0.942809041582063,-0.333333333333334));
#1471=DIRECTION('ref_axis',(0.,0.333333333333334,0.942809041582063));
#1472=DIRECTION('center_axis',(4.18691322315673E-17,-0.942809041582063,
0.333333333333333));
#1473=DIRECTION('ref_axis',(-0.866025403784438,-0.166666666666666,-0.471404520791033));
#1474=DIRECTION('center_axis',(1.,0.,0.));
#1475=DIRECTION('ref_axis',(0.,0.333333333333332,0.942809041582064));
#1476=DIRECTION('center_axis',(2.25347189810574E-16,0.942809041582063,-0.333333333333334));
#1477=DIRECTION('ref_axis',(-0.866025403784438,0.166666666666667,0.471404520791032));
#1478=DIRECTION('center_axis',(0.5,0.288675134594813,0.816496580927726));
#1479=DIRECTION('ref_axis',(0.,-0.942809041582063,0.333333333333334));
#1480=DIRECTION('center_axis',(0.5,0.288675134594813,0.816496580927726));
#1481=DIRECTION('ref_axis',(0.612372435695792,-0.784517796864426,-0.0976310729378173));
#1482=DIRECTION('',(-0.5,-0.288675134594813,-0.816496580927726));
#1483=DIRECTION('',(0.5,0.288675134594813,0.816496580927726));
#1484=DIRECTION('center_axis',(-1.,-3.94745964311167E-17,1.39563774105225E-17));
#1485=DIRECTION('ref_axis',(0.,-0.430964406271147,0.902368927062184));
#1486=DIRECTION('',(1.,3.94745964311167E-17,-1.39563774105225E-17));
#1487=DIRECTION('',(-1.,-3.94745964311167E-17,1.39563774105225E-17));
#1488=DIRECTION('center_axis',(0.,0.942809041582063,-0.333333333333334));
#1489=DIRECTION('ref_axis',(-0.866025403784438,-0.166666666666668,-0.471404520791032));
#1490=DIRECTION('',(2.40370335797946E-17,-0.942809041582063,0.333333333333334));
#1491=DIRECTION('',(0.,0.942809041582063,-0.333333333333334));
#1492=DIRECTION('center_axis',(1.,3.94745964311167E-17,-1.39563774105225E-17));
#1493=DIRECTION('ref_axis',(0.,0.902368927062183,0.430964406271151));
#1494=DIRECTION('',(-1.,-3.94745964311167E-17,1.39563774105225E-17));
#1495=DIRECTION('',(1.,3.94745964311167E-17,-1.39563774105225E-17));
#1496=DIRECTION('center_axis',(0.,0.942809041582063,-0.333333333333334));
#1497=DIRECTION('ref_axis',(1.80411241501588E-15,0.333333333333333,0.942809041582064));
#1498=DIRECTION('',(-2.40370335797946E-17,-0.942809041582063,0.333333333333334));
#1499=DIRECTION('',(-2.40370335797946E-17,0.942809041582063,-0.333333333333334));
#1500=DIRECTION('center_axis',(0.5,-0.288675134594813,-0.816496580927726));
#1501=DIRECTION('ref_axis',(-0.612372435695792,-0.784517796864426,-0.097631072937822));
#1502=DIRECTION('',(-0.5,0.288675134594813,0.816496580927726));
#1503=DIRECTION('',(0.5,-0.288675134594813,-0.816496580927726));
#1504=DIRECTION('center_axis',(0.,0.942809041582063,-0.333333333333334));
#1505=DIRECTION('ref_axis',(0.866025403784439,-0.166666666666666,-0.471404520791031));
#1506=DIRECTION('',(0.,-0.942809041582063,0.333333333333334));
#1507=DIRECTION('',(4.80740671595891E-17,0.942809041582063,-0.333333333333334));
#1508=DIRECTION('center_axis',(-0.5,0.288675134594813,0.816496580927726));
#1509=DIRECTION('ref_axis',(-0.612372435695795,0.548815536468914,-0.569035593728844));
#1510=DIRECTION('',(0.5,-0.288675134594813,-0.816496580927726));
#1511=DIRECTION('',(-0.5,0.288675134594813,0.816496580927726));
#1512=DIRECTION('center_axis',(4.18691322315673E-17,-0.942809041582063,
0.333333333333333));
#1513=DIRECTION('ref_axis',(0.,-0.333333333333333,-0.942809041582063));
#1514=DIRECTION('',(1.,4.44089209850063E-17,0.));
#1515=DIRECTION('',(0.5,0.288675134594813,0.816496580927726));
#1516=DIRECTION('center_axis',(-0.866025403784439,0.166666666666667,0.471404520791032));
#1517=DIRECTION('ref_axis',(0.5,0.288675134594813,0.816496580927726));
#1518=DIRECTION('center_axis',(0.,-0.333333333333334,-0.942809041582063));
#1519=DIRECTION('ref_axis',(-1.,0.,0.));
#1520=DIRECTION('center_axis',(0.866025403784439,0.166666666666667,0.471404520791031));
#1521=DIRECTION('ref_axis',(0.5,-0.288675134594813,-0.816496580927726));
#1522=DIRECTION('center_axis',(6.12323399573671E-17,0.,1.));
#1523=DIRECTION('ref_axis',(1.,0.,0.));
#1524=DIRECTION('center_axis',(0.500000000000006,0.288675134594811,0.816496580927723));
#1525=DIRECTION('ref_axis',(2.22044604925031E-15,-0.942809041582064,0.333333333333331));
#1526=DIRECTION('center_axis',(-0.499999999999998,0.288675134594812,0.816496580927728));
#1527=DIRECTION('ref_axis',(0.816496580927726,0.471404520791033,0.333333333333331));
#1528=DIRECTION('center_axis',(3.77190180504109E-15,-0.57735026918962,0.81649658092773));
#1529=DIRECTION('ref_axis',(-0.816496580927727,0.471404520791032,0.333333333333332));
#1530=DIRECTION('center_axis',(0.500000000000006,0.288675134594811,0.816496580927723));
#1531=DIRECTION('ref_axis',(2.22044604925031E-15,-0.942809041582064,0.333333333333331));
#1532=DIRECTION('center_axis',(1.22464679914735E-16,-1.,0.));
#1533=DIRECTION('ref_axis',(-1.,-1.22464679914735E-16,0.));
#1534=DIRECTION('center_axis',(-0.5,0.288675134594813,0.816496580927726));
#1535=DIRECTION('ref_axis',(0.707106781186551,-0.408248290463858,0.577350269189626));
#1536=DIRECTION('center_axis',(0.,0.,1.));
#1537=DIRECTION('ref_axis',(0.866025403784441,-0.499999999999996,0.));
#1538=DIRECTION('',(-0.5,0.288675134594813,0.816496580927726));
#1539=DIRECTION('',(0.5,-0.288675134594813,-0.816496580927726));
#1540=DIRECTION('center_axis',(0.,-0.577350269189626,0.816496580927726));
#1541=DIRECTION('ref_axis',(2.40370335797945E-15,0.816496580927726,0.577350269189627));
#1542=DIRECTION('center_axis',(0.,0.,1.));
#1543=DIRECTION('ref_axis',(1.96261557335471E-15,1.,-5.66558314796049E-17));
#1544=DIRECTION('',(-4.53246651836839E-17,0.577350269189626,-0.816496580927726));
#1545=DIRECTION('center_axis',(0.5,0.288675134594813,0.816496580927726));
#1546=DIRECTION('ref_axis',(-0.707106781186545,-0.408248290463867,0.577350269189626));
#1547=DIRECTION('center_axis',(0.,0.,1.));
#1548=DIRECTION('ref_axis',(-0.866025403784437,-0.500000000000003,0.));
#1549=DIRECTION('',(0.5,0.288675134594813,0.816496580927726));
#1550=DIRECTION('center_axis',(4.18691322315673E-17,-0.942809041582063,
0.333333333333333));
#1551=DIRECTION('ref_axis',(0.,-0.333333333333333,-0.942809041582063));
#1552=DIRECTION('',(1.,4.44089209850063E-17,0.));
#1553=DIRECTION('center_axis',(0.,0.,1.));
#1554=DIRECTION('ref_axis',(1.,0.,0.));
#1555=DIRECTION('',(-0.5,0.866025403784439,0.));
#1556=DIRECTION('',(-0.5,-0.866025403784439,0.));
#1557=DIRECTION('center_axis',(-0.816496580927726,0.471404520791032,0.333333333333333));
#1558=DIRECTION('ref_axis',(0.377964473009227,0.,0.925820099772552));
#1559=DIRECTION('center_axis',(0.816496580927726,0.471404520791032,0.333333333333333));
#1560=DIRECTION('ref_axis',(0.377964473009227,0.,-0.925820099772552));
#1561=CARTESIAN_POINT('',(0.,0.,0.));
#1562=CARTESIAN_POINT('Origin',(-2.98580899166154,14.5913710845659,6.87580566598985));
#1563=CARTESIAN_POINT('',(-3.29924853768471,14.7723354908371,4.35211639536802));
#1564=CARTESIAN_POINT('',(-1.13418502822362,16.0223354908371,7.88765030130075));
#1565=CARTESIAN_POINT('Origin',(-2.57756070119768,14.3556688241704,6.70913899932318));
#1566=CARTESIAN_POINT('',(-1.83110845328229,15.9247044178992,7.8186147075719));
#1567=CARTESIAN_POINT('Origin',(-1.54243331868748,16.2580377512326,8.05431696796742));
#1568=CARTESIAN_POINT('',(-3.56315926085117,14.9247044178992,4.99018758282571));
#1569=CARTESIAN_POINT('Origin',(-2.98580899166154,14.5913710845659,6.87580566598984));
#1570=CARTESIAN_POINT('Origin',(-3.70749682814857,15.0080377512326,4.51878306203468));
#1571=CARTESIAN_POINT('Origin',(-14.1294025311105,-4.70989910465604,6.87580566598985));
#1572=CARTESIAN_POINT('',(-14.4428420771337,-7.02893469838488,7.88765030130074));
#1573=CARTESIAN_POINT('',(-14.4428420771337,-4.52893469838488,4.35211639536801));
#1574=CARTESIAN_POINT('Origin',(-13.7211542406467,-4.94560136505155,6.70913899932317));
#1575=CARTESIAN_POINT('',(-14.7067528003002,-4.3765657713227,4.99018758282571));
#1576=CARTESIAN_POINT('Origin',(-14.8510903675976,-4.29323243798937,4.51878306203468));
#1577=CARTESIAN_POINT('',(-14.7067528003002,-6.3765657713227,7.8186147075719));
#1578=CARTESIAN_POINT('Origin',(-14.1294025311105,-4.70989910465603,6.87580566598984));
#1579=CARTESIAN_POINT('Origin',(-14.8510903675976,-6.79323243798937,8.05431696796741));
#1580=CARTESIAN_POINT('Origin',(-6.68121738651976,9.85740265662159,4.51878306203468));
#1581=CARTESIAN_POINT('',(-6.2729690960559,9.62170039622608,4.35211639536801));
#1582=CARTESIAN_POINT('',(-6.53687981922236,9.77406932328826,4.99018758282571));
#1583=CARTESIAN_POINT('Origin',(-4.21055386305312,15.2984778657525,7.37580566598985));
#1584=CARTESIAN_POINT('',(-3.17542648054293,17.2008467928146,8.72098363463409));
#1585=CARTESIAN_POINT('',(-5.34048999000403,15.9508467928146,5.18544972870135));
#1586=CARTESIAN_POINT('Origin',(-4.61880215351699,15.534180126148,7.54247233265651));
#1587=CARTESIAN_POINT('',(-4.78790413224276,15.6318111990858,5.49018758282572));
#1588=CARTESIAN_POINT('Origin',(-4.93224169954016,15.7151445324191,5.01878306203468));
#1589=CARTESIAN_POINT('',(-3.05585332467388,16.6318111990858,8.31861470757191));
#1590=CARTESIAN_POINT('Origin',(-4.21055386305313,15.2984778657525,7.37580566598984));
#1591=CARTESIAN_POINT('Origin',(-2.76717819007907,16.9651445324191,8.55431696796742));
#1592=CARTESIAN_POINT('Origin',(-15.3541474025021,-4.00279232346949,7.37580566598984));
#1593=CARTESIAN_POINT('',(-16.484083529453,-3.3504233964073,5.18544972870134));
#1594=CARTESIAN_POINT('',(-16.484083529453,-5.8504233964073,8.72098363463408));
#1595=CARTESIAN_POINT('Origin',(-15.762395692966,-3.76709006307396,7.5424723326565));
#1596=CARTESIAN_POINT('',(-15.9314976716917,-5.66945899013615,8.3186147075719));
#1597=CARTESIAN_POINT('Origin',(-16.0758352389892,-6.08612565680282,8.55431696796741));
#1598=CARTESIAN_POINT('',(-15.9314976716918,-3.66945899013615,5.49018758282571));
#1599=CARTESIAN_POINT('Origin',(-15.3541474025021,-4.00279232346948,7.37580566598984));
#1600=CARTESIAN_POINT('Origin',(-16.0758352389892,-3.58612565680281,5.01878306203468));
#1601=CARTESIAN_POINT('Origin',(-7.90596225791135,10.5645094378081,5.01878306203468));
#1602=CARTESIAN_POINT('',(-8.31421054837521,10.8002116982037,5.18544972870135));
#1603=CARTESIAN_POINT('',(-7.76162469061394,10.4811761044748,5.49018758282571));
#1604=CARTESIAN_POINT('Origin',(-2.98580899166156,1.7238576250846,25.0732177144066));
#1605=CARTESIAN_POINT('',(-1.13418502822363,3.15482203135575,26.0850623497176));
#1606=CARTESIAN_POINT('',(-3.29924853768472,-0.595177968644242,26.0850623497175));
#1607=CARTESIAN_POINT('Origin',(-2.57756070119769,1.48815536468908,24.90655104774));
#1608=CARTESIAN_POINT('',(-3.56315926085118,0.0571909584179377,26.0160267559887));
#1609=CARTESIAN_POINT('Origin',(-3.70749682814858,-0.359475708248728,26.2517290163842));
#1610=CARTESIAN_POINT('',(-1.8311084532823,3.05719095841793,26.0160267559887));
#1611=CARTESIAN_POINT('Origin',(-2.98580899166155,1.7238576250846,25.0732177144066));
#1612=CARTESIAN_POINT('Origin',(-1.54243331868749,3.39052429175126,26.2517290163842));
#1613=CARTESIAN_POINT('Origin',(-1.54243331868748,21.2580377512326,0.983249156101952));
#1614=CARTESIAN_POINT('',(-1.13418502822362,21.0223354908371,0.816582489435286));
#1615=CARTESIAN_POINT('',(-1.83110845328229,20.9247044178992,0.747546895706437));
#1616=CARTESIAN_POINT('Origin',(-5.6273698092264,-1.46791489068389,23.1165895666531));
#1617=CARTESIAN_POINT('',(-5.21912151876254,-1.70361715107941,22.9499228999864));
#1618=CARTESIAN_POINT('',(-5.48303224192899,-1.05124822401723,22.8808873062576));
#1619=CARTESIAN_POINT('Origin',(-4.21055386305314,2.43096440627116,25.5732177144066));
#1620=CARTESIAN_POINT('',(-5.34048999000404,0.583333333333336,26.9183956830509));
#1621=CARTESIAN_POINT('',(-3.17542648054294,4.33333333333333,26.9183956830509));
#1622=CARTESIAN_POINT('Origin',(-4.61880215351701,2.66666666666666,25.7398843810733));
#1623=CARTESIAN_POINT('',(-3.05585332467389,3.76429773960449,26.5160267559887));
#1624=CARTESIAN_POINT('Origin',(-2.76717819007908,4.09763107293782,26.7517290163842));
#1625=CARTESIAN_POINT('',(-4.78790413224277,0.764297739604488,26.5160267559887));
#1626=CARTESIAN_POINT('Origin',(-4.21055386305314,2.43096440627115,25.5732177144066));
#1627=CARTESIAN_POINT('Origin',(-4.93224169954017,0.347631072937821,26.7517290163842));
#1628=CARTESIAN_POINT('Origin',(-2.76717819007907,21.9651445324191,1.48324915610195));
#1629=CARTESIAN_POINT('',(-3.17542648054293,22.2008467928146,1.64991582276862));
#1630=CARTESIAN_POINT('',(-3.05585332467388,21.6318111990858,1.24754689570644));
#1631=CARTESIAN_POINT('Origin',(-4.618802153517,2.66666666666666,25.7398843810733));
#1632=CARTESIAN_POINT('',(-5.19615242270662,0.999999999999998,26.6826934226554));
#1633=CARTESIAN_POINT('',(-3.46410161513774,4.,26.6826934226554));
#1634=CARTESIAN_POINT('Origin',(-6.85211468061799,-0.760808109497344,23.6165895666531));
#1635=CARTESIAN_POINT('',(-7.26036297108185,-0.525105849101828,23.7832562333198));
#1636=CARTESIAN_POINT('',(-6.70777711332058,-0.344141442830677,23.3808873062576));
#1637=CARTESIAN_POINT('Origin',(-15.762395692966,-3.76709006307396,7.54247233265651));
#1638=CARTESIAN_POINT('',(-16.3397459621556,-3.43375672974063,5.65685424949238));
#1639=CARTESIAN_POINT('',(-16.3397459621556,-5.43375672974063,8.48528137423857));
#1640=CARTESIAN_POINT('Origin',(-4.61880215351699,15.534180126148,7.54247233265651));
#1641=CARTESIAN_POINT('',(-3.46410161513774,16.8675134594813,8.48528137423857));
#1642=CARTESIAN_POINT('',(-5.19615242270662,15.8675134594813,5.65685424949238));
#1643=CARTESIAN_POINT('Origin',(-1.11022302462516E-15,28.8675134594813,
0.));
#1644=CARTESIAN_POINT('',(-0.816496580927727,27.4532998971082,0.));
#1645=CARTESIAN_POINT('',(-0.816496580927721,0.471404520791036,38.1581623797196));
#1646=CARTESIAN_POINT('',(-0.816496580927728,20.7078260530289,9.53954059492991));
#1647=CARTESIAN_POINT('',(-24.1835034190723,-13.0195431673675,0.));
#1648=CARTESIAN_POINT('',(-1.11022302462516E-15,28.8675134594813,0.));
#1649=CARTESIAN_POINT('',(-18.3417517095361,-9.6468062453279,9.53954059492991));
#1650=CARTESIAN_POINT('Origin',(-18.0717967697245,-6.43375672974063,5.65685424949238));
#1651=CARTESIAN_POINT('Origin',(-3.46410161513775,2.,29.5111205474015));
#1652=CARTESIAN_POINT('Origin',(-3.46410161513774,18.8675134594813,5.65685424949239));
#1653=CARTESIAN_POINT('Origin',(2.98580899166159,1.72385762508455,25.0732177144066));
#1654=CARTESIAN_POINT('',(3.2992485376847,-0.59517796864424,26.0850623497176));
#1655=CARTESIAN_POINT('',(1.13418502822362,3.15482203135575,26.0850623497175));
#1656=CARTESIAN_POINT('Origin',(2.57756070119766,1.48815536468911,24.90655104774));
#1657=CARTESIAN_POINT('',(1.8311084532823,3.05719095841793,26.0160267559887));
#1658=CARTESIAN_POINT('Origin',(1.54243331868749,3.39052429175127,26.2517290163842));
#1659=CARTESIAN_POINT('',(3.56315926085117,0.0571909584179375,26.0160267559887));
#1660=CARTESIAN_POINT('Origin',(2.98580899166155,1.7238576250846,25.0732177144066));
#1661=CARTESIAN_POINT('Origin',(3.70749682814857,-0.359475708248724,26.2517290163842));
#1662=CARTESIAN_POINT('Origin',(2.98580899166155,14.5913710845659,6.87580566598984));
#1663=CARTESIAN_POINT('',(1.13418502822363,16.022335490837,7.88765030130075));
#1664=CARTESIAN_POINT('',(3.29924853768472,14.772335490837,4.35211639536801));
#1665=CARTESIAN_POINT('Origin',(2.57756070119769,14.3556688241704,6.70913899932317));
#1666=CARTESIAN_POINT('',(3.56315926085118,14.9247044178992,4.99018758282571));
#1667=CARTESIAN_POINT('Origin',(3.70749682814859,15.0080377512326,4.51878306203468));
#1668=CARTESIAN_POINT('',(1.8311084532823,15.9247044178992,7.8186147075719));
#1669=CARTESIAN_POINT('Origin',(2.98580899166156,14.5913710845659,6.87580566598984));
#1670=CARTESIAN_POINT('Origin',(1.54243331868749,16.2580377512326,8.05431696796741));
#1671=CARTESIAN_POINT('Origin',(4.21055386305321,2.43096440627119,25.5732177144067));
#1672=CARTESIAN_POINT('',(3.17542648054294,4.33333333333333,26.9183956830509));
#1673=CARTESIAN_POINT('',(5.34048999000402,0.583333333333337,26.9183956830509));
#1674=CARTESIAN_POINT('Origin',(4.61880215351698,2.66666666666669,25.7398843810733));
#1675=CARTESIAN_POINT('',(4.78790413224276,0.764297739604481,26.5160267559887));
#1676=CARTESIAN_POINT('Origin',(4.93224169954016,0.347631072937817,26.7517290163842));
#1677=CARTESIAN_POINT('',(3.05585332467389,3.76429773960448,26.5160267559887));
#1678=CARTESIAN_POINT('Origin',(4.21055386305314,2.43096440627115,25.5732177144066));
#1679=CARTESIAN_POINT('Origin',(2.76717819007908,4.09763107293781,26.7517290163842));
#1680=CARTESIAN_POINT('Origin',(4.21055386305315,15.2984778657524,7.37580566598983));
#1681=CARTESIAN_POINT('',(5.34048999000404,15.9508467928146,5.18544972870135));
#1682=CARTESIAN_POINT('',(3.17542648054294,17.2008467928146,8.72098363463408));
#1683=CARTESIAN_POINT('Origin',(4.618802153517,15.534180126148,7.54247233265651));
#1684=CARTESIAN_POINT('',(3.05585332467389,16.6318111990858,8.3186147075719));
#1685=CARTESIAN_POINT('Origin',(2.76717819007908,16.9651445324191,8.55431696796741));
#1686=CARTESIAN_POINT('',(4.78790413224277,15.6318111990858,5.49018758282571));
#1687=CARTESIAN_POINT('Origin',(4.21055386305314,15.2984778657524,7.37580566598984));
#1688=CARTESIAN_POINT('Origin',(4.93224169954017,15.7151445324191,5.01878306203468));
#1689=CARTESIAN_POINT('Origin',(14.1294025311106,-4.70989910465605,6.87580566598985));
#1690=CARTESIAN_POINT('',(14.4428420771337,-4.52893469838491,4.35211639536801));
#1691=CARTESIAN_POINT('',(14.4428420771337,-7.0289346983849,7.88765030130076));
#1692=CARTESIAN_POINT('Origin',(13.7211542406467,-4.94560136505157,6.70913899932318));
#1693=CARTESIAN_POINT('',(14.7067528003002,-6.37656577132272,7.8186147075719));
#1694=CARTESIAN_POINT('Origin',(14.8510903675976,-6.79323243798939,8.05431696796742));
#1695=CARTESIAN_POINT('',(14.7067528003002,-4.37656577132272,4.99018758282571));
#1696=CARTESIAN_POINT('Origin',(14.1294025311105,-4.70989910465606,6.87580566598984));
#1697=CARTESIAN_POINT('Origin',(14.8510903675976,-4.29323243798939,4.51878306203468));
#1698=CARTESIAN_POINT('Origin',(19.1812173865198,-9.29323243798939,0.983249156101952));
#1699=CARTESIAN_POINT('',(18.7729690960559,-9.5289346983849,0.816582489435285));
#1700=CARTESIAN_POINT('',(19.0368798192224,-8.87656577132272,0.747546895706436));
#1701=CARTESIAN_POINT('Origin',(15.3541474025021,-4.0027923234695,7.37580566598983));
#1702=CARTESIAN_POINT('',(16.484083529453,-5.85042339640732,8.72098363463409));
#1703=CARTESIAN_POINT('',(16.484083529453,-3.35042339640733,5.18544972870135));
#1704=CARTESIAN_POINT('Origin',(15.762395692966,-3.76709006307399,7.54247233265651));
#1705=CARTESIAN_POINT('',(15.9314976716918,-3.66945899013618,5.49018758282571));
#1706=CARTESIAN_POINT('Origin',(16.0758352389892,-3.58612565680284,5.01878306203468));
#1707=CARTESIAN_POINT('',(15.9314976716918,-5.66945899013617,8.31861470757191));
#1708=CARTESIAN_POINT('Origin',(15.3541474025021,-4.00279232346951,7.37580566598984));
#1709=CARTESIAN_POINT('Origin',(16.0758352389892,-6.08612565680284,8.55431696796743));
#1710=CARTESIAN_POINT('Origin',(20.4059622579113,-8.58612565680284,1.48324915610195));
#1711=CARTESIAN_POINT('',(20.8142105483752,-8.35042339640733,1.64991582276862));
#1712=CARTESIAN_POINT('',(20.2616246906139,-8.16945899013617,1.24754689570644));
#1713=CARTESIAN_POINT('Origin',(13.102114680618,1.56450943780814,5.01878306203468));
#1714=CARTESIAN_POINT('',(13.5103629710818,1.80021169820365,5.18544972870135));
#1715=CARTESIAN_POINT('',(12.9577771133206,1.4811761044748,5.49018758282571));
#1716=CARTESIAN_POINT('Origin',(15.762395692966,-3.76709006307399,7.54247233265651));
#1717=CARTESIAN_POINT('',(16.3397459621556,-5.43375672974066,8.48528137423857));
#1718=CARTESIAN_POINT('',(16.3397459621556,-3.43375672974066,5.65685424949238));
#1719=CARTESIAN_POINT('Origin',(11.8773698092264,0.857402656621591,4.51878306203468));
#1720=CARTESIAN_POINT('',(11.4691215187625,0.621700396226074,4.35211639536801));
#1721=CARTESIAN_POINT('',(11.733032241929,0.774069323288257,4.99018758282571));
#1722=CARTESIAN_POINT('Origin',(2.76717819007908,6.31450943780814,23.6165895666531));
#1723=CARTESIAN_POINT('',(3.17542648054294,6.55021169820366,23.7832562333198));
#1724=CARTESIAN_POINT('',(3.05585332467389,5.98117610447481,23.3808873062576));
#1725=CARTESIAN_POINT('Origin',(4.61880215351702,15.534180126148,7.54247233265651));
#1726=CARTESIAN_POINT('',(5.19615242270664,15.8675134594813,5.65685424949238));
#1727=CARTESIAN_POINT('',(3.46410161513776,16.8675134594813,8.48528137423857));
#1728=CARTESIAN_POINT('Origin',(4.618802153517,2.66666666666666,25.7398843810733));
#1729=CARTESIAN_POINT('',(3.46410161513775,4.,26.6826934226554));
#1730=CARTESIAN_POINT('',(5.19615242270662,0.999999999999996,26.6826934226554));
#1731=CARTESIAN_POINT('Origin',(1.54243331868749,5.6074026566216,23.1165895666531));
#1732=CARTESIAN_POINT('',(1.13418502822362,5.37170039622608,22.9499228999864));
#1733=CARTESIAN_POINT('',(1.8311084532823,5.27406932328826,22.8808873062576));
#1734=CARTESIAN_POINT('Origin',(22.9587585476807,-15.6122680317182,-0.833333333333333));
#1735=CARTESIAN_POINT('',(20.4072067322815,-11.7821063002911,-2.62028673335861E-17));
#1736=CARTESIAN_POINT('',(-1.40857185835523E-15,23.5642126005822,7.40148683083438E-16));
#1737=CARTESIAN_POINT('',(16.4536033661408,-4.93426439715994,2.77555756156289E-16));
#1738=CARTESIAN_POINT('',(-3.33066907387547E-15,-4.11193712824132E-16,33.3248290463863));
#1739=CARTESIAN_POINT('',(15.688137821521,-9.05755059433911,7.70620726159657));
#1740=CARTESIAN_POINT('',(-3.33066907387547E-15,18.1151011886782,7.70620726159657));
#1741=CARTESIAN_POINT('Origin',(18.0717967697245,-6.43375672974066,5.65685424949239));
#1742=CARTESIAN_POINT('Origin',(3.46410161513776,18.8675134594813,5.65685424949238));
#1743=CARTESIAN_POINT('Origin',(3.46410161513775,2.,29.5111205474015));
#1744=CARTESIAN_POINT('Origin',(11.143593539449,-9.88147197990985,6.87580566598983));
#1745=CARTESIAN_POINT('',(13.3086570489101,-8.99340079245215,7.88765030130075));
#1746=CARTESIAN_POINT('',(11.143593539449,-10.2434007924522,4.35211639536801));
#1747=CARTESIAN_POINT('Origin',(11.143593539449,-9.41006745911882,6.70913899932317));
#1748=CARTESIAN_POINT('',(11.143593539449,-10.5481386465765,4.99018758282571));
#1749=CARTESIAN_POINT('Origin',(11.143593539449,-10.7148053132432,4.51878306203468));
#1750=CARTESIAN_POINT('',(12.8756443470179,-9.54813864657652,7.8186147075719));
#1751=CARTESIAN_POINT('Origin',(11.143593539449,-9.88147197990985,6.87580566598984));
#1752=CARTESIAN_POINT('Origin',(13.3086570489101,-9.46480531324319,8.05431696796741));
#1753=CARTESIAN_POINT('Origin',(-7.21644966006352E-15,-3.44771525016921,
25.0732177144066));
#1754=CARTESIAN_POINT('',(-2.16506350946109,-2.55964406271151,26.0850623497176));
#1755=CARTESIAN_POINT('',(2.16506350946109,-2.5596440627115,26.0850623497175));
#1756=CARTESIAN_POINT('Origin',(5.55111512312578E-16,-2.97631072937817,
24.90655104774));
#1757=CARTESIAN_POINT('',(1.73205080756888,-3.11438191683587,26.0160267559887));
#1758=CARTESIAN_POINT('Origin',(2.16506350946109,-3.03104858350254,26.2517290163842));
#1759=CARTESIAN_POINT('',(-1.73205080756887,-3.11438191683587,26.0160267559887));
#1760=CARTESIAN_POINT('Origin',(5.55111512312578E-16,-3.4477152501692,25.0732177144066));
#1761=CARTESIAN_POINT('Origin',(-2.16506350946109,-3.03104858350254,26.2517290163842));
#1762=CARTESIAN_POINT('Origin',(11.143593539449,-11.295685542283,7.37580566598985));
#1763=CARTESIAN_POINT('',(11.143593539449,-12.6004233964073,5.18544972870135));
#1764=CARTESIAN_POINT('',(13.3086570489101,-11.3504233964073,8.72098363463408));
#1765=CARTESIAN_POINT('Origin',(11.143593539449,-11.767090063074,7.54247233265651));
#1766=CARTESIAN_POINT('',(12.8756443470179,-10.9623522089496,8.3186147075719));
#1767=CARTESIAN_POINT('Origin',(13.3086570489101,-10.8790188756163,8.55431696796741));
#1768=CARTESIAN_POINT('',(11.143593539449,-11.9623522089496,5.49018758282571));
#1769=CARTESIAN_POINT('Origin',(11.143593539449,-11.2956855422829,7.37580566598984));
#1770=CARTESIAN_POINT('Origin',(11.143593539449,-12.1290188756163,5.01878306203468));
#1771=CARTESIAN_POINT('Origin',(1.19348975147204E-14,-4.86192881254229,
25.5732177144066));
#1772=CARTESIAN_POINT('',(2.16506350946109,-4.91666666666666,26.9183956830509));
#1773=CARTESIAN_POINT('',(-2.16506350946109,-4.91666666666667,26.9183956830509));
#1774=CARTESIAN_POINT('Origin',(2.4980018054066E-15,-5.33333333333333,25.7398843810733));
#1775=CARTESIAN_POINT('',(-1.73205080756887,-4.52859547920897,26.5160267559887));
#1776=CARTESIAN_POINT('Origin',(-2.16506350946109,-4.44526214587563,26.7517290163842));
#1777=CARTESIAN_POINT('',(1.73205080756888,-4.52859547920897,26.5160267559887));
#1778=CARTESIAN_POINT('Origin',(5.55111512312578E-16,-4.8619288125423,25.5732177144066));
#1779=CARTESIAN_POINT('Origin',(2.16506350946109,-4.44526214587563,26.7517290163842));
#1780=CARTESIAN_POINT('Origin',(-11.143593539449,-9.88147197990985,6.87580566598984));
#1781=CARTESIAN_POINT('',(-11.143593539449,-10.2434007924522,4.35211639536801));
#1782=CARTESIAN_POINT('',(-13.3086570489101,-8.99340079245215,7.88765030130075));
#1783=CARTESIAN_POINT('Origin',(-11.143593539449,-9.41006745911882,6.70913899932317));
#1784=CARTESIAN_POINT('',(-12.8756443470179,-9.54813864657652,7.8186147075719));
#1785=CARTESIAN_POINT('Origin',(-13.3086570489101,-9.46480531324319,8.05431696796742));
#1786=CARTESIAN_POINT('',(-11.143593539449,-10.5481386465765,4.99018758282571));
#1787=CARTESIAN_POINT('Origin',(-11.143593539449,-9.88147197990985,6.87580566598984));
#1788=CARTESIAN_POINT('Origin',(-11.143593539449,-10.7148053132432,4.51878306203468));
#1789=CARTESIAN_POINT('Origin',(-17.6387840678323,-11.9648053132432,0.983249156101949));
#1790=CARTESIAN_POINT('',(-17.6387840678323,-11.4934007924522,0.816582489435282));
#1791=CARTESIAN_POINT('',(-17.2057713659401,-12.0481386465765,0.747546895706433));
#1792=CARTESIAN_POINT('Origin',(-11.143593539449,-11.2956855422829,7.37580566598984));
#1793=CARTESIAN_POINT('',(-13.3086570489101,-11.3504233964073,8.72098363463408));
#1794=CARTESIAN_POINT('',(-11.143593539449,-12.6004233964073,5.18544972870135));
#1795=CARTESIAN_POINT('Origin',(-11.143593539449,-11.767090063074,7.54247233265651));
#1796=CARTESIAN_POINT('',(-11.143593539449,-11.9623522089496,5.49018758282571));
#1797=CARTESIAN_POINT('Origin',(-11.143593539449,-12.1290188756163,5.01878306203468));
#1798=CARTESIAN_POINT('',(-12.8756443470179,-10.9623522089496,8.3186147075719));
#1799=CARTESIAN_POINT('Origin',(-11.143593539449,-11.2956855422829,7.37580566598984));
#1800=CARTESIAN_POINT('Origin',(-13.3086570489101,-10.8790188756163,8.55431696796742));
#1801=CARTESIAN_POINT('Origin',(-17.6387840678323,-13.3790188756163,1.48324915610195));
#1802=CARTESIAN_POINT('',(-17.6387840678323,-13.8504233964073,1.64991582276862));
#1803=CARTESIAN_POINT('',(-17.2057713659401,-13.4623522089496,1.24754689570643));
#1804=CARTESIAN_POINT('Origin',(-5.19615242270663,-12.1290188756163,5.01878306203468));
#1805=CARTESIAN_POINT('',(-5.19615242270663,-12.6004233964073,5.18544972870135));
#1806=CARTESIAN_POINT('',(-5.19615242270663,-11.9623522089496,5.49018758282571));
#1807=CARTESIAN_POINT('Origin',(-11.143593539449,-11.767090063074,7.54247233265651));
#1808=CARTESIAN_POINT('',(-12.8756443470179,-11.4337567297406,8.48528137423857));
#1809=CARTESIAN_POINT('',(-11.143593539449,-12.4337567297406,5.65685424949238));
#1810=CARTESIAN_POINT('Origin',(-5.19615242270663,-10.7148053132432,4.51878306203468));
#1811=CARTESIAN_POINT('',(-5.19615242270663,-10.2434007924522,4.35211639536801));
#1812=CARTESIAN_POINT('',(-5.19615242270663,-10.5481386465765,4.99018758282571));
#1813=CARTESIAN_POINT('Origin',(5.55111512312578E-16,-5.33333333333333,
25.7398843810733));
#1814=CARTESIAN_POINT('',(1.73205080756888,-4.99999999999999,26.6826934226554));
#1815=CARTESIAN_POINT('',(-1.73205080756887,-4.99999999999999,26.6826934226554));
#1816=CARTESIAN_POINT('Origin',(4.08493649053891,-5.5537013283108,23.6165895666531));
#1817=CARTESIAN_POINT('',(4.08493649053891,-6.02510584910183,23.7832562333198));
#1818=CARTESIAN_POINT('',(3.65192378864669,-5.63703466164413,23.3808873062576));
#1819=CARTESIAN_POINT('Origin',(11.143593539449,-11.767090063074,7.54247233265651));
#1820=CARTESIAN_POINT('',(11.143593539449,-12.4337567297407,5.65685424949238));
#1821=CARTESIAN_POINT('',(12.8756443470179,-11.4337567297406,8.48528137423857));
#1822=CARTESIAN_POINT('Origin',(4.08493649053891,-4.1394877659377,23.1165895666531));
#1823=CARTESIAN_POINT('',(4.08493649053891,-3.66808324514667,22.9499228999864));
#1824=CARTESIAN_POINT('',(3.65192378864669,-4.22282109927104,22.8808873062576));
#1825=CARTESIAN_POINT('Origin',(-25.,-12.0767341257855,-0.833333333333333));
#1826=CARTESIAN_POINT('',(-20.4072067322815,-11.7821063002911,-2.13662520709285E-17));
#1827=CARTESIAN_POINT('',(-12.5,-11.7821063002911,2.77555756156289E-16));
#1828=CARTESIAN_POINT('',(-15.688137821521,-9.05755059433911,7.70620726159658));
#1829=CARTESIAN_POINT('Origin',(-14.6076951545867,-12.4337567297406,5.65685424949239));
#1830=CARTESIAN_POINT('Origin',(14.6076951545867,-12.4337567297406,5.65685424949238));
#1831=CARTESIAN_POINT('Origin',(2.22044604925031E-15,-3.99999999999999,
29.5111205474015));
#1832=CARTESIAN_POINT('Origin',(-6.66133814775094E-15,-2.22044604925031E-15,
37.8248290463863));
#1833=CARTESIAN_POINT('',(-6.66133814775094E-15,-0.942809041582067,38.1581623797196));
#1834=CARTESIAN_POINT('',(-0.852802865422442,-2.32488427919464E-15,38.3470620142534));
#1835=CARTESIAN_POINT('Origin',(-2.22044604925031E-15,2.22044604925031E-15,
37.8248290463863));
#1836=CARTESIAN_POINT('',(0.816496580927728,0.471404520791037,38.1581623797196));
#1837=CARTESIAN_POINT('Origin',(-6.66133814775094E-15,-2.22044604925031E-15,
37.8248290463863));
#1838=CARTESIAN_POINT('Origin',(-2.22044604925031E-15,0.,37.8248290463863));
#1839=CARTESIAN_POINT('Origin',(-2.22044604925031E-15,2.22044604925031E-15,
37.8248290463863));
#1840=CARTESIAN_POINT('',(-6.72257048770831E-15,-2.22044604925031E-15,38.8248290463863));
#1841=CARTESIAN_POINT('Origin',(-6.66133814775094E-15,-2.22044604925031E-15,
37.8248290463863));
#1842=CARTESIAN_POINT('Origin',(17.5252551286084,-10.1182107661189,9.20620726159657));
#1843=CARTESIAN_POINT('',(23.3670068381445,-14.4337567297406,0.));
#1844=CARTESIAN_POINT('',(24.1835034190723,-13.0195431673675,0.));
#1845=CARTESIAN_POINT('Origin',(23.1628826929126,-13.3730965579608,0.));
#1846=CARTESIAN_POINT('',(18.3417517095361,-9.6468062453279,9.53954059492991));
#1847=CARTESIAN_POINT('',(17.5252551286084,-11.061019807701,9.5395405949299));
#1848=CARTESIAN_POINT('Origin',(-2.22044604925031E-15,20.2364215322379,
9.20620726159657));
#1849=CARTESIAN_POINT('',(0.816496580927728,27.4532998971082,0.));
#1850=CARTESIAN_POINT('Origin',(-2.22044604925031E-15,26.7461931159216,
0.));
#1851=CARTESIAN_POINT('',(0.816496580927726,20.7078260530289,9.53954059492991));
#1852=CARTESIAN_POINT('Origin',(-17.5252551286084,-10.1182107661189,9.20620726159657));
#1853=CARTESIAN_POINT('',(-23.3670068381446,-14.4337567297406,0.));
#1854=CARTESIAN_POINT('Origin',(-23.1628826929126,-13.3730965579608,0.));
#1855=CARTESIAN_POINT('',(-17.5252551286084,-11.061019807701,9.53954059492991));
#1856=CARTESIAN_POINT('Origin',(-25.,-14.4337567297406,0.));
#1857=CARTESIAN_POINT('',(-25.,-14.4337567297406,0.));
#1858=CARTESIAN_POINT('Origin',(-3.58299248856301E-15,-1.11022302462516E-15,
0.));
#1859=CARTESIAN_POINT('',(25.,-14.4337567297406,0.));
#1860=CARTESIAN_POINT('',(-3.95360336614077,16.716370697451,0.));
#1861=CARTESIAN_POINT('Origin',(2.04124145231931,27.6890021575037,-0.833333333333333));
#1862=CARTESIAN_POINT('Origin',(25.,-14.4337567297406,0.));
#1863=UNCERTAINTY_MEASURE_WITH_UNIT(LENGTH_MEASURE(0.01),#1867,
'DISTANCE_ACCURACY_VALUE',
'Maximum model space distance between geometric entities at asserted c
onnectivities');
#1864=UNCERTAINTY_MEASURE_WITH_UNIT(LENGTH_MEASURE(0.01),#1867,
'DISTANCE_ACCURACY_VALUE',
'Maximum model space distance between geometric entities at asserted c
onnectivities');
#1865=(
GEOMETRIC_REPRESENTATION_CONTEXT(3)
GLOBAL_UNCERTAINTY_ASSIGNED_CONTEXT((#1863))
GLOBAL_UNIT_ASSIGNED_CONTEXT((#1867,#1869,#1870))
REPRESENTATION_CONTEXT('','3D')
);
#1866=(
GEOMETRIC_REPRESENTATION_CONTEXT(3)
GLOBAL_UNCERTAINTY_ASSIGNED_CONTEXT((#1864))
GLOBAL_UNIT_ASSIGNED_CONTEXT((#1867,#1869,#1870))
REPRESENTATION_CONTEXT('','3D')
);
#1867=(
LENGTH_UNIT()
NAMED_UNIT(*)
SI_UNIT(.MILLI.,.METRE.)
);
#1868=(
LENGTH_UNIT()
NAMED_UNIT(*)
SI_UNIT($,.METRE.)
);
#1869=(
NAMED_UNIT(*)
PLANE_ANGLE_UNIT()
SI_UNIT($,.RADIAN.)
);
#1870=(
NAMED_UNIT(*)
SI_UNIT($,.STERADIAN.)
SOLID_ANGLE_UNIT()
);
#1871=SHAPE_DEFINITION_REPRESENTATION(#1872,#1873);
#1872=PRODUCT_DEFINITION_SHAPE('',$,#1875);
#1873=SHAPE_REPRESENTATION('',(#1054),#1865);
#1874=PRODUCT_DEFINITION_CONTEXT('part definition',#1879,'design');
#1875=PRODUCT_DEFINITION('2026-09-29-23-51-31-468','Painters Tripod',#1876,
#1874);
#1876=PRODUCT_DEFINITION_FORMATION('',$,#1881);
#1877=PRODUCT_RELATED_PRODUCT_CATEGORY('Painters Tripod',
'Painters Tripod',(#1881));
#1878=APPLICATION_PROTOCOL_DEFINITION('international standard',
'automotive_design',2009,#1879);
#1879=APPLICATION_CONTEXT(
'Core Data for Automotive Mechanical Design Process');
#1880=PRODUCT_CONTEXT('part definition',#1879,'mechanical');
#1881=PRODUCT('2026-09-29-23-51-31-468','Painters Tripod',$,(#1880));
#1882=PRESENTATION_STYLE_ASSIGNMENT((#1883));
#1883=SURFACE_STYLE_USAGE(.BOTH.,#1884);
#1884=SURFACE_SIDE_STYLE('',(#1885));
#1885=SURFACE_STYLE_FILL_AREA(#1886);
#1886=FILL_AREA_STYLE('Steel - Satin',(#1887));
#1887=FILL_AREA_STYLE_COLOUR('Steel - Satin',#1888);
#1888=COLOUR_RGB('Steel - Satin',0.627450980392157,0.627450980392157,0.627450980392157);
ENDSEC;
END-ISO-10303-21;
