ISO-10303-21;
HEADER;
/* Generated by software containing ST-Developer
 * from STEP Tools, Inc. (www.steptools.com) 
 */

FILE_DESCRIPTION(
/* description */ (''),
/* implementation_level */ '2;1');

FILE_NAME(
/* name */ 'Propeller.step',
/* time_stamp */ '2026-10-02T02:01:40-04:00',
/* author */ (''),
/* organization */ (''),
/* preprocessor_version */ 'ST-DEVELOPER v20.2',
/* originating_system */ 'Autodesk Translation Framework v15.15.0.0',
/* authorisation */ '');

FILE_SCHEMA (('AUTOMOTIVE_DESIGN { 1 0 10303 214 3 1 1 }'));
ENDSEC;

DATA;
#10=MECHANICAL_DESIGN_GEOMETRIC_PRESENTATION_REPRESENTATION('',(#17,#18,
#19,#20),#3461);
#11=ITEM_DEFINED_TRANSFORMATION($,$,#466,#475);
#12=(
REPRESENTATION_RELATIONSHIP($,$,#3472,#3471)
REPRESENTATION_RELATIONSHIP_WITH_TRANSFORMATION(#11)
SHAPE_REPRESENTATION_RELATIONSHIP()
);
#13=CONTEXT_DEPENDENT_SHAPE_REPRESENTATION(#12,#3470);
#14=NEXT_ASSEMBLY_USAGE_OCCURRENCE('pROPELLER:1','pROPELLER:1',
'pROPELLER:1',#3474,#3475,'pROPELLER:1');
#15=SHAPE_REPRESENTATION_RELATIONSHIP('SRR','None',#3472,#16);
#16=ADVANCED_BREP_SHAPE_REPRESENTATION('',(#21,#22,#23,#24),#3460);
#17=STYLED_ITEM('',(#3485),#21);
#18=STYLED_ITEM('',(#3485),#22);
#19=STYLED_ITEM('',(#3485),#23);
#20=STYLED_ITEM('',(#3485),#24);
#21=MANIFOLD_SOLID_BREP('Body1',#449);
#22=MANIFOLD_SOLID_BREP('Body6',#450);
#23=MANIFOLD_SOLID_BREP('Body7',#451);
#24=MANIFOLD_SOLID_BREP('Body8',#452);
#25=PLANE('',#470);
#26=PLANE('',#471);
#27=FACE_BOUND('',#78,.T.);
#28=FACE_BOUND('',#79,.T.);
#29=CIRCLE('',#468,20.);
#30=CIRCLE('',#469,20.);
#31=CIRCLE('',#472,22.6418077823765);
#32=CIRCLE('',#473,22.6418077823765);
#33=CIRCLE('',#474,22.6418077823765);
#34=CYLINDRICAL_SURFACE('',#467,20.);
#35=FACE_OUTER_BOUND('',#65,.T.);
#36=FACE_OUTER_BOUND('',#66,.T.);
#37=FACE_OUTER_BOUND('',#67,.T.);
#38=FACE_OUTER_BOUND('',#68,.T.);
#39=FACE_OUTER_BOUND('',#69,.T.);
#40=FACE_OUTER_BOUND('',#70,.T.);
#41=FACE_OUTER_BOUND('',#71,.T.);
#42=FACE_OUTER_BOUND('',#72,.T.);
#43=FACE_OUTER_BOUND('',#73,.T.);
#44=FACE_OUTER_BOUND('',#74,.T.);
#45=FACE_OUTER_BOUND('',#75,.T.);
#46=FACE_OUTER_BOUND('',#76,.T.);
#47=FACE_OUTER_BOUND('',#77,.T.);
#48=FACE_OUTER_BOUND('',#80,.T.);
#49=FACE_OUTER_BOUND('',#81,.T.);
#50=FACE_OUTER_BOUND('',#82,.T.);
#51=FACE_OUTER_BOUND('',#83,.T.);
#52=FACE_OUTER_BOUND('',#84,.T.);
#53=FACE_OUTER_BOUND('',#85,.T.);
#54=FACE_OUTER_BOUND('',#86,.T.);
#55=FACE_OUTER_BOUND('',#87,.T.);
#56=FACE_OUTER_BOUND('',#88,.T.);
#57=FACE_OUTER_BOUND('',#89,.T.);
#58=FACE_OUTER_BOUND('',#90,.T.);
#59=FACE_OUTER_BOUND('',#91,.T.);
#60=FACE_OUTER_BOUND('',#92,.T.);
#61=FACE_OUTER_BOUND('',#93,.T.);
#62=FACE_OUTER_BOUND('',#94,.T.);
#63=FACE_OUTER_BOUND('',#95,.T.);
#64=FACE_OUTER_BOUND('',#96,.T.);
#65=EDGE_LOOP('',(#272,#273,#274,#275));
#66=EDGE_LOOP('',(#276,#277,#278));
#67=EDGE_LOOP('',(#279,#280,#281));
#68=EDGE_LOOP('',(#282,#283,#284,#285));
#69=EDGE_LOOP('',(#286,#287,#288,#289));
#70=EDGE_LOOP('',(#290,#291,#292));
#71=EDGE_LOOP('',(#293,#294,#295));
#72=EDGE_LOOP('',(#296,#297,#298,#299));
#73=EDGE_LOOP('',(#300,#301,#302,#303));
#74=EDGE_LOOP('',(#304,#305,#306,#307));
#75=EDGE_LOOP('',(#308,#309,#310,#311));
#76=EDGE_LOOP('',(#312,#313,#314,#315));
#77=EDGE_LOOP('',(#316,#317,#318,#319,#320,#321,#322,#323,#324,#325,#326,
#327));
#78=EDGE_LOOP('',(#328,#329,#330,#331));
#79=EDGE_LOOP('',(#332,#333,#334,#335));
#80=EDGE_LOOP('',(#336));
#81=EDGE_LOOP('',(#337));
#82=EDGE_LOOP('',(#338,#339,#340));
#83=EDGE_LOOP('',(#341,#342,#343));
#84=EDGE_LOOP('',(#344,#345,#346,#347));
#85=EDGE_LOOP('',(#348,#349,#350,#351));
#86=EDGE_LOOP('',(#352,#353,#354,#355));
#87=EDGE_LOOP('',(#356,#357,#358));
#88=EDGE_LOOP('',(#359,#360,#361));
#89=EDGE_LOOP('',(#362,#363,#364,#365));
#90=EDGE_LOOP('',(#366,#367,#368,#369));
#91=EDGE_LOOP('',(#370,#371,#372,#373));
#92=EDGE_LOOP('',(#374,#375,#376));
#93=EDGE_LOOP('',(#377,#378,#379));
#94=EDGE_LOOP('',(#380,#381,#382,#383));
#95=EDGE_LOOP('',(#384,#385,#386,#387));
#96=EDGE_LOOP('',(#388,#389,#390,#391));
#97=LINE('',#546,#117);
#98=LINE('',#548,#118);
#99=LINE('',#1009,#119);
#100=LINE('',#1011,#120);
#101=LINE('',#1484,#121);
#102=LINE('',#1486,#122);
#103=LINE('',#1946,#123);
#104=LINE('',#1948,#124);
#105=LINE('',#2184,#125);
#106=LINE('',#2398,#126);
#107=LINE('',#2399,#127);
#108=LINE('',#2440,#128);
#109=LINE('',#2687,#129);
#110=LINE('',#2897,#130);
#111=LINE('',#2898,#131);
#112=LINE('',#2939,#132);
#113=LINE('',#3186,#133);
#114=LINE('',#3396,#134);
#115=LINE('',#3397,#135);
#116=LINE('',#3438,#136);
#117=VECTOR('',#480,185.082443882556);
#118=VECTOR('',#481,10.);
#119=VECTOR('',#482,185.082443882556);
#120=VECTOR('',#483,10.);
#121=VECTOR('',#484,185.082443882556);
#122=VECTOR('',#485,10.);
#123=VECTOR('',#490,20.);
#124=VECTOR('',#491,20.);
#125=VECTOR('',#498,185.082443882556);
#126=VECTOR('',#501,10.);
#127=VECTOR('',#502,10.);
#128=VECTOR('',#503,10.);
#129=VECTOR('',#504,185.082443882556);
#130=VECTOR('',#507,10.);
#131=VECTOR('',#508,10.);
#132=VECTOR('',#509,10.);
#133=VECTOR('',#510,185.082443882556);
#134=VECTOR('',#513,10.);
#135=VECTOR('',#514,10.);
#136=VECTOR('',#515,10.);
#137=B_SPLINE_CURVE_WITH_KNOTS('',3,(#538,#539,#540,#541,#542,#543,#544),
 .UNSPECIFIED.,.F.,.F.,(4,3,4),(0.,0.0503504652932829,0.100776576109107),
 .UNSPECIFIED.);
#138=B_SPLINE_CURVE_WITH_KNOTS('',3,(#549,#550,#551,#552),.UNSPECIFIED.,
 .F.,.F.,(4,4),(0.0155605099798787,0.0378611008888616),.UNSPECIFIED.);
#139=B_SPLINE_CURVE_WITH_KNOTS('',3,(#578,#579,#580,#581,#582,#583,#584,
#585,#586,#587,#588,#589,#590,#591,#592,#593,#594,#595),.UNSPECIFIED.,.F.,
 .F.,(4,2,2,2,2,2,2,2,4),(0.279529997418114,0.644018569136223,1.09259742455472,
1.62434355021856,2.54800577280288,3.39983379524983,4.20946933424523,4.84768793338264,
5.31603565599859),.UNSPECIFIED.);
#140=B_SPLINE_CURVE_WITH_KNOTS('',3,(#596,#597,#598,#599,#600,#601,#602,
#603,#604,#605,#606,#607,#608,#609,#610,#611,#612,#613,#614,#615,#616,#617,
#618,#619,#620,#621,#622,#623,#624,#625,#626,#627,#628,#629,#630,#631,#632,
#633,#634,#635,#636,#637,#638,#639,#640,#641,#642),.UNSPECIFIED.,.F.,.F.,
(4,1,1,1,1,1,1,1,1,1,1,1,1,1,1,1,1,1,1,1,1,1,1,1,1,1,1,1,1,1,1,1,1,1,1,
1,1,1,1,1,1,1,1,1,4),(0.320083705278378,0.472296739525789,0.71224432510042,
0.832218117887736,0.952191910675052,1.19213949624968,1.67203466739895,2.15192983854821,
2.63182500969747,3.11172018084674,4.07151052314526,4.28479726587827,4.49808400861128,
4.92465749407729,5.3512309795433,5.67116109364281,5.99109120774232,6.63095143594134,
6.95088155004085,7.27081166414036,7.91067189233937,8.55053212053839,9.19039234873741,
9.51032246283692,9.83025257693643,10.4701128051354,11.7498332615335,13.0295537179315,
13.6694139461305,14.3092741743296,14.9491344025286,15.5889946307276,16.8687150871256,
18.1484355435237,19.4281559999217,20.3879463422202,20.8678415133695,21.3477366845188,
22.3075270268173,23.2673173691158,23.7472125402651,24.2271077114143,25.1868980537129,
26.1466883960114,27.1064787383099),.UNSPECIFIED.);
#141=B_SPLINE_CURVE_WITH_KNOTS('',3,(#714,#715,#716,#717,#718,#719,#720,
#721,#722,#723,#724,#725,#726,#727,#728,#729,#730,#731),.UNSPECIFIED.,.F.,
 .F.,(4,2,2,2,2,2,2,2,4),(0.,0.215624035349645,0.761933384956506,1.38674678860158,
2.03835765848104,2.59988178559002,3.05559226897916,3.53359629806415,3.86938283507926),
 .UNSPECIFIED.);
#142=B_SPLINE_CURVE_WITH_KNOTS('',3,(#732,#733,#734,#735,#736,#737,#738,
#739,#740,#741,#742,#743,#744,#745,#746,#747,#748,#749,#750,#751,#752,#753,
#754,#755,#756,#757,#758,#759,#760,#761,#762,#763,#764,#765,#766,#767,#768,
#769,#770,#771,#772,#773,#774,#775,#776,#777,#778),.UNSPECIFIED.,.F.,.F.,
(4,1,1,1,1,1,1,1,1,1,1,1,1,1,1,1,1,1,1,1,1,1,1,1,1,1,1,1,1,1,1,1,1,1,1,
1,1,1,1,1,1,1,1,1,4),(0.232349153951157,0.472296739525789,0.71224432510042,
0.832218117887736,0.952191910675052,1.19213949624968,1.67203466739895,2.15192983854821,
2.63182500969747,3.11172018084674,4.07151052314526,4.28479726587827,4.49808400861128,
4.92465749407729,5.3512309795433,5.67116109364281,5.99109120774232,6.63095143594134,
6.95088155004085,7.27081166414036,7.91067189233937,8.55053212053839,9.19039234873741,
9.51032246283692,9.83025257693643,10.4701128051354,11.7498332615335,13.0295537179315,
13.6694139461305,14.3092741743296,14.9491344025286,15.5889946307276,16.8687150871256,
18.1484355435237,19.4281559999217,20.3879463422202,20.8678415133695,21.3477366845188,
22.3075270268173,23.2673173691158,23.7472125402651,24.2271077114143,25.1868980537129,
26.1466883960114,27.1064787383099),.UNSPECIFIED.);
#143=B_SPLINE_CURVE_WITH_KNOTS('',3,(#967,#968,#969,#970,#971,#972,#973,
#974,#975,#976,#977,#978,#979,#980,#981,#982),.UNSPECIFIED.,.F.,.F.,(4,
3,3,3,3,4),(0.,0.0286768009629384,0.0587069470592563,0.0610144294905469,
0.0944567037635858,0.119312037378344),.UNSPECIFIED.);
#144=B_SPLINE_CURVE_WITH_KNOTS('',3,(#1001,#1002,#1003,#1004,#1005,#1006,
#1007),.UNSPECIFIED.,.F.,.F.,(4,3,4),(0.,0.0503504652932566,0.1007765761091),
 .UNSPECIFIED.);
#145=B_SPLINE_CURVE_WITH_KNOTS('',3,(#1012,#1013,#1014,#1015),
 .UNSPECIFIED.,.F.,.F.,(4,4),(0.0155605099798787,0.0378611008888616),
 .UNSPECIFIED.);
#146=B_SPLINE_CURVE_WITH_KNOTS('',3,(#1041,#1042,#1043,#1044,#1045,#1046,
#1047,#1048,#1049,#1050,#1051,#1052,#1053,#1054,#1055,#1056,#1057,#1058),
 .UNSPECIFIED.,.F.,.F.,(4,2,2,2,2,2,2,2,4),(0.27952999741811,0.644018569136201,
1.09259742455467,1.62434355021847,2.54800577280267,3.39983379524949,4.20946933424466,
4.84768793338179,5.31603565599752),.UNSPECIFIED.);
#147=B_SPLINE_CURVE_WITH_KNOTS('',3,(#1059,#1060,#1061,#1062,#1063,#1064,
#1065,#1066,#1067,#1068,#1069,#1070,#1071,#1072,#1073,#1074,#1075,#1076,
#1077,#1078,#1079,#1080,#1081,#1082,#1083,#1084,#1085,#1086,#1087,#1088,
#1089,#1090,#1091,#1092,#1093,#1094,#1095,#1096,#1097,#1098,#1099,#1100,
#1101,#1102,#1103,#1104,#1105,#1106,#1107),.UNSPECIFIED.,.F.,.F.,(4,1,1,
1,1,1,1,1,1,1,1,1,1,1,1,1,1,1,1,1,1,1,1,1,1,1,1,1,1,1,1,1,1,1,1,1,1,1,1,
1,1,1,1,1,1,1,4),(0.320083705278378,0.472296739525788,0.71224432510042,
0.832218117887736,0.952191910675052,1.19213949624968,1.67203466739895,2.15192983854821,
2.63182500969747,3.11172018084674,4.07151052314526,4.39144063724477,4.47142316576965,
4.71137075134428,4.87133580839404,5.3512309795433,5.99109120774232,6.63095143594134,
6.95088155004085,7.27081166414036,7.91067189233937,8.55053212053839,9.19039234873741,
9.51032246283692,9.83025257693643,10.4701128051354,11.7498332615335,13.0295537179315,
13.6694139461305,14.3092741743296,14.9491344025286,15.5889946307276,16.8687150871256,
18.1484355435237,19.4281559999217,20.0680162281207,20.7078764563197,21.9875969127178,
22.6274571409168,23.2673173691158,24.2271077114143,24.9469504681382,25.1868980537129,
25.7867670176494,26.1466883960114,26.386635981586,27.1064787383099),
 .UNSPECIFIED.);
#148=B_SPLINE_CURVE_WITH_KNOTS('',3,(#1179,#1180,#1181,#1182,#1183,#1184,
#1185,#1186,#1187,#1188,#1189,#1190,#1191,#1192,#1193,#1194,#1195,#1196),
 .UNSPECIFIED.,.F.,.F.,(4,2,2,2,2,2,2,2,4),(0.,0.215624035349309,0.761933384953455,
1.38674678859535,2.03835765847149,2.59988178557767,3.05559226896452,3.53359629804727,
3.86938283506082),.UNSPECIFIED.);
#149=B_SPLINE_CURVE_WITH_KNOTS('',3,(#1197,#1198,#1199,#1200,#1201,#1202,
#1203,#1204,#1205,#1206,#1207,#1208,#1209,#1210,#1211,#1212,#1213,#1214,
#1215,#1216,#1217,#1218,#1219,#1220,#1221,#1222,#1223,#1224,#1225,#1226,
#1227,#1228,#1229,#1230,#1231,#1232,#1233,#1234,#1235,#1236,#1237,#1238,
#1239,#1240,#1241,#1242,#1243,#1244,#1245),.UNSPECIFIED.,.F.,.F.,(4,1,1,
1,1,1,1,1,1,1,1,1,1,1,1,1,1,1,1,1,1,1,1,1,1,1,1,1,1,1,1,1,1,1,1,1,1,1,1,
1,1,1,1,1,1,1,4),(0.232349153951157,0.472296739525788,0.71224432510042,
0.832218117887736,0.952191910675052,1.19213949624968,1.67203466739895,2.15192983854821,
2.63182500969747,3.11172018084674,4.07151052314526,4.39144063724477,4.47142316576965,
4.71137075134428,4.87133580839404,5.3512309795433,5.99109120774232,6.63095143594134,
6.95088155004085,7.27081166414036,7.91067189233937,8.55053212053839,9.19039234873741,
9.51032246283692,9.83025257693643,10.4701128051354,11.7498332615335,13.0295537179315,
13.6694139461305,14.3092741743296,14.9491344025286,15.5889946307276,16.8687150871256,
18.1484355435237,19.4281559999217,20.0680162281207,20.7078764563197,21.9875969127178,
22.6274571409168,23.2673173691158,24.2271077114143,24.9469504681382,25.1868980537129,
25.7867670176494,26.1466883960114,26.386635981586,27.1064787383099),
 .UNSPECIFIED.);
#150=B_SPLINE_CURVE_WITH_KNOTS('',3,(#1442,#1443,#1444,#1445,#1446,#1447,
#1448,#1449,#1450,#1451,#1452,#1453,#1454,#1455,#1456,#1457),
 .UNSPECIFIED.,.F.,.F.,(4,3,3,3,3,4),(0.,0.0286266864312311,0.0586845680219704,
0.0610144294905414,0.0946813937634893,0.119312037378326),.UNSPECIFIED.);
#151=B_SPLINE_CURVE_WITH_KNOTS('',3,(#1476,#1477,#1478,#1479,#1480,#1481,
#1482),.UNSPECIFIED.,.F.,.F.,(4,3,4),(0.,0.0503504652932861,0.100776576109043),
 .UNSPECIFIED.);
#152=B_SPLINE_CURVE_WITH_KNOTS('',3,(#1487,#1488,#1489,#1490),
 .UNSPECIFIED.,.F.,.F.,(4,4),(0.0155605099798787,0.0378611008888616),
 .UNSPECIFIED.);
#153=B_SPLINE_CURVE_WITH_KNOTS('',3,(#1517,#1518,#1519,#1520,#1521,#1522,
#1523,#1524,#1525,#1526,#1527,#1528,#1529,#1530,#1531,#1532),
 .UNSPECIFIED.,.F.,.F.,(4,2,2,2,2,2,2,4),(0.279529997418119,0.644018569136248,
1.09259742455479,1.62434355021867,2.54800577280301,3.39983379524994,4.20946933424526,
4.25215595051144),.UNSPECIFIED.);
#154=B_SPLINE_CURVE_WITH_KNOTS('',3,(#1533,#1534,#1535,#1536,#1537,#1538,
#1539,#1540,#1541,#1542,#1543,#1544,#1545,#1546,#1547,#1548,#1549,#1550,
#1551,#1552,#1553,#1554,#1555,#1556,#1557,#1558,#1559,#1560,#1561,#1562,
#1563,#1564,#1565,#1566,#1567,#1568,#1569,#1570,#1571,#1572,#1573,#1574,
#1575,#1576,#1577,#1578,#1579,#1580,#1581),.UNSPECIFIED.,.F.,.F.,(4,1,1,
1,1,1,1,1,1,1,1,1,1,1,1,1,1,1,1,1,1,1,1,1,1,1,1,1,1,1,1,1,1,1,1,1,1,1,1,
1,1,1,1,1,1,1,4),(0.320083705278378,0.472296739525789,0.712244325100421,
0.832218117887737,0.952191910675053,1.19213949624968,1.67203466739895,2.15192983854821,
2.63182500969747,3.11172018084674,4.07151052314527,4.28479726587827,4.49808400861128,
4.92465749407729,5.3512309795433,5.99109120774232,6.63095143594134,6.95088155004085,
7.27081166414036,7.91067189233937,8.55053212053839,9.19039234873741,9.51032246283692,
9.83025257693643,10.1501826910359,10.4701128051354,11.7498332615335,13.0295537179315,
13.6694139461305,14.3092741743296,14.9491344025286,15.5889946307276,16.8687150871256,
18.1484355435237,19.4281559999217,20.3879463422202,21.3477366845188,21.827631855668,
22.3075270268173,23.2673173691158,24.2271077114143,24.9469504681382,25.1868980537129,
25.7867670176494,26.1466883960114,26.386635981586,27.1064787383099),
 .UNSPECIFIED.);
#155=B_SPLINE_CURVE_WITH_KNOTS('',3,(#1582,#1583,#1584,#1585,#1586,#1587),
 .UNSPECIFIED.,.F.,.F.,(4,2,4),(4.25215595051144,4.84768793338251,5.31603565599832),
 .UNSPECIFIED.);
#156=B_SPLINE_CURVE_WITH_KNOTS('',3,(#1659,#1660,#1661,#1662,#1663,#1664),
 .UNSPECIFIED.,.F.,.F.,(4,2,4),(0.,0.215624035349356,0.629357638799434),
 .UNSPECIFIED.);
#157=B_SPLINE_CURVE_WITH_KNOTS('',3,(#1666,#1667,#1668,#1669,#1670,#1671,
#1672,#1673,#1674,#1675,#1676,#1677,#1678,#1679,#1680,#1681,#1682,#1683,
#1684,#1685,#1686,#1687,#1688,#1689,#1690,#1691,#1692,#1693,#1694,#1695,
#1696,#1697,#1698,#1699,#1700,#1701,#1702,#1703,#1704,#1705,#1706,#1707,
#1708,#1709,#1710,#1711,#1712,#1713,#1714),.UNSPECIFIED.,.F.,.F.,(4,1,1,
1,1,1,1,1,1,1,1,1,1,1,1,1,1,1,1,1,1,1,1,1,1,1,1,1,1,1,1,1,1,1,1,1,1,1,1,
1,1,1,1,1,1,1,4),(0.232349153951157,0.472296739525789,0.712244325100421,
0.832218117887737,0.952191910675053,1.19213949624968,1.67203466739895,2.15192983854821,
2.63182500969747,3.11172018084674,4.07151052314527,4.28479726587827,4.49808400861128,
4.92465749407729,5.3512309795433,5.99109120774232,6.63095143594134,6.95088155004085,
7.27081166414036,7.91067189233937,8.55053212053839,9.19039234873741,9.51032246283692,
9.83025257693643,10.1501826910359,10.4701128051354,11.7498332615335,13.0295537179315,
13.6694139461305,14.3092741743296,14.9491344025286,15.5889946307276,16.8687150871256,
18.1484355435237,19.4281559999217,20.3879463422202,21.3477366845188,21.827631855668,
22.3075270268173,23.2673173691158,24.2271077114143,24.9469504681382,25.1868980537129,
25.7867670176494,26.1466883960114,26.386635981586,27.1064787383099),
 .UNSPECIFIED.);
#158=B_SPLINE_CURVE_WITH_KNOTS('',3,(#1715,#1716,#1717,#1718,#1719,#1720,
#1721,#1722,#1723,#1724,#1725,#1726,#1727,#1728,#1729,#1730),
 .UNSPECIFIED.,.F.,.F.,(4,2,2,2,2,2,2,4),(0.629357638799434,0.761933384953876,
1.38674678859636,2.03835765847324,2.59988178558,3.05559226896718,3.53359629804972,
3.86938283506309),.UNSPECIFIED.);
#159=B_SPLINE_CURVE_WITH_KNOTS('',3,(#1927,#1928,#1929,#1930,#1931,#1932,
#1933,#1934,#1935,#1936,#1937,#1938,#1939,#1940,#1941,#1942),
 .UNSPECIFIED.,.F.,.F.,(4,3,3,3,3,4),(0.,0.0286173761588013,0.0586737477314038,
0.0610144294905576,0.0946924706616263,0.119312037378379),.UNSPECIFIED.);
#160=B_SPLINE_CURVE_WITH_KNOTS('',3,(#2024,#2025,#2026,#2027,#2028,#2029,
#2030,#2031,#2032,#2033,#2034,#2035,#2036,#2037,#2038,#2039,#2040,#2041,
#2042,#2043,#2044,#2045,#2046,#2047,#2048,#2049,#2050,#2051,#2052,#2053,
#2054,#2055,#2056,#2057,#2058,#2059,#2060,#2061,#2062,#2063,#2064,#2065,
#2066,#2067,#2068,#2069,#2070,#2071,#2072,#2073,#2074,#2075,#2076),
 .UNSPECIFIED.,.F.,.F.,(4,1,1,1,1,1,1,1,1,1,1,1,1,1,1,1,1,1,1,1,1,1,1,1,
1,1,1,1,1,1,1,1,1,1,1,1,1,1,1,1,1,1,1,1,1,1,1,1,1,1,4),(0.,0.242022131592053,
0.484044263184106,0.726066394776158,0.847077460572185,0.968088526368211,
1.45213278955232,1.69415492114437,1.93617705273642,2.42022131592053,2.90426557910463,
3.38830984228874,3.87235410547284,4.19505028092891,4.51774645638499,4.84044263184106,
5.16313880729713,5.80853115820927,6.29257542139337,6.77661968457748,7.26066394776158,
7.74470821094569,8.39010056185783,8.7127967373139,8.87414482504194,9.03549291276997,
9.35818908822604,9.68088526368211,10.3262776145943,11.6170623164185,12.5851508427867,
12.9078470182428,14.1986317200671,15.4894164218914,15.8121125973475,16.1348087728035,
17.1028972991717,18.0709858255399,19.3617705273642,20.0071628782764,20.6525552291885,
21.9433399310128,22.5887322819249,23.2341246328371,24.2022131592053,24.9282795539814,
25.1703016855735,25.7753570145536,26.1383902119417,26.3804123435338,27.1064787383099),
 .UNSPECIFIED.);
#161=B_SPLINE_CURVE_WITH_KNOTS('',3,(#2078,#2079,#2080,#2081,#2082,#2083,
#2084,#2085,#2086,#2087,#2088,#2089,#2090,#2091,#2092,#2093,#2094,#2095,
#2096,#2097,#2098,#2099),.UNSPECIFIED.,.F.,.F.,(4,3,3,3,3,3,3,4),(0.549358800187952,
0.74269703834794,0.936035276507928,1.12937351466792,1.3227117528279,1.51604999098789,
1.70938822914788,1.90272646730787),.UNSPECIFIED.);
#162=B_SPLINE_CURVE_WITH_KNOTS('',3,(#2100,#2101,#2102,#2103),
 .UNSPECIFIED.,.F.,.F.,(4,4),(0.,0.0378611008888616),.UNSPECIFIED.);
#163=B_SPLINE_CURVE_WITH_KNOTS('',3,(#2130,#2131,#2132,#2133,#2134,#2135,
#2136,#2137,#2138,#2139,#2140,#2141,#2142,#2143,#2144,#2145,#2146,#2147,
#2148,#2149,#2150,#2151,#2152,#2153,#2154,#2155,#2156,#2157,#2158,#2159,
#2160,#2161,#2162,#2163,#2164,#2165,#2166,#2167,#2168,#2169,#2170,#2171,
#2172,#2173,#2174,#2175,#2176,#2177,#2178,#2179,#2180,#2181,#2182),
 .UNSPECIFIED.,.F.,.F.,(4,1,1,1,1,1,1,1,1,1,1,1,1,1,1,1,1,1,1,1,1,1,1,1,
1,1,1,1,1,1,1,1,1,1,1,1,1,1,1,1,1,1,1,1,1,1,1,1,1,1,4),(0.,0.242022131592053,
0.484044263184106,0.726066394776158,0.847077460572185,0.968088526368211,
1.45213278955232,1.69415492114437,1.93617705273642,2.42022131592053,2.90426557910463,
3.38830984228874,3.87235410547284,4.19505028092891,4.51774645638499,4.84044263184106,
5.16313880729713,5.80853115820927,6.29257542139337,6.77661968457748,7.26066394776158,
7.74470821094569,8.39010056185783,8.7127967373139,8.87414482504194,9.03549291276997,
9.35818908822604,9.68088526368211,10.3262776145943,11.6170623164185,12.5851508427867,
12.9078470182428,14.1986317200671,15.4894164218914,15.8121125973475,16.1348087728035,
17.1028972991717,18.0709858255399,19.3617705273642,20.0071628782764,20.6525552291885,
21.9433399310128,22.5887322819249,23.2341246328371,24.2022131592053,24.9282795539814,
25.1703016855735,25.7753570145536,26.1383902119417,26.3804123435338,27.1064787383099),
 .UNSPECIFIED.);
#164=B_SPLINE_CURVE_WITH_KNOTS('',3,(#2529,#2530,#2531,#2532,#2533,#2534,
#2535,#2536,#2537,#2538,#2539,#2540,#2541,#2542,#2543,#2544,#2545,#2546,
#2547,#2548,#2549,#2550,#2551,#2552,#2553,#2554,#2555,#2556,#2557,#2558,
#2559,#2560,#2561,#2562,#2563,#2564,#2565,#2566,#2567,#2568,#2569,#2570,
#2571,#2572,#2573,#2574,#2575,#2576,#2577,#2578,#2579,#2580),
 .UNSPECIFIED.,.F.,.F.,(4,1,1,1,1,1,1,1,1,1,1,1,1,1,1,1,1,1,1,1,1,1,1,1,
1,1,1,1,1,1,1,1,1,1,1,1,1,1,1,1,1,1,1,1,1,1,1,1,1,4),(0.,0.242022131592053,
0.484044263184106,0.726066394776158,0.847077460572185,0.968088526368211,
1.45213278955232,1.69415492114437,1.93617705273642,2.42022131592053,2.90426557910463,
3.38830984228874,3.87235410547284,4.19505028092891,4.51774645638499,4.84044263184106,
5.16313880729713,5.80853115820927,6.29257542139337,6.77661968457748,7.26066394776158,
7.74470821094569,8.7127967373139,8.87414482504194,9.03549291276997,9.35818908822604,
9.68088526368211,10.3262776145943,11.6170623164185,12.5851508427867,12.9078470182428,
14.1986317200671,15.4894164218914,15.8121125973475,16.1348087728035,17.1028972991717,
18.0709858255399,19.3617705273642,20.0071628782764,20.6525552291885,21.9433399310128,
22.5887322819249,23.2341246328371,24.2022131592053,24.9282795539814,25.1703016855735,
25.7753570145536,26.1383902119417,26.3804123435338,27.1064787383099),
 .UNSPECIFIED.);
#165=B_SPLINE_CURVE_WITH_KNOTS('',3,(#2582,#2583,#2584,#2585,#2586,#2587,
#2588,#2589,#2590,#2591,#2592,#2593,#2594,#2595,#2596,#2597,#2598,#2599,
#2600,#2601,#2602,#2603),.UNSPECIFIED.,.F.,.F.,(4,3,3,3,3,3,3,4),(0.549358800187952,
0.74269703834794,0.936035276507928,1.12937351466792,1.3227117528279,1.51604999098789,
1.70938822914788,1.90272646730787),.UNSPECIFIED.);
#166=B_SPLINE_CURVE_WITH_KNOTS('',3,(#2604,#2605,#2606,#2607),
 .UNSPECIFIED.,.F.,.F.,(4,4),(0.,0.0378611008888616),.UNSPECIFIED.);
#167=B_SPLINE_CURVE_WITH_KNOTS('',3,(#2634,#2635,#2636,#2637,#2638,#2639,
#2640,#2641,#2642,#2643,#2644,#2645,#2646,#2647,#2648,#2649,#2650,#2651,
#2652,#2653,#2654,#2655,#2656,#2657,#2658,#2659,#2660,#2661,#2662,#2663,
#2664,#2665,#2666,#2667,#2668,#2669,#2670,#2671,#2672,#2673,#2674,#2675,
#2676,#2677,#2678,#2679,#2680,#2681,#2682,#2683,#2684,#2685),
 .UNSPECIFIED.,.F.,.F.,(4,1,1,1,1,1,1,1,1,1,1,1,1,1,1,1,1,1,1,1,1,1,1,1,
1,1,1,1,1,1,1,1,1,1,1,1,1,1,1,1,1,1,1,1,1,1,1,1,1,4),(0.,0.242022131592053,
0.484044263184106,0.726066394776158,0.847077460572185,0.968088526368211,
1.45213278955232,1.69415492114437,1.93617705273642,2.42022131592053,2.90426557910463,
3.38830984228874,3.87235410547284,4.19505028092891,4.51774645638499,4.84044263184106,
5.16313880729713,5.80853115820927,6.29257542139337,6.77661968457748,7.26066394776158,
7.74470821094569,8.7127967373139,8.87414482504194,9.03549291276997,9.35818908822604,
9.68088526368211,10.3262776145943,11.6170623164185,12.5851508427867,12.9078470182428,
14.1986317200671,15.4894164218914,15.8121125973475,16.1348087728035,17.1028972991717,
18.0709858255399,19.3617705273642,20.0071628782764,20.6525552291885,21.9433399310128,
22.5887322819249,23.2341246328371,24.2022131592053,24.9282795539814,25.1703016855735,
25.7753570145536,26.1383902119417,26.3804123435338,27.1064787383099),
 .UNSPECIFIED.);
#168=B_SPLINE_CURVE_WITH_KNOTS('',3,(#3028,#3029,#3030,#3031,#3032,#3033,
#3034,#3035,#3036,#3037,#3038,#3039,#3040,#3041,#3042,#3043,#3044,#3045,
#3046,#3047,#3048,#3049,#3050,#3051,#3052,#3053,#3054,#3055,#3056,#3057,
#3058,#3059,#3060,#3061,#3062,#3063,#3064,#3065,#3066,#3067,#3068,#3069,
#3070,#3071,#3072,#3073,#3074,#3075,#3076,#3077,#3078,#3079),
 .UNSPECIFIED.,.F.,.F.,(4,1,1,1,1,1,1,1,1,1,1,1,1,1,1,1,1,1,1,1,1,1,1,1,
1,1,1,1,1,1,1,1,1,1,1,1,1,1,1,1,1,1,1,1,1,1,1,1,1,4),(0.,0.242022131592053,
0.484044263184106,0.726066394776158,0.847077460572185,0.968088526368211,
1.45213278955232,1.69415492114437,1.93617705273642,2.42022131592053,2.90426557910463,
3.38830984228874,3.87235410547284,4.19505028092891,4.51774645638499,4.84044263184106,
5.16313880729713,5.80853115820927,6.29257542139337,6.77661968457748,7.26066394776158,
7.74470821094569,8.39010056185783,8.7127967373139,9.03549291276997,9.35818908822604,
9.68088526368211,10.3262776145943,11.6170623164185,12.5851508427867,12.9078470182428,
14.1986317200671,15.4894164218914,15.8121125973475,16.1348087728035,17.1028972991717,
18.0709858255399,19.3617705273642,20.0071628782764,20.6525552291885,21.9433399310128,
22.5887322819249,23.2341246328371,24.2022131592053,24.9282795539814,25.1703016855735,
25.7753570145536,26.1383902119417,26.3804123435338,27.1064787383099),
 .UNSPECIFIED.);
#169=B_SPLINE_CURVE_WITH_KNOTS('',3,(#3081,#3082,#3083,#3084,#3085,#3086,
#3087,#3088,#3089,#3090,#3091,#3092,#3093,#3094,#3095,#3096,#3097,#3098,
#3099,#3100,#3101,#3102),.UNSPECIFIED.,.F.,.F.,(4,3,3,3,3,3,3,4),(0.549358800187952,
0.74269703834794,0.936035276507928,1.12937351466792,1.3227117528279,1.51604999098789,
1.70938822914788,1.90272646730787),.UNSPECIFIED.);
#170=B_SPLINE_CURVE_WITH_KNOTS('',3,(#3103,#3104,#3105,#3106),
 .UNSPECIFIED.,.F.,.F.,(4,4),(0.,0.0378611008888616),.UNSPECIFIED.);
#171=B_SPLINE_CURVE_WITH_KNOTS('',3,(#3133,#3134,#3135,#3136,#3137,#3138,
#3139,#3140,#3141,#3142,#3143,#3144,#3145,#3146,#3147,#3148,#3149,#3150,
#3151,#3152,#3153,#3154,#3155,#3156,#3157,#3158,#3159,#3160,#3161,#3162,
#3163,#3164,#3165,#3166,#3167,#3168,#3169,#3170,#3171,#3172,#3173,#3174,
#3175,#3176,#3177,#3178,#3179,#3180,#3181,#3182,#3183,#3184),
 .UNSPECIFIED.,.F.,.F.,(4,1,1,1,1,1,1,1,1,1,1,1,1,1,1,1,1,1,1,1,1,1,1,1,
1,1,1,1,1,1,1,1,1,1,1,1,1,1,1,1,1,1,1,1,1,1,1,1,1,4),(0.,0.242022131592053,
0.484044263184106,0.726066394776158,0.847077460572185,0.968088526368211,
1.45213278955232,1.69415492114437,1.93617705273642,2.42022131592053,2.90426557910463,
3.38830984228874,3.87235410547284,4.19505028092891,4.51774645638499,4.84044263184106,
5.16313880729713,5.80853115820927,6.29257542139337,6.77661968457748,7.26066394776158,
7.74470821094569,8.39010056185783,8.7127967373139,9.03549291276997,9.35818908822604,
9.68088526368211,10.3262776145943,11.6170623164185,12.5851508427867,12.9078470182428,
14.1986317200671,15.4894164218914,15.8121125973475,16.1348087728035,17.1028972991717,
18.0709858255399,19.3617705273642,20.0071628782764,20.6525552291885,21.9433399310128,
22.5887322819249,23.2341246328371,24.2022131592053,24.9282795539814,25.1703016855735,
25.7753570145536,26.1383902119417,26.3804123435338,27.1064787383099),
 .UNSPECIFIED.);
#172=VERTEX_POINT('',#536);
#173=VERTEX_POINT('',#537);
#174=VERTEX_POINT('',#545);
#175=VERTEX_POINT('',#547);
#176=VERTEX_POINT('',#577);
#177=VERTEX_POINT('',#713);
#178=VERTEX_POINT('',#999);
#179=VERTEX_POINT('',#1000);
#180=VERTEX_POINT('',#1008);
#181=VERTEX_POINT('',#1010);
#182=VERTEX_POINT('',#1040);
#183=VERTEX_POINT('',#1178);
#184=VERTEX_POINT('',#1474);
#185=VERTEX_POINT('',#1475);
#186=VERTEX_POINT('',#1483);
#187=VERTEX_POINT('',#1485);
#188=VERTEX_POINT('',#1515);
#189=VERTEX_POINT('',#1516);
#190=VERTEX_POINT('',#1658);
#191=VERTEX_POINT('',#1665);
#192=VERTEX_POINT('',#1944);
#193=VERTEX_POINT('',#1947);
#194=VERTEX_POINT('',#2022);
#195=VERTEX_POINT('',#2023);
#196=VERTEX_POINT('',#2077);
#197=VERTEX_POINT('',#2128);
#198=VERTEX_POINT('',#2129);
#199=VERTEX_POINT('',#2183);
#200=VERTEX_POINT('',#2527);
#201=VERTEX_POINT('',#2528);
#202=VERTEX_POINT('',#2581);
#203=VERTEX_POINT('',#2632);
#204=VERTEX_POINT('',#2633);
#205=VERTEX_POINT('',#2686);
#206=VERTEX_POINT('',#3026);
#207=VERTEX_POINT('',#3027);
#208=VERTEX_POINT('',#3080);
#209=VERTEX_POINT('',#3131);
#210=VERTEX_POINT('',#3132);
#211=VERTEX_POINT('',#3185);
#212=EDGE_CURVE('',#172,#173,#137,.T.);
#213=EDGE_CURVE('',#172,#174,#97,.T.);
#214=EDGE_CURVE('',#174,#175,#98,.T.);
#215=EDGE_CURVE('',#173,#175,#138,.T.);
#216=EDGE_CURVE('',#176,#172,#139,.T.);
#217=EDGE_CURVE('',#176,#174,#140,.T.);
#218=EDGE_CURVE('',#173,#177,#141,.T.);
#219=EDGE_CURVE('',#177,#175,#142,.T.);
#220=EDGE_CURVE('',#177,#176,#143,.T.);
#221=EDGE_CURVE('',#178,#179,#144,.T.);
#222=EDGE_CURVE('',#178,#180,#99,.T.);
#223=EDGE_CURVE('',#180,#181,#100,.T.);
#224=EDGE_CURVE('',#179,#181,#145,.T.);
#225=EDGE_CURVE('',#182,#178,#146,.T.);
#226=EDGE_CURVE('',#182,#180,#147,.T.);
#227=EDGE_CURVE('',#179,#183,#148,.T.);
#228=EDGE_CURVE('',#183,#181,#149,.T.);
#229=EDGE_CURVE('',#183,#182,#150,.T.);
#230=EDGE_CURVE('',#184,#185,#151,.T.);
#231=EDGE_CURVE('',#184,#186,#101,.T.);
#232=EDGE_CURVE('',#186,#187,#102,.T.);
#233=EDGE_CURVE('',#185,#187,#152,.T.);
#234=EDGE_CURVE('',#188,#189,#153,.T.);
#235=EDGE_CURVE('',#188,#186,#154,.T.);
#236=EDGE_CURVE('',#189,#184,#155,.T.);
#237=EDGE_CURVE('',#185,#190,#156,.T.);
#238=EDGE_CURVE('',#191,#187,#157,.T.);
#239=EDGE_CURVE('',#190,#191,#158,.T.);
#240=EDGE_CURVE('',#191,#188,#159,.T.);
#241=EDGE_CURVE('',#192,#192,#29,.T.);
#242=EDGE_CURVE('',#192,#189,#103,.T.);
#243=EDGE_CURVE('',#190,#193,#104,.T.);
#244=EDGE_CURVE('',#193,#193,#30,.T.);
#245=EDGE_CURVE('',#194,#195,#160,.T.);
#246=EDGE_CURVE('',#194,#196,#161,.T.);
#247=EDGE_CURVE('',#196,#195,#162,.T.);
#248=EDGE_CURVE('',#197,#198,#163,.T.);
#249=EDGE_CURVE('',#199,#198,#105,.T.);
#250=EDGE_CURVE('',#197,#199,#31,.T.);
#251=EDGE_CURVE('',#197,#194,#106,.T.);
#252=EDGE_CURVE('',#198,#195,#107,.T.);
#253=EDGE_CURVE('',#199,#196,#108,.T.);
#254=EDGE_CURVE('',#200,#201,#164,.T.);
#255=EDGE_CURVE('',#200,#202,#165,.T.);
#256=EDGE_CURVE('',#202,#201,#166,.T.);
#257=EDGE_CURVE('',#203,#204,#167,.T.);
#258=EDGE_CURVE('',#205,#204,#109,.T.);
#259=EDGE_CURVE('',#203,#205,#32,.T.);
#260=EDGE_CURVE('',#203,#200,#110,.T.);
#261=EDGE_CURVE('',#204,#201,#111,.T.);
#262=EDGE_CURVE('',#205,#202,#112,.T.);
#263=EDGE_CURVE('',#206,#207,#168,.T.);
#264=EDGE_CURVE('',#206,#208,#169,.T.);
#265=EDGE_CURVE('',#208,#207,#170,.T.);
#266=EDGE_CURVE('',#209,#210,#171,.T.);
#267=EDGE_CURVE('',#211,#210,#113,.T.);
#268=EDGE_CURVE('',#209,#211,#33,.T.);
#269=EDGE_CURVE('',#209,#206,#114,.T.);
#270=EDGE_CURVE('',#210,#207,#115,.T.);
#271=EDGE_CURVE('',#211,#208,#116,.T.);
#272=ORIENTED_EDGE('',*,*,#212,.F.);
#273=ORIENTED_EDGE('',*,*,#213,.T.);
#274=ORIENTED_EDGE('',*,*,#214,.T.);
#275=ORIENTED_EDGE('',*,*,#215,.F.);
#276=ORIENTED_EDGE('',*,*,#216,.F.);
#277=ORIENTED_EDGE('',*,*,#217,.T.);
#278=ORIENTED_EDGE('',*,*,#213,.F.);
#279=ORIENTED_EDGE('',*,*,#218,.F.);
#280=ORIENTED_EDGE('',*,*,#215,.T.);
#281=ORIENTED_EDGE('',*,*,#219,.F.);
#282=ORIENTED_EDGE('',*,*,#220,.F.);
#283=ORIENTED_EDGE('',*,*,#219,.T.);
#284=ORIENTED_EDGE('',*,*,#214,.F.);
#285=ORIENTED_EDGE('',*,*,#217,.F.);
#286=ORIENTED_EDGE('',*,*,#221,.F.);
#287=ORIENTED_EDGE('',*,*,#222,.T.);
#288=ORIENTED_EDGE('',*,*,#223,.T.);
#289=ORIENTED_EDGE('',*,*,#224,.F.);
#290=ORIENTED_EDGE('',*,*,#225,.F.);
#291=ORIENTED_EDGE('',*,*,#226,.T.);
#292=ORIENTED_EDGE('',*,*,#222,.F.);
#293=ORIENTED_EDGE('',*,*,#227,.F.);
#294=ORIENTED_EDGE('',*,*,#224,.T.);
#295=ORIENTED_EDGE('',*,*,#228,.F.);
#296=ORIENTED_EDGE('',*,*,#229,.F.);
#297=ORIENTED_EDGE('',*,*,#228,.T.);
#298=ORIENTED_EDGE('',*,*,#223,.F.);
#299=ORIENTED_EDGE('',*,*,#226,.F.);
#300=ORIENTED_EDGE('',*,*,#230,.F.);
#301=ORIENTED_EDGE('',*,*,#231,.T.);
#302=ORIENTED_EDGE('',*,*,#232,.T.);
#303=ORIENTED_EDGE('',*,*,#233,.F.);
#304=ORIENTED_EDGE('',*,*,#234,.F.);
#305=ORIENTED_EDGE('',*,*,#235,.T.);
#306=ORIENTED_EDGE('',*,*,#231,.F.);
#307=ORIENTED_EDGE('',*,*,#236,.F.);
#308=ORIENTED_EDGE('',*,*,#237,.F.);
#309=ORIENTED_EDGE('',*,*,#233,.T.);
#310=ORIENTED_EDGE('',*,*,#238,.F.);
#311=ORIENTED_EDGE('',*,*,#239,.F.);
#312=ORIENTED_EDGE('',*,*,#240,.F.);
#313=ORIENTED_EDGE('',*,*,#238,.T.);
#314=ORIENTED_EDGE('',*,*,#232,.F.);
#315=ORIENTED_EDGE('',*,*,#235,.F.);
#316=ORIENTED_EDGE('',*,*,#241,.F.);
#317=ORIENTED_EDGE('',*,*,#242,.T.);
#318=ORIENTED_EDGE('',*,*,#236,.T.);
#319=ORIENTED_EDGE('',*,*,#230,.T.);
#320=ORIENTED_EDGE('',*,*,#237,.T.);
#321=ORIENTED_EDGE('',*,*,#243,.T.);
#322=ORIENTED_EDGE('',*,*,#244,.T.);
#323=ORIENTED_EDGE('',*,*,#243,.F.);
#324=ORIENTED_EDGE('',*,*,#239,.T.);
#325=ORIENTED_EDGE('',*,*,#240,.T.);
#326=ORIENTED_EDGE('',*,*,#234,.T.);
#327=ORIENTED_EDGE('',*,*,#242,.F.);
#328=ORIENTED_EDGE('',*,*,#216,.T.);
#329=ORIENTED_EDGE('',*,*,#212,.T.);
#330=ORIENTED_EDGE('',*,*,#218,.T.);
#331=ORIENTED_EDGE('',*,*,#220,.T.);
#332=ORIENTED_EDGE('',*,*,#225,.T.);
#333=ORIENTED_EDGE('',*,*,#221,.T.);
#334=ORIENTED_EDGE('',*,*,#227,.T.);
#335=ORIENTED_EDGE('',*,*,#229,.T.);
#336=ORIENTED_EDGE('',*,*,#241,.T.);
#337=ORIENTED_EDGE('',*,*,#244,.F.);
#338=ORIENTED_EDGE('',*,*,#245,.F.);
#339=ORIENTED_EDGE('',*,*,#246,.T.);
#340=ORIENTED_EDGE('',*,*,#247,.T.);
#341=ORIENTED_EDGE('',*,*,#248,.T.);
#342=ORIENTED_EDGE('',*,*,#249,.F.);
#343=ORIENTED_EDGE('',*,*,#250,.F.);
#344=ORIENTED_EDGE('',*,*,#248,.F.);
#345=ORIENTED_EDGE('',*,*,#251,.T.);
#346=ORIENTED_EDGE('',*,*,#245,.T.);
#347=ORIENTED_EDGE('',*,*,#252,.F.);
#348=ORIENTED_EDGE('',*,*,#250,.T.);
#349=ORIENTED_EDGE('',*,*,#253,.T.);
#350=ORIENTED_EDGE('',*,*,#246,.F.);
#351=ORIENTED_EDGE('',*,*,#251,.F.);
#352=ORIENTED_EDGE('',*,*,#249,.T.);
#353=ORIENTED_EDGE('',*,*,#252,.T.);
#354=ORIENTED_EDGE('',*,*,#247,.F.);
#355=ORIENTED_EDGE('',*,*,#253,.F.);
#356=ORIENTED_EDGE('',*,*,#254,.F.);
#357=ORIENTED_EDGE('',*,*,#255,.T.);
#358=ORIENTED_EDGE('',*,*,#256,.T.);
#359=ORIENTED_EDGE('',*,*,#257,.T.);
#360=ORIENTED_EDGE('',*,*,#258,.F.);
#361=ORIENTED_EDGE('',*,*,#259,.F.);
#362=ORIENTED_EDGE('',*,*,#257,.F.);
#363=ORIENTED_EDGE('',*,*,#260,.T.);
#364=ORIENTED_EDGE('',*,*,#254,.T.);
#365=ORIENTED_EDGE('',*,*,#261,.F.);
#366=ORIENTED_EDGE('',*,*,#259,.T.);
#367=ORIENTED_EDGE('',*,*,#262,.T.);
#368=ORIENTED_EDGE('',*,*,#255,.F.);
#369=ORIENTED_EDGE('',*,*,#260,.F.);
#370=ORIENTED_EDGE('',*,*,#258,.T.);
#371=ORIENTED_EDGE('',*,*,#261,.T.);
#372=ORIENTED_EDGE('',*,*,#256,.F.);
#373=ORIENTED_EDGE('',*,*,#262,.F.);
#374=ORIENTED_EDGE('',*,*,#263,.F.);
#375=ORIENTED_EDGE('',*,*,#264,.T.);
#376=ORIENTED_EDGE('',*,*,#265,.T.);
#377=ORIENTED_EDGE('',*,*,#266,.T.);
#378=ORIENTED_EDGE('',*,*,#267,.F.);
#379=ORIENTED_EDGE('',*,*,#268,.F.);
#380=ORIENTED_EDGE('',*,*,#266,.F.);
#381=ORIENTED_EDGE('',*,*,#269,.T.);
#382=ORIENTED_EDGE('',*,*,#263,.T.);
#383=ORIENTED_EDGE('',*,*,#270,.F.);
#384=ORIENTED_EDGE('',*,*,#268,.T.);
#385=ORIENTED_EDGE('',*,*,#271,.T.);
#386=ORIENTED_EDGE('',*,*,#264,.F.);
#387=ORIENTED_EDGE('',*,*,#269,.F.);
#388=ORIENTED_EDGE('',*,*,#267,.T.);
#389=ORIENTED_EDGE('',*,*,#270,.T.);
#390=ORIENTED_EDGE('',*,*,#265,.F.);
#391=ORIENTED_EDGE('',*,*,#271,.F.);
#392=B_SPLINE_SURFACE_WITH_KNOTS('',3,3,((#520,#521,#522,#523),(#524,#525,
#526,#527),(#528,#529,#530,#531),(#532,#533,#534,#535)),.UNSPECIFIED.,.F.,
 .F.,.F.,(4,4),(4,4),(0.0155605099798787,0.0378611008888616),(0.,0.1),
 .UNSPECIFIED.);
#393=B_SPLINE_SURFACE_WITH_KNOTS('',3,3,((#553,#554,#555,#556),(#557,#558,
#559,#560),(#561,#562,#563,#564),(#565,#566,#567,#568),(#569,#570,#571,
#572),(#573,#574,#575,#576)),.UNSPECIFIED.,.F.,.F.,.F.,(4,1,1,4),(4,4),
(0.35992301727472,0.542802155196229,0.725681293117737,1.),(0.00951018977130944,
0.780500737754159),.UNSPECIFIED.);
#394=B_SPLINE_SURFACE_WITH_KNOTS('',3,3,((#643,#644,#645,#646,#647,#648,
#649),(#650,#651,#652,#653,#654,#655,#656),(#657,#658,#659,#660,#661,#662,
#663),(#664,#665,#666,#667,#668,#669,#670),(#671,#672,#673,#674,#675,#676,
#677),(#678,#679,#680,#681,#682,#683,#684),(#685,#686,#687,#688,#689,#690,
#691),(#692,#693,#694,#695,#696,#697,#698),(#699,#700,#701,#702,#703,#704,
#705),(#706,#707,#708,#709,#710,#711,#712)),.UNSPECIFIED.,.F.,.F.,.F.,(4,
1,1,1,1,1,1,4),(4,1,1,1,4),(0.342960515053673,0.436823298617434,0.530686082181195,
0.624548865744956,0.718411649308717,0.812274432872478,0.906137216436239,
1.),(0.00654976503840821,0.0618319773752476,0.117114189712087,0.338243039059444,
0.780500737754159),.UNSPECIFIED.);
#395=B_SPLINE_SURFACE_WITH_KNOTS('',3,3,((#779,#780,#781,#782),(#783,#784,
#785,#786),(#787,#788,#789,#790),(#791,#792,#793,#794),(#795,#796,#797,
#798),(#799,#800,#801,#802),(#803,#804,#805,#806),(#807,#808,#809,#810),
(#811,#812,#813,#814),(#815,#816,#817,#818),(#819,#820,#821,#822),(#823,
#824,#825,#826),(#827,#828,#829,#830),(#831,#832,#833,#834),(#835,#836,
#837,#838),(#839,#840,#841,#842),(#843,#844,#845,#846),(#847,#848,#849,
#850),(#851,#852,#853,#854),(#855,#856,#857,#858),(#859,#860,#861,#862),
(#863,#864,#865,#866),(#867,#868,#869,#870),(#871,#872,#873,#874),(#875,
#876,#877,#878),(#879,#880,#881,#882),(#883,#884,#885,#886),(#887,#888,
#889,#890),(#891,#892,#893,#894),(#895,#896,#897,#898),(#899,#900,#901,
#902),(#903,#904,#905,#906),(#907,#908,#909,#910),(#911,#912,#913,#914),
(#915,#916,#917,#918),(#919,#920,#921,#922),(#923,#924,#925,#926),(#927,
#928,#929,#930),(#931,#932,#933,#934),(#935,#936,#937,#938),(#939,#940,
#941,#942),(#943,#944,#945,#946),(#947,#948,#949,#950),(#951,#952,#953,
#954),(#955,#956,#957,#958),(#959,#960,#961,#962),(#963,#964,#965,#966)),
 .UNSPECIFIED.,.F.,.F.,.F.,(4,1,1,1,1,1,1,1,1,1,1,1,1,1,1,1,1,1,1,1,1,1,
1,1,1,1,1,1,1,1,1,1,1,1,1,1,1,1,1,1,1,1,1,1,4),(4,4),(0.232349153951157,
0.472296739525789,0.71224432510042,0.832218117887736,0.952191910675052,
1.19213949624968,1.67203466739895,2.15192983854821,2.63182500969747,3.11172018084674,
4.07151052314526,4.28479726587827,4.49808400861128,4.92465749407729,5.3512309795433,
5.67116109364281,5.99109120774232,6.63095143594134,6.95088155004085,7.27081166414036,
7.91067189233937,8.55053212053839,9.19039234873741,9.51032246283692,9.83025257693643,
10.4701128051354,11.7498332615335,13.0295537179315,13.6694139461305,14.3092741743296,
14.9491344025286,15.5889946307276,16.8687150871256,18.1484355435237,19.4281559999217,
20.3879463422202,20.8678415133695,21.3477366845188,22.3075270268173,23.2673173691158,
23.7472125402651,24.2271077114143,25.1868980537129,26.1466883960114,27.1064787383099),
(0.,0.1),.UNSPECIFIED.);
#396=B_SPLINE_SURFACE_WITH_KNOTS('',3,3,((#983,#984,#985,#986),(#987,#988,
#989,#990),(#991,#992,#993,#994),(#995,#996,#997,#998)),.UNSPECIFIED.,.F.,
 .F.,.F.,(4,4),(4,4),(0.0155605099798787,0.0378611008888616),(0.,0.1),
 .UNSPECIFIED.);
#397=B_SPLINE_SURFACE_WITH_KNOTS('',3,3,((#1016,#1017,#1018,#1019),(#1020,
#1021,#1022,#1023),(#1024,#1025,#1026,#1027),(#1028,#1029,#1030,#1031),
(#1032,#1033,#1034,#1035),(#1036,#1037,#1038,#1039)),.UNSPECIFIED.,.F.,
 .F.,.F.,(4,1,1,4),(4,4),(0.35992301727472,0.634241724156983,0.817120862078491,
1.),(0.00951018977130945,0.780500737754159),.UNSPECIFIED.);
#398=B_SPLINE_SURFACE_WITH_KNOTS('',3,3,((#1108,#1109,#1110,#1111,#1112,
#1113,#1114),(#1115,#1116,#1117,#1118,#1119,#1120,#1121),(#1122,#1123,#1124,
#1125,#1126,#1127,#1128),(#1129,#1130,#1131,#1132,#1133,#1134,#1135),(#1136,
#1137,#1138,#1139,#1140,#1141,#1142),(#1143,#1144,#1145,#1146,#1147,#1148,
#1149),(#1150,#1151,#1152,#1153,#1154,#1155,#1156),(#1157,#1158,#1159,#1160,
#1161,#1162,#1163),(#1164,#1165,#1166,#1167,#1168,#1169,#1170),(#1171,#1172,
#1173,#1174,#1175,#1176,#1177)),.UNSPECIFIED.,.F.,.F.,.F.,(4,1,1,1,1,1,
1,4),(4,1,1,1,4),(0.342960515053673,0.436823298617434,0.530686082181195,
0.624548865744956,0.718411649308717,0.812274432872478,0.906137216436239,
1.),(0.00654976503840823,0.0618319773752476,0.117114189712087,0.338243039059444,
0.780500737754159),.UNSPECIFIED.);
#399=B_SPLINE_SURFACE_WITH_KNOTS('',3,3,((#1246,#1247,#1248,#1249),(#1250,
#1251,#1252,#1253),(#1254,#1255,#1256,#1257),(#1258,#1259,#1260,#1261),
(#1262,#1263,#1264,#1265),(#1266,#1267,#1268,#1269),(#1270,#1271,#1272,
#1273),(#1274,#1275,#1276,#1277),(#1278,#1279,#1280,#1281),(#1282,#1283,
#1284,#1285),(#1286,#1287,#1288,#1289),(#1290,#1291,#1292,#1293),(#1294,
#1295,#1296,#1297),(#1298,#1299,#1300,#1301),(#1302,#1303,#1304,#1305),
(#1306,#1307,#1308,#1309),(#1310,#1311,#1312,#1313),(#1314,#1315,#1316,
#1317),(#1318,#1319,#1320,#1321),(#1322,#1323,#1324,#1325),(#1326,#1327,
#1328,#1329),(#1330,#1331,#1332,#1333),(#1334,#1335,#1336,#1337),(#1338,
#1339,#1340,#1341),(#1342,#1343,#1344,#1345),(#1346,#1347,#1348,#1349),
(#1350,#1351,#1352,#1353),(#1354,#1355,#1356,#1357),(#1358,#1359,#1360,
#1361),(#1362,#1363,#1364,#1365),(#1366,#1367,#1368,#1369),(#1370,#1371,
#1372,#1373),(#1374,#1375,#1376,#1377),(#1378,#1379,#1380,#1381),(#1382,
#1383,#1384,#1385),(#1386,#1387,#1388,#1389),(#1390,#1391,#1392,#1393),
(#1394,#1395,#1396,#1397),(#1398,#1399,#1400,#1401),(#1402,#1403,#1404,
#1405),(#1406,#1407,#1408,#1409),(#1410,#1411,#1412,#1413),(#1414,#1415,
#1416,#1417),(#1418,#1419,#1420,#1421),(#1422,#1423,#1424,#1425),(#1426,
#1427,#1428,#1429),(#1430,#1431,#1432,#1433),(#1434,#1435,#1436,#1437),
(#1438,#1439,#1440,#1441)),.UNSPECIFIED.,.F.,.F.,.F.,(4,1,1,1,1,1,1,1,1,
1,1,1,1,1,1,1,1,1,1,1,1,1,1,1,1,1,1,1,1,1,1,1,1,1,1,1,1,1,1,1,1,1,1,1,1,
1,4),(4,4),(0.232349153951157,0.472296739525788,0.71224432510042,0.832218117887736,
0.952191910675052,1.19213949624968,1.67203466739895,2.15192983854821,2.63182500969747,
3.11172018084674,4.07151052314526,4.39144063724477,4.47142316576965,4.71137075134428,
4.87133580839404,5.3512309795433,5.99109120774232,6.63095143594134,6.95088155004085,
7.27081166414036,7.91067189233937,8.55053212053839,9.19039234873741,9.51032246283692,
9.83025257693643,10.4701128051354,11.7498332615335,13.0295537179315,13.6694139461305,
14.3092741743296,14.9491344025286,15.5889946307276,16.8687150871256,18.1484355435237,
19.4281559999217,20.0680162281207,20.7078764563197,21.9875969127178,22.6274571409168,
23.2673173691158,24.2271077114143,24.9469504681382,25.1868980537129,25.7867670176494,
26.1466883960114,26.386635981586,27.1064787383099),(0.,0.1),
 .UNSPECIFIED.);
#400=B_SPLINE_SURFACE_WITH_KNOTS('',3,3,((#1458,#1459,#1460,#1461),(#1462,
#1463,#1464,#1465),(#1466,#1467,#1468,#1469),(#1470,#1471,#1472,#1473)),
 .UNSPECIFIED.,.F.,.F.,.F.,(4,4),(4,4),(0.0155605099798787,0.0378611008888616),
(0.,0.1),.UNSPECIFIED.);
#401=B_SPLINE_SURFACE_WITH_KNOTS('',3,3,((#1491,#1492,#1493,#1494),(#1495,
#1496,#1497,#1498),(#1499,#1500,#1501,#1502),(#1503,#1504,#1505,#1506),
(#1507,#1508,#1509,#1510),(#1511,#1512,#1513,#1514)),.UNSPECIFIED.,.F.,
 .F.,.F.,(4,1,1,4),(4,4),(0.35992301727472,0.634241724156983,0.817120862078491,
1.),(0.00951018977130945,0.780500737754159),.UNSPECIFIED.);
#402=B_SPLINE_SURFACE_WITH_KNOTS('',3,3,((#1588,#1589,#1590,#1591,#1592,
#1593,#1594),(#1595,#1596,#1597,#1598,#1599,#1600,#1601),(#1602,#1603,#1604,
#1605,#1606,#1607,#1608),(#1609,#1610,#1611,#1612,#1613,#1614,#1615),(#1616,
#1617,#1618,#1619,#1620,#1621,#1622),(#1623,#1624,#1625,#1626,#1627,#1628,
#1629),(#1630,#1631,#1632,#1633,#1634,#1635,#1636),(#1637,#1638,#1639,#1640,
#1641,#1642,#1643),(#1644,#1645,#1646,#1647,#1648,#1649,#1650),(#1651,#1652,
#1653,#1654,#1655,#1656,#1657)),.UNSPECIFIED.,.F.,.F.,.F.,(4,1,1,1,1,1,
1,4),(4,1,1,1,4),(0.342960515053673,0.436823298617434,0.530686082181195,
0.624548865744956,0.718411649308717,0.812274432872478,0.906137216436239,
1.),(0.00654976503840825,0.0618319773752476,0.117114189712087,0.338243039059444,
0.780500737754159),.UNSPECIFIED.);
#403=B_SPLINE_SURFACE_WITH_KNOTS('',3,3,((#1731,#1732,#1733,#1734),(#1735,
#1736,#1737,#1738),(#1739,#1740,#1741,#1742),(#1743,#1744,#1745,#1746),
(#1747,#1748,#1749,#1750),(#1751,#1752,#1753,#1754),(#1755,#1756,#1757,
#1758),(#1759,#1760,#1761,#1762),(#1763,#1764,#1765,#1766),(#1767,#1768,
#1769,#1770),(#1771,#1772,#1773,#1774),(#1775,#1776,#1777,#1778),(#1779,
#1780,#1781,#1782),(#1783,#1784,#1785,#1786),(#1787,#1788,#1789,#1790),
(#1791,#1792,#1793,#1794),(#1795,#1796,#1797,#1798),(#1799,#1800,#1801,
#1802),(#1803,#1804,#1805,#1806),(#1807,#1808,#1809,#1810),(#1811,#1812,
#1813,#1814),(#1815,#1816,#1817,#1818),(#1819,#1820,#1821,#1822),(#1823,
#1824,#1825,#1826),(#1827,#1828,#1829,#1830),(#1831,#1832,#1833,#1834),
(#1835,#1836,#1837,#1838),(#1839,#1840,#1841,#1842),(#1843,#1844,#1845,
#1846),(#1847,#1848,#1849,#1850),(#1851,#1852,#1853,#1854),(#1855,#1856,
#1857,#1858),(#1859,#1860,#1861,#1862),(#1863,#1864,#1865,#1866),(#1867,
#1868,#1869,#1870),(#1871,#1872,#1873,#1874),(#1875,#1876,#1877,#1878),
(#1879,#1880,#1881,#1882),(#1883,#1884,#1885,#1886),(#1887,#1888,#1889,
#1890),(#1891,#1892,#1893,#1894),(#1895,#1896,#1897,#1898),(#1899,#1900,
#1901,#1902),(#1903,#1904,#1905,#1906),(#1907,#1908,#1909,#1910),(#1911,
#1912,#1913,#1914),(#1915,#1916,#1917,#1918),(#1919,#1920,#1921,#1922),
(#1923,#1924,#1925,#1926)),.UNSPECIFIED.,.F.,.F.,.F.,(4,1,1,1,1,1,1,1,1,
1,1,1,1,1,1,1,1,1,1,1,1,1,1,1,1,1,1,1,1,1,1,1,1,1,1,1,1,1,1,1,1,1,1,1,1,
1,4),(4,4),(0.232349153951157,0.472296739525789,0.712244325100421,0.832218117887737,
0.952191910675053,1.19213949624968,1.67203466739895,2.15192983854821,2.63182500969747,
3.11172018084674,4.07151052314527,4.28479726587827,4.49808400861128,4.92465749407729,
5.3512309795433,5.99109120774232,6.63095143594134,6.95088155004085,7.27081166414036,
7.91067189233937,8.55053212053839,9.19039234873741,9.51032246283692,9.83025257693643,
10.1501826910359,10.4701128051354,11.7498332615335,13.0295537179315,13.6694139461305,
14.3092741743296,14.9491344025286,15.5889946307276,16.8687150871256,18.1484355435237,
19.4281559999217,20.3879463422202,21.3477366845188,21.827631855668,22.3075270268173,
23.2673173691158,24.2271077114143,24.9469504681382,25.1868980537129,25.7867670176494,
26.1466883960114,26.386635981586,27.1064787383099),(0.,0.1),
 .UNSPECIFIED.);
#404=B_SPLINE_SURFACE_WITH_KNOTS('',3,3,((#1952,#1953,#1954,#1955,#1956,
#1957,#1958),(#1959,#1960,#1961,#1962,#1963,#1964,#1965),(#1966,#1967,#1968,
#1969,#1970,#1971,#1972),(#1973,#1974,#1975,#1976,#1977,#1978,#1979),(#1980,
#1981,#1982,#1983,#1984,#1985,#1986),(#1987,#1988,#1989,#1990,#1991,#1992,
#1993),(#1994,#1995,#1996,#1997,#1998,#1999,#2000),(#2001,#2002,#2003,#2004,
#2005,#2006,#2007),(#2008,#2009,#2010,#2011,#2012,#2013,#2014),(#2015,#2016,
#2017,#2018,#2019,#2020,#2021)),.UNSPECIFIED.,.F.,.F.,.F.,(4,1,1,1,1,1,
1,4),(4,1,1,1,4),(0.288721899667076,0.390333056857494,0.491944214047912,
0.593555371238329,0.695166528428747,0.796777685619165,0.898388842809582,
1.),(0.,0.0557500526967257,0.111500105393451,0.334500316180354,0.780500737754159),
 .UNSPECIFIED.);
#405=B_SPLINE_SURFACE_WITH_KNOTS('',3,3,((#2104,#2105,#2106,#2107),(#2108,
#2109,#2110,#2111),(#2112,#2113,#2114,#2115),(#2116,#2117,#2118,#2119),
(#2120,#2121,#2122,#2123),(#2124,#2125,#2126,#2127)),.UNSPECIFIED.,.F.,
 .F.,.F.,(4,1,1,4),(4,4),(0.288721899667076,0.593555371238329,0.796777685619165,
1.),(0.,0.780500737754159),.UNSPECIFIED.);
#406=B_SPLINE_SURFACE_WITH_KNOTS('',3,3,((#2186,#2187,#2188,#2189),(#2190,
#2191,#2192,#2193),(#2194,#2195,#2196,#2197),(#2198,#2199,#2200,#2201),
(#2202,#2203,#2204,#2205),(#2206,#2207,#2208,#2209),(#2210,#2211,#2212,
#2213),(#2214,#2215,#2216,#2217),(#2218,#2219,#2220,#2221),(#2222,#2223,
#2224,#2225),(#2226,#2227,#2228,#2229),(#2230,#2231,#2232,#2233),(#2234,
#2235,#2236,#2237),(#2238,#2239,#2240,#2241),(#2242,#2243,#2244,#2245),
(#2246,#2247,#2248,#2249),(#2250,#2251,#2252,#2253),(#2254,#2255,#2256,
#2257),(#2258,#2259,#2260,#2261),(#2262,#2263,#2264,#2265),(#2266,#2267,
#2268,#2269),(#2270,#2271,#2272,#2273),(#2274,#2275,#2276,#2277),(#2278,
#2279,#2280,#2281),(#2282,#2283,#2284,#2285),(#2286,#2287,#2288,#2289),
(#2290,#2291,#2292,#2293),(#2294,#2295,#2296,#2297),(#2298,#2299,#2300,
#2301),(#2302,#2303,#2304,#2305),(#2306,#2307,#2308,#2309),(#2310,#2311,
#2312,#2313),(#2314,#2315,#2316,#2317),(#2318,#2319,#2320,#2321),(#2322,
#2323,#2324,#2325),(#2326,#2327,#2328,#2329),(#2330,#2331,#2332,#2333),
(#2334,#2335,#2336,#2337),(#2338,#2339,#2340,#2341),(#2342,#2343,#2344,
#2345),(#2346,#2347,#2348,#2349),(#2350,#2351,#2352,#2353),(#2354,#2355,
#2356,#2357),(#2358,#2359,#2360,#2361),(#2362,#2363,#2364,#2365),(#2366,
#2367,#2368,#2369),(#2370,#2371,#2372,#2373),(#2374,#2375,#2376,#2377),
(#2378,#2379,#2380,#2381),(#2382,#2383,#2384,#2385),(#2386,#2387,#2388,
#2389),(#2390,#2391,#2392,#2393),(#2394,#2395,#2396,#2397)),
 .UNSPECIFIED.,.F.,.F.,.F.,(4,1,1,1,1,1,1,1,1,1,1,1,1,1,1,1,1,1,1,1,1,1,
1,1,1,1,1,1,1,1,1,1,1,1,1,1,1,1,1,1,1,1,1,1,1,1,1,1,1,1,4),(4,4),(0.,0.242022131592053,
0.484044263184106,0.726066394776158,0.847077460572185,0.968088526368211,
1.45213278955232,1.69415492114437,1.93617705273642,2.42022131592053,2.90426557910463,
3.38830984228874,3.87235410547284,4.19505028092891,4.51774645638499,4.84044263184106,
5.16313880729713,5.80853115820927,6.29257542139337,6.77661968457748,7.26066394776158,
7.74470821094569,8.39010056185783,8.7127967373139,8.87414482504194,9.03549291276997,
9.35818908822604,9.68088526368211,10.3262776145943,11.6170623164185,12.5851508427867,
12.9078470182428,14.1986317200671,15.4894164218914,15.8121125973475,16.1348087728035,
17.1028972991717,18.0709858255399,19.3617705273642,20.0071628782764,20.6525552291885,
21.9433399310128,22.5887322819249,23.2341246328371,24.2022131592053,24.9282795539814,
25.1703016855735,25.7753570145536,26.1383902119417,26.3804123435338,27.1064787383099),
(0.,0.1),.UNSPECIFIED.);
#407=B_SPLINE_SURFACE_WITH_KNOTS('',3,3,((#2400,#2401,#2402,#2403),(#2404,
#2405,#2406,#2407),(#2408,#2409,#2410,#2411),(#2412,#2413,#2414,#2415),
(#2416,#2417,#2418,#2419),(#2420,#2421,#2422,#2423),(#2424,#2425,#2426,
#2427),(#2428,#2429,#2430,#2431),(#2432,#2433,#2434,#2435),(#2436,#2437,
#2438,#2439)),.UNSPECIFIED.,.F.,.F.,.F.,(4,1,1,1,1,1,1,4),(4,4),(0.549358800187952,
0.74269703834794,0.936035276507928,1.12937351466792,1.3227117528279,1.51604999098789,
1.70938822914788,1.90272646730787),(0.,0.1),.UNSPECIFIED.);
#408=B_SPLINE_SURFACE_WITH_KNOTS('',3,3,((#2441,#2442,#2443,#2444),(#2445,
#2446,#2447,#2448),(#2449,#2450,#2451,#2452),(#2453,#2454,#2455,#2456)),
 .UNSPECIFIED.,.F.,.F.,.F.,(4,4),(4,4),(0.,0.0378611008888616),(0.,0.1),
 .UNSPECIFIED.);
#409=B_SPLINE_SURFACE_WITH_KNOTS('',3,3,((#2457,#2458,#2459,#2460,#2461,
#2462,#2463),(#2464,#2465,#2466,#2467,#2468,#2469,#2470),(#2471,#2472,#2473,
#2474,#2475,#2476,#2477),(#2478,#2479,#2480,#2481,#2482,#2483,#2484),(#2485,
#2486,#2487,#2488,#2489,#2490,#2491),(#2492,#2493,#2494,#2495,#2496,#2497,
#2498),(#2499,#2500,#2501,#2502,#2503,#2504,#2505),(#2506,#2507,#2508,#2509,
#2510,#2511,#2512),(#2513,#2514,#2515,#2516,#2517,#2518,#2519),(#2520,#2521,
#2522,#2523,#2524,#2525,#2526)),.UNSPECIFIED.,.F.,.F.,.F.,(4,1,1,1,1,1,
1,4),(4,1,1,1,4),(0.288721899667076,0.390333056857494,0.491944214047912,
0.593555371238329,0.695166528428747,0.796777685619165,0.898388842809582,
1.),(0.,0.0557500526967257,0.111500105393451,0.334500316180354,0.780500737754159),
 .UNSPECIFIED.);
#410=B_SPLINE_SURFACE_WITH_KNOTS('',3,3,((#2608,#2609,#2610,#2611),(#2612,
#2613,#2614,#2615),(#2616,#2617,#2618,#2619),(#2620,#2621,#2622,#2623),
(#2624,#2625,#2626,#2627),(#2628,#2629,#2630,#2631)),.UNSPECIFIED.,.F.,
 .F.,.F.,(4,1,1,4),(4,4),(0.288721899667076,0.593555371238329,0.796777685619165,
1.),(0.,0.780500737754159),.UNSPECIFIED.);
#411=B_SPLINE_SURFACE_WITH_KNOTS('',3,3,((#2689,#2690,#2691,#2692),(#2693,
#2694,#2695,#2696),(#2697,#2698,#2699,#2700),(#2701,#2702,#2703,#2704),
(#2705,#2706,#2707,#2708),(#2709,#2710,#2711,#2712),(#2713,#2714,#2715,
#2716),(#2717,#2718,#2719,#2720),(#2721,#2722,#2723,#2724),(#2725,#2726,
#2727,#2728),(#2729,#2730,#2731,#2732),(#2733,#2734,#2735,#2736),(#2737,
#2738,#2739,#2740),(#2741,#2742,#2743,#2744),(#2745,#2746,#2747,#2748),
(#2749,#2750,#2751,#2752),(#2753,#2754,#2755,#2756),(#2757,#2758,#2759,
#2760),(#2761,#2762,#2763,#2764),(#2765,#2766,#2767,#2768),(#2769,#2770,
#2771,#2772),(#2773,#2774,#2775,#2776),(#2777,#2778,#2779,#2780),(#2781,
#2782,#2783,#2784),(#2785,#2786,#2787,#2788),(#2789,#2790,#2791,#2792),
(#2793,#2794,#2795,#2796),(#2797,#2798,#2799,#2800),(#2801,#2802,#2803,
#2804),(#2805,#2806,#2807,#2808),(#2809,#2810,#2811,#2812),(#2813,#2814,
#2815,#2816),(#2817,#2818,#2819,#2820),(#2821,#2822,#2823,#2824),(#2825,
#2826,#2827,#2828),(#2829,#2830,#2831,#2832),(#2833,#2834,#2835,#2836),
(#2837,#2838,#2839,#2840),(#2841,#2842,#2843,#2844),(#2845,#2846,#2847,
#2848),(#2849,#2850,#2851,#2852),(#2853,#2854,#2855,#2856),(#2857,#2858,
#2859,#2860),(#2861,#2862,#2863,#2864),(#2865,#2866,#2867,#2868),(#2869,
#2870,#2871,#2872),(#2873,#2874,#2875,#2876),(#2877,#2878,#2879,#2880),
(#2881,#2882,#2883,#2884),(#2885,#2886,#2887,#2888),(#2889,#2890,#2891,
#2892),(#2893,#2894,#2895,#2896)),.UNSPECIFIED.,.F.,.F.,.F.,(4,1,1,1,1,
1,1,1,1,1,1,1,1,1,1,1,1,1,1,1,1,1,1,1,1,1,1,1,1,1,1,1,1,1,1,1,1,1,1,1,1,
1,1,1,1,1,1,1,1,4),(4,4),(0.,0.242022131592053,0.484044263184106,0.726066394776158,
0.847077460572185,0.968088526368211,1.45213278955232,1.69415492114437,1.93617705273642,
2.42022131592053,2.90426557910463,3.38830984228874,3.87235410547284,4.19505028092891,
4.51774645638499,4.84044263184106,5.16313880729713,5.80853115820927,6.29257542139337,
6.77661968457748,7.26066394776158,7.74470821094569,8.7127967373139,8.87414482504194,
9.03549291276997,9.35818908822604,9.68088526368211,10.3262776145943,11.6170623164185,
12.5851508427867,12.9078470182428,14.1986317200671,15.4894164218914,15.8121125973475,
16.1348087728035,17.1028972991717,18.0709858255399,19.3617705273642,20.0071628782764,
20.6525552291885,21.9433399310128,22.5887322819249,23.2341246328371,24.2022131592053,
24.9282795539814,25.1703016855735,25.7753570145536,26.1383902119417,26.3804123435338,
27.1064787383099),(0.,0.1),.UNSPECIFIED.);
#412=B_SPLINE_SURFACE_WITH_KNOTS('',3,3,((#2899,#2900,#2901,#2902),(#2903,
#2904,#2905,#2906),(#2907,#2908,#2909,#2910),(#2911,#2912,#2913,#2914),
(#2915,#2916,#2917,#2918),(#2919,#2920,#2921,#2922),(#2923,#2924,#2925,
#2926),(#2927,#2928,#2929,#2930),(#2931,#2932,#2933,#2934),(#2935,#2936,
#2937,#2938)),.UNSPECIFIED.,.F.,.F.,.F.,(4,1,1,1,1,1,1,4),(4,4),(0.549358800187952,
0.74269703834794,0.936035276507928,1.12937351466792,1.3227117528279,1.51604999098789,
1.70938822914788,1.90272646730787),(0.,0.1),.UNSPECIFIED.);
#413=B_SPLINE_SURFACE_WITH_KNOTS('',3,3,((#2940,#2941,#2942,#2943),(#2944,
#2945,#2946,#2947),(#2948,#2949,#2950,#2951),(#2952,#2953,#2954,#2955)),
 .UNSPECIFIED.,.F.,.F.,.F.,(4,4),(4,4),(0.,0.0378611008888616),(0.,0.1),
 .UNSPECIFIED.);
#414=B_SPLINE_SURFACE_WITH_KNOTS('',3,3,((#2956,#2957,#2958,#2959,#2960,
#2961,#2962),(#2963,#2964,#2965,#2966,#2967,#2968,#2969),(#2970,#2971,#2972,
#2973,#2974,#2975,#2976),(#2977,#2978,#2979,#2980,#2981,#2982,#2983),(#2984,
#2985,#2986,#2987,#2988,#2989,#2990),(#2991,#2992,#2993,#2994,#2995,#2996,
#2997),(#2998,#2999,#3000,#3001,#3002,#3003,#3004),(#3005,#3006,#3007,#3008,
#3009,#3010,#3011),(#3012,#3013,#3014,#3015,#3016,#3017,#3018),(#3019,#3020,
#3021,#3022,#3023,#3024,#3025)),.UNSPECIFIED.,.F.,.F.,.F.,(4,1,1,1,1,1,
1,4),(4,1,1,1,4),(0.288721899667076,0.390333056857494,0.491944214047912,
0.593555371238329,0.695166528428747,0.796777685619165,0.898388842809582,
1.),(0.,0.0557500526967257,0.111500105393451,0.334500316180354,0.780500737754159),
 .UNSPECIFIED.);
#415=B_SPLINE_SURFACE_WITH_KNOTS('',3,3,((#3107,#3108,#3109,#3110),(#3111,
#3112,#3113,#3114),(#3115,#3116,#3117,#3118),(#3119,#3120,#3121,#3122),
(#3123,#3124,#3125,#3126),(#3127,#3128,#3129,#3130)),.UNSPECIFIED.,.F.,
 .F.,.F.,(4,1,1,4),(4,4),(0.288721899667076,0.593555371238329,0.796777685619165,
1.),(0.,0.780500737754159),.UNSPECIFIED.);
#416=B_SPLINE_SURFACE_WITH_KNOTS('',3,3,((#3188,#3189,#3190,#3191),(#3192,
#3193,#3194,#3195),(#3196,#3197,#3198,#3199),(#3200,#3201,#3202,#3203),
(#3204,#3205,#3206,#3207),(#3208,#3209,#3210,#3211),(#3212,#3213,#3214,
#3215),(#3216,#3217,#3218,#3219),(#3220,#3221,#3222,#3223),(#3224,#3225,
#3226,#3227),(#3228,#3229,#3230,#3231),(#3232,#3233,#3234,#3235),(#3236,
#3237,#3238,#3239),(#3240,#3241,#3242,#3243),(#3244,#3245,#3246,#3247),
(#3248,#3249,#3250,#3251),(#3252,#3253,#3254,#3255),(#3256,#3257,#3258,
#3259),(#3260,#3261,#3262,#3263),(#3264,#3265,#3266,#3267),(#3268,#3269,
#3270,#3271),(#3272,#3273,#3274,#3275),(#3276,#3277,#3278,#3279),(#3280,
#3281,#3282,#3283),(#3284,#3285,#3286,#3287),(#3288,#3289,#3290,#3291),
(#3292,#3293,#3294,#3295),(#3296,#3297,#3298,#3299),(#3300,#3301,#3302,
#3303),(#3304,#3305,#3306,#3307),(#3308,#3309,#3310,#3311),(#3312,#3313,
#3314,#3315),(#3316,#3317,#3318,#3319),(#3320,#3321,#3322,#3323),(#3324,
#3325,#3326,#3327),(#3328,#3329,#3330,#3331),(#3332,#3333,#3334,#3335),
(#3336,#3337,#3338,#3339),(#3340,#3341,#3342,#3343),(#3344,#3345,#3346,
#3347),(#3348,#3349,#3350,#3351),(#3352,#3353,#3354,#3355),(#3356,#3357,
#3358,#3359),(#3360,#3361,#3362,#3363),(#3364,#3365,#3366,#3367),(#3368,
#3369,#3370,#3371),(#3372,#3373,#3374,#3375),(#3376,#3377,#3378,#3379),
(#3380,#3381,#3382,#3383),(#3384,#3385,#3386,#3387),(#3388,#3389,#3390,
#3391),(#3392,#3393,#3394,#3395)),.UNSPECIFIED.,.F.,.F.,.F.,(4,1,1,1,1,
1,1,1,1,1,1,1,1,1,1,1,1,1,1,1,1,1,1,1,1,1,1,1,1,1,1,1,1,1,1,1,1,1,1,1,1,
1,1,1,1,1,1,1,1,4),(4,4),(0.,0.242022131592053,0.484044263184106,0.726066394776158,
0.847077460572185,0.968088526368211,1.45213278955232,1.69415492114437,1.93617705273642,
2.42022131592053,2.90426557910463,3.38830984228874,3.87235410547284,4.19505028092891,
4.51774645638499,4.84044263184106,5.16313880729713,5.80853115820927,6.29257542139337,
6.77661968457748,7.26066394776158,7.74470821094569,8.39010056185783,8.7127967373139,
9.03549291276997,9.35818908822604,9.68088526368211,10.3262776145943,11.6170623164185,
12.5851508427867,12.9078470182428,14.1986317200671,15.4894164218914,15.8121125973475,
16.1348087728035,17.1028972991717,18.0709858255399,19.3617705273642,20.0071628782764,
20.6525552291885,21.9433399310128,22.5887322819249,23.2341246328371,24.2022131592053,
24.9282795539814,25.1703016855735,25.7753570145536,26.1383902119417,26.3804123435338,
27.1064787383099),(0.,0.1),.UNSPECIFIED.);
#417=B_SPLINE_SURFACE_WITH_KNOTS('',3,3,((#3398,#3399,#3400,#3401),(#3402,
#3403,#3404,#3405),(#3406,#3407,#3408,#3409),(#3410,#3411,#3412,#3413),
(#3414,#3415,#3416,#3417),(#3418,#3419,#3420,#3421),(#3422,#3423,#3424,
#3425),(#3426,#3427,#3428,#3429),(#3430,#3431,#3432,#3433),(#3434,#3435,
#3436,#3437)),.UNSPECIFIED.,.F.,.F.,.F.,(4,1,1,1,1,1,1,4),(4,4),(0.549358800187952,
0.74269703834794,0.936035276507928,1.12937351466792,1.3227117528279,1.51604999098789,
1.70938822914788,1.90272646730787),(0.,0.1),.UNSPECIFIED.);
#418=B_SPLINE_SURFACE_WITH_KNOTS('',3,3,((#3439,#3440,#3441,#3442),(#3443,
#3444,#3445,#3446),(#3447,#3448,#3449,#3450),(#3451,#3452,#3453,#3454)),
 .UNSPECIFIED.,.F.,.F.,.F.,(4,4),(4,4),(0.,0.0378611008888616),(0.,0.1),
 .UNSPECIFIED.);
#419=ADVANCED_FACE('',(#35),#392,.T.);
#420=ADVANCED_FACE('',(#36),#393,.F.);
#421=ADVANCED_FACE('',(#37),#394,.T.);
#422=ADVANCED_FACE('',(#38),#395,.F.);
#423=ADVANCED_FACE('',(#39),#396,.T.);
#424=ADVANCED_FACE('',(#40),#397,.F.);
#425=ADVANCED_FACE('',(#41),#398,.T.);
#426=ADVANCED_FACE('',(#42),#399,.F.);
#427=ADVANCED_FACE('',(#43),#400,.T.);
#428=ADVANCED_FACE('',(#44),#401,.F.);
#429=ADVANCED_FACE('',(#45),#402,.T.);
#430=ADVANCED_FACE('',(#46),#403,.F.);
#431=ADVANCED_FACE('',(#47,#27,#28),#34,.T.);
#432=ADVANCED_FACE('',(#48),#25,.T.);
#433=ADVANCED_FACE('',(#49),#26,.F.);
#434=ADVANCED_FACE('',(#50),#404,.T.);
#435=ADVANCED_FACE('',(#51),#405,.F.);
#436=ADVANCED_FACE('',(#52),#406,.F.);
#437=ADVANCED_FACE('',(#53),#407,.T.);
#438=ADVANCED_FACE('',(#54),#408,.T.);
#439=ADVANCED_FACE('',(#55),#409,.T.);
#440=ADVANCED_FACE('',(#56),#410,.F.);
#441=ADVANCED_FACE('',(#57),#411,.F.);
#442=ADVANCED_FACE('',(#58),#412,.T.);
#443=ADVANCED_FACE('',(#59),#413,.T.);
#444=ADVANCED_FACE('',(#60),#414,.T.);
#445=ADVANCED_FACE('',(#61),#415,.F.);
#446=ADVANCED_FACE('',(#62),#416,.F.);
#447=ADVANCED_FACE('',(#63),#417,.T.);
#448=ADVANCED_FACE('',(#64),#418,.T.);
#449=CLOSED_SHELL('',(#419,#420,#421,#422,#423,#424,#425,#426,#427,#428,
#429,#430,#431,#432,#433));
#450=CLOSED_SHELL('',(#434,#435,#436,#437,#438));
#451=CLOSED_SHELL('',(#439,#440,#441,#442,#443));
#452=CLOSED_SHELL('',(#444,#445,#446,#447,#448));
#453=DERIVED_UNIT_ELEMENT(#455,1.);
#454=DERIVED_UNIT_ELEMENT(#3463,-3.);
#455=(
MASS_UNIT()
NAMED_UNIT(*)
SI_UNIT(.KILO.,.GRAM.)
);
#456=DERIVED_UNIT((#453,#454));
#457=MEASURE_REPRESENTATION_ITEM('density measure',
POSITIVE_RATIO_MEASURE(7850.),#456);
#458=PROPERTY_DEFINITION_REPRESENTATION(#463,#460);
#459=PROPERTY_DEFINITION_REPRESENTATION(#464,#461);
#460=REPRESENTATION('material name',(#462),#3460);
#461=REPRESENTATION('density',(#457),#3460);
#462=DESCRIPTIVE_REPRESENTATION_ITEM('Steel','Steel');
#463=PROPERTY_DEFINITION('material property','material name',#3475);
#464=PROPERTY_DEFINITION('material property','density of part',#3475);
#465=AXIS2_PLACEMENT_3D('',#518,#476,#477);
#466=AXIS2_PLACEMENT_3D('',#519,#478,#479);
#467=AXIS2_PLACEMENT_3D('',#1943,#486,#487);
#468=AXIS2_PLACEMENT_3D('',#1945,#488,#489);
#469=AXIS2_PLACEMENT_3D('',#1949,#492,#493);
#470=AXIS2_PLACEMENT_3D('',#1950,#494,#495);
#471=AXIS2_PLACEMENT_3D('',#1951,#496,#497);
#472=AXIS2_PLACEMENT_3D('',#2185,#499,#500);
#473=AXIS2_PLACEMENT_3D('',#2688,#505,#506);
#474=AXIS2_PLACEMENT_3D('',#3187,#511,#512);
#475=AXIS2_PLACEMENT_3D('',#3455,#516,#517);
#476=DIRECTION('axis',(0.,0.,1.));
#477=DIRECTION('refdir',(1.,0.,0.));
#478=DIRECTION('axis',(0.,0.,1.));
#479=DIRECTION('refdir',(1.,0.,0.));
#480=DIRECTION('',(-0.0281028739937965,0.999603183101263,0.00192478754972302));
#481=DIRECTION('',(0.366838087398762,0.0121044568274797,-0.930206052312352));
#482=DIRECTION('',(0.87973318726638,-0.47546378875265,0.00192478754972302));
#483=DIRECTION('',(-0.172936276587772,-0.323743331176764,-0.930206052312352));
#484=DIRECTION('',(-0.851630313272583,-0.524139394348612,0.00192478754972302));
#485=DIRECTION('',(-0.19390181081099,0.311638874349284,-0.930206052312352));
#486=DIRECTION('center_axis',(0.,0.,1.));
#487=DIRECTION('ref_axis',(1.,0.,0.));
#488=DIRECTION('center_axis',(0.,0.,1.));
#489=DIRECTION('ref_axis',(1.,0.,0.));
#490=DIRECTION('',(0.,0.,-1.));
#491=DIRECTION('',(0.,0.,-1.));
#492=DIRECTION('center_axis',(0.,0.,1.));
#493=DIRECTION('ref_axis',(1.,0.,0.));
#494=DIRECTION('center_axis',(0.,0.,1.));
#495=DIRECTION('ref_axis',(1.,0.,0.));
#496=DIRECTION('center_axis',(0.,0.,1.));
#497=DIRECTION('ref_axis',(1.,0.,0.));
#498=DIRECTION('',(-0.0281028739937965,0.999603183101263,0.00192478754972302));
#499=DIRECTION('center_axis',(-0.866025403784439,-0.5,0.));
#500=DIRECTION('ref_axis',(0.499995740655081,-0.866018026382633,-0.00412762729736285));
#501=DIRECTION('',(0.694458149022893,0.701945546398623,-0.158114923858678));
#502=DIRECTION('',(0.366838087398762,0.0121044568274797,-0.930206052312352));
#503=DIRECTION('',(0.583388439057832,0.0179649376319464,-0.811994575221748));
#504=DIRECTION('',(0.87973318726638,-0.47546378875265,0.00192478754972302));
#505=DIRECTION('center_axis',(0.,1.,0.));
#506=DIRECTION('ref_axis',(-0.999991481310163,0.,-0.00412762729736285));
#507=DIRECTION('',(0.26067360074311,-0.952391172118256,-0.158114923858678));
#508=DIRECTION('',(-0.172936276587772,-0.323743331176764,-0.930206052312352));
#509=DIRECTION('',(-0.276136127162247,-0.514211677314206,-0.811994575221748));
#510=DIRECTION('',(-0.851630313272583,-0.524139394348612,0.00192478754972302));
#511=DIRECTION('center_axis',(0.866025403784438,-0.5,0.));
#512=DIRECTION('ref_axis',(0.499995740655082,0.866018026382632,-0.00412762729736285));
#513=DIRECTION('',(-0.955131749766003,0.250445625719633,-0.158114923858677));
#514=DIRECTION('',(-0.19390181081099,0.311638874349284,-0.930206052312352));
#515=DIRECTION('',(-0.307252311895584,0.496246739682259,-0.811994575221748));
#516=DIRECTION('',(0.,0.,1.));
#517=DIRECTION('',(1.,0.,0.));
#518=CARTESIAN_POINT('',(0.,0.,0.));
#519=CARTESIAN_POINT('',(0.,0.,0.));
#520=CARTESIAN_POINT('Ctrl Pts',(4.22295334055738,19.4242800126206,24.6492989606297));
#521=CARTESIAN_POINT('Ctrl Pts',(4.3826180040541,19.4293321738674,24.356736519417));
#522=CARTESIAN_POINT('Ctrl Pts',(4.54228266755083,19.4343843351142,24.0641740782044));
#523=CARTESIAN_POINT('Ctrl Pts',(4.70194733104756,19.4394364963611,23.7716116369917));
#524=CARTESIAN_POINT('Ctrl Pts',(4.18428895813105,20.7995500207532,24.6519471140509));
#525=CARTESIAN_POINT('Ctrl Pts',(4.32920695699754,20.8042030571815,24.3513540624878));
#526=CARTESIAN_POINT('Ctrl Pts',(4.47412476857502,20.8088562283852,24.0506882832592));
#527=CARTESIAN_POINT('Ctrl Pts',(4.6190427674415,20.8135092648134,23.7500952316961));
#528=CARTESIAN_POINT('Ctrl Pts',(4.14562457570473,22.1748200288859,24.6545952674721));
#529=CARTESIAN_POINT('Ctrl Pts',(4.27834710152849,22.1791404702493,24.3486692862001));
#530=CARTESIAN_POINT('Ctrl Pts',(4.41106429969041,22.1834608848613,24.0426794112081));
#531=CARTESIAN_POINT('Ctrl Pts',(4.54378682551417,22.1877813262247,23.7367534299361));
#532=CARTESIAN_POINT('Ctrl Pts',(4.1069601932784,23.5500900370186,24.6572434208933));
#533=CARTESIAN_POINT('Ctrl Pts',(4.22923955574465,23.5541248559611,24.3471747367892));
#534=CARTESIAN_POINT('Ctrl Pts',(4.35151891821091,23.5581596749035,24.0371060526851));
#535=CARTESIAN_POINT('Ctrl Pts',(4.47379828067716,23.562194493846,23.7270373685809));
#536=CARTESIAN_POINT('',(4.21942318223886,19.5498457285265,24.6495407439001));
#537=CARTESIAN_POINT('',(4.70194733104703,19.4394364963627,23.7716116369916));
#538=CARTESIAN_POINT('Ctrl Pts',(4.21942318223886,19.5498457285265,24.6495407439001));
#539=CARTESIAN_POINT('Ctrl Pts',(4.29914268175967,19.5326399504673,24.5028538583681));
#540=CARTESIAN_POINT('Ctrl Pts',(4.3791838871931,19.5148543684696,24.3563494468403));
#541=CARTESIAN_POINT('Ctrl Pts',(4.45952569244991,19.4964773901289,24.2101439287292));
#542=CARTESIAN_POINT('Ctrl Pts',(4.53998820161292,19.478072802587,24.0637187543994));
#543=CARTESIAN_POINT('Ctrl Pts',(4.62080321409773,19.4590633700204,23.9175006032871));
#544=CARTESIAN_POINT('Ctrl Pts',(4.70194733104756,19.4394364963611,23.7716116369917));
#545=CARTESIAN_POINT('',(4.1069601932784,23.5500900370186,24.6572434208933));
#546=CARTESIAN_POINT('',(4.30388897733932,16.5454456211127,24.6437556163426));
#547=CARTESIAN_POINT('',(4.47379828067716,23.562194493846,23.7270373685809));
#548=CARTESIAN_POINT('',(4.1069601932784,23.5500900370186,24.6572434208933));
#549=CARTESIAN_POINT('Ctrl Pts',(4.70194733104756,19.4394364963611,23.7716116369917));
#550=CARTESIAN_POINT('Ctrl Pts',(4.6190427674415,20.8135092648134,23.7500952316961));
#551=CARTESIAN_POINT('Ctrl Pts',(4.54378682551417,22.1877813262247,23.7367534299361));
#552=CARTESIAN_POINT('Ctrl Pts',(4.47379828067716,23.562194493846,23.7270373685809));
#553=CARTESIAN_POINT('Ctrl Pts',(18.785424022108,-6.86351544826542,17.3765909225453));
#554=CARTESIAN_POINT('Ctrl Pts',(73.8813989766851,-57.0610978804749,15.2026643854822));
#555=CARTESIAN_POINT('Ctrl Pts',(128.977373931262,-107.258680312684,13.0287378484192));
#556=CARTESIAN_POINT('Ctrl Pts',(184.073348885839,-157.456262744894,10.8548113113561));
#557=CARTESIAN_POINT('Ctrl Pts',(17.7567329154645,-5.08177018626469,19.4125798680191));
#558=CARTESIAN_POINT('Ctrl Pts',(67.3859006824622,-45.8105648144039,17.1053145559362));
#559=CARTESIAN_POINT('Ctrl Pts',(117.015364004687,-86.5398713592133,14.7995312555439));
#560=CARTESIAN_POINT('Ctrl Pts',(166.644531771685,-127.268665987353,12.492265943461));
#561=CARTESIAN_POINT('Ctrl Pts',(15.3445039074943,-0.903666984968829,22.9048779241902));
#562=CARTESIAN_POINT('Ctrl Pts',(54.1324438989287,-22.8549042894053,20.4823390132613));
#563=CARTESIAN_POINT('Ctrl Pts',(92.9203210946672,-44.8060328285062,18.0612531341875));
#564=CARTESIAN_POINT('Ctrl Pts',(131.708261086102,-66.7572701329428,15.6387142232586));
#565=CARTESIAN_POINT('Ctrl Pts',(10.2964527787756,7.83981404917739,26.2917048253894));
#566=CARTESIAN_POINT('Ctrl Pts',(30.3264413599992,18.3783016331342,24.3753840370968));
#567=CARTESIAN_POINT('Ctrl Pts',(50.3566074755963,28.9164817185361,22.4575086697452));
#568=CARTESIAN_POINT('Ctrl Pts',(70.3865960568198,39.4549693024929,20.5411878814525));
#569=CARTESIAN_POINT('Ctrl Pts',(6.41670291868297,14.5597379275161,25.881659058924));
#570=CARTESIAN_POINT('Ctrl Pts',(13.1195033578807,48.1815924954912,25.057604540695));
#571=CARTESIAN_POINT('Ctrl Pts',(19.8218862616205,81.8041702560934,24.2400376456468));
#572=CARTESIAN_POINT('Ctrl Pts',(26.5246867008182,115.426024824068,23.4159831274178));
#573=CARTESIAN_POINT('Ctrl Pts',(4.25442316509709,18.3049163209043,24.6471435680361));
#574=CARTESIAN_POINT('Ctrl Pts',(2.91769296292637,65.8516464287364,24.7386972522267));
#575=CARTESIAN_POINT('Ctrl Pts',(1.58096276075565,113.398376536568,24.8302509364173));
#576=CARTESIAN_POINT('Ctrl Pts',(0.244232558584929,160.945106644401,24.921804620608));
#577=CARTESIAN_POINT('',(18.7854240221312,-6.86351544828805,17.3765909225454));
#578=CARTESIAN_POINT('Ctrl Pts',(18.7854240221285,-6.86351544828418,17.3765909225445));
#579=CARTESIAN_POINT('Ctrl Pts',(18.8960172351852,-6.56082211031572,18.3255028148319));
#580=CARTESIAN_POINT('Ctrl Pts',(19.0204130258232,-6.19882669707993,19.12696290994));
#581=CARTESIAN_POINT('Ctrl Pts',(19.3092920756501,-5.23989855024918,20.6520589753199));
#582=CARTESIAN_POINT('Ctrl Pts',(19.4835370154269,-4.59118731200718,21.3424356885128));
#583=CARTESIAN_POINT('Ctrl Pts',(19.8256807558515,-2.81212413673665,22.5863314824188));
#584=CARTESIAN_POINT('Ctrl Pts',(19.9600983406844,-1.70568753003159,23.0290882555264));
#585=CARTESIAN_POINT('Ctrl Pts',(20.0478904125672,1.43161362380801,23.939473226778));
#586=CARTESIAN_POINT('Ctrl Pts',(19.8125476082938,3.8636123444514,24.2706553596054));
#587=CARTESIAN_POINT('Ctrl Pts',(18.1189068268003,8.83480931057446,24.8160719216889));
#588=CARTESIAN_POINT('Ctrl Pts',(16.8585167559014,11.0548302688194,25.0122725144912));
#589=CARTESIAN_POINT('Ctrl Pts',(13.6508984998542,14.8139023771458,25.3663596413789));
#590=CARTESIAN_POINT('Ctrl Pts',(11.9129061669639,16.1798582020764,25.5034502878339));
#591=CARTESIAN_POINT('Ctrl Pts',(8.95821620925528,17.9458262152441,25.5761045530051));
#592=CARTESIAN_POINT('Ctrl Pts',(7.70398378239521,18.4933140147314,25.5454242257122));
#593=CARTESIAN_POINT('Ctrl Pts',(5.79966459287348,19.1596726463687,25.258809319045));
#594=CARTESIAN_POINT('Ctrl Pts',(4.96830390271397,19.3882155695686,25.0510410739359));
#595=CARTESIAN_POINT('Ctrl Pts',(4.21942318223886,19.5498457285265,24.6495407439001));
#596=CARTESIAN_POINT('Ctrl Pts',(18.7872761286226,-6.86423719203032,17.3786224642179));
#597=CARTESIAN_POINT('Ctrl Pts',(19.0170055381345,-6.94327359002344,17.6769704626054));
#598=CARTESIAN_POINT('Ctrl Pts',(19.675019712376,-7.18864016399317,18.3562063932258));
#599=CARTESIAN_POINT('Ctrl Pts',(20.7901870863153,-7.69295162166127,18.9752747050836));
#600=CARTESIAN_POINT('Ctrl Pts',(22.1540348800252,-8.44034045367919,19.3475554886239));
#601=CARTESIAN_POINT('Ctrl Pts',(23.5330783385396,-9.27412248587808,19.5598018171266));
#602=CARTESIAN_POINT('Ctrl Pts',(25.8527446416164,-10.8379136830605,19.6625728267696));
#603=CARTESIAN_POINT('Ctrl Pts',(29.0485816407625,-13.326834449891,19.4834200088935));
#604=CARTESIAN_POINT('Ctrl Pts',(32.7241296663984,-16.5230841697101,19.1075903045244));
#605=CARTESIAN_POINT('Ctrl Pts',(36.3105948037785,-19.9002973833939,18.6501976543166));
#606=CARTESIAN_POINT('Ctrl Pts',(40.4173909030483,-24.0071716463861,18.0660729888938));
#607=CARTESIAN_POINT('Ctrl Pts',(43.2751927630981,-27.0397264247129,17.6286586922742));
#608=CARTESIAN_POINT('Ctrl Pts',(45.2908181072791,-29.0718164570674,17.3913075542377));
#609=CARTESIAN_POINT('Ctrl Pts',(46.4558759347006,-30.204175296505,17.2778158624918));
#610=CARTESIAN_POINT('Ctrl Pts',(48.0626525812372,-31.6421787767415,17.1856125102076));
#611=CARTESIAN_POINT('Ctrl Pts',(49.9374913343222,-32.914838275722,17.2608601912638));
#612=CARTESIAN_POINT('Ctrl Pts',(51.8630683732605,-33.7021427875185,17.5120317108129));
#613=CARTESIAN_POINT('Ctrl Pts',(54.2737076085658,-34.1240977936293,17.946663107774));
#614=CARTESIAN_POINT('Ctrl Pts',(56.7392941190983,-33.8883846114962,18.413363938424));
#615=CARTESIAN_POINT('Ctrl Pts',(59.1250867523685,-33.2532036395361,18.7785111494045));
#616=CARTESIAN_POINT('Ctrl Pts',(61.6156104773744,-32.3327819268282,19.1039535033344));
#617=CARTESIAN_POINT('Ctrl Pts',(64.7794283295928,-30.684657647054,19.3988078496446));
#618=CARTESIAN_POINT('Ctrl Pts',(68.5520200617274,-27.9130989740903,19.6022589768448));
#619=CARTESIAN_POINT('Ctrl Pts',(71.725902537265,-24.6800668373399,19.6783123492824));
#620=CARTESIAN_POINT('Ctrl Pts',(74.1110078245176,-21.46540557512,19.694776733388));
#621=CARTESIAN_POINT('Ctrl Pts',(76.3165640276329,-17.8604005232093,19.6894791962582));
#622=CARTESIAN_POINT('Ctrl Pts',(79.3100169276573,-11.1703136415439,19.6444859950177));
#623=CARTESIAN_POINT('Ctrl Pts',(81.4525262414301,-0.756218162986191,19.5808974500944));
#624=CARTESIAN_POINT('Ctrl Pts',(81.1646462441987,9.92991457026971,19.6151572501283));
#625=CARTESIAN_POINT('Ctrl Pts',(79.6880156764586,18.2341656919916,19.717781019317));
#626=CARTESIAN_POINT('Ctrl Pts',(77.9293689410342,24.4075146286547,19.8391176158899));
#627=CARTESIAN_POINT('Ctrl Pts',(75.5573627958282,30.3128114807492,20.0061392001686));
#628=CARTESIAN_POINT('Ctrl Pts',(71.4924407207277,37.8094357159135,20.3004254568114));
#629=CARTESIAN_POINT('Ctrl Pts',(65.1558070153704,45.6645176677602,20.7768886533446));
#630=CARTESIAN_POINT('Ctrl Pts',(55.9006938321051,52.3214367793014,21.5046740542261));
#631=CARTESIAN_POINT('Ctrl Pts',(46.884343458899,55.4643975258497,22.2361115426863));
#632=CARTESIAN_POINT('Ctrl Pts',(39.7353281358993,55.9684036100912,22.8255354609203));
#633=CARTESIAN_POINT('Ctrl Pts',(34.6463326545505,55.3286701275709,23.2469147565952));
#634=CARTESIAN_POINT('Ctrl Pts',(29.770741963665,54.0729538455026,23.6503187139865));
#635=CARTESIAN_POINT('Ctrl Pts',(23.9911141541941,51.3205120505615,24.1252002032229));
#636=CARTESIAN_POINT('Ctrl Pts',(18.9845337667587,47.3135443938959,24.5211059382368));
#637=CARTESIAN_POINT('Ctrl Pts',(15.4783382153796,43.5930107225025,24.7787491970483));
#638=CARTESIAN_POINT('Ctrl Pts',(12.2775733127982,39.5919645554793,24.9921063705362));
#639=CARTESIAN_POINT('Ctrl Pts',(9.07162073890806,34.5250003333345,25.1541264761856));
#640=CARTESIAN_POINT('Ctrl Pts',(6.33827473295826,29.1451946561451,25.144560560931));
#641=CARTESIAN_POINT('Ctrl Pts',(4.78504644935228,25.4055381140872,24.9487993140633));
#642=CARTESIAN_POINT('Ctrl Pts',(4.1069601932784,23.5500900370186,24.6572434208933));
#643=CARTESIAN_POINT('Ctrl Pts',(19.0688345948082,-6.0315460187386,16.5694708996875));
#644=CARTESIAN_POINT('Ctrl Pts',(23.1072655046292,-9.83846076570653,16.3113446425267));
#645=CARTESIAN_POINT('Ctrl Pts',(31.1628817141606,-17.4757902461115,15.8132253842271));
#646=CARTESIAN_POINT('Ctrl Pts',(55.2913394815809,-40.4382860240814,14.550660658086));
#647=CARTESIAN_POINT('Ctrl Pts',(107.816991822328,-89.9517876721886,12.4700780713475));
#648=CARTESIAN_POINT('Ctrl Pts',(156.498602924093,-135.449266117569,10.6279061116025));
#649=CARTESIAN_POINT('Ctrl Pts',(188.950749986745,-165.783369733809,9.40051149775789));
#650=CARTESIAN_POINT('Ctrl Pts',(18.5655156492964,-5.19603684571488,17.5971673602235));
#651=CARTESIAN_POINT('Ctrl Pts',(22.3946039934939,-8.66288105135321,17.3245794990319));
#652=CARTESIAN_POINT('Ctrl Pts',(30.0370978260161,-15.6161219236553,16.8115349090066));
#653=CARTESIAN_POINT('Ctrl Pts',(52.9446504999746,-36.505849490318,15.5406520487832));
#654=CARTESIAN_POINT('Ctrl Pts',(102.883357742467,-81.4597003086799,13.4280219363746));
#655=CARTESIAN_POINT('Ctrl Pts',(149.15101483576,-122.765660183559,11.5153284872874));
#656=CARTESIAN_POINT('Ctrl Pts',(179.99469821669,-150.305104389121,10.2457650694062));
#657=CARTESIAN_POINT('Ctrl Pts',(17.44893240396,-3.36501596373202,19.4898795712248));
#658=CARTESIAN_POINT('Ctrl Pts',(20.869953175438,-6.14388837269715,19.1896377060128));
#659=CARTESIAN_POINT('Ctrl Pts',(27.6690497802706,-11.7546278075691,18.6425454231916));
#660=CARTESIAN_POINT('Ctrl Pts',(48.1658608422286,-28.5125982586664,17.4190200082571));
#661=CARTESIAN_POINT('Ctrl Pts',(92.9673496196898,-64.368745368387,15.2509652096337));
#662=CARTESIAN_POINT('Ctrl Pts',(134.422782583118,-97.3363928441794,13.2382268248199));
#663=CARTESIAN_POINT('Ctrl Pts',(162.063400702577,-119.311121433292,11.9052897805342));
#664=CARTESIAN_POINT('Ctrl Pts',(15.4276378727677,-0.254288544444664,21.6840218978435));
#665=CARTESIAN_POINT('Ctrl Pts',(18.2090100968177,-2.06830936642482,21.3752631535744));
#666=CARTESIAN_POINT('Ctrl Pts',(23.8156429696165,-5.66373475609154,20.9380086587831));
#667=CARTESIAN_POINT('Ctrl Pts',(40.8312558602781,-16.1576497539127,19.8481166548986));
#668=CARTESIAN_POINT('Ctrl Pts',(77.9513566637718,-38.4859142882871,17.6634205719475));
#669=CARTESIAN_POINT('Ctrl Pts',(112.250260057719,-59.0319526745741,15.6302951656885));
#670=CARTESIAN_POINT('Ctrl Pts',(135.120438518404,-72.7229122108667,14.2795895206493));
#671=CARTESIAN_POINT('Ctrl Pts',(13.0852282499225,2.98662680649013,23.293278166988));
#672=CARTESIAN_POINT('Ctrl Pts',(15.3123319563908,2.18346782591242,23.0925920982144));
#673=CARTESIAN_POINT('Ctrl Pts',(19.8210131398144,0.719738269677783,22.7660588376007));
#674=CARTESIAN_POINT('Ctrl Pts',(33.3842203096074,-3.50057913195251,21.7921799132891));
#675=CARTESIAN_POINT('Ctrl Pts',(62.8319460107139,-12.4036574181908,19.7202274937825));
#676=CARTESIAN_POINT('Ctrl Pts',(90.0184734124979,-20.5980410849628,17.7995468616685));
#677=CARTESIAN_POINT('Ctrl Pts',(108.144182026338,-26.055987932642,16.5205578811149));
#678=CARTESIAN_POINT('Ctrl Pts',(10.7453156773765,6.41517804753339,24.44197379902));
#679=CARTESIAN_POINT('Ctrl Pts',(12.4414392527245,6.72033727363022,24.3022065322955));
#680=CARTESIAN_POINT('Ctrl Pts',(15.8054955076761,7.37433457145311,24.0206814786196));
#681=CARTESIAN_POINT('Ctrl Pts',(25.8739184010005,9.38565186435454,23.1874193636535));
#682=CARTESIAN_POINT('Ctrl Pts',(47.6510357451761,13.8247202657332,21.3854011934214));
#683=CARTESIAN_POINT('Ctrl Pts',(67.7497305910012,17.9298778626732,19.7226711526633));
#684=CARTESIAN_POINT('Ctrl Pts',(81.1481264912345,20.6685396385178,18.6141224759007));
#685=CARTESIAN_POINT('Ctrl Pts',(8.55444532106241,10.108865462148,24.9292831645407));
#686=CARTESIAN_POINT('Ctrl Pts',(9.64657346070012,11.4776150196675,24.8239842141062));
#687=CARTESIAN_POINT('Ctrl Pts',(11.8233355258915,14.2105426563687,24.6168729876504));
#688=CARTESIAN_POINT('Ctrl Pts',(18.3419092220623,22.4032119803825,23.9907645502732));
#689=CARTESIAN_POINT('Ctrl Pts',(32.4480190601527,40.1409284311564,22.6356252229525));
#690=CARTESIAN_POINT('Ctrl Pts',(45.467285028918,56.5130952457607,21.3849201771632));
#691=CARTESIAN_POINT('Ctrl Pts',(54.1462901081643,67.4275463147421,20.5514548227717));
#692=CARTESIAN_POINT('Ctrl Pts',(6.56421566407566,13.9321207640512,24.6876831189328));
#693=CARTESIAN_POINT('Ctrl Pts',(6.99849249151255,16.3390117365983,24.6333995739139));
#694=CARTESIAN_POINT('Ctrl Pts',(7.94103942020323,21.126709955196,24.5223668112919));
#695=CARTESIAN_POINT('Ctrl Pts',(10.8462802428343,35.4618823262078,24.187962009468));
#696=CARTESIAN_POINT('Ctrl Pts',(17.261871049742,66.4813992018328,23.4567776417149));
#697=CARTESIAN_POINT('Ctrl Pts',(23.1947687555787,95.111117943384,22.7802643279933));
#698=CARTESIAN_POINT('Ctrl Pts',(27.1528405807097,114.196839630254,22.3288702114258));
#699=CARTESIAN_POINT('Ctrl Pts',(5.39537884600335,16.5092143847521,24.1518689959725));
#700=CARTESIAN_POINT('Ctrl Pts',(5.36986502346113,19.5795964229583,24.0850889359514));
#701=CARTESIAN_POINT('Ctrl Pts',(5.45441977471731,25.7196978742295,24.036907215038));
#702=CARTESIAN_POINT('Ctrl Pts',(5.90755150157509,44.1320314847168,23.9251892894975));
#703=CARTESIAN_POINT('Ctrl Pts',(7.17160066414228,84.0136301834667,23.7274428651708));
#704=CARTESIAN_POINT('Ctrl Pts',(8.36857948741046,120.825655225623,23.5348738289568));
#705=CARTESIAN_POINT('Ctrl Pts',(9.17207457317216,145.366839239256,23.4086101504885));
#706=CARTESIAN_POINT('Ctrl Pts',(4.80632023108233,17.7739189031511,23.8023533010186));
#707=CARTESIAN_POINT('Ctrl Pts',(4.58469857046237,21.1797726136157,23.7288759719646));
#708=CARTESIAN_POINT('Ctrl Pts',(4.2428556061066,27.994110407661,23.6963817969552));
#709=CARTESIAN_POINT('Ctrl Pts',(3.46625031561299,48.4439316217054,23.6977871682021));
#710=CARTESIAN_POINT('Ctrl Pts',(2.13982777571832,92.761711590227,23.7947472934858));
#711=CARTESIAN_POINT('Ctrl Pts',(0.9647164851995,133.671843833188,23.8703060027805));
#712=CARTESIAN_POINT('Ctrl Pts',(0.18759837465338,160.945436890267,23.9234096786396));
#713=CARTESIAN_POINT('',(19.0688345917086,-6.03154601359269,16.5694709060193));
#714=CARTESIAN_POINT('Ctrl Pts',(4.70194733104756,19.4394364963611,23.7716116369917));
#715=CARTESIAN_POINT('Ctrl Pts',(5.32013385032881,19.2899115626024,24.1064021114541));
#716=CARTESIAN_POINT('Ctrl Pts',(5.98765155428081,19.0907280718362,24.2617279396831));
#717=CARTESIAN_POINT('Ctrl Pts',(7.84146495412566,18.4523091311926,24.585127150579));
#718=CARTESIAN_POINT('Ctrl Pts',(9.51174995958641,17.7183619586956,24.5888286034398));
#719=CARTESIAN_POINT('Ctrl Pts',(13.2355535835814,15.1853053511977,24.4121226742018));
#720=CARTESIAN_POINT('Ctrl Pts',(15.1284697330305,13.370909822833,24.2260157267205));
#721=CARTESIAN_POINT('Ctrl Pts',(18.2554062070766,8.66385594238379,23.7805617686902));
#722=CARTESIAN_POINT('Ctrl Pts',(19.1887638690932,6.12934292391179,23.5511881948323));
#723=CARTESIAN_POINT('Ctrl Pts',(20.0320198476991,1.7345336138805,22.9231358526169));
#724=CARTESIAN_POINT('Ctrl Pts',(20.0535426743343,-0.0955164286973678,22.5564714816553));
#725=CARTESIAN_POINT('Ctrl Pts',(19.8463615970997,-2.7459825035416,21.4789181491864));
#726=CARTESIAN_POINT('Ctrl Pts',(19.7018759147253,-3.47606864573851,20.9237190868416));
#727=CARTESIAN_POINT('Ctrl Pts',(19.5001051573059,-4.47410563368074,19.9406607129373));
#728=CARTESIAN_POINT('Ctrl Pts',(19.3892323029881,-4.92129513990955,19.3209860347377));
#729=CARTESIAN_POINT('Ctrl Pts',(19.2076415242896,-5.58087723496328,17.9621394836086));
#730=CARTESIAN_POINT('Ctrl Pts',(19.1352412141051,-5.82160035530982,17.3167285620382));
#731=CARTESIAN_POINT('Ctrl Pts',(19.0688345917081,-6.03154601359185,16.5694709060191));
#732=CARTESIAN_POINT('Ctrl Pts',(19.0688345917079,-6.03154601359245,16.569470906017));
#733=CARTESIAN_POINT('Ctrl Pts',(19.3705656863576,-6.12854985517862,17.0669934457238));
#734=CARTESIAN_POINT('Ctrl Pts',(20.0857601708226,-6.39456708392474,17.8700756381536));
#735=CARTESIAN_POINT('Ctrl Pts',(21.3344318301288,-7.01190536442695,18.4802202264158));
#736=CARTESIAN_POINT('Ctrl Pts',(22.6493213529571,-7.79285646808814,18.7668369101382));
#737=CARTESIAN_POINT('Ctrl Pts',(23.9867146446551,-8.6603079894109,18.9115874611187));
#738=CARTESIAN_POINT('Ctrl Pts',(26.2535771379547,-10.2752903994098,18.9366481314904));
#739=CARTESIAN_POINT('Ctrl Pts',(29.4092850943276,-12.8140458863643,18.7035226508813));
#740=CARTESIAN_POINT('Ctrl Pts',(33.0616592598789,-16.0471309723168,18.295074640248));
#741=CARTESIAN_POINT('Ctrl Pts',(36.637854750653,-19.4481282143892,17.820408486866));
#742=CARTESIAN_POINT('Ctrl Pts',(40.7412334847326,-23.5732245341258,17.2252604423055));
#743=CARTESIAN_POINT('Ctrl Pts',(43.6006988436833,-26.6136567859063,16.7845327872132));
#744=CARTESIAN_POINT('Ctrl Pts',(45.6121230426449,-28.6548916636135,16.5410404041128));
#745=CARTESIAN_POINT('Ctrl Pts',(46.7729883413818,-29.793769214955,16.4228032574684));
#746=CARTESIAN_POINT('Ctrl Pts',(48.3691551743726,-31.2442264862722,16.3207490981595));
#747=CARTESIAN_POINT('Ctrl Pts',(50.2177657993318,-32.5418292553119,16.3758522546518));
#748=CARTESIAN_POINT('Ctrl Pts',(52.1033112251035,-33.3653785583305,16.6009296783102));
#749=CARTESIAN_POINT('Ctrl Pts',(54.4554634476882,-33.8404387199259,17.0033355795278));
#750=CARTESIAN_POINT('Ctrl Pts',(56.8632655939721,-33.6593121754646,17.4467395217238));
#751=CARTESIAN_POINT('Ctrl Pts',(59.2046236689465,-33.0682274247289,17.7986693991278));
#752=CARTESIAN_POINT('Ctrl Pts',(61.6557058481599,-32.1881621903079,18.1146340790816));
#753=CARTESIAN_POINT('Ctrl Pts',(64.7828388047729,-30.5797704542625,18.4038739884459));
#754=CARTESIAN_POINT('Ctrl Pts',(68.5260241065975,-27.8422677498312,18.6048714718926));
#755=CARTESIAN_POINT('Ctrl Pts',(71.6829766131452,-24.6302352866224,18.6804120910073));
#756=CARTESIAN_POINT('Ctrl Pts',(74.0581298340116,-21.428531292119,18.6968358974723));
#757=CARTESIAN_POINT('Ctrl Pts',(76.2557221770981,-17.8342485674798,18.6916429066447));
#758=CARTESIAN_POINT('Ctrl Pts',(79.2403019359489,-11.1567709376978,18.6469710470426));
#759=CARTESIAN_POINT('Ctrl Pts',(81.3768301082975,-0.751863362964111,18.5837679730216));
#760=CARTESIAN_POINT('Ctrl Pts',(81.0859703370759,9.92962765778901,18.6182535765844));
#761=CARTESIAN_POINT('Ctrl Pts',(79.6077720633845,18.2314985091873,18.7210092992613));
#762=CARTESIAN_POINT('Ctrl Pts',(77.8481955720609,24.4034988858793,18.8424251796042));
#763=CARTESIAN_POINT('Ctrl Pts',(75.4754577271171,30.3077945919664,19.0095112520451));
#764=CARTESIAN_POINT('Ctrl Pts',(71.409740044255,37.803399025606,19.3038697503082));
#765=CARTESIAN_POINT('Ctrl Pts',(65.0724243356505,45.6576707794292,19.7803926499896));
#766=CARTESIAN_POINT('Ctrl Pts',(55.8169409776414,52.3138724262719,20.5082192236175));
#767=CARTESIAN_POINT('Ctrl Pts',(46.8009194199585,55.4561642921453,21.2396256836035));
#768=CARTESIAN_POINT('Ctrl Pts',(39.6530062500194,55.9594806480992,21.828979572833));
#769=CARTESIAN_POINT('Ctrl Pts',(34.5655909521048,55.3190935849284,22.2502087729702));
#770=CARTESIAN_POINT('Ctrl Pts',(29.6922015939368,54.0626352470788,22.6535041849985));
#771=CARTESIAN_POINT('Ctrl Pts',(23.917125891497,51.308948457878,23.1279004721198));
#772=CARTESIAN_POINT('Ctrl Pts',(18.9190113524018,47.3003661046493,23.5235010453962));
#773=CARTESIAN_POINT('Ctrl Pts',(15.4246902469764,43.5780902357009,23.7800116080839));
#774=CARTESIAN_POINT('Ctrl Pts',(12.2406158095211,39.5754438592822,23.9937057562639));
#775=CARTESIAN_POINT('Ctrl Pts',(9.0697975148666,34.5055695867221,24.1515800620488));
#776=CARTESIAN_POINT('Ctrl Pts',(6.41610659498909,29.1269202077429,24.1502988545143));
#777=CARTESIAN_POINT('Ctrl Pts',(5.00277048630991,25.3943423885248,23.9594851222336));
#778=CARTESIAN_POINT('Ctrl Pts',(4.47379828067716,23.562194493846,23.7270373685809));
#779=CARTESIAN_POINT('Ctrl Pts',(18.4148837586964,-6.74275563877761,16.8274034108463));
#780=CARTESIAN_POINT('Ctrl Pts',(18.6328673697003,-6.50568576371589,16.7414259092365));
#781=CARTESIAN_POINT('Ctrl Pts',(18.8508509807041,-6.26861588865417,16.6554484076268));
#782=CARTESIAN_POINT('Ctrl Pts',(19.0688345917079,-6.03154601359245,16.569470906017));
#783=CARTESIAN_POINT('Ctrl Pts',(18.7323879898189,-6.84053367426485,17.3627817515807));
#784=CARTESIAN_POINT('Ctrl Pts',(18.9451781077316,-6.60319160821604,17.2643376947744));
#785=CARTESIAN_POINT('Ctrl Pts',(19.1577755684449,-6.36589192122743,17.1654375025301));
#786=CARTESIAN_POINT('Ctrl Pts',(19.3705656863576,-6.12854985517862,17.0669934457238));
#787=CARTESIAN_POINT('Ctrl Pts',(19.4839786364427,-7.10224577537504,18.2501528275124));
#788=CARTESIAN_POINT('Ctrl Pts',(19.6845514169481,-6.8663564390413,18.1234073225271));
#789=CARTESIAN_POINT('Ctrl Pts',(19.8851873903173,-6.63045642025849,17.9968211431389));
#790=CARTESIAN_POINT('Ctrl Pts',(20.0857601708226,-6.39456708392474,17.8700756381536));
#791=CARTESIAN_POINT('Ctrl Pts',(20.7901870863153,-7.69295162166127,18.9752747050836));
#792=CARTESIAN_POINT('Ctrl Pts',(20.9716163593726,-7.46592499572295,18.8102783203294));
#793=CARTESIAN_POINT('Ctrl Pts',(21.1530025570715,-7.23893199036527,18.64521661117));
#794=CARTESIAN_POINT('Ctrl Pts',(21.3344318301288,-7.01190536442695,18.4802202264158));
#795=CARTESIAN_POINT('Ctrl Pts',(22.1540348800252,-8.44034045367919,19.3475554886239));
#796=CARTESIAN_POINT('Ctrl Pts',(22.319130940822,-8.22452136692809,19.1539967998726));
#797=CARTESIAN_POINT('Ctrl Pts',(22.4842252921603,-8.00867555483925,18.9603955988895));
#798=CARTESIAN_POINT('Ctrl Pts',(22.6493213529571,-7.79285646808814,18.7668369101382));
#799=CARTESIAN_POINT('Ctrl Pts',(23.5330783385396,-9.27412248587808,19.5598018171266));
#800=CARTESIAN_POINT('Ctrl Pts',(23.6842748287179,-9.06952103457069,19.3436933031971));
#801=CARTESIAN_POINT('Ctrl Pts',(23.8355181544768,-8.86490944071829,19.1276959750482));
#802=CARTESIAN_POINT('Ctrl Pts',(23.9867146446551,-8.6603079894109,18.9115874611187));
#803=CARTESIAN_POINT('Ctrl Pts',(25.8527446416164,-10.8379136830605,19.6625728267696));
#804=CARTESIAN_POINT('Ctrl Pts',(25.9863669220259,-10.6503743105957,19.4206300569681));
#805=CARTESIAN_POINT('Ctrl Pts',(26.1199548575451,-10.4628297718745,19.1785909012919));
#806=CARTESIAN_POINT('Ctrl Pts',(26.2535771379547,-10.2752903994098,18.9366481314904));
#807=CARTESIAN_POINT('Ctrl Pts',(29.0485816407625,-13.326834449891,19.4834200088935));
#808=CARTESIAN_POINT('Ctrl Pts',(29.1688107235228,-13.1559033653289,19.223438203218));
#809=CARTESIAN_POINT('Ctrl Pts',(29.2890560115673,-12.9849769709264,18.9635044565568));
#810=CARTESIAN_POINT('Ctrl Pts',(29.4092850943276,-12.8140458863643,18.7035226508813));
#811=CARTESIAN_POINT('Ctrl Pts',(32.7241296663984,-16.5230841697101,19.1075903045244));
#812=CARTESIAN_POINT('Ctrl Pts',(32.8366437828142,-16.3644304941028,18.8367603530256));
#813=CARTESIAN_POINT('Ctrl Pts',(32.949145143463,-16.2057846479241,18.5659045917467));
#814=CARTESIAN_POINT('Ctrl Pts',(33.0616592598789,-16.0471309723168,18.295074640248));
#815=CARTESIAN_POINT('Ctrl Pts',(36.3105948037785,-19.9002973833939,18.6501976543166));
#816=CARTESIAN_POINT('Ctrl Pts',(36.4196763775999,-19.7495807488076,18.3735949765979));
#817=CARTESIAN_POINT('Ctrl Pts',(36.5287731768316,-19.5988448489756,18.0970111645847));
#818=CARTESIAN_POINT('Ctrl Pts',(36.637854750653,-19.4481282143892,17.820408486866));
#819=CARTESIAN_POINT('Ctrl Pts',(40.4173909030483,-24.0071716463861,18.0660729888938));
#820=CARTESIAN_POINT('Ctrl Pts',(40.5253477685213,-23.8625104909307,17.7858111111324));
#821=CARTESIAN_POINT('Ctrl Pts',(40.6332766192596,-23.7178856895811,17.5055223200669));
#822=CARTESIAN_POINT('Ctrl Pts',(40.7412334847326,-23.5732245341258,17.2252604423055));
#823=CARTESIAN_POINT('Ctrl Pts',(43.2751927630981,-27.0397264247129,17.6286586922742));
#824=CARTESIAN_POINT('Ctrl Pts',(43.3836814188171,-26.897718560014,17.347275538914));
#825=CARTESIAN_POINT('Ctrl Pts',(43.4922101879642,-26.7556646506052,17.0659159405735));
#826=CARTESIAN_POINT('Ctrl Pts',(43.6006988436833,-26.6136567859063,16.7845327872132));
#827=CARTESIAN_POINT('Ctrl Pts',(45.2908181072791,-29.0718164570674,17.3913075542377));
#828=CARTESIAN_POINT('Ctrl Pts',(45.3979276119246,-28.932832056067,17.1078909546424));
#829=CARTESIAN_POINT('Ctrl Pts',(45.5050135379994,-28.7938760646139,16.8244570037081));
#830=CARTESIAN_POINT('Ctrl Pts',(45.6121230426449,-28.6548916636135,16.5410404041128));
#831=CARTESIAN_POINT('Ctrl Pts',(46.4558759347006,-30.204175296505,17.2778158624918));
#832=CARTESIAN_POINT('Ctrl Pts',(46.5615706313111,-30.0673842897216,16.9928031843713));
#833=CARTESIAN_POINT('Ctrl Pts',(46.6672936447712,-29.9305602217384,16.7078159355889));
#834=CARTESIAN_POINT('Ctrl Pts',(46.7729883413818,-29.793769214955,16.4228032574684));
#835=CARTESIAN_POINT('Ctrl Pts',(48.0626525812372,-31.6421787767415,17.1856125102076));
#836=CARTESIAN_POINT('Ctrl Pts',(48.1648345876167,-31.509514397373,16.8973382809668));
#837=CARTESIAN_POINT('Ctrl Pts',(48.2669731679931,-31.3768908656407,16.6090233274003));
#838=CARTESIAN_POINT('Ctrl Pts',(48.3691551743726,-31.2442264862722,16.3207490981595));
#839=CARTESIAN_POINT('Ctrl Pts',(49.9374913343222,-32.914838275722,17.2608601912638));
#840=CARTESIAN_POINT('Ctrl Pts',(50.0309060688924,-32.7905099387269,16.9658478750651));
#841=CARTESIAN_POINT('Ctrl Pts',(50.1243510647616,-32.666157592307,16.6708645708505));
#842=CARTESIAN_POINT('Ctrl Pts',(50.2177657993318,-32.5418292553119,16.3758522546518));
#843=CARTESIAN_POINT('Ctrl Pts',(51.8630683732605,-33.7021427875185,17.5120317108129));
#844=CARTESIAN_POINT('Ctrl Pts',(51.9431538050031,-33.5898854067893,17.2083347726999));
#845=CARTESIAN_POINT('Ctrl Pts',(52.0232257933609,-33.4776359390597,16.9046266164232));
#846=CARTESIAN_POINT('Ctrl Pts',(52.1033112251035,-33.3653785583305,16.6009296783102));
#847=CARTESIAN_POINT('Ctrl Pts',(54.2737076085658,-34.1240977936293,17.946663107774));
#848=CARTESIAN_POINT('Ctrl Pts',(54.3342769748071,-34.0295559911475,17.6322068273994));
#849=CARTESIAN_POINT('Ctrl Pts',(54.3948940814469,-33.9349805224078,17.3177918599024));
#850=CARTESIAN_POINT('Ctrl Pts',(54.4554634476882,-33.8404387199259,17.0033355795278));
#851=CARTESIAN_POINT('Ctrl Pts',(56.7392941190983,-33.8883846114962,18.413363938424));
#852=CARTESIAN_POINT('Ctrl Pts',(56.7806242140563,-33.8120240468996,18.0911634039859));
#853=CARTESIAN_POINT('Ctrl Pts',(56.8219354990141,-33.7356727400612,17.7689400561619));
#854=CARTESIAN_POINT('Ctrl Pts',(56.8632655939721,-33.6593121754646,17.4467395217238));
#855=CARTESIAN_POINT('Ctrl Pts',(59.1250867523685,-33.2532036395361,18.7785111494045));
#856=CARTESIAN_POINT('Ctrl Pts',(59.1516074394588,-33.1915366989971,18.4518995947703));
#857=CARTESIAN_POINT('Ctrl Pts',(59.1781029818562,-33.1298943652679,18.125280953762));
#858=CARTESIAN_POINT('Ctrl Pts',(59.2046236689465,-33.0682274247289,17.7986693991278));
#859=CARTESIAN_POINT('Ctrl Pts',(61.6156104773744,-32.3327819268282,19.1039535033344));
#860=CARTESIAN_POINT('Ctrl Pts',(61.6289652560761,-32.2845853840192,18.7741765883146));
#861=CARTESIAN_POINT('Ctrl Pts',(61.6423510694583,-32.2363587331169,18.4444109941013));
#862=CARTESIAN_POINT('Ctrl Pts',(61.6557058481599,-32.1881621903079,18.1146340790816));
#863=CARTESIAN_POINT('Ctrl Pts',(64.7794283295928,-30.684657647054,19.3988078496446));
#864=CARTESIAN_POINT('Ctrl Pts',(64.7805694874615,-30.6496914344135,19.0671661243278));
#865=CARTESIAN_POINT('Ctrl Pts',(64.7816976469041,-30.614736666903,18.7355157137626));
#866=CARTESIAN_POINT('Ctrl Pts',(64.7828388047729,-30.5797704542625,18.4038739884459));
#867=CARTESIAN_POINT('Ctrl Pts',(68.5520200617274,-27.9130989740903,19.6022589768448));
#868=CARTESIAN_POINT('Ctrl Pts',(68.5433536643912,-27.8894892178503,19.2697948569353));
#869=CARTESIAN_POINT('Ctrl Pts',(68.5346905039337,-27.8658775060712,18.9373355918022));
#870=CARTESIAN_POINT('Ctrl Pts',(68.5260241065975,-27.8422677498312,18.6048714718926));
#871=CARTESIAN_POINT('Ctrl Pts',(71.725902537265,-24.6800668373399,19.6783123492824));
#872=CARTESIAN_POINT('Ctrl Pts',(71.7115916635314,-24.6634590764998,19.3456796582004));
#873=CARTESIAN_POINT('Ctrl Pts',(71.6972874868788,-24.6468430474624,19.0130447820893));
#874=CARTESIAN_POINT('Ctrl Pts',(71.6829766131452,-24.6302352866224,18.6804120910073));
#875=CARTESIAN_POINT('Ctrl Pts',(74.1110078245176,-21.46540557512,19.694776733388));
#876=CARTESIAN_POINT('Ctrl Pts',(74.0933834171112,-21.4531124051405,19.362129533888));
#877=CARTESIAN_POINT('Ctrl Pts',(74.075754241418,-21.4408244620984,19.0294830969723));
#878=CARTESIAN_POINT('Ctrl Pts',(74.0581298340116,-21.428531292119,18.6968358974723));
#879=CARTESIAN_POINT('Ctrl Pts',(76.3165640276329,-17.8604005232093,19.6894791962582));
#880=CARTESIAN_POINT('Ctrl Pts',(76.2962827598102,-17.8516837215142,19.3568672110864));
#881=CARTESIAN_POINT('Ctrl Pts',(76.2760034449208,-17.8429653691749,19.0242548918165));
#882=CARTESIAN_POINT('Ctrl Pts',(76.2557221770981,-17.8342485674798,18.6916429066447));
#883=CARTESIAN_POINT('Ctrl Pts',(79.3100169276573,-11.1703136415439,19.6444859950177));
#884=CARTESIAN_POINT('Ctrl Pts',(79.2867796603774,-11.1657984235561,19.3119809701004));
#885=CARTESIAN_POINT('Ctrl Pts',(79.2635392032288,-11.1612861556856,18.9794760719599));
#886=CARTESIAN_POINT('Ctrl Pts',(79.2403019359489,-11.1567709376978,18.6469710470426));
#887=CARTESIAN_POINT('Ctrl Pts',(81.4525262414301,-0.756218162986191,19.5808974500944));
#888=CARTESIAN_POINT('Ctrl Pts',(81.4272931195734,-0.754767636089755,19.2485209811193));
#889=CARTESIAN_POINT('Ctrl Pts',(81.4020632301542,-0.753313889860548,18.9161444419967));
#890=CARTESIAN_POINT('Ctrl Pts',(81.3768301082975,-0.751863362964111,18.5837679730216));
#891=CARTESIAN_POINT('Ctrl Pts',(81.1646462441987,9.92991457026971,19.6151572501283));
#892=CARTESIAN_POINT('Ctrl Pts',(81.1384211862603,9.92981918437165,19.2828559935893));
#893=CARTESIAN_POINT('Ctrl Pts',(81.1121953950144,9.92972304368708,18.9505548331233));
#894=CARTESIAN_POINT('Ctrl Pts',(81.0859703370759,9.92962765778901,18.6182535765844));
#895=CARTESIAN_POINT('Ctrl Pts',(79.6880156764586,18.2341656919916,19.717781019317));
#896=CARTESIAN_POINT('Ctrl Pts',(79.6612678360456,18.2332766421904,19.385523806296));
#897=CARTESIAN_POINT('Ctrl Pts',(79.6345199037975,18.2323875589884,19.0532665122823));
#898=CARTESIAN_POINT('Ctrl Pts',(79.6077720633845,18.2314985091873,18.7210092992613));
#899=CARTESIAN_POINT('Ctrl Pts',(77.9293689410342,24.4075146286547,19.8391176158899));
#900=CARTESIAN_POINT('Ctrl Pts',(77.9023110016464,24.4061759655444,19.5068867752933));
#901=CARTESIAN_POINT('Ctrl Pts',(77.8752535114487,24.4048375489895,19.1746560202008));
#902=CARTESIAN_POINT('Ctrl Pts',(77.8481955720609,24.4034988858793,18.8424251796042));
#903=CARTESIAN_POINT('Ctrl Pts',(75.5573627958282,30.3128114807492,20.0061392001686));
#904=CARTESIAN_POINT('Ctrl Pts',(75.5300612572273,30.3111391953129,19.673929908451));
#905=CARTESIAN_POINT('Ctrl Pts',(75.502759265718,30.3094668774027,19.3417205437626));
#906=CARTESIAN_POINT('Ctrl Pts',(75.4754577271171,30.3077945919664,19.0095112520451));
#907=CARTESIAN_POINT('Ctrl Pts',(71.4924407207277,37.8094357159135,20.3004254568114));
#908=CARTESIAN_POINT('Ctrl Pts',(71.4648735465818,37.8074234838034,19.9682401561757));
#909=CARTESIAN_POINT('Ctrl Pts',(71.4373072184009,37.8054112577161,19.6360550509439));
#910=CARTESIAN_POINT('Ctrl Pts',(71.409740044255,37.803399025606,19.3038697503082));
#911=CARTESIAN_POINT('Ctrl Pts',(65.1558070153704,45.6645176677602,20.7768886533446));
#912=CARTESIAN_POINT('Ctrl Pts',(65.1280133919501,45.6622354145248,20.4447235076504));
#913=CARTESIAN_POINT('Ctrl Pts',(65.1002179590708,45.6599530326646,20.1125577956838));
#914=CARTESIAN_POINT('Ctrl Pts',(65.0724243356505,45.6576707794292,19.7803926499896));
#915=CARTESIAN_POINT('Ctrl Pts',(55.9006938321051,52.3214367793014,21.5046740542261));
#916=CARTESIAN_POINT('Ctrl Pts',(55.8727752293925,52.3189152407873,21.1725220849188));
#917=CARTESIAN_POINT('Ctrl Pts',(55.844859580354,52.316393964786,20.8403711929248));
#918=CARTESIAN_POINT('Ctrl Pts',(55.8169409776414,52.3138724262719,20.5082192236175));
#919=CARTESIAN_POINT('Ctrl Pts',(46.884343458899,55.4643975258497,22.2361115426863));
#920=CARTESIAN_POINT('Ctrl Pts',(46.8565371339242,55.4616532784796,21.9039502970185));
#921=CARTESIAN_POINT('Ctrl Pts',(46.8287257449334,55.4589085395154,21.5717869292713));
#922=CARTESIAN_POINT('Ctrl Pts',(46.8009194199585,55.4561642921453,21.2396256836035));
#923=CARTESIAN_POINT('Ctrl Pts',(39.7353281358993,55.9684036100912,22.8255354609203));
#924=CARTESIAN_POINT('Ctrl Pts',(39.7078848080794,55.9654289508276,22.4933486912544));
#925=CARTESIAN_POINT('Ctrl Pts',(39.6804495778393,55.9624553073627,22.1611663424989));
#926=CARTESIAN_POINT('Ctrl Pts',(39.6530062500194,55.9594806480992,21.828979572833));
#927=CARTESIAN_POINT('Ctrl Pts',(34.6463326545505,55.3286701275709,23.2469147565952));
#928=CARTESIAN_POINT('Ctrl Pts',(34.6194224215294,55.3254785476668,22.9146819421254));
#929=CARTESIAN_POINT('Ctrl Pts',(34.5925011851259,55.3222851648326,22.5824415874399));
#930=CARTESIAN_POINT('Ctrl Pts',(34.5655909521048,55.3190935849284,22.2502087729702));
#931=CARTESIAN_POINT('Ctrl Pts',(29.770741963665,54.0729538455026,23.6503187139865));
#932=CARTESIAN_POINT('Ctrl Pts',(29.7445558959632,54.0695122338806,23.3180386630142));
#933=CARTESIAN_POINT('Ctrl Pts',(29.7183876616387,54.0660768587008,22.9857842359708));
#934=CARTESIAN_POINT('Ctrl Pts',(29.6922015939368,54.0626352470788,22.6535041849985));
#935=CARTESIAN_POINT('Ctrl Pts',(23.9911141541941,51.3205120505615,24.1252002032229));
#936=CARTESIAN_POINT('Ctrl Pts',(23.966459481854,51.3166626437528,23.792788520469));
#937=CARTESIAN_POINT('Ctrl Pts',(23.9417805638372,51.3127978646867,23.4603121548737));
#938=CARTESIAN_POINT('Ctrl Pts',(23.917125891497,51.308948457878,23.1279004721198));
#939=CARTESIAN_POINT('Ctrl Pts',(18.9845337667587,47.3135443938959,24.5211059382368));
#940=CARTESIAN_POINT('Ctrl Pts',(18.9626813861496,47.3091421987345,24.1885307006265));
#941=CARTESIAN_POINT('Ctrl Pts',(18.9408637330109,47.3047682998107,23.8560762830064));
#942=CARTESIAN_POINT('Ctrl Pts',(18.9190113524018,47.3003661046493,23.5235010453962));
#943=CARTESIAN_POINT('Ctrl Pts',(15.4783382153796,43.5930107225025,24.7787491970483));
#944=CARTESIAN_POINT('Ctrl Pts',(15.4604699083141,43.5880516033639,24.4458990880073));
#945=CARTESIAN_POINT('Ctrl Pts',(15.442558554042,43.5830493548395,24.112861717125));
#946=CARTESIAN_POINT('Ctrl Pts',(15.4246902469764,43.5780902357009,23.7800116080839));
#947=CARTESIAN_POINT('Ctrl Pts',(12.2775733127982,39.5919645554793,24.9921063705362));
#948=CARTESIAN_POINT('Ctrl Pts',(12.2652304593394,39.5864096301721,24.6590904878719));
#949=CARTESIAN_POINT('Ctrl Pts',(12.2529586629798,39.5809987845894,24.3267216389281));
#950=CARTESIAN_POINT('Ctrl Pts',(12.2406158095211,39.5754438592822,23.9937057562639));
#951=CARTESIAN_POINT('Ctrl Pts',(9.07162073890806,34.5250003333345,25.1541264761856));
#952=CARTESIAN_POINT('Ctrl Pts',(9.07104508332739,34.5186545612283,24.8205428891352));
#953=CARTESIAN_POINT('Ctrl Pts',(9.07037317044727,34.5119153588283,24.4851636490992));
#954=CARTESIAN_POINT('Ctrl Pts',(9.0697975148666,34.5055695867221,24.1515800620488));
#955=CARTESIAN_POINT('Ctrl Pts',(6.33827473295826,29.1451946561451,25.144560560931));
#956=CARTESIAN_POINT('Ctrl Pts',(6.36416414897608,29.1388434685973,24.8119508781309));
#957=CARTESIAN_POINT('Ctrl Pts',(6.39021717897126,29.1332713952907,24.4829085373144));
#958=CARTESIAN_POINT('Ctrl Pts',(6.41610659498909,29.1269202077429,24.1502988545143));
#959=CARTESIAN_POINT('Ctrl Pts',(4.78504644935228,25.4055381140872,24.9487993140633));
#960=CARTESIAN_POINT('Ctrl Pts',(4.85770714593086,25.4022155073912,24.6209040744691));
#961=CARTESIAN_POINT('Ctrl Pts',(4.93010978973134,25.3976649952208,24.2873803618278));
#962=CARTESIAN_POINT('Ctrl Pts',(5.00277048630991,25.3943423885248,23.9594851222336));
#963=CARTESIAN_POINT('Ctrl Pts',(4.1069601932784,23.5500900370186,24.6572434208933));
#964=CARTESIAN_POINT('Ctrl Pts',(4.22923955574466,23.554124855961,24.3471747367892));
#965=CARTESIAN_POINT('Ctrl Pts',(4.35151891821091,23.5581596749035,24.0371060526851));
#966=CARTESIAN_POINT('Ctrl Pts',(4.47379828067716,23.562194493846,23.7270373685809));
#967=CARTESIAN_POINT('Ctrl Pts',(19.0688345917079,-6.03154601359245,16.569470906017));
#968=CARTESIAN_POINT('Ctrl Pts',(19.0487131682867,-6.09516023357914,16.6379229373656));
#969=CARTESIAN_POINT('Ctrl Pts',(19.0280322490016,-6.15979656655083,16.7055284414758));
#970=CARTESIAN_POINT('Ctrl Pts',(19.0067850983471,-6.2252245904438,16.7722424204263));
#971=CARTESIAN_POINT('Ctrl Pts',(18.9845352302705,-6.29374036104314,16.842104834199));
#972=CARTESIAN_POINT('Ctrl Pts',(18.9616643058354,-6.36312427770776,16.9109893657942));
#973=CARTESIAN_POINT('Ctrl Pts',(18.9381275880663,-6.43310283168881,16.978802753293));
#974=CARTESIAN_POINT('Ctrl Pts',(18.936319053317,-6.43847990455953,16.9840134572223));
#975=CARTESIAN_POINT('Ctrl Pts',(18.9345065708848,-6.44386048433857,16.9892178184391));
#976=CARTESIAN_POINT('Ctrl Pts',(18.9326901123259,-6.44924444502962,16.994415785642));
#977=CARTESIAN_POINT('Ctrl Pts',(18.9063642324363,-6.52727402725486,17.0697497697728));
#978=CARTESIAN_POINT('Ctrl Pts',(18.8791351394477,-6.60627467600176,17.1440159336797));
#979=CARTESIAN_POINT('Ctrl Pts',(18.8510978535151,-6.6858817778569,17.2172122783184));
#980=CARTESIAN_POINT('Ctrl Pts',(18.8302596745737,-6.74504824059681,17.2716140678176));
#981=CARTESIAN_POINT('Ctrl Pts',(18.8089745847339,-6.80454970006361,17.3254235607763));
#982=CARTESIAN_POINT('Ctrl Pts',(18.7872761286153,-6.86423719202783,17.3786224642085));
#983=CARTESIAN_POINT('Ctrl Pts',(14.710443270873,-13.3693248782293,24.6492989606297));
#984=CARTESIAN_POINT('Ctrl Pts',(14.6349862391085,-13.5101246135276,24.356736519417));
#985=CARTESIAN_POINT('Ctrl Pts',(14.5595292073439,-13.6509243488259,24.0641740782044));
#986=CARTESIAN_POINT('Ctrl Pts',(14.4840721755793,-13.7917240841242,23.7716116369917));
#987=CARTESIAN_POINT('Ctrl Pts',(15.9207942261919,-14.0234755448928,24.6519471140509));
#988=CARTESIAN_POINT('Ctrl Pts',(15.8523648745103,-14.1513047315909,24.3513540624878));
#989=CARTESIAN_POINT('Ctrl Pts',(15.7839357331921,-14.2791338234797,24.0506882832592));
#990=CARTESIAN_POINT('Ctrl Pts',(15.7155063815104,-14.4069630101778,23.7500952316961));
#991=CARTESIAN_POINT('Ctrl Pts',(17.1311451815108,-14.6776262115563,24.6545952674721));
#992=CARTESIAN_POINT('Ctrl Pts',(17.0685255305752,-14.7947275112558,24.3486692862001));
#993=CARTESIAN_POINT('Ctrl Pts',(17.0059085203031,-14.9118241836892,24.0426794112081));
#994=CARTESIAN_POINT('Ctrl Pts',(16.9432888693675,-15.0289254833887,23.7367534299361));
#995=CARTESIAN_POINT('Ctrl Pts',(18.3414961368297,-15.3317768782198,24.6572434208933));
#996=CARTESIAN_POINT('Ctrl Pts',(18.2838507113004,-15.4396913219454,24.3471747367892));
#997=CARTESIAN_POINT('Ctrl Pts',(18.2262052857712,-15.547605765671,24.0371060526851));
#998=CARTESIAN_POINT('Ctrl Pts',(18.1685598602419,-15.6555202093966,23.7270373685809));
#999=CARTESIAN_POINT('',(14.8209514498512,-13.4290505293991,24.6495407439001));
#1000=CARTESIAN_POINT('',(14.484072175581,-13.7917240841245,23.7716116369916));
#1001=CARTESIAN_POINT('Ctrl Pts',(14.8209514498512,-13.4290505293991,24.6495407439001));
#1002=CARTESIAN_POINT('Ctrl Pts',(14.7661910591997,-13.4894867521315,24.5028538583682));
#1003=CARTESIAN_POINT('Ctrl Pts',(14.7107676906519,-13.5499116783875,24.3563494468403));
#1004=CARTESIAN_POINT('Ctrl Pts',(14.6546818579356,-13.6103012335555,24.2101439287292));
#1005=CARTESIAN_POINT('Ctrl Pts',(14.5985117629965,-13.670781516772,24.0637187543992));
#1006=CARTESIAN_POINT('Ctrl Pts',(14.54164160524,-13.7312646543076,23.917500603287));
#1007=CARTESIAN_POINT('Ctrl Pts',(14.4840721755793,-13.7917240841242,23.7716116369917));
#1008=CARTESIAN_POINT('',(18.3414961368297,-15.3317768782198,24.6572434208933));
#1009=CARTESIAN_POINT('',(12.1768317361479,-12.,24.6437556163425));
#1010=CARTESIAN_POINT('',(18.1685598602419,-15.6555202093966,23.7270373685809));
#1011=CARTESIAN_POINT('',(18.3414961368297,-15.3317768782198,24.6572434208933));
#1012=CARTESIAN_POINT('Ctrl Pts',(14.4840721755793,-13.7917240841242,23.7716116369917));
#1013=CARTESIAN_POINT('Ctrl Pts',(15.7155063815104,-14.4069630101778,23.7500952316961));
#1014=CARTESIAN_POINT('Ctrl Pts',(16.9432888693675,-15.0289254833887,23.7367534299361));
#1015=CARTESIAN_POINT('Ctrl Pts',(18.1685598602419,-15.6555202093966,23.7270373685809));
#1016=CARTESIAN_POINT('Ctrl Pts',(-15.3366907485188,-12.8368966998752,17.3765909225453));
#1017=CARTESIAN_POINT('Ctrl Pts',(-86.3570598206641,-35.4526194407055,15.2026643854822));
#1018=CARTESIAN_POINT('Ctrl Pts',(-157.37742889281,-58.0683421815358,13.0287378484192));
#1019=CARTESIAN_POINT('Ctrl Pts',(-228.397797964955,-80.684064922366,10.8548113113561));
#1020=CARTESIAN_POINT('Ctrl Pts',(-12.2506174285884,-12.8368966998752,20.430574340756));
#1021=CARTESIAN_POINT('Ctrl Pts',(-66.8694720943611,-35.4526194407054,18.0556994524803));
#1022=CARTESIAN_POINT('Ctrl Pts',(-121.492491956719,-58.0683421815358,15.6858681477891));
#1023=CARTESIAN_POINT('Ctrl Pts',(-176.111346622492,-80.684064922366,13.3109932595135));
#1024=CARTESIAN_POINT('Ctrl Pts',(-5.76172993615828,-12.8368966998752,24.4206861042553));
#1025=CARTESIAN_POINT('Ctrl Pts',(-33.3978471345976,-35.4526194407056,22.0010631286767));
#1026=CARTESIAN_POINT('Ctrl Pts',(-61.0329870026004,-58.0683421815357,19.5805162439924));
#1027=CARTESIAN_POINT('Ctrl Pts',(-88.6691042010398,-80.684064922366,17.1608932684139));
#1028=CARTESIAN_POINT('Ctrl Pts',(4.78483274008017,-12.8368966998752,26.2472845099875));
#1029=CARTESIAN_POINT('Ctrl Pts',(14.5482065653657,-35.4526194407054,24.7369781076234));
#1030=CARTESIAN_POINT('Ctrl Pts',(24.3106771173392,-58.0683421815359,23.2279161085005));
#1031=CARTESIAN_POINT('Ctrl Pts',(34.0740509426248,-80.6840649223661,21.7176097061364));
#1032=CARTESIAN_POINT('Ctrl Pts',(10.8422712940552,-12.8368966998752,25.4701538952947));
#1033=CARTESIAN_POINT('Ctrl Pts',(41.9682205818543,-35.4526194407056,24.9522208143268));
#1034=CARTESIAN_POINT('Ctrl Pts',(73.0938798787773,-58.0683421815357,24.4358567061158));
#1035=CARTESIAN_POINT('Ctrl Pts',(104.219829166576,-80.684064922366,23.9179236251478));
#1036=CARTESIAN_POINT('Ctrl Pts',(13.725310965503,-12.8368966998752,24.6471435680361));
#1037=CARTESIAN_POINT('Ctrl Pts',(55.5703522068534,-35.4526194407055,24.7386972522267));
#1038=CARTESIAN_POINT('Ctrl Pts',(97.4153934482037,-58.0683421815358,24.8302509364173));
#1039=CARTESIAN_POINT('Ctrl Pts',(139.260434689554,-80.684064922366,24.921804620608));
#1040=CARTESIAN_POINT('',(-15.33669074855,-12.836896699884,17.3765909225454));
#1041=CARTESIAN_POINT('Ctrl Pts',(-15.3366907485453,-12.8368966998837,17.3765909225445));
#1042=CARTESIAN_POINT('Ctrl Pts',(-15.1298472348367,-13.0840199008611,18.3255028148319));
#1043=CARTESIAN_POINT('Ctrl Pts',(-14.87854790624,-13.3727475222954,19.1269629099399));
#1044=CARTESIAN_POINT('Ctrl Pts',(-14.1925312955941,-14.1023881914819,20.6520589753199));
#1045=CARTESIAN_POINT('Ctrl Pts',(-13.7178533534444,-14.5776443549305,21.3424356885128));
#1046=CARTESIAN_POINT('Ctrl Pts',(-12.348211318935,-15.7634811135193,22.5863314824188));
#1047=CARTESIAN_POINT('Ctrl Pts',(-11.4572179022679,-16.4331084600525,23.0290882555264));
#1048=CARTESIAN_POINT('Ctrl Pts',(-8.784131439662,-18.0777892014736,23.939473226778));
#1049=CARTESIAN_POINT('Ctrl Pts',(-6.56028736347688,-19.0899757146967,24.2706553596054));
#1050=CARTESIAN_POINT('Ctrl Pts',(-1.4082841128513,-20.1088382560996,24.816071921689));
#1051=CARTESIAN_POINT('Ctrl Pts',(1.14450546937216,-20.1273189151459,25.0122725144912));
#1052=CARTESIAN_POINT('Ctrl Pts',(6.00376653786353,-19.2289760739295,25.3663596413788));
#1053=CARTESIAN_POINT('Ctrl Pts',(8.05571514914592,-18.4068084745294,25.5034502878339));
#1054=CARTESIAN_POINT('Ctrl Pts',(11.0624332896745,-16.7309559174306,25.5761045530051));
#1055=CARTESIAN_POINT('Ctrl Pts',(12.1636878457226,-15.9185026732633,25.5454242257122));
#1056=CARTESIAN_POINT('Ctrl Pts',(13.6929309435124,-14.602493194042,25.258809319045));
#1057=CARTESIAN_POINT('Ctrl Pts',(14.3065352659384,-13.996785178256,25.0510410739359));
#1058=CARTESIAN_POINT('Ctrl Pts',(14.8209514498512,-13.4290505293991,24.6495407439001));
#1059=CARTESIAN_POINT('Ctrl Pts',(-15.3379589828447,-12.8379653946989,17.378479277343));
#1060=CARTESIAN_POINT('Ctrl Pts',(-15.5209938558686,-12.997226998849,17.6766860297031));
#1061=CARTESIAN_POINT('Ctrl Pts',(-16.0614941206297,-13.4437758560141,18.3554057523899));
#1062=CARTESIAN_POINT('Ctrl Pts',(-17.0574546068132,-14.1583031222661,18.9751948041975));
#1063=CARTESIAN_POINT('Ctrl Pts',(-18.3866103702547,-14.9657893266121,19.3473163391362));
#1064=CARTESIAN_POINT('Ctrl Pts',(-19.7992702527371,-15.7438704144697,19.5607529993414));
#1065=CARTESIAN_POINT('Ctrl Pts',(-22.310408826575,-16.9690931289397,19.6609645272835));
#1066=CARTESIAN_POINT('Ctrl Pts',(-26.0683306353997,-18.4946149659294,19.4840814940471));
#1067=CARTESIAN_POINT('Ctrl Pts',(-30.6668795348507,-20.0764733461428,19.1075549458859));
#1068=CARTESIAN_POINT('Ctrl Pts',(-35.3931583030759,-21.4972848867458,18.650085538405));
#1069=CARTESIAN_POINT('Ctrl Pts',(-40.9942207156191,-22.9966417006621,18.0662869857028));
#1070=CARTESIAN_POINT('Ctrl Pts',(-45.3235948630932,-24.0228679217339,17.6002483803127));
#1071=CARTESIAN_POINT('Ctrl Pts',(-47.9698247558586,-24.7263034403237,17.3793803543664));
#1072=CARTESIAN_POINT('Ctrl Pts',(-49.1380751833428,-25.065687241923,17.2988908407053));
#1073=CARTESIAN_POINT('Ctrl Pts',(-50.0684032755728,-25.3504941381223,17.2462859479588));
#1074=CARTESIAN_POINT('Ctrl Pts',(-51.6933899688859,-25.9425389065648,17.2012757108744));
#1075=CARTESIAN_POINT('Ctrl Pts',(-53.9816673341801,-26.9821126498212,17.2582784590867));
#1076=CARTESIAN_POINT('Ctrl Pts',(-56.4526728394941,-29.3708227881618,17.8246126765645));
#1077=CARTESIAN_POINT('Ctrl Pts',(-57.7077835597121,-32.1968345941654,18.4164647319006));
#1078=CARTESIAN_POINT('Ctrl Pts',(-58.3667847634261,-34.5746886519498,18.776284274711));
#1079=CARTESIAN_POINT('Ctrl Pts',(-58.8057142374233,-37.1984533825481,19.10514748818));
#1080=CARTESIAN_POINT('Ctrl Pts',(-58.9649488907563,-40.7560049600303,19.3983165866269));
#1081=CARTESIAN_POINT('Ctrl Pts',(-58.4484056892245,-45.4117282719065,19.6024420396231));
#1082=CARTESIAN_POINT('Ctrl Pts',(-57.2376467781977,-49.7765876234408,19.6783505357444));
#1083=CARTESIAN_POINT('Ctrl Pts',(-55.6446323202472,-53.4494910446089,19.6947543834958));
#1084=CARTESIAN_POINT('Ctrl Pts',(-53.6254302708158,-57.1631491528528,19.6895036424054));
#1085=CARTESIAN_POINT('Ctrl Pts',(-49.3303344594062,-63.0963246390821,19.6443661877694));
#1086=CARTESIAN_POINT('Ctrl Pts',(-41.3807947331182,-70.1632609717072,19.5810130282024));
#1087=CARTESIAN_POINT('Ctrl Pts',(-31.9829589840378,-75.2547579620652,19.6151272229283));
#1088=CARTESIAN_POINT('Ctrl Pts',(-24.0547829607257,-78.1287730996758,19.7177574756538));
#1089=CARTESIAN_POINT('Ctrl Pts',(-17.8249654514674,-79.6920994454997,19.8392058486506));
#1090=CARTESIAN_POINT('Ctrl Pts',(-11.5264093563831,-80.5908534612681,20.0061804736941));
#1091=CARTESIAN_POINT('Ctrl Pts',(-3.00385349380363,-80.819043951185,20.3003563587558));
#1092=CARTESIAN_POINT('Ctrl Pts',(6.96980545406499,-79.2572370063339,20.777045103874));
#1093=CARTESIAN_POINT('Ctrl Pts',(17.3620229944316,-74.5758382233042,21.5044264449854));
#1094=CARTESIAN_POINT('Ctrl Pts',(23.9349566505293,-68.898745659077,22.1698927563793));
#1095=CARTESIAN_POINT('Ctrl Pts',(27.9184812621984,-63.4704021489365,22.7204826619675));
#1096=CARTESIAN_POINT('Ctrl Pts',(30.9715285966339,-57.361806843072,23.2843387603251));
#1097=CARTESIAN_POINT('Ctrl Pts',(32.3575014803808,-50.7190258051846,23.8186972565324));
#1098=CARTESIAN_POINT('Ctrl Pts',(32.0795650095289,-43.8759835284218,24.2866122370742));
#1099=CARTESIAN_POINT('Ctrl Pts',(31.0179936912051,-38.0519480027575,24.6387719817563));
#1100=CARTESIAN_POINT('Ctrl Pts',(28.9251212458569,-32.1187165632954,24.9295862907818));
#1101=CARTESIAN_POINT('Ctrl Pts',(26.762036521149,-27.7800089796363,25.0728391654829));
#1102=CARTESIAN_POINT('Ctrl Pts',(24.9473718870274,-24.5737048463624,25.1365234742311));
#1103=CARTESIAN_POINT('Ctrl Pts',(23.5872105953948,-22.3966377765509,25.1487487882048));
#1104=CARTESIAN_POINT('Ctrl Pts',(22.1541749043047,-20.297786568898,25.1119158599556));
#1105=CARTESIAN_POINT('Ctrl Pts',(20.5338695550011,-18.0511293293058,25.0137638428322));
#1106=CARTESIAN_POINT('Ctrl Pts',(19.2923626684103,-16.4679998499083,24.8759103407708));
#1107=CARTESIAN_POINT('Ctrl Pts',(18.3414961368297,-15.3317768782198,24.6572434208933));
#1108=CARTESIAN_POINT('Ctrl Pts',(-14.7578893737266,-13.4983221702981,16.5694708996875));
#1109=CARTESIAN_POINT('Ctrl Pts',(-20.073989709553,-15.0922485561475,16.3113446425267));
#1110=CARTESIAN_POINT('Ctrl Pts',(-30.715919570333,-18.2499507826934,15.8132256523927));
#1111=CARTESIAN_POINT('Ctrl Pts',(-62.6662504958037,-27.6645679351082,14.5506506209564));
#1112=CARTESIAN_POINT('Ctrl Pts',(-131.809034436881,-48.3963424783263,12.4700753940992));
#1113=CARTESIAN_POINT('Ctrl Pts',(-195.55180684382,-67.8071327302536,10.6279061116025));
#1114=CARTESIAN_POINT('Ctrl Pts',(-238.047984707839,-80.744464685739,9.4005114977579));
#1115=CARTESIAN_POINT('Ctrl Pts',(-13.7826577320373,-13.4801897637908,17.5971673602235));
#1116=CARTESIAN_POINT('Ctrl Pts',(-18.6994107245516,-15.0634734049613,17.3247835669731));
#1117=CARTESIAN_POINT('Ctrl Pts',(-28.5422541480314,-18.20528723003,16.8112966110304));
#1118=CARTESIAN_POINT('Ctrl Pts',(-58.0871650502512,-27.5987766585809,15.54052820686));
#1119=CARTESIAN_POINT('Ctrl Pts',(-121.987799139122,-48.3698153546939,13.4279549627358));
#1120=CARTESIAN_POINT('Ctrl Pts',(-180.893687466349,-67.7857378417479,11.5153274736758));
#1121=CARTESIAN_POINT('Ctrl Pts',(-220.165387827795,-80.7274290076064,10.2457650694062));
#1122=CARTESIAN_POINT('Ctrl Pts',(-11.6380928214776,-13.4280710683413,19.4882843144116));
#1123=CARTESIAN_POINT('Ctrl Pts',(-15.7553700645933,-15.0005506458229,19.1877578816186));
#1124=CARTESIAN_POINT('Ctrl Pts',(-24.014166959771,-18.0835790929303,18.6414290733713));
#1125=CARTESIAN_POINT('Ctrl Pts',(-48.7754074527431,-27.4557257808002,17.4181416825104));
#1126=CARTESIAN_POINT('Ctrl Pts',(-102.228586351585,-48.3274950935189,15.2507333959004));
#1127=CARTESIAN_POINT('Ctrl Pts',(-151.507169296896,-67.7453506929225,13.2382122465044));
#1128=CARTESIAN_POINT('Ctrl Pts',(-184.358150703074,-80.6954640479559,11.9052734201146));
#1129=CARTESIAN_POINT('Ctrl Pts',(-7.93466732459211,-13.233812176454,21.6855670748602));
#1130=CARTESIAN_POINT('Ctrl Pts',(-10.8965693171417,-14.7348541165574,21.3766589689991));
#1131=CARTESIAN_POINT('Ctrl Pts',(-16.8136038525853,-17.7929273029719,20.9397829419607));
#1132=CARTESIAN_POINT('Ctrl Pts',(-34.4091207218402,-27.2820668920239,19.8492545068097));
#1133=CARTESIAN_POINT('Ctrl Pts',(-72.3056731077532,-48.2648468883163,17.6638577266821));
#1134=CARTESIAN_POINT('Ctrl Pts',(-107.248309336173,-67.6955983951445,15.6303078251509));
#1135=CARTESIAN_POINT('Ctrl Pts',(-130.540117910205,-80.6562740563743,14.2796024355751));
#1136=CARTESIAN_POINT('Ctrl Pts',(-3.95614542213097,-12.8255244549208,23.2934642466791));
#1137=CARTESIAN_POINT('Ctrl Pts',(-5.7650816909818,-14.3531996961662,23.0928979422489));
#1138=CARTESIAN_POINT('Ctrl Pts',(-9.28697880709368,-17.5257358511922,22.7658731270356));
#1139=CARTESIAN_POINT('Ctrl Pts',(-19.7236053045279,-27.1614549903222,21.792150101898));
#1140=CARTESIAN_POINT('Ctrl Pts',(-42.1578084802085,-48.2122994752965,19.7201591205356));
#1141=CARTESIAN_POINT('Ctrl Pts',(-62.8476652090618,-67.6592638535011,17.7995491183704));
#1142=CARTESIAN_POINT('Ctrl Pts',(-76.6372397603439,-80.6276146188583,16.5205600361423));
#1143=CARTESIAN_POINT('Ctrl Pts',(0.182928682179812,-12.5133906434904,24.4424083039251));
#1144=CARTESIAN_POINT('Ctrl Pts',(-0.400947876281704,-14.1345784969093,
24.3025774316234));
#1145=CARTESIAN_POINT('Ctrl Pts',(-1.51661509832432,-17.3750495706825,24.0212299836486));
#1146=CARTESIAN_POINT('Ctrl Pts',(-4.80889162479769,-27.1002854641159,23.1877625840724));
#1147=CARTESIAN_POINT('Ctrl Pts',(-11.8530218685204,-48.1793520571861,21.3855370918567));
#1148=CARTESIAN_POINT('Ctrl Pts',(-18.3471375371444,-67.6379262689239,19.722673824826));
#1149=CARTESIAN_POINT('Ctrl Pts',(-22.6745850117215,-80.6106083414945,18.6141251949445));
#1150=CARTESIAN_POINT('Ctrl Pts',(4.47731537689833,-12.4628371343199,24.9294025027364));
#1151=CARTESIAN_POINT('Ctrl Pts',(5.11668765652162,-14.0932208837972,24.8241490233718));
#1152=CARTESIAN_POINT('Ctrl Pts',(6.39511764532893,-17.3447284602214,24.6168504936296));
#1153=CARTESIAN_POINT('Ctrl Pts',(10.2308454303025,-27.0862372598504,23.990793713136));
#1154=CARTESIAN_POINT('Ctrl Pts',(18.5390789730657,-48.1713010823266,22.6356228302783));
#1155=CARTESIAN_POINT('Ctrl Pts',(26.2081329944053,-67.632371359024,21.3849209887655));
#1156=CARTESIAN_POINT('Ctrl Pts',(31.3208224866649,-80.6058357963987,20.5514556024968));
#1157=CARTESIAN_POINT('Ctrl Pts',(8.78345359371631,-12.6508844476887,24.6878249403808));
#1158=CARTESIAN_POINT('Ctrl Pts',(10.6506975874724,-14.2302822254891,24.6335087101625));
#1159=CARTESIAN_POINT('Ctrl Pts',(14.325677696905,-17.4404572361169,24.522576380944));
#1160=CARTESIAN_POINT('Ctrl Pts',(25.2877186045712,-27.1240885698551,24.1880822060393));
#1161=CARTESIAN_POINT('Ctrl Pts',(48.9436313977167,-48.1899111060672,23.4568205921391));
#1162=CARTESIAN_POINT('Ctrl Pts',(70.7712594737708,-67.6428178798162,22.7802647107936));
#1163=CARTESIAN_POINT('Ctrl Pts',(85.3209432926897,-80.6134694561024,22.328870616983));
#1164=CARTESIAN_POINT('Ctrl Pts',(11.5997096307171,-12.9271423360561,24.1518689959725));
#1165=CARTESIAN_POINT('Ctrl Pts',(14.2715209192579,-14.4403162780696,24.0851069568604));
#1166=CARTESIAN_POINT('Ctrl Pts',(19.5467402488666,-17.5835561141784,24.036859620544));
#1167=CARTESIAN_POINT('Ctrl Pts',(35.2657119963957,-27.1821103862961,23.9251715500946));
#1168=CARTESIAN_POINT('Ctrl Pts',(69.1721557224336,-48.2176003448822,23.7274397396289));
#1169=CARTESIAN_POINT('Ctrl Pts',(100.453797056094,-67.6602300327386,23.5348738414572));
#1170=CARTESIAN_POINT('Ctrl Pts',(121.305338362459,-80.6266692054005,23.4086101504885));
#1171=CARTESIAN_POINT('Ctrl Pts',(12.9895051793921,-13.0493548704159,23.8023533010186));
#1172=CARTESIAN_POINT('Ctrl Pts',(16.0498718445379,-14.5603517375224,23.7288759719646));
#1173=CARTESIAN_POINT('Ctrl Pts',(22.1221829732601,-17.6714759430923,23.6963786816614));
#1174=CARTESIAN_POINT('Ctrl Pts',(40.2205544768352,-27.2238189292323,23.6977763669017));
#1175=CARTESIAN_POINT('Ctrl Pts',(79.2640857120172,-48.2339994460571,23.7947382840707));
#1176=CARTESIAN_POINT('Ctrl Pts',(115.280854287647,-67.6713909002264,23.8703060027805));
#1177=CARTESIAN_POINT('Ctrl Pts',(139.28903778283,-80.6351834032919,23.9234096786396));
#1178=CARTESIAN_POINT('',(-14.7578893677203,-13.4983221701868,16.5694709060193));
#1179=CARTESIAN_POINT('Ctrl Pts',(14.4840721755793,-13.7917240841242,23.7716116369917));
#1180=CARTESIAN_POINT('Ctrl Pts',(14.0454865248051,-14.2523268472188,24.1064021114536));
#1181=CARTESIAN_POINT('Ctrl Pts',(13.5392297098119,-14.7308223909334,24.2617279396828));
#1182=CARTESIAN_POINT('Ctrl Pts',(12.0594359890336,-16.0170624187545,24.585127150579));
#1183=CARTESIAN_POINT('Ctrl Pts',(10.588676589885,-17.0965980787952,24.5888286034398));
#1184=CARTESIAN_POINT('Ctrl Pts',(6.53308340657053,-19.0549783121304,24.4121226742018));
#1185=CARTESIAN_POINT('Ctrl Pts',(4.01531271176925,-19.7870940206049,24.2260157267205));
#1186=CARTESIAN_POINT('Ctrl Pts',(-1.62458376270542,-20.1415735029244,23.7805617686902));
#1187=CARTESIAN_POINT('Ctrl Pts',(-4.28621525393286,-19.6826284398115,23.5511881948323));
#1188=CARTESIAN_POINT('Ctrl Pts',(-8.5138597505109,-18.2155048841617,22.9231358526169));
#1189=CARTESIAN_POINT('Ctrl Pts',(-10.1094909908978,-17.3191191775002,22.5564714816553));
#1190=CARTESIAN_POINT('Ctrl Pts',(-12.3012714049644,-15.8144620640094,21.4789181491864));
#1191=CARTESIAN_POINT('Ctrl Pts',(-12.8613017098707,-15.3242907214916,20.9237190868416));
#1192=CARTESIAN_POINT('Ctrl Pts',(-13.6247417166357,-14.6505336258544,19.9406607129371));
#1193=CARTESIAN_POINT('Ctrl Pts',(-13.9565827621767,-14.3309201643107,19.3209860347375));
#1194=CARTESIAN_POINT('Ctrl Pts',(-14.4370022230252,-13.843866889338,17.9621394836088));
#1195=CARTESIAN_POINT('Ctrl Pts',(-14.6092744054313,-13.6608048213031,17.3167285620384));
#1196=CARTESIAN_POINT('Ctrl Pts',(-14.7578893677194,-13.4983221701868,16.5694709060191));
#1197=CARTESIAN_POINT('Ctrl Pts',(-14.7578893677198,-13.4983221701863,16.569470906017));
#1198=CARTESIAN_POINT('Ctrl Pts',(-14.9927627061229,-13.7111270424715,17.0669934457237));
#1199=CARTESIAN_POINT('Ctrl Pts',(-15.5789048706471,-14.1964399653399,17.8692925827849));
#1200=CARTESIAN_POINT('Ctrl Pts',(-16.7397680531905,-14.9701729390184,18.4801501206551));
#1201=CARTESIAN_POINT('Ctrl Pts',(-18.0735271986745,-15.7184604971266,18.7666248879731));
#1202=CARTESIAN_POINT('Ctrl Pts',(-19.494483257494,-16.4435742062928,18.9123663605057));
#1203=CARTESIAN_POINT('Ctrl Pts',(-22.0236258229771,-17.5976331090446,18.9353192856407));
#1204=CARTESIAN_POINT('Ctrl Pts',(-25.8045825516985,-19.0633135546019,18.7040262196496));
#1205=CARTESIAN_POINT('Ctrl Pts',(-30.4234386171329,-20.6068411978684,18.2951418654439));
#1206=CARTESIAN_POINT('Ctrl Pts',(-35.1652176434829,-22.006725593941,17.8202382114476));
#1207=CARTESIAN_POINT('Ctrl Pts',(-40.7803030877963,-23.4941522304265,17.2255408427422));
#1208=CARTESIAN_POINT('Ctrl Pts',(-45.1178905624529,-24.5175398459893,16.7558597504641));
#1209=CARTESIAN_POINT('Ctrl Pts',(-47.7697181693633,-25.2125265297842,16.5287342830271));
#1210=CARTESIAN_POINT('Ctrl Pts',(-48.940704827156,-25.5462352689767,16.4444516080873));
#1211=CARTESIAN_POINT('Ctrl Pts',(-49.8733155865371,-25.8253485233836,16.3879748974487));
#1212=CARTESIAN_POINT('Ctrl Pts',(-51.5032507020384,-26.4016422644972,16.3335811031389));
#1213=CARTESIAN_POINT('Ctrl Pts',(-53.8002983606056,-27.4055013122677,16.3692138965766));
#1214=CARTESIAN_POINT('Ctrl Pts',(-56.2931626120942,-29.6900032658015,16.8870830518757));
#1215=CARTESIAN_POINT('Ctrl Pts',(-57.5714637282859,-32.4183666550583,17.4498199007407));
#1216=CARTESIAN_POINT('Ctrl Pts',(-58.246306244525,-34.7363288315871,17.7964851552698));
#1217=CARTESIAN_POINT('Ctrl Pts',(-58.7005534863336,-37.3053308203783,18.1158119984322));
#1218=CARTESIAN_POINT('Ctrl Pts',(-58.8758032381131,-40.8114677593648,18.4033872728856));
#1219=CARTESIAN_POINT('Ctrl Pts',(-58.3740704476676,-45.424608571745,18.6050532027273));
#1220=CARTESIAN_POINT('Ctrl Pts',(-57.1730317350668,-49.7643224916122,18.6804505562808));
#1221=CARTESIAN_POINT('Ctrl Pts',(-55.5862582630493,-53.422136650523,18.6968135097679));
#1222=CARTESIAN_POINT('Ctrl Pts',(-53.5723641378453,-57.1235270904406,18.691667335761));
#1223=CARTESIAN_POINT('Ctrl Pts',(-49.2837402105376,-63.0427439616433,18.6468517590261));
#1224=CARTESIAN_POINT('Ctrl Pts',(-41.3391814268916,-70.0998663483468,18.5838831125852));
#1225=CARTESIAN_POINT('Ctrl Pts',(-31.9438669658871,-75.1864860440563,18.6182236793034));
#1226=CARTESIAN_POINT('Ctrl Pts',(-24.0169719727525,-78.0579441172369,18.7209857638876));
#1227=CARTESIAN_POINT('Ctrl Pts',(-17.7878557608033,-79.6197946053845,18.8425133210107));
#1228=CARTESIAN_POINT('Ctrl Pts',(-11.4898020940574,-80.5174129614814,19.0095527783867));
#1229=CARTESIAN_POINT('Ctrl Pts',(-2.96773016470442,-80.7444044863975,19.3038000862607));
#1230=CARTESIAN_POINT('Ctrl Pts',(7.00556588957305,-79.1816037393872,19.780550414523));
#1231=CARTESIAN_POINT('Ctrl Pts',(17.3973502615864,-74.4995208808752,20.5079692909617));
#1232=CARTESIAN_POINT('Ctrl Pts',(23.969603129578,-68.822391162344,21.1734131396844));
#1233=CARTESIAN_POINT('Ctrl Pts',(27.9521308091834,-63.3945227211738,21.723934535906));
#1234=CARTESIAN_POINT('Ctrl Pts',(31.00361781846,-57.2870436318502,22.2876499577776));
#1235=CARTESIAN_POINT('Ctrl Pts',(32.3870653546991,-50.6465035676294,22.8217703472681));
#1236=CARTESIAN_POINT('Ctrl Pts',(32.1043470260034,-43.8086394778812,23.2891674398248));
#1237=CARTESIAN_POINT('Ctrl Pts',(31.0368381869698,-37.9916601115485,23.6407746888322));
#1238=CARTESIAN_POINT('Ctrl Pts',(28.9338439630972,-32.0716007541949,23.9305868462531));
#1239=CARTESIAN_POINT('Ctrl Pts',(26.7565039122796,-27.7539462502137,24.0731573726555));
#1240=CARTESIAN_POINT('Ctrl Pts',(24.9254083355422,-24.5740696702463,24.1364728470884));
#1241=CARTESIAN_POINT('Ctrl Pts',(23.5499713725257,-22.4232691325614,24.1498211379061));
#1242=CARTESIAN_POINT('Ctrl Pts',(22.0935355749961,-20.3676263833254,24.1151460457364));
#1243=CARTESIAN_POINT('Ctrl Pts',(20.4399085967262,-18.1887136668445,24.0281657808094));
#1244=CARTESIAN_POINT('Ctrl Pts',(19.1602102483411,-16.6861531958815,23.9013731838204));
#1245=CARTESIAN_POINT('Ctrl Pts',(18.1685598602419,-15.6555202093966,23.7270373685809));
#1246=CARTESIAN_POINT('Ctrl Pts',(-15.0468395540404,-12.5763793233798,16.8274034108463));
#1247=CARTESIAN_POINT('Ctrl Pts',(-14.9505228252669,-12.8836936056486,16.7414259092365));
#1248=CARTESIAN_POINT('Ctrl Pts',(-14.8542060964933,-13.1910078879175,16.6554484076267));
#1249=CARTESIAN_POINT('Ctrl Pts',(-14.7578893677198,-13.4983221701863,16.569470906017));
#1250=CARTESIAN_POINT('Ctrl Pts',(-15.2902699322657,-12.8024570355972,17.3627817515807));
#1251=CARTESIAN_POINT('Ctrl Pts',(-15.1911209228588,-13.1054082892655,17.2643355545528));
#1252=CARTESIAN_POINT('Ctrl Pts',(-15.0919117155298,-13.4081757888033,17.1654396427516));
#1253=CARTESIAN_POINT('Ctrl Pts',(-14.9927627061229,-13.7111270424715,17.0669934457237));
#1254=CARTESIAN_POINT('Ctrl Pts',(-15.8908745640376,-13.3213690667568,18.2492287155827));
#1255=CARTESIAN_POINT('Ctrl Pts',(-15.7868752040151,-13.6130232349198,18.1224988822485));
#1256=CARTESIAN_POINT('Ctrl Pts',(-15.6829042306696,-13.904785797177,17.9960224161191));
#1257=CARTESIAN_POINT('Ctrl Pts',(-15.5789048706471,-14.1964399653399,17.8692925827849));
#1258=CARTESIAN_POINT('Ctrl Pts',(-17.0574546068132,-14.1583031222661,18.9751948041975));
#1259=CARTESIAN_POINT('Ctrl Pts',(-16.9515574327803,-14.4289247577473,18.810171228452));
#1260=CARTESIAN_POINT('Ctrl Pts',(-16.8456652272234,-14.6995513035372,18.6451736964006));
#1261=CARTESIAN_POINT('Ctrl Pts',(-16.7397680531905,-14.9701729390184,18.4801501206551));
#1262=CARTESIAN_POINT('Ctrl Pts',(-18.3866103702547,-14.9657893266121,19.3473163391362));
#1263=CARTESIAN_POINT('Ctrl Pts',(-18.2822546003369,-15.2166886745753,19.1537816573687));
#1264=CARTESIAN_POINT('Ctrl Pts',(-18.1778829685923,-15.4675611491634,18.9601595697407));
#1265=CARTESIAN_POINT('Ctrl Pts',(-18.0735271986745,-15.7184604971266,18.7666248879731));
#1266=CARTESIAN_POINT('Ctrl Pts',(-19.7992702527371,-15.7438704144697,19.5607529993414));
#1267=CARTESIAN_POINT('Ctrl Pts',(-19.6976686877116,-15.977102731625,19.344607140876));
#1268=CARTESIAN_POINT('Ctrl Pts',(-19.5960848225195,-16.2103418891374,19.1285122189711));
#1269=CARTESIAN_POINT('Ctrl Pts',(-19.494483257494,-16.4435742062928,18.9123663605057));
#1270=CARTESIAN_POINT('Ctrl Pts',(-22.310408826575,-16.9690931289397,19.6609645272835));
#1271=CARTESIAN_POINT('Ctrl Pts',(-22.2148191507382,-17.1786074532319,19.4190946665134));
#1272=CARTESIAN_POINT('Ctrl Pts',(-22.1192154988139,-17.3881187847525,19.1771891464108));
#1273=CARTESIAN_POINT('Ctrl Pts',(-22.0236258229771,-17.5976331090446,18.9353192856407));
#1274=CARTESIAN_POINT('Ctrl Pts',(-26.0683306353997,-18.4946149659294,19.4840814940471));
#1275=CARTESIAN_POINT('Ctrl Pts',(-25.9804108054479,-18.6841815887549,19.2240557097399));
#1276=CARTESIAN_POINT('Ctrl Pts',(-25.8925023816503,-18.8737469317764,18.9640520039568));
#1277=CARTESIAN_POINT('Ctrl Pts',(-25.8045825516985,-19.0633135546019,18.7040262196496));
#1278=CARTESIAN_POINT('Ctrl Pts',(-30.6668795348507,-20.0764733461428,19.1075549458859));
#1279=CARTESIAN_POINT('Ctrl Pts',(-30.5857350320791,-20.2532619358036,18.8367540047165));
#1280=CARTESIAN_POINT('Ctrl Pts',(-30.5045831199045,-20.4300526082075,18.5659428066132));
#1281=CARTESIAN_POINT('Ctrl Pts',(-30.4234386171329,-20.6068411978684,18.2951418654439));
#1282=CARTESIAN_POINT('Ctrl Pts',(-35.3931583030759,-21.4972848867458,18.650085538405));
#1283=CARTESIAN_POINT('Ctrl Pts',(-35.3171778553587,-21.6670959762275,18.3734668905967));
#1284=CARTESIAN_POINT('Ctrl Pts',(-35.2411980912,-21.8369145044594,18.0968568592559));
#1285=CARTESIAN_POINT('Ctrl Pts',(-35.1652176434829,-22.006725593941,17.8202382114476));
#1286=CARTESIAN_POINT('Ctrl Pts',(-40.9942207156191,-22.9966417006621,18.0662869857028));
#1287=CARTESIAN_POINT('Ctrl Pts',(-40.9229131870019,-23.1624865330473,17.7860426845257));
#1288=CARTESIAN_POINT('Ctrl Pts',(-40.8516106164135,-23.3283073980413,17.5057851439193));
#1289=CARTESIAN_POINT('Ctrl Pts',(-40.7803030877963,-23.4941522304265,17.2255408427422));
#1290=CARTESIAN_POINT('Ctrl Pts',(-45.3235948630932,-24.0228679217339,17.6002483803127));
#1291=CARTESIAN_POINT('Ctrl Pts',(-45.2550312915265,-24.1877410833574,17.3187809590705));
#1292=CARTESIAN_POINT('Ctrl Pts',(-45.1864541340196,-24.3526666843658,17.0373271717063));
#1293=CARTESIAN_POINT('Ctrl Pts',(-45.1178905624529,-24.5175398459893,16.7558597504641));
#1294=CARTESIAN_POINT('Ctrl Pts',(-47.9698247558586,-24.7263034403237,17.3793803543664));
#1295=CARTESIAN_POINT('Ctrl Pts',(-47.903118772382,-24.8883924927982,17.095832674606));
#1296=CARTESIAN_POINT('Ctrl Pts',(-47.8364241528399,-25.0504374773097,16.8122819627874));
#1297=CARTESIAN_POINT('Ctrl Pts',(-47.7697181693633,-25.2125265297842,16.5287342830271));
#1298=CARTESIAN_POINT('Ctrl Pts',(-49.1380751833428,-25.065687241923,17.2988908407053));
#1299=CARTESIAN_POINT('Ctrl Pts',(-49.0722908858142,-25.2258461382726,17.0140804897319));
#1300=CARTESIAN_POINT('Ctrl Pts',(-49.0064891246845,-25.3860763726271,16.7292619590608));
#1301=CARTESIAN_POINT('Ctrl Pts',(-48.940704827156,-25.5462352689767,16.4444516080873));
#1302=CARTESIAN_POINT('Ctrl Pts',(-50.0684032755728,-25.3504941381223,17.2462859479588));
#1303=CARTESIAN_POINT('Ctrl Pts',(-50.0033646389874,-25.5088199997699,16.9601778251668));
#1304=CARTESIAN_POINT('Ctrl Pts',(-49.9383542231225,-25.6670226617359,16.6740830202407));
#1305=CARTESIAN_POINT('Ctrl Pts',(-49.8733155865371,-25.8253485233836,16.3879748974487));
#1306=CARTESIAN_POINT('Ctrl Pts',(-51.6933899688859,-25.9425389065648,17.2012757108744));
#1307=CARTESIAN_POINT('Ctrl Pts',(-51.6300174036363,-26.0955403034202,16.9120448327133));
#1308=CARTESIAN_POINT('Ctrl Pts',(-51.566623267288,-26.2486408676418,16.6228119813));
#1309=CARTESIAN_POINT('Ctrl Pts',(-51.5032507020384,-26.4016422644972,16.3335811031389));
#1310=CARTESIAN_POINT('Ctrl Pts',(-53.9816673341801,-26.9821126498212,17.2582784590867));
#1311=CARTESIAN_POINT('Ctrl Pts',(-53.9212064385115,-27.1232659126802,16.9619259624261));
#1312=CARTESIAN_POINT('Ctrl Pts',(-53.8607592562741,-27.2643480494087,16.6655663932373));
#1313=CARTESIAN_POINT('Ctrl Pts',(-53.8002983606056,-27.4055013122677,16.3692138965766));
#1314=CARTESIAN_POINT('Ctrl Pts',(-56.4526728394941,-29.3708227881618,17.8246126765645));
#1315=CARTESIAN_POINT('Ctrl Pts',(-56.3995041831123,-29.477204622301,17.5120988734689));
#1316=CARTESIAN_POINT('Ctrl Pts',(-56.346331268476,-29.5836214316624,17.1995968549713));
#1317=CARTESIAN_POINT('Ctrl Pts',(-56.2931626120942,-29.6900032658015,16.8870830518757));
#1318=CARTESIAN_POINT('Ctrl Pts',(-57.7077835597121,-32.1968345941654,18.4164647319006));
#1319=CARTESIAN_POINT('Ctrl Pts',(-57.6623452619739,-32.2706774507638,18.0942542136228));
#1320=CARTESIAN_POINT('Ctrl Pts',(-57.6169020260241,-32.3445237984599,17.7720304190185));
#1321=CARTESIAN_POINT('Ctrl Pts',(-57.5714637282859,-32.4183666550583,17.4498199007407));
#1322=CARTESIAN_POINT('Ctrl Pts',(-58.3667847634261,-34.5746886519498,18.776284274711));
#1323=CARTESIAN_POINT('Ctrl Pts',(-58.3266200703573,-34.6285871957735,18.4496830848305));
#1324=CARTESIAN_POINT('Ctrl Pts',(-58.2864709375937,-34.6824302877634,18.1230863451503));
#1325=CARTESIAN_POINT('Ctrl Pts',(-58.246306244525,-34.7363288315871,17.7964851552698));
#1326=CARTESIAN_POINT('Ctrl Pts',(-58.8057142374233,-37.1984533825481,19.10514748818));
#1327=CARTESIAN_POINT('Ctrl Pts',(-58.7706653531455,-37.23405812867,18.7753665466745));
#1328=CARTESIAN_POINT('Ctrl Pts',(-58.7356023706114,-37.2697260742564,18.4455929399376));
#1329=CARTESIAN_POINT('Ctrl Pts',(-58.7005534863336,-37.3053308203783,18.1158119984322));
#1330=CARTESIAN_POINT('Ctrl Pts',(-58.9649488907563,-40.7560049600303,19.3983165866269));
#1331=CARTESIAN_POINT('Ctrl Pts',(-58.9352321934702,-40.7745004287433,19.066674720742));
#1332=CARTESIAN_POINT('Ctrl Pts',(-58.9055199353992,-40.7929722906518,18.7350291387706));
#1333=CARTESIAN_POINT('Ctrl Pts',(-58.8758032381131,-40.8114677593648,18.4033872728856));
#1334=CARTESIAN_POINT('Ctrl Pts',(-58.4484056892245,-45.4117282719065,19.6024420396231));
#1335=CARTESIAN_POINT('Ctrl Pts',(-58.42362722936,-45.4160199174676,19.2699785789495));
#1336=CARTESIAN_POINT('Ctrl Pts',(-58.3988489075321,-45.4203169261839,18.9375166634009));
#1337=CARTESIAN_POINT('Ctrl Pts',(-58.3740704476676,-45.424608571745,18.6050532027273));
#1338=CARTESIAN_POINT('Ctrl Pts',(-57.2376467781977,-49.7765876234408,19.6783505357444));
#1339=CARTESIAN_POINT('Ctrl Pts',(-57.2161098879558,-49.7724962723213,19.3457174391656));
#1340=CARTESIAN_POINT('Ctrl Pts',(-57.1945686253087,-49.7684138427317,19.0130836528595));
#1341=CARTESIAN_POINT('Ctrl Pts',(-57.1730317350668,-49.7643224916122,18.6804505562808));
#1342=CARTESIAN_POINT('Ctrl Pts',(-55.6446323202472,-53.4494910446089,19.6947543834958));
#1343=CARTESIAN_POINT('Ctrl Pts',(-55.6251733482068,-53.4403751764763,19.3621073307037));
#1344=CARTESIAN_POINT('Ctrl Pts',(-55.6057172350897,-53.4312525186556,19.02946056256));
#1345=CARTESIAN_POINT('Ctrl Pts',(-55.5862582630493,-53.422136650523,18.6968135097679));
#1346=CARTESIAN_POINT('Ctrl Pts',(-53.6254302708158,-57.1631491528528,19.6895036424054));
#1347=CARTESIAN_POINT('Ctrl Pts',(-53.607742243001,-57.1499400908897,19.3568916039538));
#1348=CARTESIAN_POINT('Ctrl Pts',(-53.5900521656602,-57.1367361524038,19.0242793742126));
#1349=CARTESIAN_POINT('Ctrl Pts',(-53.5723641378453,-57.1235270904406,18.691667335761));
#1350=CARTESIAN_POINT('Ctrl Pts',(-49.3303344594062,-63.0963246390821,19.6443661877694));
#1351=CARTESIAN_POINT('Ctrl Pts',(-49.3148024171092,-63.0784660405565,19.3118613262802));
#1352=CARTESIAN_POINT('Ctrl Pts',(-49.2992722528346,-63.060602560169,18.9793566205152));
#1353=CARTESIAN_POINT('Ctrl Pts',(-49.2837402105376,-63.0427439616433,18.6468517590261));
#1354=CARTESIAN_POINT('Ctrl Pts',(-41.3807947331182,-70.1632609717072,19.5810130282024));
#1355=CARTESIAN_POINT('Ctrl Pts',(-41.3669240842944,-70.1421282939172,19.248636431313));
#1356=CARTESIAN_POINT('Ctrl Pts',(-41.3530520757154,-70.1209990261369,18.9162597094747));
#1357=CARTESIAN_POINT('Ctrl Pts',(-41.3391814268916,-70.0998663483468,18.5838831125852));
#1358=CARTESIAN_POINT('Ctrl Pts',(-31.9829589840378,-75.2547579620652,19.6151272229283));
#1359=CARTESIAN_POINT('Ctrl Pts',(-31.9699281024355,-75.2320011296268,19.2828260141793));
#1360=CARTESIAN_POINT('Ctrl Pts',(-31.9568978474894,-75.2092428764948,18.9505248880524));
#1361=CARTESIAN_POINT('Ctrl Pts',(-31.9438669658871,-75.1864860440563,18.6182236793034));
#1362=CARTESIAN_POINT('Ctrl Pts',(-24.0547829607257,-78.1287730996758,19.7177574756538));
#1363=CARTESIAN_POINT('Ctrl Pts',(-24.0421794207336,-78.1051632012865,19.3855002604012));
#1364=CARTESIAN_POINT('Ctrl Pts',(-24.0295755127447,-78.0815540156263,19.0532429791402));
#1365=CARTESIAN_POINT('Ctrl Pts',(-24.0169719727525,-78.0579441172369,18.7209857638876));
#1366=CARTESIAN_POINT('Ctrl Pts',(-17.8249654514674,-79.6920994454997,19.8392058486506));
#1367=CARTESIAN_POINT('Ctrl Pts',(-17.8125954668592,-79.6679979380789,19.5069749839398));
#1368=CARTESIAN_POINT('Ctrl Pts',(-17.8002257454115,-79.6438961128053,19.1747441857215));
#1369=CARTESIAN_POINT('Ctrl Pts',(-17.7878557608033,-79.6197946053845,18.8425133210107));
#1370=CARTESIAN_POINT('Ctrl Pts',(-11.5264093563831,-80.5908534612681,20.0061804736941));
#1371=CARTESIAN_POINT('Ctrl Pts',(-11.5142069906441,-80.5663732578091,19.6739712570264));
#1372=CARTESIAN_POINT('Ctrl Pts',(-11.5020044597964,-80.5418931649404,19.3417619950544));
#1373=CARTESIAN_POINT('Ctrl Pts',(-11.4898020940574,-80.5174129614814,19.0095527783867));
#1374=CARTESIAN_POINT('Ctrl Pts',(-3.00385349380363,-80.819043951185,20.3003563587558));
#1375=CARTESIAN_POINT('Ctrl Pts',(-2.99181231403226,-80.7941641473472,19.968170910975));
#1376=CARTESIAN_POINT('Ctrl Pts',(-2.97977134447578,-80.7692842902353,19.6359855340415));
#1377=CARTESIAN_POINT('Ctrl Pts',(-2.96773016470442,-80.7444044863975,19.3038000862607));
#1378=CARTESIAN_POINT('Ctrl Pts',(6.96980545406499,-79.2572370063339,20.777045103874));
#1379=CARTESIAN_POINT('Ctrl Pts',(6.98172553262115,-79.2320259587476,20.44488024616));
#1380=CARTESIAN_POINT('Ctrl Pts',(6.99364581101689,-79.2068147869735,20.112715272237));
#1381=CARTESIAN_POINT('Ctrl Pts',(7.00556588957305,-79.1816037393872,19.780550414523));
#1382=CARTESIAN_POINT('Ctrl Pts',(17.3620229944316,-74.5758382233042,21.5044264449854));
#1383=CARTESIAN_POINT('Ctrl Pts',(17.3737988192053,-74.5503990353669,21.1722740009562));
#1384=CARTESIAN_POINT('Ctrl Pts',(17.3855744368127,-74.5249600688125,20.8401217349909));
#1385=CARTESIAN_POINT('Ctrl Pts',(17.3973502615864,-74.4995208808752,20.5079692909617));
#1386=CARTESIAN_POINT('Ctrl Pts',(23.9349566505293,-68.898745659077,22.1698927563793));
#1387=CARTESIAN_POINT('Ctrl Pts',(23.9465053857837,-68.873294295406,21.8377329933581));
#1388=CARTESIAN_POINT('Ctrl Pts',(23.9580543943237,-68.847842526015,21.5055729027056));
#1389=CARTESIAN_POINT('Ctrl Pts',(23.969603129578,-68.822391162344,21.1734131396844));
#1390=CARTESIAN_POINT('Ctrl Pts',(27.9184812621984,-63.4704021489365,22.7204826619675));
#1391=CARTESIAN_POINT('Ctrl Pts',(27.9296978687619,-63.4451088618729,22.3882998063523));
#1392=CARTESIAN_POINT('Ctrl Pts',(27.9409142026198,-63.4198160082374,22.0561173915211));
#1393=CARTESIAN_POINT('Ctrl Pts',(27.9521308091834,-63.3945227211738,21.723934535906));
#1394=CARTESIAN_POINT('Ctrl Pts',(30.9715285966339,-57.361806843072,23.2843387603251));
#1395=CARTESIAN_POINT('Ctrl Pts',(30.9822249389635,-57.3368859095501,22.952109571011));
#1396=CARTESIAN_POINT('Ctrl Pts',(30.9929214761304,-57.3119645653721,22.6198791470917));
#1397=CARTESIAN_POINT('Ctrl Pts',(31.00361781846,-57.2870436318502,22.2876499577776));
#1398=CARTESIAN_POINT('Ctrl Pts',(32.3575014803808,-50.7190258051846,23.8186972565324));
#1399=CARTESIAN_POINT('Ctrl Pts',(32.3673559522142,-50.6948518466201,23.4863873303231));
#1400=CARTESIAN_POINT('Ctrl Pts',(32.3772108828656,-50.6706775261938,23.1540802734774));
#1401=CARTESIAN_POINT('Ctrl Pts',(32.3870653546991,-50.6465035676294,22.8217703472681));
#1402=CARTESIAN_POINT('Ctrl Pts',(32.0795650095289,-43.8759835284218,24.2866122370742));
#1403=CARTESIAN_POINT('Ctrl Pts',(32.0878263556229,-43.8535347823831,23.9541325169805));
#1404=CARTESIAN_POINT('Ctrl Pts',(32.0960856799094,-43.8310882239199,23.6216471599186));
#1405=CARTESIAN_POINT('Ctrl Pts',(32.1043470260034,-43.8086394778812,23.2891674398248));
#1406=CARTESIAN_POINT('Ctrl Pts',(31.0179936912051,-38.0519480027575,24.6387719817563));
#1407=CARTESIAN_POINT('Ctrl Pts',(31.0242733326099,-38.0318540642903,24.3061025268645));
#1408=CARTESIAN_POINT('Ctrl Pts',(31.030558545565,-38.0117540500157,23.973444143724));
#1409=CARTESIAN_POINT('Ctrl Pts',(31.0368381869698,-37.9916601115485,23.6407746888322));
#1410=CARTESIAN_POINT('Ctrl Pts',(28.9251212458569,-32.1187165632954,24.9295862907818));
#1411=CARTESIAN_POINT('Ctrl Pts',(28.9280326262476,-32.1030071784232,24.5965937622796));
#1412=CARTESIAN_POINT('Ctrl Pts',(28.9309325827066,-32.0873101390671,24.2635793747552));
#1413=CARTESIAN_POINT('Ctrl Pts',(28.9338439630972,-32.0716007541949,23.9305868462531));
#1414=CARTESIAN_POINT('Ctrl Pts',(26.762036521149,-27.7800089796363,25.0728391654829));
#1415=CARTESIAN_POINT('Ctrl Pts',(26.7601849658689,-27.7713295750154,24.7395984417727));
#1416=CARTESIAN_POINT('Ctrl Pts',(26.7583554675597,-27.7626256548346,24.4063980963657));
#1417=CARTESIAN_POINT('Ctrl Pts',(26.7565039122796,-27.7539462502137,24.0731573726555));
#1418=CARTESIAN_POINT('Ctrl Pts',(24.9473718870274,-24.5737048463624,25.1365234742311));
#1419=CARTESIAN_POINT('Ctrl Pts',(24.9400640756793,-24.5738116921247,24.8031988307579));
#1420=CARTESIAN_POINT('Ctrl Pts',(24.9327161468903,-24.573962824484,24.4697974905616));
#1421=CARTESIAN_POINT('Ctrl Pts',(24.9254083355422,-24.5740696702463,24.1364728470884));
#1422=CARTESIAN_POINT('Ctrl Pts',(23.5872105953948,-22.3966377765509,25.1487487882048));
#1423=CARTESIAN_POINT('Ctrl Pts',(23.574769587231,-22.4055467391747,24.815720415927));
#1424=CARTESIAN_POINT('Ctrl Pts',(23.5624123806895,-22.4143601699376,24.4828495101838));
#1425=CARTESIAN_POINT('Ctrl Pts',(23.5499713725257,-22.4232691325614,24.1498211379061));
#1426=CARTESIAN_POINT('Ctrl Pts',(22.1541749043047,-20.297786568898,25.1119158599556));
#1427=CARTESIAN_POINT('Ctrl Pts',(22.1340088365403,-20.3210180951511,24.7797581211414));
#1428=CARTESIAN_POINT('Ctrl Pts',(22.1137016427605,-20.3443948570723,24.4473037845506));
#1429=CARTESIAN_POINT('Ctrl Pts',(22.0935355749961,-20.3676263833254,24.1151460457364));
#1430=CARTESIAN_POINT('Ctrl Pts',(20.5338695550011,-18.0511293293058,25.0137638428322));
#1431=CARTESIAN_POINT('Ctrl Pts',(20.5024291549515,-18.0970815872414,24.6849107825756));
#1432=CARTESIAN_POINT('Ctrl Pts',(20.4713489967758,-18.1427614089088,24.357018841066));
#1433=CARTESIAN_POINT('Ctrl Pts',(20.4399085967262,-18.1887136668445,24.0281657808094));
#1434=CARTESIAN_POINT('Ctrl Pts',(19.2923626684103,-16.4679998499083,24.8759103407708));
#1435=CARTESIAN_POINT('Ctrl Pts',(19.2485119923899,-16.5405970927338,24.5516654504299));
#1436=CARTESIAN_POINT('Ctrl Pts',(19.2040609243615,-16.613555953056,24.2256180741613));
#1437=CARTESIAN_POINT('Ctrl Pts',(19.1602102483411,-16.6861531958815,23.9013731838204));
#1438=CARTESIAN_POINT('Ctrl Pts',(18.3414961368297,-15.3317768782198,24.6572434208933));
#1439=CARTESIAN_POINT('Ctrl Pts',(18.2838507113004,-15.4396913219454,24.3471747367892));
#1440=CARTESIAN_POINT('Ctrl Pts',(18.2262052857712,-15.547605765671,24.0371060526851));
#1441=CARTESIAN_POINT('Ctrl Pts',(18.1685598602419,-15.6555202093966,23.7270373685809));
#1442=CARTESIAN_POINT('Ctrl Pts',(-14.7578893677198,-13.4983221701863,16.569470906017));
#1443=CARTESIAN_POINT('Ctrl Pts',(-14.8028414923426,-13.4491754337503,16.6378033130916));
#1444=CARTESIAN_POINT('Ctrl Pts',(-14.8483881428355,-13.3990316194932,16.7052885434559));
#1445=CARTESIAN_POINT('Ctrl Pts',(-14.8943301440616,-13.3480007267008,16.7718823760252));
#1446=CARTESIAN_POINT('Ctrl Pts',(-14.9425690220126,-13.2944185373438,16.8418055764924));
#1447=CARTESIAN_POINT('Ctrl Pts',(-14.9912436966362,-13.2398582586534,16.9107457694943));
#1448=CARTESIAN_POINT('Ctrl Pts',(-15.040096903962,-13.1844195286868,16.9786102056846));
#1449=CARTESIAN_POINT('Ctrl Pts',(-15.0438836380677,-13.1801223342746,16.9838705476181));
#1450=CARTESIAN_POINT('Ctrl Pts',(-15.0476714325888,-13.175819849277,16.9891244076093));
#1451=CARTESIAN_POINT('Ctrl Pts',(-15.0514601616985,-13.1715121138466,16.9943717333356));
#1452=CARTESIAN_POINT('Ctrl Pts',(-15.1062080552084,-13.1092644751817,17.0701966397263));
#1453=CARTESIAN_POINT('Ctrl Pts',(-15.1613455790589,-13.0457284754954,17.1449359612655));
#1454=CARTESIAN_POINT('Ctrl Pts',(-15.2166017772386,-12.9811760473079,17.2185894472471));
#1455=CARTESIAN_POINT('Ctrl Pts',(-15.2570270354782,-12.9339496968634,17.272474102528));
#1456=CARTESIAN_POINT('Ctrl Pts',(-15.2975155561821,-12.8861789132559,17.3257762447788));
#1457=CARTESIAN_POINT('Ctrl Pts',(-15.337958982839,-12.8379653946938,17.3784792773336));
#1458=CARTESIAN_POINT('Ctrl Pts',(-18.9333966114304,-6.05495513439124,24.6492989606297));
#1459=CARTESIAN_POINT('Ctrl Pts',(-19.0176042431626,-5.91920756033979,24.356736519417));
#1460=CARTESIAN_POINT('Ctrl Pts',(-19.1018118748947,-5.78345998628835,24.0641740782044));
#1461=CARTESIAN_POINT('Ctrl Pts',(-19.1860195066268,-5.6477124122369,23.7716116369917));
#1462=CARTESIAN_POINT('Ctrl Pts',(-20.105083184323,-6.7760744758604,24.6519471140509));
#1463=CARTESIAN_POINT('Ctrl Pts',(-20.1815718315078,-6.65289832559054,24.3513540624878));
#1464=CARTESIAN_POINT('Ctrl Pts',(-20.2580605017671,-6.52972240490543,24.0506882832592));
#1465=CARTESIAN_POINT('Ctrl Pts',(-20.3345491489519,-6.40654625463558,23.7500952316961));
#1466=CARTESIAN_POINT('Ctrl Pts',(-21.2767697572155,-7.49719381732957,24.6545952674721));
#1467=CARTESIAN_POINT('Ctrl Pts',(-21.3468726321037,-7.38441295899345,24.3486692862001));
#1468=CARTESIAN_POINT('Ctrl Pts',(-21.4169728199935,-7.27163670117214,24.0426794112081));
#1469=CARTESIAN_POINT('Ctrl Pts',(-21.4870756948817,-7.15885584283602,23.7367534299361));
#1470=CARTESIAN_POINT('Ctrl Pts',(-22.4484563301081,-8.21831315879873,24.6572434208933));
#1471=CARTESIAN_POINT('Ctrl Pts',(-22.5130902670451,-8.11443353401564,24.3471747367892));
#1472=CARTESIAN_POINT('Ctrl Pts',(-22.5777242039821,-8.01055390923254,24.0371060526851));
#1473=CARTESIAN_POINT('Ctrl Pts',(-22.6423581409191,-7.90667428444945,23.7270373685809));
#1474=CARTESIAN_POINT('',(-19.0403746320901,-6.12079519912741,24.6495407439001));
#1475=CARTESIAN_POINT('',(-19.186019506628,-5.64771241223818,23.7716116369916));
#1476=CARTESIAN_POINT('Ctrl Pts',(-19.0403746320901,-6.12079519912741,24.6495407439001));
#1477=CARTESIAN_POINT('Ctrl Pts',(-19.0653337409594,-6.04315319833582,24.5028538583681));
#1478=CARTESIAN_POINT('Ctrl Pts',(-19.0899515778449,-5.96494269008207,24.3563494468403));
#1479=CARTESIAN_POINT('Ctrl Pts',(-19.1142075503855,-5.88617615657344,24.2101439287292));
#1480=CARTESIAN_POINT('Ctrl Pts',(-19.1384999646095,-5.80729128581517,24.0637187543996));
#1481=CARTESIAN_POINT('Ctrl Pts',(-19.1624448193377,-5.72779871571282,23.9175006032872));
#1482=CARTESIAN_POINT('Ctrl Pts',(-19.1860195066268,-5.64771241223691,23.7716116369917));
#1483=CARTESIAN_POINT('',(-22.4484563301081,-8.21831315879873,24.6572434208933));
#1484=CARTESIAN_POINT('',(-16.4807207134872,-4.54544562111265,24.6437556163425));
#1485=CARTESIAN_POINT('',(-22.6423581409191,-7.90667428444945,23.7270373685809));
#1486=CARTESIAN_POINT('',(-22.4484563301081,-8.21831315879873,24.6572434208933));
#1487=CARTESIAN_POINT('Ctrl Pts',(-19.1860195066268,-5.6477124122369,23.7716116369917));
#1488=CARTESIAN_POINT('Ctrl Pts',(-20.3345491489519,-6.40654625463558,23.7500952316961));
#1489=CARTESIAN_POINT('Ctrl Pts',(-21.4870756948817,-7.15885584283602,23.7367534299361));
#1490=CARTESIAN_POINT('Ctrl Pts',(-22.6423581409191,-7.90667428444945,23.7270373685809));
#1491=CARTESIAN_POINT('Ctrl Pts',(-3.44873327358918,19.7004121481407,17.3765909225453));
#1492=CARTESIAN_POINT('Ctrl Pts',(12.4756608439791,92.5137173211803,15.2026643854822));
#1493=CARTESIAN_POINT('Ctrl Pts',(28.4000549615474,165.32702249422,13.0287378484192));
#1494=CARTESIAN_POINT('Ctrl Pts',(44.3244490791156,238.14032766726,10.8548113113561));
#1495=CARTESIAN_POINT('Ctrl Pts',(-4.99176993355437,17.0277942551396,20.430574340756));
#1496=CARTESIAN_POINT('Ctrl Pts',(2.73186698082754,75.6369712917241,18.0556994524803));
#1497=CARTESIAN_POINT('Ctrl Pts',(10.4575864935022,134.249755494363,15.6858681477891));
#1498=CARTESIAN_POINT('Ctrl Pts',(18.1812234078842,192.858932530948,13.3109932595135));
#1499=CARTESIAN_POINT('Ctrl Pts',(-8.2360261439039,11.4085776660433,24.4211814088973));
#1500=CARTESIAN_POINT('Ctrl Pts',(-14.0037579631886,46.650018592271,22.0015584333187));
#1501=CARTESIAN_POINT('Ctrl Pts',(-19.7721244243371,81.8903602865461,19.5806260068617));
#1502=CARTESIAN_POINT('Ctrl Pts',(-25.5398562436218,117.131801212774,17.1610030312831));
#1503=CARTESIAN_POINT('Ctrl Pts',(-13.5094717711064,2.27470190877669,26.2474771879534));
#1504=CARTESIAN_POINT('Ctrl Pts',(-37.9769491022537,5.12723351985041,24.7371707855893));
#1505=CARTESIAN_POINT('Ctrl Pts',(-62.4439928918823,7.9805160468615,23.2279588072451));
#1506=CARTESIAN_POINT('Ctrl Pts',(-86.9114702230296,10.8330476579352,21.7176524048809));
#1507=CARTESIAN_POINT('Ctrl Pts',(-16.5382142948762,-2.97123402543691,25.4701538952947));
#1508=CARTESIAN_POINT('Ctrl Pts',(-51.6869793572802,-18.6192354551619,24.9522208143268));
#1509=CARTESIAN_POINT('Ctrl Pts',(-86.8355994242461,-34.2669857454214,24.4358567061158));
#1510=CARTESIAN_POINT('Ctrl Pts',(-121.98436448665,-49.9149871751464,23.9179236251478));
#1511=CARTESIAN_POINT('Ctrl Pts',(-17.9797341306001,-5.46801962102908,24.6471435680361));
#1512=CARTESIAN_POINT('Ctrl Pts',(-58.4880451697797,-30.3990269880308,24.7386972522267));
#1513=CARTESIAN_POINT('Ctrl Pts',(-98.9963562089594,-55.3300343550326,24.8302509364173));
#1514=CARTESIAN_POINT('Ctrl Pts',(-139.504667248139,-80.2610417220344,24.921804620608));
#1515=CARTESIAN_POINT('',(-3.4487332735812,19.7004121481721,17.3765909225454));
#1516=CARTESIAN_POINT('',(-20.,1.1345771281811E-15,25.5496146301195));
#1517=CARTESIAN_POINT('Ctrl Pts',(-3.44873327358323,19.7004121481679,17.3765909225445));
#1518=CARTESIAN_POINT('Ctrl Pts',(-3.76617000034857,19.6448420111769,18.325502814832));
#1519=CARTESIAN_POINT('Ctrl Pts',(-4.1418651195832,19.5715742193753,19.12696290994));
#1520=CARTESIAN_POINT('Ctrl Pts',(-5.116760780056,19.3422867417311,20.6520589753199));
#1521=CARTESIAN_POINT('Ctrl Pts',(-5.76568366198243,19.1688316669377,21.3424356885128));
#1522=CARTESIAN_POINT('Ctrl Pts',(-7.47746943691643,18.575605250256,22.5863314824188));
#1523=CARTESIAN_POINT('Ctrl Pts',(-8.50288043841651,18.1387959900841,23.0290882555264));
#1524=CARTESIAN_POINT('Ctrl Pts',(-11.2637589729051,16.6461755776657,23.939473226778));
#1525=CARTESIAN_POINT('Ctrl Pts',(-13.2522602448169,15.2263633702454,24.2706553596054));
#1526=CARTESIAN_POINT('Ctrl Pts',(-16.7106227139489,11.274028945525,24.816071921689));
#1527=CARTESIAN_POINT('Ctrl Pts',(-18.0030222252735,9.07248864632647,25.0122725144912));
#1528=CARTESIAN_POINT('Ctrl Pts',(-19.6546650377179,4.41507369678392,25.3663596413789));
#1529=CARTESIAN_POINT('Ctrl Pts',(-19.9686213161101,2.22695027245311,25.5034502878339));
#1530=CARTESIAN_POINT('Ctrl Pts',(-19.9992492445369,0.200820810091254,25.5462203696044));
#1531=CARTESIAN_POINT('Ctrl Pts',(-20.,0.100049897660521,25.5480714273701));
#1532=CARTESIAN_POINT('Ctrl Pts',(-20.,5.39499001028787E-15,25.5496146301195));
#1533=CARTESIAN_POINT('Ctrl Pts',(-3.44902351256055,19.7020426555126,17.378472477482));
#1534=CARTESIAN_POINT('Ctrl Pts',(-3.49542954468004,19.9401840812766,17.6766726510621));
#1535=CARTESIAN_POINT('Ctrl Pts',(-3.61189809610739,20.6315366087881,18.3553693438903));
#1536=CARTESIAN_POINT('Ctrl Pts',(-3.73272475359323,21.8513268276893,18.9752085300225));
#1537=CARTESIAN_POINT('Ctrl Pts',(-3.76744561998396,23.4061957122153,19.3473002950511));
#1538=CARTESIAN_POINT('Ctrl Pts',(-3.73496948546877,25.0182609984782,19.5607751848977));
#1539=CARTESIAN_POINT('Ctrl Pts',(-3.5404422872898,27.8066467062106,19.6609242864312));
#1540=CARTESIAN_POINT('Ctrl Pts',(-2.98266190894305,31.8221724578652,19.4841304231374));
#1541=CARTESIAN_POINT('Ctrl Pts',(-2.05329290009925,36.5979863692383,19.1074923639083));
#1542=CARTESIAN_POINT('Ctrl Pts',(-0.920353458884639,41.3999784014643,18.6500262939443));
#1543=CARTESIAN_POINT('Ctrl Pts',(0.58028500662128,46.9982616302166,18.0666610341098));
#1544=CARTESIAN_POINT('Ctrl Pts',(1.78296715911029,51.0090203529039,17.62754545099));
#1545=CARTESIAN_POINT('Ctrl Pts',(2.52819787846668,53.7511918147573,17.39240636649));
#1546=CARTESIAN_POINT('Ctrl Pts',(2.93400355617821,55.3410539098677,17.2763307043217));
#1547=CARTESIAN_POINT('Ctrl Pts',(3.36507049503542,57.4371339899417,17.1878866463986));
#1548=CARTESIAN_POINT('Ctrl Pts',(3.59526727923367,60.3342197399952,17.2764279740209));
#1549=CARTESIAN_POINT('Ctrl Pts',(2.79301124554207,63.581015585238,17.8236993464984));
#1550=CARTESIAN_POINT('Ctrl Pts',(0.969515109380485,66.0720009066371,18.416773425729));
#1551=CARTESIAN_POINT('Ctrl Pts',(-0.758815335510517,67.8369454293205,18.7757803411532));
#1552=CARTESIAN_POINT('Ctrl Pts',(-2.81290615743407,69.5256906188777,19.1057080994175));
#1553=CARTESIAN_POINT('Ctrl Pts',(-5.81407165086171,71.4437602350501,19.3981159006868));
#1554=CARTESIAN_POINT('Ctrl Pts',(-10.1014031823687,73.3228241856604,19.6025360786904));
#1555=CARTESIAN_POINT('Ctrl Pts',(-14.4929959362801,74.458915493182,19.6783246417426));
#1556=CARTESIAN_POINT('Ctrl Pts',(-18.4632942162074,74.9134963480923,19.6947862502985));
#1557=CARTESIAN_POINT('Ctrl Pts',(-21.6425647502982,74.9970527314703,19.6907587000684));
#1558=CARTESIAN_POINT('Ctrl Pts',(-24.7634147717192,74.804747738191,19.6766621425798));
#1559=CARTESIAN_POINT('Ctrl Pts',(-30.994071578244,73.9392193461046,19.6379806549958));
#1560=CARTESIAN_POINT('Ctrl Pts',(-40.0681566678469,70.9152084775988,19.581100603901));
#1561=CARTESIAN_POINT('Ctrl Pts',(-49.1834089433542,65.3263964225523,19.615075518801));
#1562=CARTESIAN_POINT('Ctrl Pts',(-55.6341732320222,59.8951767465638,19.7177844471379));
#1563=CARTESIAN_POINT('Ctrl Pts',(-60.1020488299486,55.2841738048384,19.8391967773937));
#1564=CARTESIAN_POINT('Ctrl Pts',(-64.0317870730897,50.2789178069517,20.0060166971142));
#1565=CARTESIAN_POINT('Ctrl Pts',(-68.4866513715283,43.0082186716614,20.3006855947934));
#1566=CARTESIAN_POINT('Ctrl Pts',(-72.1271538023303,33.5966654492883,20.7765959728226));
#1567=CARTESIAN_POINT('Ctrl Pts',(-73.2594572907223,22.2462274019345,21.5051137991018));
#1568=CARTESIAN_POINT('Ctrl Pts',(-71.4791120820934,12.8778243998035,22.2354560686135));
#1569=CARTESIAN_POINT('Ctrl Pts',(-67.7772749008683,5.27628149146112,22.9308750525471));
#1570=CARTESIAN_POINT('Ctrl Pts',(-63.5632294623994,0.404802224687113,23.4553456911168));
#1571=CARTESIAN_POINT('Ctrl Pts',(-59.6239505729638,-2.69474912244853,23.8387334761727));
#1572=CARTESIAN_POINT('Ctrl Pts',(-55.2210019628929,-5.35950481665542,24.2059263881753));
#1573=CARTESIAN_POINT('Ctrl Pts',(-49.3055993905262,-7.67426902666678,24.5987533719088));
#1574=CARTESIAN_POINT('Ctrl Pts',(-42.2842098022862,-8.99214741713729,24.929527575595));
#1575=CARTESIAN_POINT('Ctrl Pts',(-37.4351804569172,-9.28565230286559,25.0728779701666));
#1576=CARTESIAN_POINT('Ctrl Pts',(-33.7568356225491,-9.31859966773638,25.1365100242826));
#1577=CARTESIAN_POINT('Ctrl Pts',(-31.1888281960177,-9.22860959607971,25.1487473061966));
#1578=CARTESIAN_POINT('Ctrl Pts',(-28.655790873808,-9.03725696809616,25.1119267515829));
#1579=CARTESIAN_POINT('Ctrl Pts',(-25.8994925095747,-8.75724493921098,25.0137499844786));
#1580=CARTESIAN_POINT('Ctrl Pts',(-23.9078875537441,-8.47367624491167,24.8759103407708));
#1581=CARTESIAN_POINT('Ctrl Pts',(-22.4484563301081,-8.21831315879873,24.6572434208933));
#1582=CARTESIAN_POINT('Ctrl Pts',(-20.,6.52256026967279E-15,25.5496146301195));
#1583=CARTESIAN_POINT('Ctrl Pts',(-20.,-1.39582190277793,25.5711442493247));
#1584=CARTESIAN_POINT('Ctrl Pts',(-19.8532027897991,-2.65128266106557,25.5343678431922));
#1585=CARTESIAN_POINT('Ctrl Pts',(-19.4925955363859,-4.55717945232677,25.258809319045));
#1586=CARTESIAN_POINT('Ctrl Pts',(-19.2748391686524,-5.3914303913126,25.0510410739359));
#1587=CARTESIAN_POINT('Ctrl Pts',(-19.0403746320901,-6.12079519912741,24.6495407439001));
#1588=CARTESIAN_POINT('Ctrl Pts',(-4.31094522108157,19.5298681890367,16.5694708996875));
#1589=CARTESIAN_POINT('Ctrl Pts',(-3.03327579507625,24.930709321854,16.3113446425267));
#1590=CARTESIAN_POINT('Ctrl Pts',(-0.446964129160128,35.72574269758,15.8132250452357));
#1591=CARTESIAN_POINT('Ctrl Pts',(7.37492104311528,68.1028461413643,14.5506724257496));
#1592=CARTESIAN_POINT('Ctrl Pts',(23.9920164950516,138.348152615256,12.4700810365695));
#1593=CARTESIAN_POINT('Ctrl Pts',(39.053203919727,203.256398847822,10.6279061116025));
#1594=CARTESIAN_POINT('Ctrl Pts',(49.0972347210944,246.527834419548,9.40051149775789));
#1595=CARTESIAN_POINT('Ctrl Pts',(-4.78285791725916,18.6762266095057,17.5971673602235));
#1596=CARTESIAN_POINT('Ctrl Pts',(-3.695645275652,23.7259014257415,17.3247835669731));
#1597=CARTESIAN_POINT('Ctrl Pts',(-1.49512153755483,33.8209585063677,16.8112862438314));
#1598=CARTESIAN_POINT('Ctrl Pts',(5.1423430335331,64.1043430713951,15.5405426938278));
#1599=CARTESIAN_POINT('Ctrl Pts',(19.1043655023163,129.829439173031,13.4279278099842));
#1600=CARTESIAN_POINT('Ctrl Pts',(31.7426727479486,190.551397650975,11.5153274736758));
#1601=CARTESIAN_POINT('Ctrl Pts',(40.1706896111058,231.032533396727,10.2457650694062));
#1602=CARTESIAN_POINT('Ctrl Pts',(-5.81013969253504,16.7929487696707,19.4882092545492));
#1603=CARTESIAN_POINT('Ctrl Pts',(-5.11330833200849,21.1448552453733,19.1876828217563));
#1604=CARTESIAN_POINT('Ctrl Pts',(-3.65387011610257,29.8386951150402,18.6413642434034));
#1605=CARTESIAN_POINT('Ctrl Pts',(0.610247954207552,55.9686318072271,17.4181284485883));
#1606=CARTESIAN_POINT('Ctrl Pts',(9.26141653283883,112.696314316852,15.2507138940911));
#1607=CARTESIAN_POINT('Ctrl Pts',(17.0843902618928,165.081733193513,13.2382124473055));
#1608=CARTESIAN_POINT('Ctrl Pts',(22.294753817635,200.00657430803,11.9052736209157));
#1609=CARTESIAN_POINT('Ctrl Pts',(-7.49362834210777,13.4885328997744,21.6853859960154));
#1610=CARTESIAN_POINT('Ctrl Pts',(-7.31261779810835,16.8041362388937,21.3764778901543));
#1611=CARTESIAN_POINT('Ctrl Pts',(-7.00244556726301,23.4574735057859,20.9396243111166));
#1612=CARTESIAN_POINT('Ctrl Pts',(-6.4225124298168,43.4402088362275,19.8491524810293));
#1613=CARTESIAN_POINT('Ctrl Pts',(-5.64577351618368,86.750970834665,17.6638114509544));
#1614=CARTESIAN_POINT('Ctrl Pts',(-5.00195355827341,126.727559317713,15.6303069406445));
#1615=CARTESIAN_POINT('Ctrl Pts',(-4.5803236440929,153.379195073524,14.2796015510688));
#1616=CARTESIAN_POINT('Ctrl Pts',(-9.12925667264747,9.83889044237753,23.2932890177758));
#1617=CARTESIAN_POINT('Ctrl Pts',(-9.54779410587312,12.1693128256521,23.0927227133455));
#1618=CARTESIAN_POINT('Ctrl Pts',(-10.5343334107065,16.8056328647209,22.7657325280429));
#1619=CARTESIAN_POINT('Ctrl Pts',(-13.6608006346257,30.6618724134827,21.7920632564714));
#1620=CARTESIAN_POINT('Ctrl Pts',(-20.6742158718613,60.6158858310483,19.7201530174162));
#1621=CARTESIAN_POINT('Ctrl Pts',(-27.170808995725,88.2573062824379,17.799548170008));
#1622=CARTESIAN_POINT('Ctrl Pts',(-31.5069429280707,106.683603533906,16.52055908778));
#1623=CARTESIAN_POINT('Ctrl Pts',(-10.9283107501652,6.09828807340903,24.4422414767353));
#1624=CARTESIAN_POINT('Ctrl Pts',(-12.0403623363021,7.41453393242043,24.3024106044335));
#1625=CARTESIAN_POINT('Ctrl Pts',(-14.2888648192324,10.0009586256773,24.0210860430755));
#1626=CARTESIAN_POINT('Ctrl Pts',(-21.0650470846345,17.7147599818455,23.1876558197223));
#1627=CARTESIAN_POINT('Ctrl Pts',(-35.7980147591265,34.3546816110388,21.3855033942684));
#1628=CARTESIAN_POINT('Ctrl Pts',(-49.4025936888166,49.7080502408183,19.7226741560926));
#1629=CARTESIAN_POINT('Ctrl Pts',(-58.4735421815931,59.9420707236301,18.6141255262111));
#1630=CARTESIAN_POINT('Ctrl Pts',(-13.0317748917537,2.35396768775405,24.9292605181979));
#1631=CARTESIAN_POINT('Ctrl Pts',(-14.76341477653,2.61544692586334,24.8240070388333));
#1632=CARTESIAN_POINT('Ctrl Pts',(-18.2185198908426,3.13404794703318,24.6167233241466));
#1633=CARTESIAN_POINT('Ctrl Pts',(-28.572782189442,4.68296252531596,23.9906936324885));
#1634=CARTESIAN_POINT('Ctrl Pts',(-50.9871105221417,8.0303488425889,22.6355764722678));
#1635=CARTESIAN_POINT('Ctrl Pts',(-71.675418319799,11.1192766086566,21.3849206373086));
#1636=CARTESIAN_POINT('Ctrl Pts',(-85.4671128437893,13.1782898453853,20.5514552510399));
#1637=CARTESIAN_POINT('Ctrl Pts',(-15.3476354702159,-1.28124699291373,24.687701091463));
#1638=CARTESIAN_POINT('Ctrl Pts',(-17.6490560653498,-2.10862883767016,24.6333848612447));
#1639=CARTESIAN_POINT('Ctrl Pts',(-22.2666453771566,-3.68616688898076,24.5224758571031));
#1640=CARTESIAN_POINT('Ctrl Pts',(-36.1339546624355,-8.33774706499361,24.1880153470166));
#1641=CARTESIAN_POINT('Ctrl Pts',(-66.2054789326723,-18.2914649070634,23.456818900391));
#1642=CARTESIAN_POINT('Ctrl Pts',(-93.966028470896,-27.4682998227051,22.78026517554));
#1643=CARTESIAN_POINT('Ctrl Pts',(-112.473784149056,-33.5833698387771,22.3288710817294));
#1644=CARTESIAN_POINT('Ctrl Pts',(-16.9950884767205,-3.58207204869596,24.1518689959725));
#1645=CARTESIAN_POINT('Ctrl Pts',(-19.6414411951192,-5.13934152768362,24.0851069568604));
#1646=CARTESIAN_POINT('Ctrl Pts',(-25.0011821257242,-8.1361850919801,24.0368540301796));
#1647=CARTESIAN_POINT('Ctrl Pts',(-41.1732714821515,-16.9499136184642,23.9251665601086));
#1648=CARTESIAN_POINT('Ctrl Pts',(-76.3437589983521,-35.7960128634748,23.7274163983803));
#1649=CARTESIAN_POINT('Ctrl Pts',(-108.822376562297,-53.1654251408143,23.5348738414572));
#1650=CARTESIAN_POINT('Ctrl Pts',(-130.477412935631,-64.7401700338557,23.4086101504885));
#1651=CARTESIAN_POINT('Ctrl Pts',(-17.7958254104744,-4.72456403273514,23.8023533010186));
#1652=CARTESIAN_POINT('Ctrl Pts',(-20.6345704150003,-6.61942087609322,23.7288759719646));
#1653=CARTESIAN_POINT('Ctrl Pts',(-26.3650385582653,-10.3226344740179,23.6963854341198));
#1654=CARTESIAN_POINT('Ctrl Pts',(-43.68680597403,-21.2200962057087,23.6977998058669));
#1655=CARTESIAN_POINT('Ctrl Pts',(-81.4039136272968,-44.5277089128169,23.7947576003555));
#1656=CARTESIAN_POINT('Ctrl Pts',(-116.245570772847,-66.0004529329616,23.8703060027805));
#1657=CARTESIAN_POINT('Ctrl Pts',(-139.476636157483,-80.3102534869749,23.9234096786396));
#1658=CARTESIAN_POINT('',(-20.,1.18630741373509E-12,24.5485880584877));
#1659=CARTESIAN_POINT('Ctrl Pts',(-19.1860195066268,-5.6477124122369,23.7716116369917));
#1660=CARTESIAN_POINT('Ctrl Pts',(-19.365620375133,-5.03758471538374,24.1064021114537));
#1661=CARTESIAN_POINT('Ctrl Pts',(-19.5268812640909,-4.3599056809031,24.2617279396829));
#1662=CARTESIAN_POINT('Ctrl Pts',(-19.8358218443717,-2.77013569863545,24.5288559692172));
#1663=CARTESIAN_POINT('Ctrl Pts',(-20.,-1.47643088111335,24.5722990591047));
#1664=CARTESIAN_POINT('Ctrl Pts',(-20.,2.37060371333087E-12,24.5485880584877));
#1665=CARTESIAN_POINT('',(-4.31094522398829,19.5298681837795,16.5694709060193));
#1666=CARTESIAN_POINT('Ctrl Pts',(-4.31094522398813,19.5298681837788,16.569470906017));
#1667=CARTESIAN_POINT('Ctrl Pts',(-4.37780298023468,19.8396768976502,17.0669934457238));
#1668=CARTESIAN_POINT('Ctrl Pts',(-4.50501827569029,20.5899355980214,17.8692516668938));
#1669=CARTESIAN_POINT('Ctrl Pts',(-4.59466822405924,21.9821366375596,18.4801624334404));
#1670=CARTESIAN_POINT('Ctrl Pts',(-4.57581901189021,23.5113938638979,18.7666104174172));
#1671=CARTESIAN_POINT('Ctrl Pts',(-4.49333118116357,25.1041600677082,18.9123911620125));
#1672=CARTESIAN_POINT('Ctrl Pts',(-4.22815007625914,27.8725539693887,18.935272427938));
#1673=CARTESIAN_POINT('Ctrl Pts',(-3.60706444046126,31.8781113251394,18.7040848692744));
#1674=CARTESIAN_POINT('Ctrl Pts',(-2.63429202191438,36.6523405606517,18.2950634091735));
#1675=CARTESIAN_POINT('Ctrl Pts',(-1.47553177759312,41.4573001049656,17.8201840755169));
#1676=CARTESIAN_POINT('Ctrl Pts',(0.0424934047658719,47.0617492220747,17.2259210644035));
#1677=CARTESIAN_POINT('Ctrl Pts',(1.25125120611255,51.0778915338765,16.7833631977947));
#1678=CARTESIAN_POINT('Ctrl Pts',(2.00651519946536,53.8209662117958,16.5421592951631));
#1679=CARTESIAN_POINT('Ctrl Pts',(2.41991477912854,55.4105193890647,16.4213042539788));
#1680=CARTESIAN_POINT('Ctrl Pts',(2.8674084119687,57.5035221781836,16.3230328357846));
#1681=CARTESIAN_POINT('Ctrl Pts',(3.14102688555894,60.3878191330423,16.3859210845744));
#1682=CARTESIAN_POINT('Ctrl Pts',(2.43678455032121,63.6024877440346,16.8861511151017));
#1683=CARTESIAN_POINT('Ctrl Pts',(0.709511792311491,66.0647067556508,17.4501458728151));
#1684=CARTESIAN_POINT('Ctrl Pts',(-0.959079266796138,67.8134453440391,17.7959869948046));
#1685=CARTESIAN_POINT('Ctrl Pts',(-2.95798392639663,69.488036931754,18.116364178926));
#1686=CARTESIAN_POINT('Ctrl Pts',(-5.90669307889856,71.3942957620222,18.4031887914027));
#1687=CARTESIAN_POINT('Ctrl Pts',(-10.1497259553177,73.2648859010882,18.6051461147516));
#1688=CARTESIAN_POINT('Ctrl Pts',(-14.5146649087686,74.3968235523137,18.6804251368195));
#1689=CARTESIAN_POINT('Ctrl Pts',(-18.4688026330203,74.8492666288951,18.6968451918743));
#1690=CARTESIAN_POINT('Ctrl Pts',(-21.6380793688809,74.9316667818783,18.6928963373007));
#1691=CARTESIAN_POINT('Ctrl Pts',(-24.7512955027511,74.7385918094802,18.6789175660834));
#1692=CARTESIAN_POINT('Ctrl Pts',(-30.9698302422029,73.8720140247464,18.6405050989608));
#1693=CARTESIAN_POINT('Ctrl Pts',(-40.0340820459009,70.8474744346019,18.5839702297608));
#1694=CARTESIAN_POINT('Ctrl Pts',(-49.1438230179584,65.2584055273207,18.6181721805297));
#1695=CARTESIAN_POINT('Ctrl Pts',(-55.5917416027058,59.8270169033284,18.7210126079095));
#1696=CARTESIAN_POINT('Ctrl Pts',(-60.0579844021404,55.2158837589246,18.8425043170239));
#1697=CARTESIAN_POINT('Ctrl Pts',(-63.9864897776733,50.2104942143408,19.0093889723848));
#1698=CARTESIAN_POINT('Ctrl Pts',(-68.4400732580578,42.9396163863538,19.3041293367429));
#1699=CARTESIAN_POINT('Ctrl Pts',(-72.079533231275,33.5278771949415,19.7801013536166));
#1700=CARTESIAN_POINT('Ctrl Pts',(-73.2110292331843,22.177477713949,20.5086565338971));
#1701=CARTESIAN_POINT('Ctrl Pts',(-71.4302710802166,12.8096932139785,21.2389747264074));
#1702=CARTESIAN_POINT('Ctrl Pts',(-67.7283761904143,5.20968216029043,21.9342956004765));
#1703=CARTESIAN_POINT('Ctrl Pts',(-63.5147211446972,0.340625968838017,22.458582178549));
#1704=CARTESIAN_POINT('Ctrl Pts',(-59.5762122479999,-2.75581930854994,22.8417457036115));
#1705=CARTESIAN_POINT('Ctrl Pts',(-55.1745817134759,-5.41612973315574,23.2085930903197));
#1706=CARTESIAN_POINT('Ctrl Pts',(-49.2619539368367,-7.72280493516834,23.600880857003));
#1707=CARTESIAN_POINT('Ctrl Pts',(-42.2477568487905,-9.02328559478369,23.9305352555025));
#1708=CARTESIAN_POINT('Ctrl Pts',(-37.4098535207214,-9.29386951096883,24.0731896822013));
#1709=CARTESIAN_POINT('Ctrl Pts',(-33.7461651661577,-9.29940529943035,24.136459592874));
#1710=CARTESIAN_POINT('Ctrl Pts',(-31.193275041151,-9.18304058980505,24.1498257967269));
#1711=CARTESIAN_POINT('Ctrl Pts',(-28.6859521716668,-8.9498216729415,24.115147118052));
#1712=CARTESIAN_POINT('Ctrl Pts',(-25.9716652124139,-8.6070817201669,24.0281632834074));
#1713=CARTESIAN_POINT('Ctrl Pts',(-24.0307376832429,-8.2501522189736,23.9013731838204));
#1714=CARTESIAN_POINT('Ctrl Pts',(-22.6423581409191,-7.90667428444944,23.7270373685809));
#1715=CARTESIAN_POINT('Ctrl Pts',(-20.,2.37004860181855E-12,24.5485880584877));
#1716=CARTESIAN_POINT('Ctrl Pts',(-20.,0.473103765510253,24.5409901656102));
#1717=CARTESIAN_POINT('Ctrl Pts',(-19.9832121160708,0.964968461926592,24.5264020297506));
#1718=CARTESIAN_POINT('Ctrl Pts',(-19.7686369901517,3.86967296093321,24.4121226742018));
#1719=CARTESIAN_POINT('Ctrl Pts',(-19.1437824447993,6.41618419777231,24.2260157267205));
#1720=CARTESIAN_POINT('Ctrl Pts',(-16.6308224443714,11.4777175605406,23.7805617686902));
#1721=CARTESIAN_POINT('Ctrl Pts',(-14.9025486151606,13.5532855158999,23.5511881948323));
#1722=CARTESIAN_POINT('Ctrl Pts',(-11.5181600971881,16.4809712702812,22.9231358526169));
#1723=CARTESIAN_POINT('Ctrl Pts',(-9.94405168343652,17.4146356061975,22.5564714816553));
#1724=CARTESIAN_POINT('Ctrl Pts',(-7.54509019213558,18.5604445675508,21.4789181491866));
#1725=CARTESIAN_POINT('Ctrl Pts',(-6.84057420485481,18.80035936723,20.9237190868419));
#1726=CARTESIAN_POINT('Ctrl Pts',(-5.87536344067042,19.1246392595352,19.9406607129373));
#1727=CARTESIAN_POINT('Ctrl Pts',(-5.43264954081152,19.2522153042203,19.3209860347378));
#1728=CARTESIAN_POINT('Ctrl Pts',(-4.7706393012643,19.4247441243013,17.9621394836086));
#1729=CARTESIAN_POINT('Ctrl Pts',(-4.52596680867372,19.4824051766129,17.3167285620382));
#1730=CARTESIAN_POINT('Ctrl Pts',(-4.31094522398875,19.5298681837786,16.5694709060191));
#1731=CARTESIAN_POINT('Ctrl Pts',(-3.36804420465602,19.3191349621574,16.8274034108463));
#1732=CARTESIAN_POINT('Ctrl Pts',(-3.68234454443339,19.3893793693645,16.7414259092365));
#1733=CARTESIAN_POINT('Ctrl Pts',(-3.99664488421076,19.4596237765716,16.6554484076268));
#1734=CARTESIAN_POINT('Ctrl Pts',(-4.31094522398813,19.5298681837788,16.569470906017));
#1735=CARTESIAN_POINT('Ctrl Pts',(-3.44211805755317,19.6429907098621,17.3627817515807));
#1736=CARTESIAN_POINT('Ctrl Pts',(-3.75405652015497,19.7086008461685,17.2643357409913));
#1737=CARTESIAN_POINT('Ctrl Pts',(-4.06586451763288,19.7740667613438,17.1654394563131));
#1738=CARTESIAN_POINT('Ctrl Pts',(-4.37780298023468,19.8396768976502,17.0669934457238));
#1739=CARTESIAN_POINT('Ctrl Pts',(-3.59119909146742,20.4225724288116,18.2491837184931));
#1740=CARTESIAN_POINT('Ctrl Pts',(-3.89577758518517,20.4783332617895,18.122453452446));
#1741=CARTESIAN_POINT('Ctrl Pts',(-4.20043978197254,20.5341747650435,17.9959819329409));
#1742=CARTESIAN_POINT('Ctrl Pts',(-4.50501827569029,20.5899355980214,17.8692516668938));
#1743=CARTESIAN_POINT('Ctrl Pts',(-3.73272475359323,21.8513268276893,18.9752085300225));
#1744=CARTESIAN_POINT('Ctrl Pts',(-4.02004001474389,21.8949282187887,18.810185527139));
#1745=CARTESIAN_POINT('Ctrl Pts',(-4.30735296290857,21.9385352464602,18.645185436324));
#1746=CARTESIAN_POINT('Ctrl Pts',(-4.59466822405924,21.9821366375596,18.4801624334404));
#1747=CARTESIAN_POINT('Ctrl Pts',(-3.76744561998396,23.4061957122153,19.3473002950511));
#1748=CARTESIAN_POINT('Ctrl Pts',(-4.03690707437575,23.4412703960266,19.1537649713515));
#1749=CARTESIAN_POINT('Ctrl Pts',(-4.30635755749843,23.4763191800866,18.9601457411169));
#1750=CARTESIAN_POINT('Ctrl Pts',(-4.57581901189021,23.5113938638979,18.7666104174172));
#1751=CARTESIAN_POINT('Ctrl Pts',(-3.73496948546877,25.0182609984782,19.5607751848977));
#1752=CARTESIAN_POINT('Ctrl Pts',(-3.98776033771635,25.0468883538476,19.3446312645533));
#1753=CARTESIAN_POINT('Ctrl Pts',(-4.24054032891599,25.0755327123389,19.1285350823569));
#1754=CARTESIAN_POINT('Ctrl Pts',(-4.49333118116357,25.1041600677082,18.9123911620125));
#1755=CARTESIAN_POINT('Ctrl Pts',(-3.5404422872898,27.8066467062106,19.6609242864312));
#1756=CARTESIAN_POINT('Ctrl Pts',(-3.76967334962663,27.8286195194021,19.4190511526344));
#1757=CARTESIAN_POINT('Ctrl Pts',(-3.99891901392232,27.8505811561972,19.1771455617349));
#1758=CARTESIAN_POINT('Ctrl Pts',(-4.22815007625914,27.8725539693887,18.935272427938));
#1759=CARTESIAN_POINT('Ctrl Pts',(-2.98266190894305,31.8221724578652,19.4841304231374));
#1760=CARTESIAN_POINT('Ctrl Pts',(-3.19080171730622,31.8408165134232,19.2241085077081));
#1761=CARTESIAN_POINT('Ctrl Pts',(-3.39892463209809,31.8594672695814,18.9641067847037));
#1762=CARTESIAN_POINT('Ctrl Pts',(-3.60706444046126,31.8781113251394,18.7040848692744));
#1763=CARTESIAN_POINT('Ctrl Pts',(-2.05329290009925,36.5979863692383,19.1074923639083));
#1764=CARTESIAN_POINT('Ctrl Pts',(-2.24695470183775,36.6161053436608,18.8366868334059));
#1765=CARTESIAN_POINT('Ctrl Pts',(-2.44063022017589,36.6342215862291,18.5658689396759));
#1766=CARTESIAN_POINT('Ctrl Pts',(-2.63429202191438,36.6523405606517,18.2950634091735));
#1767=CARTESIAN_POINT('Ctrl Pts',(-0.920353458884639,41.3999784014643,18.6500262939443));
#1768=CARTESIAN_POINT('Ctrl Pts',(-1.1054150897331,41.4190855121383,18.3734075784859));
#1769=CARTESIAN_POINT('Ctrl Pts',(-1.29047014674465,41.4381929942916,18.0968027909753));
#1770=CARTESIAN_POINT('Ctrl Pts',(-1.47553177759312,41.4573001049656,17.8201840755169));
#1771=CARTESIAN_POINT('Ctrl Pts',(0.58028500662128,46.9982616302166,18.0666610341098));
#1772=CARTESIAN_POINT('Ctrl Pts',(0.401025577042133,47.0194228681131,17.786423894923));
#1773=CARTESIAN_POINT('Ctrl Pts',(0.221752834345018,47.0405879841782,17.5061582035902));
#1774=CARTESIAN_POINT('Ctrl Pts',(0.0424934047658719,47.0617492220747,17.2259210644035));
#1775=CARTESIAN_POINT('Ctrl Pts',(1.78296715911029,51.0090203529039,17.62754545099));
#1776=CARTESIAN_POINT('Ctrl Pts',(1.60572022958593,51.0319814714809,17.3461339175312));
#1777=CARTESIAN_POINT('Ctrl Pts',(1.42849813563691,51.0549304152995,17.0647747312535));
#1778=CARTESIAN_POINT('Ctrl Pts',(1.25125120611255,51.0778915338765,16.7833631977947));
#1779=CARTESIAN_POINT('Ctrl Pts',(2.52819787846668,53.7511918147573,17.39240636649));
#1780=CARTESIAN_POINT('Ctrl Pts',(2.35431303982728,53.7744455675251,17.1090054565007));
#1781=CARTESIAN_POINT('Ctrl Pts',(2.18040003810475,53.797712459028,16.8255602051524));
#1782=CARTESIAN_POINT('Ctrl Pts',(2.00651519946536,53.8209662117958,16.5421592951631));
#1783=CARTESIAN_POINT('Ctrl Pts',(2.93400355617821,55.3410539098677,17.2763307043217));
#1784=CARTESIAN_POINT('Ctrl Pts',(2.76262977490701,55.3642132727842,16.9913089952137));
#1785=CARTESIAN_POINT('Ctrl Pts',(2.59128856039975,55.3873600261482,16.7063259630869));
#1786=CARTESIAN_POINT('Ctrl Pts',(2.41991477912854,55.4105193890647,16.4213042539788));
#1787=CARTESIAN_POINT('Ctrl Pts',(3.36507049503542,57.4371339899417,17.1878866463986));
#1788=CARTESIAN_POINT('Ctrl Pts',(3.19919240692433,57.4592602203466,16.8996090510583));
#1789=CARTESIAN_POINT('Ctrl Pts',(3.03328650007979,57.4813959477788,16.6113104311249));
#1790=CARTESIAN_POINT('Ctrl Pts',(2.8674084119687,57.5035221781836,16.3230328357846));
#1791=CARTESIAN_POINT('Ctrl Pts',(3.59526727923367,60.3342197399952,17.2764279740209));
#1792=CARTESIAN_POINT('Ctrl Pts',(3.44384982050353,60.3520877845109,16.9795877627141));
#1793=CARTESIAN_POINT('Ctrl Pts',(3.29244434428908,60.3699510885267,16.6827612958812));
#1794=CARTESIAN_POINT('Ctrl Pts',(3.14102688555894,60.3878191330423,16.3859210845744));
#1795=CARTESIAN_POINT('Ctrl Pts',(2.79301124554207,63.581015585238,17.8236993464984));
#1796=CARTESIAN_POINT('Ctrl Pts',(2.67426366087453,63.5881741541594,17.5111857832117));
#1797=CARTESIAN_POINT('Ctrl Pts',(2.55553213498874,63.5953291751132,17.1986646783883));
#1798=CARTESIAN_POINT('Ctrl Pts',(2.43678455032121,63.6024877440346,16.8861511151017));
#1799=CARTESIAN_POINT('Ctrl Pts',(0.969515109380485,66.0720009066371,18.416773425729));
#1800=CARTESIAN_POINT('Ctrl Pts',(0.882862162371072,66.0695653105181,18.0945636187754));
#1801=CARTESIAN_POINT('Ctrl Pts',(0.796164739320904,66.0671423517698,17.7723556797686));
#1802=CARTESIAN_POINT('Ctrl Pts',(0.709511792311491,66.0647067556508,17.4501458728151));
#1803=CARTESIAN_POINT('Ctrl Pts',(-0.758815335510517,67.8369454293205,18.7757803411532));
#1804=CARTESIAN_POINT('Ctrl Pts',(-0.82559755894318,67.8291205493466,18.4491839669956));
#1805=CARTESIAN_POINT('Ctrl Pts',(-0.892297043363475,67.821270224013,18.1225833689622));
#1806=CARTESIAN_POINT('Ctrl Pts',(-0.959079266796138,67.8134453440391,17.7959869948046));
#1807=CARTESIAN_POINT('Ctrl Pts',(-2.81290615743407,69.5256906188777,19.1057080994175));
#1808=CARTESIAN_POINT('Ctrl Pts',(-2.86123458253857,69.5131290980622,18.7759222100644));
#1809=CARTESIAN_POINT('Ctrl Pts',(-2.90965550129213,69.5005984525695,18.446150068279));
#1810=CARTESIAN_POINT('Ctrl Pts',(-2.95798392639663,69.488036931754,18.116364178926));
#1811=CARTESIAN_POINT('Ctrl Pts',(-5.81407165086171,71.4437602350501,19.3981159006868));
#1812=CARTESIAN_POINT('Ctrl Pts',(-5.84495854730145,71.4272767347819,19.0664758298395));
#1813=CARTESIAN_POINT('Ctrl Pts',(-5.87580618245883,71.4107792622904,18.7348288622499));
#1814=CARTESIAN_POINT('Ctrl Pts',(-5.90669307889856,71.3942957620222,18.4031887914027));
#1815=CARTESIAN_POINT('Ctrl Pts',(-10.1014031823687,73.3228241856604,19.6025360786904));
#1816=CARTESIAN_POINT('Ctrl Pts',(-10.1175051050842,73.3035090233738,19.2700715487655));
#1817=CARTESIAN_POINT('Ctrl Pts',(-10.1336240326022,73.2842010633747,18.9376106446766));
#1818=CARTESIAN_POINT('Ctrl Pts',(-10.1497259553177,73.2648859010882,18.6051461147516));
#1819=CARTESIAN_POINT('Ctrl Pts',(-14.4929959362801,74.458915493182,19.6783246417426));
#1820=CARTESIAN_POINT('Ctrl Pts',(-14.5002193704506,74.4382192712057,19.3456922193074));
#1821=CARTESIAN_POINT('Ctrl Pts',(-14.5074414745981,74.41751977429,19.0130575592547));
#1822=CARTESIAN_POINT('Ctrl Pts',(-14.5146649087686,74.3968235523137,18.6804251368195));
#1823=CARTESIAN_POINT('Ctrl Pts',(-18.4632942162074,74.9134963480923,19.6947862502985));
#1824=CARTESIAN_POINT('Ctrl Pts',(-18.4651318541651,74.8920861511197,19.3621388309468));
#1825=CARTESIAN_POINT('Ctrl Pts',(-18.4669649950626,74.8706768258677,19.029492611226));
#1826=CARTESIAN_POINT('Ctrl Pts',(-18.4688026330203,74.8492666288951,18.6968451918743));
#1827=CARTESIAN_POINT('Ctrl Pts',(-21.6425647502982,74.9970527314703,19.6907587000684));
#1828=CARTESIAN_POINT('Ctrl Pts',(-21.6410691799637,74.9752577793416,19.3581382442547));
#1829=CARTESIAN_POINT('Ctrl Pts',(-21.6395749392154,74.953461734007,19.0255167931144));
#1830=CARTESIAN_POINT('Ctrl Pts',(-21.6380793688809,74.9316667818783,18.6928963373007));
#1831=CARTESIAN_POINT('Ctrl Pts',(-24.7634147717192,74.804747738191,19.6766621425798));
#1832=CARTESIAN_POINT('Ctrl Pts',(-24.7593734952514,74.7826950647957,19.3440802668376));
#1833=CARTESIAN_POINT('Ctrl Pts',(-24.7553367792189,74.7606444828754,19.0114994418256));
#1834=CARTESIAN_POINT('Ctrl Pts',(-24.7512955027511,74.7385918094802,18.6789175660834));
#1835=CARTESIAN_POINT('Ctrl Pts',(-30.994071578244,73.9392193461046,19.6379806549958));
#1836=CARTESIAN_POINT('Ctrl Pts',(-30.9859924230111,73.9168181750547,19.3054891050143));
#1837=CARTESIAN_POINT('Ctrl Pts',(-30.9779093974358,73.8944151957963,18.9729966489423));
#1838=CARTESIAN_POINT('Ctrl Pts',(-30.9698302422029,73.8720140247464,18.6405050989608));
#1839=CARTESIAN_POINT('Ctrl Pts',(-40.0681566678469,70.9152084775988,19.581100603901));
#1840=CARTESIAN_POINT('Ctrl Pts',(-40.0567980855502,70.8926301964562,19.2487236589721));
#1841=CARTESIAN_POINT('Ctrl Pts',(-40.0454406281976,70.8700527157445,18.9163471746897));
#1842=CARTESIAN_POINT('Ctrl Pts',(-40.0340820459009,70.8474744346019,18.5839702297608));
#1843=CARTESIAN_POINT('Ctrl Pts',(-49.1834089433542,65.3263964225523,19.615075518801));
#1844=CARTESIAN_POINT('Ctrl Pts',(-49.1702137144462,65.3037328769215,19.2827744592611));
#1845=CARTESIAN_POINT('Ctrl Pts',(-49.1570182468664,65.2810690729515,18.9504732400696));
#1846=CARTESIAN_POINT('Ctrl Pts',(-49.1438230179584,65.2584055273207,18.6181721805297));
#1847=CARTESIAN_POINT('Ctrl Pts',(-55.6341732320222,59.8951767465638,19.7177844471379));
#1848=CARTESIAN_POINT('Ctrl Pts',(-55.6200293508919,59.8724567693579,19.385527145188));
#1849=CARTESIAN_POINT('Ctrl Pts',(-55.6058854838361,59.8497368805343,19.0532699098594));
#1850=CARTESIAN_POINT('Ctrl Pts',(-55.5917416027058,59.8270169033284,18.7210126079095));
#1851=CARTESIAN_POINT('Ctrl Pts',(-60.1020488299486,55.2841738048384,19.8391967773937));
#1852=CARTESIAN_POINT('Ctrl Pts',(-60.0873606562371,55.261410453311,19.5069659681553));
#1853=CARTESIAN_POINT('Ctrl Pts',(-60.072672575852,55.238647110452,19.1747351262623));
#1854=CARTESIAN_POINT('Ctrl Pts',(-60.0579844021404,55.2158837589246,18.8425043170239));
#1855=CARTESIAN_POINT('Ctrl Pts',(-64.0317870730897,50.2789178069517,20.0060166971142));
#1856=CARTESIAN_POINT('Ctrl Pts',(-64.0166879900722,50.2561099744798,19.6738074553726));
#1857=CARTESIAN_POINT('Ctrl Pts',(-64.0015888606908,50.2333020468127,19.3415982141264));
#1858=CARTESIAN_POINT('Ctrl Pts',(-63.9864897776733,50.2104942143408,19.0093889723848));
#1859=CARTESIAN_POINT('Ctrl Pts',(-68.4866513715283,43.0082186716614,20.3006855947934));
#1860=CARTESIAN_POINT('Ctrl Pts',(-68.4711252995086,42.9853511588333,19.9685001678251));
#1861=CARTESIAN_POINT('Ctrl Pts',(-68.4555993300775,42.9624838991819,19.6363147637111));
#1862=CARTESIAN_POINT('Ctrl Pts',(-68.4400732580578,42.9396163863538,19.3041293367429));
#1863=CARTESIAN_POINT('Ctrl Pts',(-72.1271538023303,33.5966654492883,20.7765959728226));
#1864=CARTESIAN_POINT('Ctrl Pts',(-72.1112803545947,33.5737361775642,20.4444311192613));
#1865=CARTESIAN_POINT('Ctrl Pts',(-72.0954066790107,33.5508064666657,20.1122662071778));
#1866=CARTESIAN_POINT('Ctrl Pts',(-72.079533231275,33.5278771949415,19.7801013536166));
#1867=CARTESIAN_POINT('Ctrl Pts',(-73.2594572907223,22.2462274019345,21.5051137991018));
#1868=CARTESIAN_POINT('Ctrl Pts',(-73.2433144900306,22.2233106142862,21.1729613416597));
#1869=CARTESIAN_POINT('Ctrl Pts',(-73.2271720338761,22.2003945015973,20.8408089913392));
#1870=CARTESIAN_POINT('Ctrl Pts',(-73.2110292331843,22.177477713949,20.5086565338971));
#1871=CARTESIAN_POINT('Ctrl Pts',(-71.4791120820934,12.8778243998035,22.2354560686135));
#1872=CARTESIAN_POINT('Ctrl Pts',(-71.4628319211484,12.8551143565895,21.9032956858134));
#1873=CARTESIAN_POINT('Ctrl Pts',(-71.4465512411615,12.8324032571925,21.5711351092074));
#1874=CARTESIAN_POINT('Ctrl Pts',(-71.4302710802166,12.8096932139785,21.2389747264074));
#1875=CARTESIAN_POINT('Ctrl Pts',(-67.7772749008683,5.27628149146112,22.9308750525471));
#1876=CARTESIAN_POINT('Ctrl Pts',(-67.7609750416059,5.25408111570236,22.5986817534018));
#1877=CARTESIAN_POINT('Ctrl Pts',(-67.7446760496768,5.23188253604919,22.2664888996218));
#1878=CARTESIAN_POINT('Ctrl Pts',(-67.7283761904143,5.20968216029043,21.9342956004765));
#1879=CARTESIAN_POINT('Ctrl Pts',(-63.5632294623994,0.404802224687113,23.4553456911168));
#1880=CARTESIAN_POINT('Ctrl Pts',(-63.5470603714721,0.383410873177266,23.1230914415462));
#1881=CARTESIAN_POINT('Ctrl Pts',(-63.5308902356246,0.362017320347864,22.7908364281196));
#1882=CARTESIAN_POINT('Ctrl Pts',(-63.5147211446972,0.340625968838017,22.458582178549));
#1883=CARTESIAN_POINT('Ctrl Pts',(-59.6239505729638,-2.69474912244853,23.8387334761727));
#1884=CARTESIAN_POINT('Ctrl Pts',(-59.6080374376457,-2.71510657111923,23.5064037102571));
#1885=CARTESIAN_POINT('Ctrl Pts',(-59.592125383318,-2.73546185987925,23.1740754695271));
#1886=CARTESIAN_POINT('Ctrl Pts',(-59.5762122479999,-2.75581930854994,22.8417457036115));
#1887=CARTESIAN_POINT('Ctrl Pts',(-55.2210019628929,-5.35950481665542,24.2059263881753));
#1888=CARTESIAN_POINT('Ctrl Pts',(-55.2055286138093,-5.37837997351036,23.8734836003242));
#1889=CARTESIAN_POINT('Ctrl Pts',(-55.1900550625595,-5.3972545763008,23.5410358781707));
#1890=CARTESIAN_POINT('Ctrl Pts',(-55.1745817134759,-5.41612973315574,23.2085930903197));
#1891=CARTESIAN_POINT('Ctrl Pts',(-49.3055993905262,-7.67426902666678,24.5987533719088));
#1892=CARTESIAN_POINT('Ctrl Pts',(-49.2910515438901,-7.69044531977103,24.2661254667123));
#1893=CARTESIAN_POINT('Ctrl Pts',(-49.2765017834727,-7.70662864206408,23.9335087621995));
#1894=CARTESIAN_POINT('Ctrl Pts',(-49.2619539368367,-7.72280493516834,23.600880857003));
#1895=CARTESIAN_POINT('Ctrl Pts',(-42.2842098022862,-8.99214741713729,24.929527575595));
#1896=CARTESIAN_POINT('Ctrl Pts',(-42.2720574853467,-9.00253156159099,24.5965368061416));
#1897=CARTESIAN_POINT('Ctrl Pts',(-42.25990916573,-9.01290145032999,24.2635260249559));
#1898=CARTESIAN_POINT('Ctrl Pts',(-42.2477568487905,-9.02328559478369,23.9305352555025));
#1899=CARTESIAN_POINT('Ctrl Pts',(-37.4351804569172,-9.28565230286559,25.0728779701666));
#1900=CARTESIAN_POINT('Ctrl Pts',(-37.4267412310403,-9.288381339444,24.7396355906776));
#1901=CARTESIAN_POINT('Ctrl Pts',(-37.4182927465983,-9.29114047439042,24.4064320616902));
#1902=CARTESIAN_POINT('Ctrl Pts',(-37.4098535207214,-9.29386951096883,24.0731896822013));
#1903=CARTESIAN_POINT('Ctrl Pts',(-33.7568356225491,-9.31859966773638,25.1365100242826));
#1904=CARTESIAN_POINT('Ctrl Pts',(-33.7532727167941,-9.31222098509831,24.8031861888381));
#1905=CARTESIAN_POINT('Ctrl Pts',(-33.7497280719127,-9.30578398206842,24.4697834283185));
#1906=CARTESIAN_POINT('Ctrl Pts',(-33.7461651661577,-9.29940529943035,24.136459592874));
#1907=CARTESIAN_POINT('Ctrl Pts',(-31.1888281960177,-9.22860959607971,25.1487473061966));
#1908=CARTESIAN_POINT('Ctrl Pts',(-31.1903239948317,-9.21337880141067,24.8157184511401));
#1909=CARTESIAN_POINT('Ctrl Pts',(-31.1917792423371,-9.19827138447409,24.4828546517834));
#1910=CARTESIAN_POINT('Ctrl Pts',(-31.193275041151,-9.18304058980505,24.1498257967269));
#1911=CARTESIAN_POINT('Ctrl Pts',(-28.655790873808,-9.03725696809616,25.1119267515829));
#1912=CARTESIAN_POINT('Ctrl Pts',(-28.6658264268448,-9.00817802804085,24.7797692792212));
#1913=CARTESIAN_POINT('Ctrl Pts',(-28.67591661863,-8.97890061299681,24.4473045904136));
#1914=CARTESIAN_POINT('Ctrl Pts',(-28.6859521716668,-8.9498216729415,24.115147118052));
#1915=CARTESIAN_POINT('Ctrl Pts',(-25.8994925095747,-8.75724493921098,25.0137499844786));
#1916=CARTESIAN_POINT('Ctrl Pts',(-25.9235686426958,-8.70703946269659,24.684896654906));
#1917=CARTESIAN_POINT('Ctrl Pts',(-25.9475890792928,-8.65728719668128,24.3570166129799));
#1918=CARTESIAN_POINT('Ctrl Pts',(-25.9716652124139,-8.6070817201669,24.0281632834074));
#1919=CARTESIAN_POINT('Ctrl Pts',(-23.9078875537441,-8.47367624491167,24.8759103407708));
#1920=CARTESIAN_POINT('Ctrl Pts',(-23.9488329742258,-8.39940250283678,24.5516656076886));
#1921=CARTESIAN_POINT('Ctrl Pts',(-23.9897922627611,-8.3244259610485,24.2256179169026));
#1922=CARTESIAN_POINT('Ctrl Pts',(-24.0307376832429,-8.2501522189736,23.9013731838204));
#1923=CARTESIAN_POINT('Ctrl Pts',(-22.4484563301081,-8.21831315879873,24.6572434208933));
#1924=CARTESIAN_POINT('Ctrl Pts',(-22.5130902670451,-8.11443353401563,24.3471747367892));
#1925=CARTESIAN_POINT('Ctrl Pts',(-22.5777242039821,-8.01055390923254,24.0371060526851));
#1926=CARTESIAN_POINT('Ctrl Pts',(-22.6423581409191,-7.90667428444944,23.7270373685809));
#1927=CARTESIAN_POINT('Ctrl Pts',(-4.31094522398813,19.5298681837788,16.569470906017));
#1928=CARTESIAN_POINT('Ctrl Pts',(-4.24592799187839,19.5442198283266,16.6377810893065));
#1929=CARTESIAN_POINT('Ctrl Pts',(-4.17975069901763,19.5585877366561,16.7052444412053));
#1930=CARTESIAN_POINT('Ctrl Pts',(-4.1126080588867,19.5728545546926,16.7718168561046));
#1931=CARTESIAN_POINT('Ctrl Pts',(-4.04208921994974,19.5878387650438,16.8417367966189));
#1932=CARTESIAN_POINT('Ctrl Pts',(-3.97050546136666,19.6027113527272,16.9106736956026));
#1933=CARTESIAN_POINT('Ctrl Pts',(-3.89807167146211,19.617299386111,16.9785348729036));
#1934=CARTESIAN_POINT('Ctrl Pts',(-3.89243078928289,19.6184354495098,16.9838196565136));
#1935=CARTESIAN_POINT('Ctrl Pts',(-3.88678474696875,19.619569770062,16.9890978973932));
#1936=CARTESIAN_POINT('Ctrl Pts',(-3.88113364356789,19.620702257638,16.9943695425117));
#1937=CARTESIAN_POINT('Ctrl Pts',(-3.7998248145261,19.6369966398453,17.0702186752046));
#1938=CARTESIAN_POINT('Ctrl Pts',(-3.71720453145788,19.6529840196689,17.144981367513));
#1939=CARTESIAN_POINT('Ctrl Pts',(-3.63364412626524,19.6685656301448,17.2186574382398));
#1940=CARTESIAN_POINT('Ctrl Pts',(-3.57255919083003,19.6799562124152,17.27251665557));
#1941=CARTESIAN_POINT('Ctrl Pts',(-3.51097162953838,19.6911295264491,17.3257938439725));
#1942=CARTESIAN_POINT('Ctrl Pts',(-3.44902351255908,19.7020426555051,17.3784724774727));
#1943=CARTESIAN_POINT('Origin',(0.,0.,0.));
#1944=CARTESIAN_POINT('',(-20.,-2.44929359829471E-15,30.));
#1945=CARTESIAN_POINT('Origin',(0.,0.,30.));
#1946=CARTESIAN_POINT('',(-20.,-2.44929359829471E-15,0.));
#1947=CARTESIAN_POINT('',(-20.,-2.44929359829471E-15,0.));
#1948=CARTESIAN_POINT('',(-20.,-2.44929359829471E-15,0.));
#1949=CARTESIAN_POINT('Origin',(0.,0.,0.));
#1950=CARTESIAN_POINT('Origin',(0.,0.,30.));
#1951=CARTESIAN_POINT('Origin',(0.,0.,0.));
#1952=CARTESIAN_POINT('Ctrl Pts',(18.3227198792835,-5.83109941953474,14.7918587564616));
#1953=CARTESIAN_POINT('Ctrl Pts',(22.7580209191019,-10.2722363219343,14.5559207551404));
#1954=CARTESIAN_POINT('Ctrl Pts',(31.611510558027,-19.1718237493355,14.0884555000784));
#1955=CARTESIAN_POINT('Ctrl Pts',(58.0921335754753,-45.9553827768063,12.8303998952819));
#1956=CARTESIAN_POINT('Ctrl Pts',(115.596777243436,-103.878363501099,10.7936753715704));
#1957=CARTESIAN_POINT('Ctrl Pts',(168.920656340802,-157.107451894696,9.07452653263845));
#1958=CARTESIAN_POINT('Ctrl Pts',(204.466577724907,-192.59659652177,7.92050048660861));
#1959=CARTESIAN_POINT('Ctrl Pts',(17.9268342266205,-5.16594142067303,16.0060305290827));
#1960=CARTESIAN_POINT('Ctrl Pts',(22.1348087809896,-9.22648007115216,15.7480425118071));
#1961=CARTESIAN_POINT('Ctrl Pts',(30.5334798470109,-17.3760751734421,15.2564718290308));
#1962=CARTESIAN_POINT('Ctrl Pts',(55.6692355812752,-41.8854516993626,13.964025957441));
#1963=CARTESIAN_POINT('Ctrl Pts',(110.323011869498,-94.8179141831696,11.8796210457872));
#1964=CARTESIAN_POINT('Ctrl Pts',(161.003003779675,-143.442537522742,10.0657179580795));
#1965=CARTESIAN_POINT('Ctrl Pts',(194.783824192191,-175.86472953483,8.85343232762999));
#1966=CARTESIAN_POINT('Ctrl Pts',(16.9994430252714,-3.62952153502456,18.2686501990453));
#1967=CARTESIAN_POINT('Ctrl Pts',(20.7650397629263,-6.93885943215525,17.9917803839517));
#1968=CARTESIAN_POINT('Ctrl Pts',(28.2608527739929,-13.5809793678685,17.433405107429));
#1969=CARTESIAN_POINT('Ctrl Pts',(50.7055177456551,-33.5915523621357,16.1177262817276));
#1970=CARTESIAN_POINT('Ctrl Pts',(99.7220535158835,-76.5577762197767,13.9730686024552));
#1971=CARTESIAN_POINT('Ctrl Pts',(145.124950279082,-116.034990817968,11.9960673541084));
#1972=CARTESIAN_POINT('Ctrl Pts',(175.393451834027,-142.354301023006,10.6884132891852));
#1973=CARTESIAN_POINT('Ctrl Pts',(15.2384036494331,-0.78895123128142,20.9972227883562));
#1974=CARTESIAN_POINT('Ctrl Pts',(18.3075301512918,-3.00495362112972,20.6538536874009));
#1975=CARTESIAN_POINT('Ctrl Pts',(24.427458667518,-7.49639839659902,20.1239759154606));
#1976=CARTESIAN_POINT('Ctrl Pts',(43.011944506385,-20.7090959103061,18.9589627002722));
#1977=CARTESIAN_POINT('Ctrl Pts',(83.6426567551975,-48.8398265488052,16.7483456574354));
#1978=CARTESIAN_POINT('Ctrl Pts',(121.202168354986,-74.7190730040153,14.6859239289834));
#1979=CARTESIAN_POINT('Ctrl Pts',(146.247039286453,-91.9653544204005,13.3184285914113));
#1980=CARTESIAN_POINT('Ctrl Pts',(13.0306658722522,2.31754245422437,22.9143642787216));
#1981=CARTESIAN_POINT('Ctrl Pts',(15.4369442225631,1.13447636651807,22.6460381970204));
#1982=CARTESIAN_POINT('Ctrl Pts',(20.3411619905788,-1.07769751355108,22.2910587311284));
#1983=CARTESIAN_POINT('Ctrl Pts',(35.1685629140605,-7.42910656894969,21.266900198889));
#1984=CARTESIAN_POINT('Ctrl Pts',(67.4193099287817,-20.8658595653171,19.1224141874657));
#1985=CARTESIAN_POINT('Ctrl Pts',(97.19926588832,-33.2350438220115,17.1275257432389));
#1986=CARTESIAN_POINT('Ctrl Pts',(117.055307599313,-41.4747289733548,15.8004265896409));
#1987=CARTESIAN_POINT('Ctrl Pts',(10.6529716212225,5.52062786239904,24.2782751016577));
#1988=CARTESIAN_POINT('Ctrl Pts',(12.5072099445042,5.536691998349,24.1339977962925));
#1989=CARTESIAN_POINT('Ctrl Pts',(16.1967532468553,5.67417555112795,23.8377943934929));
#1990=CARTESIAN_POINT('Ctrl Pts',(27.2301951961277,6.14679667895401,22.9542978437955));
#1991=CARTESIAN_POINT('Ctrl Pts',(51.1070725013807,7.30166020061917,21.0478749822851));
#1992=CARTESIAN_POINT('Ctrl Pts',(73.1440521458017,8.37384447577485,19.2875650150515));
#1993=CARTESIAN_POINT('Ctrl Pts',(87.8350545162607,9.09191379087676,18.1144072193092));
#1994=CARTESIAN_POINT('Ctrl Pts',(8.4750617702173,9.05674235315025,24.9656885945473));
#1995=CARTESIAN_POINT('Ctrl Pts',(9.68726170723754,10.2675738231185,24.8471176684836));
#1996=CARTESIAN_POINT('Ctrl Pts',(12.0823593826815,12.6769839563878,24.6218636843436));
#1997=CARTESIAN_POINT('Ctrl Pts',(19.2547146804522,19.9146414816435,23.9478430215234));
#1998=CARTESIAN_POINT('Ctrl Pts',(34.7572338848591,35.5892089196769,22.4895190494616));
#1999=CARTESIAN_POINT('Ctrl Pts',(49.0658527180528,50.0593165200861,21.1440077078368));
#2000=CARTESIAN_POINT('Ctrl Pts',(58.603921569226,59.7058568402032,20.247169025404));
#2001=CARTESIAN_POINT('Ctrl Pts',(6.53795305062091,12.7859550789941,24.7668869943665));
#2002=CARTESIAN_POINT('Ctrl Pts',(7.02080371847006,15.1309339093761,24.71487225685));
#2003=CARTESIAN_POINT('Ctrl Pts',(8.07707907350201,19.793763812507,24.5954341271619));
#2004=CARTESIAN_POINT('Ctrl Pts',(11.3072626714699,33.7424270197873,24.2295686964731));
#2005=CARTESIAN_POINT('Ctrl Pts',(18.42149621814,63.9190200197124,23.4277841686292));
#2006=CARTESIAN_POINT('Ctrl Pts',(24.994718256373,91.7701367545164,22.6869107821962));
#2007=CARTESIAN_POINT('Ctrl Pts',(29.3798826439942,110.336592672607,22.1927428601491));
#2008=CARTESIAN_POINT('Ctrl Pts',(5.4490472206157,15.3232025603761,24.2079331969115));
#2009=CARTESIAN_POINT('Ctrl Pts',(5.41963226192843,18.3937586371615,24.1235990721703));
#2010=CARTESIAN_POINT('Ctrl Pts',(5.52678521804912,24.5291730409518,24.0718781016815));
#2011=CARTESIAN_POINT('Ctrl Pts',(6.07588507711437,42.9281675078425,23.9469612994034));
#2012=CARTESIAN_POINT('Ctrl Pts',(7.5680621300318,82.7771160247829,23.7255300985177));
#2013=CARTESIAN_POINT('Ctrl Pts',(8.97186421954338,119.559424948867,23.5083795070868));
#2014=CARTESIAN_POINT('Ctrl Pts',(9.91374316409604,144.080825863173,23.3661134448135));
#2015=CARTESIAN_POINT('Ctrl Pts',(4.88727741639715,16.5634105587446,23.8317610411208));
#2016=CARTESIAN_POINT('Ctrl Pts',(4.65135425723654,19.9977752574506,23.7382423178929));
#2017=CARTESIAN_POINT('Ctrl Pts',(4.290567060105,26.8693443229644,23.6979946899399));
#2018=CARTESIAN_POINT('Ctrl Pts',(3.49477794098124,47.4918827745616,23.6943362069135));
#2019=CARTESIAN_POINT('Ctrl Pts',(2.1571731688569,92.1847102065116,23.7945537738494));
#2020=CARTESIAN_POINT('Ctrl Pts',(0.971293052980413,133.441033830262,23.8698565988625));
#2021=CARTESIAN_POINT('Ctrl Pts',(0.18759837465338,160.945436890267,23.9234096786396));
#2022=CARTESIAN_POINT('',(18.3227198792835,-5.83109941953474,14.7918587564616));
#2023=CARTESIAN_POINT('',(4.47379828067716,23.562194493846,23.7270373685809));
#2024=CARTESIAN_POINT('Ctrl Pts',(18.3227198792835,-5.83109941953474,14.7918587564616));
#2025=CARTESIAN_POINT('Ctrl Pts',(18.5374147445974,-5.87642908760013,15.5335827967379));
#2026=CARTESIAN_POINT('Ctrl Pts',(19.0519831216145,-6.00759602819385,16.7305570445066));
#2027=CARTESIAN_POINT('Ctrl Pts',(20.1427054842331,-6.41834966420305,17.9146699491422));
#2028=CARTESIAN_POINT('Ctrl Pts',(21.4337384839695,-7.06586916450958,18.5141511215318));
#2029=CARTESIAN_POINT('Ctrl Pts',(22.7781717881813,-7.87304958359444,18.7871956271475));
#2030=CARTESIAN_POINT('Ctrl Pts',(24.7880961265008,-9.19194348787075,18.9748121897684));
#2031=CARTESIAN_POINT('Ctrl Pts',(27.0354945753022,-10.8912157610883,18.8777296669542));
#2032=CARTESIAN_POINT('Ctrl Pts',(29.5740885780726,-12.9902748100364,18.6737058065064));
#2033=CARTESIAN_POINT('Ctrl Pts',(32.0150799230913,-15.1104279017758,18.4156450858858));
#2034=CARTESIAN_POINT('Ctrl Pts',(35.1143560218313,-17.9714191887048,18.0302714139734));
#2035=CARTESIAN_POINT('Ctrl Pts',(38.4419739092115,-21.2454328180716,17.5614929818106));
#2036=CARTESIAN_POINT('Ctrl Pts',(41.3133872221401,-24.1955979279541,17.1345541340418));
#2037=CARTESIAN_POINT('Ctrl Pts',(43.5225644981767,-26.5174570470317,16.8050841665549));
#2038=CARTESIAN_POINT('Ctrl Pts',(45.2487542938425,-28.2917316302049,16.5814693086697));
#2039=CARTESIAN_POINT('Ctrl Pts',(46.5515492762103,-29.5892393227708,16.4386962854922));
#2040=CARTESIAN_POINT('Ctrl Pts',(47.9967437859385,-30.8952840101299,16.3498514438406));
#2041=CARTESIAN_POINT('Ctrl Pts',(49.9713285546662,-32.4472526546691,16.3328355417522));
#2042=CARTESIAN_POINT('Ctrl Pts',(52.536311337023,-33.6339108698171,16.6472732183125));
#2043=CARTESIAN_POINT('Ctrl Pts',(55.5657408159667,-33.8074187039147,17.2174918485497));
#2044=CARTESIAN_POINT('Ctrl Pts',(58.2433559932622,-33.3783536874057,17.6656512731162));
#2045=CARTESIAN_POINT('Ctrl Pts',(60.9569673560663,-32.4821168989989,18.0355064327886));
#2046=CARTESIAN_POINT('Ctrl Pts',(64.1439325467414,-30.9385896072071,18.3512120672935));
#2047=CARTESIAN_POINT('Ctrl Pts',(66.940352234274,-29.0483481505604,18.5257178207042));
#2048=CARTESIAN_POINT('Ctrl Pts',(69.1800284029833,-27.1079147930902,18.6128445513225));
#2049=CARTESIAN_POINT('Ctrl Pts',(70.439778306499,-25.8541548656497,18.6477690060226));
#2050=CARTESIAN_POINT('Ctrl Pts',(71.6955008279592,-24.4940972751332,18.6746584627351));
#2051=CARTESIAN_POINT('Ctrl Pts',(73.2128893522966,-22.6253626470847,18.6933180561223));
#2052=CARTESIAN_POINT('Ctrl Pts',(75.5574516996922,-19.1341283200542,18.6976668244422));
#2053=CARTESIAN_POINT('Ctrl Pts',(78.8268622743225,-12.4762680117259,18.6576006137401));
#2054=CARTESIAN_POINT('Ctrl Pts',(81.015097406497,-3.14687172103623,18.593834008825));
#2055=CARTESIAN_POINT('Ctrl Pts',(81.2156370641716,5.48347571839109,18.6030799102227));
#2056=CARTESIAN_POINT('Ctrl Pts',(80.5184566998376,13.9650506379694,18.6592296239086));
#2057=CARTESIAN_POINT('Ctrl Pts',(78.5321777950375,23.4276832001165,18.7934901503737));
#2058=CARTESIAN_POINT('Ctrl Pts',(74.5847523634545,32.3412328882695,19.0722300430735));
#2059=CARTESIAN_POINT('Ctrl Pts',(71.1759033791915,37.6806740277344,19.3233506189019));
#2060=CARTESIAN_POINT('Ctrl Pts',(68.1612734813808,41.8248017472648,19.5482443518698));
#2061=CARTESIAN_POINT('Ctrl Pts',(63.3707333332428,46.8938945630003,19.91410062603));
#2062=CARTESIAN_POINT('Ctrl Pts',(55.5790358738616,52.3150569617251,20.5280842024951));
#2063=CARTESIAN_POINT('Ctrl Pts',(48.1436961531772,55.0433214591858,21.1303546414958));
#2064=CARTESIAN_POINT('Ctrl Pts',(41.4091402906329,55.8897485085102,21.6840007549388));
#2065=CARTESIAN_POINT('Ctrl Pts',(34.5310156016261,55.582954570251,22.2527238288373));
#2066=CARTESIAN_POINT('Ctrl Pts',(27.998025719957,53.5279867097094,22.7945856775006));
#2067=CARTESIAN_POINT('Ctrl Pts',(22.1375008272929,49.8942297498354,23.2692377924021));
#2068=CARTESIAN_POINT('Ctrl Pts',(17.5613258688991,46.0597175620522,23.6274540068113));
#2069=CARTESIAN_POINT('Ctrl Pts',(13.4299240603313,41.2596359436394,23.9228178571558));
#2070=CARTESIAN_POINT('Ctrl Pts',(10.7327485881399,37.1715905299023,24.0697391150345));
#2071=CARTESIAN_POINT('Ctrl Pts',(8.86913632890987,33.965662790209,24.1354175433583));
#2072=CARTESIAN_POINT('Ctrl Pts',(7.67642727806624,31.6733739167174,24.1501686819179));
#2073=CARTESIAN_POINT('Ctrl Pts',(6.61417880487071,29.3675213202966,24.1163791796503));
#2074=CARTESIAN_POINT('Ctrl Pts',(5.54190904636743,26.8233896890409,24.0299393584758));
#2075=CARTESIAN_POINT('Ctrl Pts',(4.87395748769813,24.9481857441856,23.90288046163));
#2076=CARTESIAN_POINT('Ctrl Pts',(4.47379828067716,23.562194493846,23.7270373685809));
#2077=CARTESIAN_POINT('',(4.88727741639715,16.5634105587446,23.8317610411208));
#2078=CARTESIAN_POINT('Ctrl Pts',(18.3227198792835,-5.83109941953474,14.7918587564616));
#2079=CARTESIAN_POINT('Ctrl Pts',(17.9268342266205,-5.16594142067303,16.0060305290827));
#2080=CARTESIAN_POINT('Ctrl Pts',(17.4631386259459,-4.39773147784879,17.137340364064));
#2081=CARTESIAN_POINT('Ctrl Pts',(16.9377842629689,-3.54019812247948,18.1577573797731));
#2082=CARTESIAN_POINT('Ctrl Pts',(16.4124298999919,-2.68266476711018,19.1781743954823));
#2083=CARTESIAN_POINT('Ctrl Pts',(15.8254167747125,-1.7358079991958,20.0876985919192));
#2084=CARTESIAN_POINT('Ctrl Pts',(15.163953915876,-0.74463066765431,20.8619842718652));
#2085=CARTESIAN_POINT('Ctrl Pts',(14.5024910570395,0.246546663887179,21.6362699518113));
#2086=CARTESIAN_POINT('Ctrl Pts',(13.7665784646458,1.28204455905577,22.2753171152664));
#2087=CARTESIAN_POINT('Ctrl Pts',(13.0023397932774,2.33364107466918,22.8221591674833));
#2088=CARTESIAN_POINT('Ctrl Pts',(12.238101121909,3.38523759028259,23.3690012197003));
#2089=CARTESIAN_POINT('Ctrl Pts',(11.4455363715657,4.45293272634082,23.823638160679));
#2090=CARTESIAN_POINT('Ctrl Pts',(10.6862690212266,5.57613270949513,24.1655255466499));
#2091=CARTESIAN_POINT('Ctrl Pts',(9.92700167088743,6.69933269264944,24.5074129326209));
#2092=CARTESIAN_POINT('Ctrl Pts',(9.20103172055236,7.87803752289984,24.7365507635841));
#2093=CARTESIAN_POINT('Ctrl Pts',(8.51519529211877,9.08892539233235,24.8179860790356));
#2094=CARTESIAN_POINT('Ctrl Pts',(7.82935886368517,10.2998132617649,24.899421394487));
#2095=CARTESIAN_POINT('Ctrl Pts',(7.18365595715304,11.5428841703795,24.8331541944268));
#2096=CARTESIAN_POINT('Ctrl Pts',(6.58857804638567,12.7987314950323,24.6602821450329));
#2097=CARTESIAN_POINT('Ctrl Pts',(5.9935001356183,14.0545788196851,24.487410095639));
#2098=CARTESIAN_POINT('Ctrl Pts',(5.4490472206157,15.3232025603761,24.2079331969115));
#2099=CARTESIAN_POINT('Ctrl Pts',(4.88727741639715,16.5634105587446,23.8317610411208));
#2100=CARTESIAN_POINT('Ctrl Pts',(4.88727741639715,16.5634105587446,23.8317610411208));
#2101=CARTESIAN_POINT('Ctrl Pts',(4.72705675114344,18.8957640195421,23.7682503959491));
#2102=CARTESIAN_POINT('Ctrl Pts',(4.59244670917882,21.2287723177744,23.7385899983218));
#2103=CARTESIAN_POINT('Ctrl Pts',(4.47353446892415,23.5621951449379,23.7228474506335));
#2104=CARTESIAN_POINT('Ctrl Pts',(17.6282617302606,-6.53304496593336,14.9499736803203));
#2105=CARTESIAN_POINT('Ctrl Pts',(79.8894794181223,-68.5832607275053,12.938382315488));
#2106=CARTESIAN_POINT('Ctrl Pts',(142.150697105984,-130.633476489077,10.9267909506557));
#2107=CARTESIAN_POINT('Ctrl Pts',(204.411914793846,-192.683692250649,8.91519958582342));
#2108=CARTESIAN_POINT('Ctrl Pts',(16.4931344501456,-4.56694684371668,18.6927919822004));
#2109=CARTESIAN_POINT('Ctrl Pts',(69.4654430011833,-50.5283000334187,16.3659340456944));
#2110=CARTESIAN_POINT('Ctrl Pts',(122.441447749967,-96.4960552254112,14.0462929570917));
#2111=CARTESIAN_POINT('Ctrl Pts',(175.413756301005,-142.457408415113,11.7194350205857));
#2112=CARTESIAN_POINT('Ctrl Pts',(13.6739927856173,0.315949752980474,23.790246562128));
#2113=CARTESIAN_POINT('Ctrl Pts',(51.4097257912458,-19.2548804587111,21.2418392754902));
#2114=CARTESIAN_POINT('Ctrl Pts',(89.144225626011,-38.823574755813,18.6912124581482));
#2115=CARTESIAN_POINT('Ctrl Pts',(126.879958631639,-58.3944049675046,16.1428051715104));
#2116=CARTESIAN_POINT('Ctrl Pts',(8.62923381808007,9.05372859669376,26.3755838194987));
#2117=CARTESIAN_POINT('Ctrl Pts',(25.3163087342704,25.9402436270547,24.6950721272315));
#2118=CARTESIAN_POINT('Ctrl Pts',(42.0045654284978,42.824711757812,23.0170721682457));
#2119=CARTESIAN_POINT('Ctrl Pts',(58.6916403446881,59.7112267881729,21.3365604759785));
#2120=CARTESIAN_POINT('Ctrl Pts',(5.68536673762188,14.1526559507768,25.5833577519382));
#2121=CARTESIAN_POINT('Ctrl Pts',(10.3613218403131,51.8430407539154,24.9902758155501));
#2122=CARTESIAN_POINT('Ctrl Pts',(15.0375100666187,89.5330217751094,24.3993354800443));
#2123=CARTESIAN_POINT('Ctrl Pts',(19.7134651693099,127.223406578248,23.8062535436562));
#2124=CARTESIAN_POINT('Ctrl Pts',(4.30388897733932,16.5454456211127,24.6437556163425));
#2125=CARTESIAN_POINT('Ctrl Pts',(2.95067017108785,64.6786659622086,24.7364386177644));
#2126=CARTESIAN_POINT('Ctrl Pts',(1.59745136483639,112.811886303305,24.8291216191862));
#2127=CARTESIAN_POINT('Ctrl Pts',(0.244232558584929,160.945106644401,24.921804620608));
#2128=CARTESIAN_POINT('',(17.6282617302606,-6.53304496593336,14.9499736803203));
#2129=CARTESIAN_POINT('',(4.1069601932784,23.5500900370186,24.6572434208933));
#2130=CARTESIAN_POINT('Ctrl Pts',(17.6282617302606,-6.53304496593336,14.9499736803203));
#2131=CARTESIAN_POINT('Ctrl Pts',(17.8552591412402,-6.58361524019212,15.7224663716173));
#2132=CARTESIAN_POINT('Ctrl Pts',(18.3976451830489,-6.72189874178367,16.989156781616));
#2133=CARTESIAN_POINT('Ctrl Pts',(19.5437836038335,-7.12525870024146,18.3010603365459));
#2134=CARTESIAN_POINT('Ctrl Pts',(20.893661922189,-7.74453116092513,19.0170293309032));
#2135=CARTESIAN_POINT('Ctrl Pts',(22.2872889942051,-8.51725361264298,19.375350747088));
#2136=CARTESIAN_POINT('Ctrl Pts',(24.3580408404848,-9.78563130706763,19.6600620719558));
#2137=CARTESIAN_POINT('Ctrl Pts',(26.6455646755808,-11.440127666017,19.6175471174478));
#2138=CARTESIAN_POINT('Ctrl Pts',(29.2120894993682,-13.5036945553282,19.4523395450285));
#2139=CARTESIAN_POINT('Ctrl Pts',(31.6716741600854,-15.5961683510332,19.2197035172294));
#2140=CARTESIAN_POINT('Ctrl Pts',(34.7839177459788,-18.4324928250469,18.8540317918483));
#2141=CARTESIAN_POINT('Ctrl Pts',(38.1167049079599,-21.6890192105179,18.3966299118653));
#2142=CARTESIAN_POINT('Ctrl Pts',(40.9888138170404,-24.6284214205699,17.9756050150045));
#2143=CARTESIAN_POINT('Ctrl Pts',(43.1977864789924,-26.9432814484546,17.6496147271989));
#2144=CARTESIAN_POINT('Ctrl Pts',(44.9264220064275,-28.7104825359537,17.4304310998252));
#2145=CARTESIAN_POINT('Ctrl Pts',(46.2330756397997,-30.0013100081857,17.2924461429811));
#2146=CARTESIAN_POINT('Ctrl Pts',(47.6882510376361,-31.2957535810238,17.2126794381114));
#2147=CARTESIAN_POINT('Ctrl Pts',(49.6845755230241,-32.8258929807915,17.2134153037684));
#2148=CARTESIAN_POINT('Ctrl Pts',(52.3052918601211,-33.9625880178717,17.565509645406));
#2149=CARTESIAN_POINT('Ctrl Pts',(55.4121176412783,-34.0648637922967,18.1730749550278));
#2150=CARTESIAN_POINT('Ctrl Pts',(58.1472733592507,-33.580074003043,18.6412343325252));
#2151=CARTESIAN_POINT('Ctrl Pts',(60.906933134888,-32.6371322289901,19.0227868579332));
#2152=CARTESIAN_POINT('Ctrl Pts',(64.1337834921871,-31.0509170647461,19.3452871720135));
#2153=CARTESIAN_POINT('Ctrl Pts',(66.9543897208757,-29.1331222388236,19.5221730813485));
#2154=CARTESIAN_POINT('Ctrl Pts',(69.2088914524445,-27.1750222818173,19.6102081320454));
#2155=CARTESIAN_POINT('Ctrl Pts',(70.475809196596,-25.9124819612028,19.6454261149813));
#2156=CARTESIAN_POINT('Ctrl Pts',(71.7380849336659,-24.5442641888056,19.6725131020925));
#2157=CARTESIAN_POINT('Ctrl Pts',(73.262377336222,-22.6666936630151,19.6912632623853));
#2158=CARTESIAN_POINT('Ctrl Pts',(75.6160137052622,-19.1634314341802,19.695561122374));
#2159=CARTESIAN_POINT('Ctrl Pts',(78.8955054056879,-12.4914183853082,19.6551758162419));
#2160=CARTESIAN_POINT('Ctrl Pts',(81.0896008341286,-3.15306138550834,19.5910410209616));
#2161=CARTESIAN_POINT('Ctrl Pts',(81.2930738652659,5.48182997045076,19.6000788008748));
#2162=CARTESIAN_POINT('Ctrl Pts',(80.597984096581,13.9666456101459,19.6560624493647));
#2163=CARTESIAN_POINT('Ctrl Pts',(78.6132990297659,23.4316629239156,19.7901881528714));
#2164=CARTESIAN_POINT('Ctrl Pts',(74.6668887327344,32.3465542596586,20.0688369280107));
#2165=CARTESIAN_POINT('Ctrl Pts',(71.2585691118973,37.6866561685425,20.3199101388858));
#2166=CARTESIAN_POINT('Ctrl Pts',(68.2443237854852,41.8312585821221,20.5447686015648));
#2167=CARTESIAN_POINT('Ctrl Pts',(63.4541853953173,46.9008702983925,20.9105886246989));
#2168=CARTESIAN_POINT('Ctrl Pts',(55.6627681657459,52.3226395610981,21.5245427668256));
#2169=CARTESIAN_POINT('Ctrl Pts',(48.2271779644616,55.0514524395769,22.1268322498706));
#2170=CARTESIAN_POINT('Ctrl Pts',(41.4917693606104,55.8984968412552,22.6805415867302));
#2171=CARTESIAN_POINT('Ctrl Pts',(34.6119628141944,55.5924872505352,23.2494006919649));
#2172=CARTESIAN_POINT('Ctrl Pts',(28.0758604817667,53.5385760043262,23.7914942355871));
#2173=CARTESIAN_POINT('Ctrl Pts',(22.208604070946,49.9063612735902,24.2666538945159));
#2174=CARTESIAN_POINT('Ctrl Pts',(17.6234839050077,46.0734611801329,24.6254195416692));
#2175=CARTESIAN_POINT('Ctrl Pts',(13.4758585614459,41.2755612517826,24.9217811533872));
#2176=CARTESIAN_POINT('Ctrl Pts',(10.7534999219869,37.1893624624689,25.0694032356905));
#2177=CARTESIAN_POINT('Ctrl Pts',(8.85894839616839,33.9844854846198,25.1354824402034));
#2178=CARTESIAN_POINT('Ctrl Pts',(7.63589163057317,31.6923213401155,25.1491360174375));
#2179=CARTESIAN_POINT('Ctrl Pts',(6.52466013648215,29.3851783828086,25.1132726974759));
#2180=CARTESIAN_POINT('Ctrl Pts',(5.37697991987187,26.8360759946468,25.0157537929134));
#2181=CARTESIAN_POINT('Ctrl Pts',(4.61992184917063,24.9537075112112,24.8778008977717));
#2182=CARTESIAN_POINT('Ctrl Pts',(4.1069601932784,23.5500900370186,24.6572434208933));
#2183=CARTESIAN_POINT('',(4.30388897733932,16.5454456211127,24.6437556163426));
#2184=CARTESIAN_POINT('',(4.30388897733932,16.5454456211127,24.6437556163426));
#2185=CARTESIAN_POINT('Origin',(7.94880479121762,10.2322662421642,3.20757558133998));
#2186=CARTESIAN_POINT('Ctrl Pts',(17.6282617302606,-6.53304496593336,14.9499736803203));
#2187=CARTESIAN_POINT('Ctrl Pts',(17.8597477799349,-6.29906311713382,14.8972687057007));
#2188=CARTESIAN_POINT('Ctrl Pts',(18.0912338296092,-6.06508126833428,14.8445637310812));
#2189=CARTESIAN_POINT('Ctrl Pts',(18.3227198792835,-5.83109941953474,14.7918587564616));
#2190=CARTESIAN_POINT('Ctrl Pts',(17.8552591412402,-6.58361524019212,15.7224663716173));
#2191=CARTESIAN_POINT('Ctrl Pts',(18.0825783130578,-6.34788093218462,15.6593430433309));
#2192=CARTESIAN_POINT('Ctrl Pts',(18.3100955727798,-6.11216339560763,15.5967061250243));
#2193=CARTESIAN_POINT('Ctrl Pts',(18.5374147445974,-5.87642908760013,15.5335827967379));
#2194=CARTESIAN_POINT('Ctrl Pts',(18.3976451830489,-6.72189874178367,16.989156781616));
#2195=CARTESIAN_POINT('Ctrl Pts',(18.6158023436359,-6.48380518151214,16.9030754959856));
#2196=CARTESIAN_POINT('Ctrl Pts',(18.8338259610276,-6.24568958846538,16.8166383301371));
#2197=CARTESIAN_POINT('Ctrl Pts',(19.0519831216145,-6.00759602819385,16.7305570445066));
#2198=CARTESIAN_POINT('Ctrl Pts',(19.5437836038335,-7.12525870024146,18.3010603365459));
#2199=CARTESIAN_POINT('Ctrl Pts',(19.7434115764277,-6.88961159926556,18.1722203907192));
#2200=CARTESIAN_POINT('Ctrl Pts',(19.9430775116389,-6.65399676517895,18.0435098949689));
#2201=CARTESIAN_POINT('Ctrl Pts',(20.1427054842331,-6.41834966420305,17.9146699491422));
#2202=CARTESIAN_POINT('Ctrl Pts',(20.893661922189,-7.74453116092513,19.0170293309032));
#2203=CARTESIAN_POINT('Ctrl Pts',(21.0736814570221,-7.51832831956957,18.8494085146972));
#2204=CARTESIAN_POINT('Ctrl Pts',(21.2537189491364,-7.29207200586514,18.6817719377377));
#2205=CARTESIAN_POINT('Ctrl Pts',(21.4337384839695,-7.06586916450958,18.5141511215318));
#2206=CARTESIAN_POINT('Ctrl Pts',(22.2872889942051,-8.51725361264298,19.375350747088));
#2207=CARTESIAN_POINT('Ctrl Pts',(22.4509187086964,-8.3024918149018,19.1792713317659));
#2208=CARTESIAN_POINT('Ctrl Pts',(22.61454207369,-8.08781138133562,18.9832750424696));
#2209=CARTESIAN_POINT('Ctrl Pts',(22.7781717881813,-7.87304958359444,18.7871956271475));
#2210=CARTESIAN_POINT('Ctrl Pts',(24.3580408404848,-9.78563130706763,19.6600620719558));
#2211=CARTESIAN_POINT('Ctrl Pts',(24.5013929817711,-9.58775980085338,19.4316760734138));
#2212=CARTESIAN_POINT('Ctrl Pts',(24.6447439852145,-9.389814994085,19.2031981883104));
#2213=CARTESIAN_POINT('Ctrl Pts',(24.7880961265008,-9.19194348787075,18.9748121897684));
#2214=CARTESIAN_POINT('Ctrl Pts',(26.6455646755808,-11.440127666017,19.6175471174478));
#2215=CARTESIAN_POINT('Ctrl Pts',(26.7755440033162,-11.2571468041883,19.3709363807611));
#2216=CARTESIAN_POINT('Ctrl Pts',(26.9055152475669,-11.074196622917,19.1243404036409));
#2217=CARTESIAN_POINT('Ctrl Pts',(27.0354945753022,-10.8912157610883,18.8777296669542));
#2218=CARTESIAN_POINT('Ctrl Pts',(29.2120894993682,-13.5036945553282,19.4523395450285));
#2219=CARTESIAN_POINT('Ctrl Pts',(29.3327493165696,-13.3325601348556,19.1927837075927));
#2220=CARTESIAN_POINT('Ctrl Pts',(29.4534287608713,-13.161409230509,18.9332616439422));
#2221=CARTESIAN_POINT('Ctrl Pts',(29.5740885780726,-12.9902748100364,18.6737058065064));
#2222=CARTESIAN_POINT('Ctrl Pts',(31.6716741600854,-15.5961683510332,19.2197035172294));
#2223=CARTESIAN_POINT('Ctrl Pts',(31.7861535394561,-15.4342494193969,18.9517054834775));
#2224=CARTESIAN_POINT('Ctrl Pts',(31.9006005437206,-15.2723468334122,18.6836431196377));
#2225=CARTESIAN_POINT('Ctrl Pts',(32.0150799230913,-15.1104279017758,18.4156450858858));
#2226=CARTESIAN_POINT('Ctrl Pts',(34.7839177459788,-18.4324928250469,18.8540317918483));
#2227=CARTESIAN_POINT('Ctrl Pts',(34.8940550024115,-18.2788067097555,18.5794305341847));
#2228=CARTESIAN_POINT('Ctrl Pts',(35.0042187653985,-18.1251053039962,18.304872671637));
#2229=CARTESIAN_POINT('Ctrl Pts',(35.1143560218313,-17.9714191887048,18.0302714139734));
#2230=CARTESIAN_POINT('Ctrl Pts',(38.1167049079599,-21.6890192105179,18.3966299118653));
#2231=CARTESIAN_POINT('Ctrl Pts',(38.2251380662187,-21.5411501024942,18.1182624118874));
#2232=CARTESIAN_POINT('Ctrl Pts',(38.3335407509526,-21.3933019260953,17.8398604817884));
#2233=CARTESIAN_POINT('Ctrl Pts',(38.4419739092115,-21.2454328180716,17.5614929818106));
#2234=CARTESIAN_POINT('Ctrl Pts',(40.9888138170404,-24.6284214205699,17.9756050150045));
#2235=CARTESIAN_POINT('Ctrl Pts',(41.0969893355233,-24.4841579155364,17.6952413752549));
#2236=CARTESIAN_POINT('Ctrl Pts',(41.2052117036572,-24.3398614329876,17.4149177737914));
#2237=CARTESIAN_POINT('Ctrl Pts',(41.3133872221401,-24.1955979279541,17.1345541340418));
#2238=CARTESIAN_POINT('Ctrl Pts',(43.1977864789924,-26.9432814484546,17.6496147271989));
#2239=CARTESIAN_POINT('Ctrl Pts',(43.3060681922827,-26.8013236750266,17.3681195543731));
#2240=CARTESIAN_POINT('Ctrl Pts',(43.4142827848865,-26.6594148204598,17.0865793393808));
#2241=CARTESIAN_POINT('Ctrl Pts',(43.5225644981767,-26.5174570470317,16.8050841665549));
#2242=CARTESIAN_POINT('Ctrl Pts',(44.9264220064275,-28.7104825359537,17.4304310998252));
#2243=CARTESIAN_POINT('Ctrl Pts',(45.0338411274502,-28.5709175191575,17.1474287735216));
#2244=CARTESIAN_POINT('Ctrl Pts',(45.1413351728197,-28.4312966470011,16.8644716349733));
#2245=CARTESIAN_POINT('Ctrl Pts',(45.2487542938425,-28.2917316302049,16.5814693086697));
#2246=CARTESIAN_POINT('Ctrl Pts',(46.2330756397997,-30.0013100081857,17.2924461429811));
#2247=CARTESIAN_POINT('Ctrl Pts',(46.3392620349351,-29.863931508032,17.0078794578598));
#2248=CARTESIAN_POINT('Ctrl Pts',(46.4453628810748,-29.7266178229246,16.7232629706135));
#2249=CARTESIAN_POINT('Ctrl Pts',(46.5515492762103,-29.5892393227708,16.4386962854922));
#2250=CARTESIAN_POINT('Ctrl Pts',(47.6882510376361,-31.2957535810238,17.2126794381114));
#2251=CARTESIAN_POINT('Ctrl Pts',(47.791063845475,-31.1622778083097,16.925059455546));
#2252=CARTESIAN_POINT('Ctrl Pts',(47.8939309780996,-31.0287597828439,16.637471426406));
#2253=CARTESIAN_POINT('Ctrl Pts',(47.9967437859385,-30.8952840101299,16.3498514438406));
#2254=CARTESIAN_POINT('Ctrl Pts',(49.6845755230241,-32.8258929807915,17.2134153037684));
#2255=CARTESIAN_POINT('Ctrl Pts',(49.7801759830671,-32.6996667919824,16.9198981676131));
#2256=CARTESIAN_POINT('Ctrl Pts',(49.8757280946232,-32.5734788434782,16.6263526779074));
#2257=CARTESIAN_POINT('Ctrl Pts',(49.9713285546662,-32.4472526546691,16.3328355417522));
#2258=CARTESIAN_POINT('Ctrl Pts',(52.3052918601211,-33.9625880178717,17.565509645406));
#2259=CARTESIAN_POINT('Ctrl Pts',(52.3822877367426,-33.8530372780152,17.2594242419249));
#2260=CARTESIAN_POINT('Ctrl Pts',(52.4593154604015,-33.7434616096735,16.9533586217936));
#2261=CARTESIAN_POINT('Ctrl Pts',(52.536311337023,-33.6339108698171,16.6472732183125));
#2262=CARTESIAN_POINT('Ctrl Pts',(55.4121176412783,-34.0648637922967,18.1730749550278));
#2263=CARTESIAN_POINT('Ctrl Pts',(55.4633271061271,-33.9790475004844,17.8545486366252));
#2264=CARTESIAN_POINT('Ctrl Pts',(55.5145313511179,-33.893234995727,17.5360181669523));
#2265=CARTESIAN_POINT('Ctrl Pts',(55.5657408159667,-33.8074187039147,17.2174918485497));
#2266=CARTESIAN_POINT('Ctrl Pts',(58.1472733592507,-33.580074003043,18.6412343325252));
#2267=CARTESIAN_POINT('Ctrl Pts',(58.1793015997116,-33.5128335265172,18.316040700972));
#2268=CARTESIAN_POINT('Ctrl Pts',(58.2113277528013,-33.4455941639315,17.9908449046695));
#2269=CARTESIAN_POINT('Ctrl Pts',(58.2433559932622,-33.3783536874057,17.6656512731162));
#2270=CARTESIAN_POINT('Ctrl Pts',(60.906933134888,-32.6371322289901,19.0227868579332));
#2271=CARTESIAN_POINT('Ctrl Pts',(60.923610633541,-32.585460307574,18.6936919935236));
#2272=CARTESIAN_POINT('Ctrl Pts',(60.9402898574133,-32.533788820415,18.3646012971983));
#2273=CARTESIAN_POINT('Ctrl Pts',(60.9569673560663,-32.4821168989989,18.0355064327886));
#2274=CARTESIAN_POINT('Ctrl Pts',(64.1337834921871,-31.0509170647461,19.3452871720135));
#2275=CARTESIAN_POINT('Ctrl Pts',(64.1371642453832,-31.0134781860374,19.0139304669966));
#2276=CARTESIAN_POINT('Ctrl Pts',(64.1405517935453,-30.9760284859158,18.6825687723103));
#2277=CARTESIAN_POINT('Ctrl Pts',(64.1439325467414,-30.9385896072071,18.3512120672935));
#2278=CARTESIAN_POINT('Ctrl Pts',(66.9543897208757,-29.1331222388236,19.5221730813485));
#2279=CARTESIAN_POINT('Ctrl Pts',(66.9497220769346,-29.1048504880391,19.1900203852418));
#2280=CARTESIAN_POINT('Ctrl Pts',(66.9450198782151,-29.0766199013448,18.8578705168109));
#2281=CARTESIAN_POINT('Ctrl Pts',(66.940352234274,-29.0483481505604,18.5257178207042));
#2282=CARTESIAN_POINT('Ctrl Pts',(69.2088914524445,-27.1750222818173,19.6102081320454));
#2283=CARTESIAN_POINT('Ctrl Pts',(69.1992579103073,-27.152667229085,19.2777532273915));
#2284=CARTESIAN_POINT('Ctrl Pts',(69.1896619451206,-27.1302698458224,18.9452994559764));
#2285=CARTESIAN_POINT('Ctrl Pts',(69.1800284029833,-27.1079147930902,18.6128445513225));
#2286=CARTESIAN_POINT('Ctrl Pts',(70.475809196596,-25.9124819612028,19.6454261149813));
#2287=CARTESIAN_POINT('Ctrl Pts',(70.4638073542698,-25.8930300292865,19.3128741963893));
#2288=CARTESIAN_POINT('Ctrl Pts',(70.4517801488252,-25.873606797566,18.9803209246146));
#2289=CARTESIAN_POINT('Ctrl Pts',(70.439778306499,-25.8541548656497,18.6477690060226));
#2290=CARTESIAN_POINT('Ctrl Pts',(71.7380849336659,-24.5442641888056,19.6725131020925));
#2291=CARTESIAN_POINT('Ctrl Pts',(71.7238839792003,-24.5275491149837,19.33989464458));
#2292=CARTESIAN_POINT('Ctrl Pts',(71.7097017824249,-24.5108123489551,19.0072769202475));
#2293=CARTESIAN_POINT('Ctrl Pts',(71.6955008279592,-24.4940972751332,18.6746584627351));
#2294=CARTESIAN_POINT('Ctrl Pts',(73.262377336222,-22.6666936630151,19.6912632623853));
#2295=CARTESIAN_POINT('Ctrl Pts',(73.2458840835613,-22.6529133984716,19.3586148965448));
#2296=CARTESIAN_POINT('Ctrl Pts',(73.2293826049572,-22.6391429116282,19.0259664219627));
#2297=CARTESIAN_POINT('Ctrl Pts',(73.2128893522966,-22.6253626470847,18.6933180561223));
#2298=CARTESIAN_POINT('Ctrl Pts',(75.6160137052622,-19.1634314341802,19.695561122374));
#2299=CARTESIAN_POINT('Ctrl Pts',(75.5964904995946,-19.1536667757783,19.3629296851665));
#2300=CARTESIAN_POINT('Ctrl Pts',(75.5769749053597,-19.1438929784561,19.0302982616497));
#2301=CARTESIAN_POINT('Ctrl Pts',(75.5574516996922,-19.1341283200542,18.6976668244422));
#2302=CARTESIAN_POINT('Ctrl Pts',(78.8955054056879,-12.4914183853082,19.6551758162419));
#2303=CARTESIAN_POINT('Ctrl Pts',(78.8726263845531,-12.4863658660829,19.3226507601063));
#2304=CARTESIAN_POINT('Ctrl Pts',(78.8497412954573,-12.4813205309512,18.9901256698758));
#2305=CARTESIAN_POINT('Ctrl Pts',(78.8268622743225,-12.4762680117259,18.6576006137401));
#2306=CARTESIAN_POINT('Ctrl Pts',(81.0896008341286,-3.15306138550834,19.5910410209616));
#2307=CARTESIAN_POINT('Ctrl Pts',(81.0647659228728,-3.15099870596956,19.2586387102921));
#2308=CARTESIAN_POINT('Ctrl Pts',(81.0399323177529,-3.14893440057501,18.9262363194945));
#2309=CARTESIAN_POINT('Ctrl Pts',(81.015097406497,-3.14687172103623,18.593834008825));
#2310=CARTESIAN_POINT('Ctrl Pts',(81.2930738652659,5.48182997045076,19.6000788008748));
#2311=CARTESIAN_POINT('Ctrl Pts',(81.2672614011766,5.48237832449389,19.2677458229102));
#2312=CARTESIAN_POINT('Ctrl Pts',(81.241449528261,5.48292736434796,18.9354128881872));
#2313=CARTESIAN_POINT('Ctrl Pts',(81.2156370641716,5.48347571839109,18.6030799102227));
#2314=CARTESIAN_POINT('Ctrl Pts',(80.597984096581,13.9666456101459,19.6560624493647));
#2315=CARTESIAN_POINT('Ctrl Pts',(80.5714751578452,13.9661141887327,19.3237848485102));
#2316=CARTESIAN_POINT('Ctrl Pts',(80.5449656385734,13.9655820593826,18.9915072247631));
#2317=CARTESIAN_POINT('Ctrl Pts',(80.5184566998376,13.9650506379694,18.6592296239086));
#2318=CARTESIAN_POINT('Ctrl Pts',(78.6132990297659,23.4316629239156,19.7901881528714));
#2319=CARTESIAN_POINT('Ctrl Pts',(78.5862584005282,23.4303360707709,19.4579554790156));
#2320=CARTESIAN_POINT('Ctrl Pts',(78.5592184242752,23.4290100532612,19.1257228242295));
#2321=CARTESIAN_POINT('Ctrl Pts',(78.5321777950375,23.4276832001165,18.7934901503737));
#2322=CARTESIAN_POINT('Ctrl Pts',(74.6668887327344,32.3465542596586,20.0688369280107));
#2323=CARTESIAN_POINT('Ctrl Pts',(74.6395100652904,32.3447806365768,19.7366346388226));
#2324=CARTESIAN_POINT('Ctrl Pts',(74.6121310308986,32.3430065113514,19.4044323322616));
#2325=CARTESIAN_POINT('Ctrl Pts',(74.5847523634545,32.3412328882695,19.0722300430735));
#2326=CARTESIAN_POINT('Ctrl Pts',(71.2585691118973,37.6866561685425,20.3199101388858));
#2327=CARTESIAN_POINT('Ctrl Pts',(71.2310138238626,37.6846620296604,19.9877236274443));
#2328=CARTESIAN_POINT('Ctrl Pts',(71.2034586672263,37.6826681666165,19.6555371303433));
#2329=CARTESIAN_POINT('Ctrl Pts',(71.1759033791915,37.6806740277344,19.3233506189019));
#2330=CARTESIAN_POINT('Ctrl Pts',(68.2443237854852,41.8312585821221,20.5447686015648));
#2331=CARTESIAN_POINT('Ctrl Pts',(68.2166402610043,41.8291064049614,20.2125938510301));
#2332=CARTESIAN_POINT('Ctrl Pts',(68.1889570058617,41.8269539244254,19.8804191024045));
#2333=CARTESIAN_POINT('Ctrl Pts',(68.1612734813808,41.8248017472648,19.5482443518698));
#2334=CARTESIAN_POINT('Ctrl Pts',(63.4541853953173,46.9008702983925,20.9105886246989));
#2335=CARTESIAN_POINT('Ctrl Pts',(63.426368265577,46.8985449724903,20.5784259852856));
#2336=CARTESIAN_POINT('Ctrl Pts',(63.398550462983,46.8962198889025,20.2462632654433));
#2337=CARTESIAN_POINT('Ctrl Pts',(63.3707333332428,46.8938945630003,19.91410062603));
#2338=CARTESIAN_POINT('Ctrl Pts',(55.6627681657459,52.3226395610981,21.5245427668256));
#2339=CARTESIAN_POINT('Ctrl Pts',(55.6348570689818,52.3201120994175,21.1923898437689));
#2340=CARTESIAN_POINT('Ctrl Pts',(55.6069469706257,52.3175844234057,20.8602371255518));
#2341=CARTESIAN_POINT('Ctrl Pts',(55.5790358738616,52.3150569617251,20.5280842024951));
#2342=CARTESIAN_POINT('Ctrl Pts',(48.2271779644616,55.0514524395769,22.1268322498706));
#2343=CARTESIAN_POINT('Ctrl Pts',(48.1993511504903,55.0487420556452,21.7946731605443));
#2344=CARTESIAN_POINT('Ctrl Pts',(48.1715229671486,55.0460318431176,21.462513730822));
#2345=CARTESIAN_POINT('Ctrl Pts',(48.1436961531772,55.0433214591858,21.1303546414958));
#2346=CARTESIAN_POINT('Ctrl Pts',(41.4917693606104,55.8984968412552,22.6805415867302));
#2347=CARTESIAN_POINT('Ctrl Pts',(41.4642260039057,55.8955807626193,22.3483611805255));
#2348=CARTESIAN_POINT('Ctrl Pts',(41.4366836473376,55.8926645871461,22.0161811611435));
#2349=CARTESIAN_POINT('Ctrl Pts',(41.4091402906329,55.8897485085102,21.6840007549388));
#2350=CARTESIAN_POINT('Ctrl Pts',(34.6119628141944,55.5924872505352,23.2494006919649));
#2351=CARTESIAN_POINT('Ctrl Pts',(34.5849807179958,55.5893096825832,22.917175437466));
#2352=CARTESIAN_POINT('Ctrl Pts',(34.5579976978247,55.5861321382029,22.5849490833362));
#2353=CARTESIAN_POINT('Ctrl Pts',(34.5310156016261,55.582954570251,22.2527238288373));
#2354=CARTESIAN_POINT('Ctrl Pts',(28.0758604817667,53.5385760043262,23.7914942355871));
#2355=CARTESIAN_POINT('Ctrl Pts',(28.0499155691033,53.5350461780485,23.4591905794428));
#2356=CARTESIAN_POINT('Ctrl Pts',(28.0239706326204,53.5315165359872,23.1268893336448));
#2357=CARTESIAN_POINT('Ctrl Pts',(27.998025719957,53.5279867097094,22.7945856775006));
#2358=CARTESIAN_POINT('Ctrl Pts',(22.208604070946,49.9063612735902,24.2666538945159));
#2359=CARTESIAN_POINT('Ctrl Pts',(22.1849024088766,49.9023176317879,23.9341834003169));
#2360=CARTESIAN_POINT('Ctrl Pts',(22.1612024893624,49.8982733916378,23.6017082866012));
#2361=CARTESIAN_POINT('Ctrl Pts',(22.1375008272929,49.8942297498354,23.2692377924021));
#2362=CARTESIAN_POINT('Ctrl Pts',(17.6234839050077,46.0734611801329,24.6254195416692));
#2363=CARTESIAN_POINT('Ctrl Pts',(17.6027666951615,46.0688793409308,24.292760883441));
#2364=CARTESIAN_POINT('Ctrl Pts',(17.5820430787453,46.0642994012542,23.9601126650394));
#2365=CARTESIAN_POINT('Ctrl Pts',(17.5613258688991,46.0597175620522,23.6274540068113));
#2366=CARTESIAN_POINT('Ctrl Pts',(13.4758585614459,41.2755612517826,24.9217811533872));
#2367=CARTESIAN_POINT('Ctrl Pts',(13.4605425968681,41.2702541413848,24.5888004013438));
#2368=CARTESIAN_POINT('Ctrl Pts',(13.4452400249091,41.2649430540372,24.2557986091991));
#2369=CARTESIAN_POINT('Ctrl Pts',(13.4299240603313,41.2596359436394,23.9228178571558));
#2370=CARTESIAN_POINT('Ctrl Pts',(10.7534999219869,37.1893624624689,25.0694032356905));
#2371=CARTESIAN_POINT('Ctrl Pts',(10.7465919227634,37.1834361548568,24.736169099674));
#2372=CARTESIAN_POINT('Ctrl Pts',(10.7396565873634,37.1775168375145,24.402973251051));
#2373=CARTESIAN_POINT('Ctrl Pts',(10.7327485881399,37.1715905299023,24.0697391150345));
#2374=CARTESIAN_POINT('Ctrl Pts',(8.85894839616839,33.9844854846198,25.1354824402034));
#2375=CARTESIAN_POINT('Ctrl Pts',(8.86232655721062,33.9782156122081,24.8021530315245));
#2376=CARTESIAN_POINT('Ctrl Pts',(8.86575816786764,33.9719326626206,24.4687469520372));
#2377=CARTESIAN_POINT('Ctrl Pts',(8.86913632890987,33.965662790209,24.1354175433583));
#2378=CARTESIAN_POINT('Ctrl Pts',(7.63589163057317,31.6923213401155,25.1491360174375));
#2379=CARTESIAN_POINT('Ctrl Pts',(7.64944110366971,31.6859972009437,24.8160951962654));
#2380=CARTESIAN_POINT('Ctrl Pts',(7.66287780496971,31.6796980558892,24.48320950309));
#2381=CARTESIAN_POINT('Ctrl Pts',(7.67642727806624,31.6733739167174,24.1501686819179));
#2382=CARTESIAN_POINT('Ctrl Pts',(6.52466013648215,29.3851783828086,25.1132726974759));
#2383=CARTESIAN_POINT('Ctrl Pts',(6.55443969321537,29.3793094383648,24.7810731568314));
#2384=CARTESIAN_POINT('Ctrl Pts',(6.58439924813749,29.3733902647404,24.4485787202949));
#2385=CARTESIAN_POINT('Ctrl Pts',(6.61417880487071,29.3675213202966,24.1163791796503));
#2386=CARTESIAN_POINT('Ctrl Pts',(5.37697991987187,26.8360759946468,25.0157537929134));
#2387=CARTESIAN_POINT('Ctrl Pts',(5.43208320983689,26.8317899939486,24.6868389656159));
#2388=CARTESIAN_POINT('Ctrl Pts',(5.48680575640241,26.8276756897391,24.3588541857733));
#2389=CARTESIAN_POINT('Ctrl Pts',(5.54190904636743,26.8233896890409,24.0299393584758));
#2390=CARTESIAN_POINT('Ctrl Pts',(4.61992184917063,24.9537075112112,24.8778008977717));
#2391=CARTESIAN_POINT('Ctrl Pts',(4.70440056877813,24.9519854383775,24.5534514230272));
#2392=CARTESIAN_POINT('Ctrl Pts',(4.78947876809064,24.9499078170193,24.2272299363746));
#2393=CARTESIAN_POINT('Ctrl Pts',(4.87395748769813,24.9481857441856,23.90288046163));
#2394=CARTESIAN_POINT('Ctrl Pts',(4.1069601932784,23.5500900370186,24.6572434208933));
#2395=CARTESIAN_POINT('Ctrl Pts',(4.22923955574466,23.554124855961,24.3471747367892));
#2396=CARTESIAN_POINT('Ctrl Pts',(4.35151891821091,23.5581596749035,24.0371060526851));
#2397=CARTESIAN_POINT('Ctrl Pts',(4.47379828067716,23.562194493846,23.7270373685809));
#2398=CARTESIAN_POINT('',(17.6282617302606,-6.53304496593336,14.9499736803203));
#2399=CARTESIAN_POINT('',(4.1069601932784,23.5500900370186,24.6572434208933));
#2400=CARTESIAN_POINT('Ctrl Pts',(17.6282617302606,-6.53304496593336,14.9499736803203));
#2401=CARTESIAN_POINT('Ctrl Pts',(17.8597477799349,-6.29906311713382,14.8972687057007));
#2402=CARTESIAN_POINT('Ctrl Pts',(18.0912338296092,-6.06508126833428,14.8445637310812));
#2403=CARTESIAN_POINT('Ctrl Pts',(18.3227198792835,-5.83109941953474,14.7918587564616));
#2404=CARTESIAN_POINT('Ctrl Pts',(17.2498859702222,-5.87767892519447,16.197579780947));
#2405=CARTESIAN_POINT('Ctrl Pts',(17.4770181357301,-5.63916999895104,16.1343792717938));
#2406=CARTESIAN_POINT('Ctrl Pts',(17.6997020611126,-5.40445034691646,16.0692310382359));
#2407=CARTESIAN_POINT('Ctrl Pts',(17.9268342266205,-5.16594142067302,16.0060305290827));
#2408=CARTESIAN_POINT('Ctrl Pts',(16.3721890524319,-4.35746326993497,18.546049903438));
#2409=CARTESIAN_POINT('Ctrl Pts',(16.5802920400305,-4.11565177436039,18.4531150045536));
#2410=CARTESIAN_POINT('Ctrl Pts',(16.7897065223954,-3.87290500706037,18.3609485821235));
#2411=CARTESIAN_POINT('Ctrl Pts',(16.9978095099939,-3.6310935114858,18.2680136832391));
#2412=CARTESIAN_POINT('Ctrl Pts',(14.7416812606274,-1.53334093239263,21.4970629188958));
#2413=CARTESIAN_POINT('Ctrl Pts',(14.9083631406731,-1.28440357541827,21.3311025244944));
#2414=CARTESIAN_POINT('Ctrl Pts',(15.0727108091838,-1.03690080169309,21.1634552132354));
#2415=CARTESIAN_POINT('Ctrl Pts',(15.2393926892295,-0.787963444718729,20.997494818834));
#2416=CARTESIAN_POINT('Ctrl Pts',(12.8581187305961,1.72908506885451,23.7667387727206));
#2417=CARTESIAN_POINT('Ctrl Pts',(12.9154061800664,1.92500038140345,23.4825133868108));
#2418=CARTESIAN_POINT('Ctrl Pts',(12.9730847314911,2.12134322051187,23.1984476196878));
#2419=CARTESIAN_POINT('Ctrl Pts',(13.0303721809614,2.31725853306081,22.914222233778));
#2420=CARTESIAN_POINT('Ctrl Pts',(10.7915539143823,5.3084803276711,25.270088061874));
#2421=CARTESIAN_POINT('Ctrl Pts',(10.7447770706696,5.37896069107529,24.9390333052894));
#2422=CARTESIAN_POINT('Ctrl Pts',(10.6996574025804,5.45013091827833,24.6091079130527));
#2423=CARTESIAN_POINT('Ctrl Pts',(10.6528805588677,5.52061128168253,24.2780531564681));
#2424=CARTESIAN_POINT('Ctrl Pts',(8.61909441505659,9.07129055788884,25.9514412085769));
#2425=CARTESIAN_POINT('Ctrl Pts',(8.57126364437225,9.06619657872663,25.6224739702425));
#2426=CARTESIAN_POINT('Ctrl Pts',(8.52271273221591,9.06165607441103,25.2944599690026));
#2427=CARTESIAN_POINT('Ctrl Pts',(8.47488196153158,9.05656209524882,24.9654927306682));
#2428=CARTESIAN_POINT('Ctrl Pts',(6.42164103105029,12.8773914662519,25.7852494467504));
#2429=CARTESIAN_POINT('Ctrl Pts',(6.45971850134465,12.846952938164,25.4459079717574));
#2430=CARTESIAN_POINT('Ctrl Pts',(6.49983165489944,12.8163161286987,25.1059759070953));
#2431=CARTESIAN_POINT('Ctrl Pts',(6.5379091251938,12.7858776006108,24.7666344321023));
#2432=CARTESIAN_POINT('Ctrl Pts',(4.9946278574806,15.3490507859447,25.1135566841404));
#2433=CARTESIAN_POINT('Ctrl Pts',(5.14695604190847,15.3399587467214,24.8102113288842));
#2434=CARTESIAN_POINT('Ctrl Pts',(5.29671903618782,15.3322945995994,24.5112785521677));
#2435=CARTESIAN_POINT('Ctrl Pts',(5.44904722061569,15.3232025603761,24.2079331969115));
#2436=CARTESIAN_POINT('Ctrl Pts',(4.30388897733932,16.5454456211127,24.6437556163425));
#2437=CARTESIAN_POINT('Ctrl Pts',(4.49835179035859,16.5514339336566,24.3730907579353));
#2438=CARTESIAN_POINT('Ctrl Pts',(4.69281460337787,16.5574222462006,24.1024258995281));
#2439=CARTESIAN_POINT('Ctrl Pts',(4.88727741639715,16.5634105587446,23.8317610411208));
#2440=CARTESIAN_POINT('',(4.30388897733932,16.5454456211127,24.6437556163426));
#2441=CARTESIAN_POINT('Ctrl Pts',(4.30388897733932,16.5454456211127,24.6437556163426));
#2442=CARTESIAN_POINT('Ctrl Pts',(4.49835179035859,16.5514339336566,24.3730907579353));
#2443=CARTESIAN_POINT('Ctrl Pts',(4.69281460337787,16.5574222462006,24.1024258995281));
#2444=CARTESIAN_POINT('Ctrl Pts',(4.88727741639715,16.5634105587446,23.8317610411208));
#2445=CARTESIAN_POINT('Ctrl Pts',(4.23824604931901,18.8803270930813,24.6482515511928));
#2446=CARTESIAN_POINT('Ctrl Pts',(4.40110248936035,18.8854699527804,24.3551880845243));
#2447=CARTESIAN_POINT('Ctrl Pts',(4.5642003111021,18.890621159843,24.0613138626176));
#2448=CARTESIAN_POINT('Ctrl Pts',(4.72705675114344,18.8957640195421,23.7682503959491));
#2449=CARTESIAN_POINT('Ctrl Pts',(4.17260312129871,21.2152085650499,24.652747486043));
#2450=CARTESIAN_POINT('Ctrl Pts',(4.31258394414498,21.2197271361934,24.3499012461251));
#2451=CARTESIAN_POINT('Ctrl Pts',(4.45264136558982,21.2242491621888,24.0463791704646));
#2452=CARTESIAN_POINT('Ctrl Pts',(4.59262218843609,21.2287677333322,23.7435329305467));
#2453=CARTESIAN_POINT('Ctrl Pts',(4.1069601932784,23.5500900370186,24.6572434208933));
#2454=CARTESIAN_POINT('Ctrl Pts',(4.22923955574465,23.5541248559611,24.3471747367892));
#2455=CARTESIAN_POINT('Ctrl Pts',(4.35151891821091,23.5581596749035,24.0371060526851));
#2456=CARTESIAN_POINT('Ctrl Pts',(4.47379828067716,23.562194493846,23.7270373685809));
#2457=CARTESIAN_POINT('Ctrl Pts',(-14.2112401689515,-12.9523911721183,14.7918587564616));
#2458=CARTESIAN_POINT('Ctrl Pts',(-20.2750280680233,-14.5729060948328,14.5559207551404));
#2459=CARTESIAN_POINT('Ctrl Pts',(-32.4090420696141,-17.7904578446072,14.088455020182));
#2460=CARTESIAN_POINT('Ctrl Pts',(-68.8445929114429,-27.3315821188092,12.8303963154536));
#2461=CARTESIAN_POINT('Ctrl Pts',(-147.759695316705,-48.1705445439649,10.7936655667752));
#2462=CARTESIAN_POINT('Ctrl Pts',(-220.519372635049,-67.7358536677275,9.07452653263845));
#2463=CARTESIAN_POINT('Ctrl Pts',(-269.026834132728,-80.7749522737503,7.92050048660861));
#2464=CARTESIAN_POINT('Ctrl Pts',(-13.4372536180753,-12.9421231393492,16.0060305290827));
#2465=CARTESIAN_POINT('Ctrl Pts',(-19.0577705196234,-14.5560666766717,15.748042511807));
#2466=CARTESIAN_POINT('Ctrl Pts',(-30.3148639101892,-17.7547222677214,15.2564689797273));
#2467=CARTESIAN_POINT('Ctrl Pts',(-64.1084819122393,-27.2682437656334,13.9640156562653));
#2468=CARTESIAN_POINT('Ctrl Pts',(-137.276237024085,-48.1335329613396,11.8796091056618));
#2469=CARTESIAN_POINT('Ctrl Pts',(-204.726383367834,-67.7114225974295,10.0657179580795));
#2470=CARTESIAN_POINT('Ctrl Pts',(-249.695235502937,-80.7553752293043,8.85343232762999));
#2471=CARTESIAN_POINT('Ctrl Pts',(-11.6429857484651,-12.9070868905795,18.268606319088));
#2472=CARTESIAN_POINT('Ctrl Pts',(-16.3917548059143,-14.5135203772311,17.9917365039944));
#2473=CARTESIAN_POINT('Ctrl Pts',(-25.8919054902314,-17.6840401858421,17.4333695187827));
#2474=CARTESIAN_POINT('Ctrl Pts',(-54.4438993794247,-27.1164273763939,16.1176820105201));
#2475=CARTESIAN_POINT('Ctrl Pts',(-116.162010603905,-48.0829164687107,13.9730665778237));
#2476=CARTESIAN_POINT('Ctrl Pts',(-173.051724165522,-67.6643983462652,11.9960669691733));
#2477=CARTESIAN_POINT('Ctrl Pts',(-210.979166190641,-80.7180345248174,10.6884129042501));
#2478=CARTESIAN_POINT('Ctrl Pts',(-8.30245654924162,-12.8022386031795,20.9971608705533));
#2479=CARTESIAN_POINT('Ctrl Pts',(-11.7561341646266,-14.352178926293,20.653791769598));
#2480=CARTESIAN_POINT('Ctrl Pts',(-18.7058022274522,-17.4064873035824,20.1239240037835));
#2481=CARTESIAN_POINT('Ctrl Pts',(-39.4405784601606,-26.8947939379002,18.9589139295878));
#2482=CARTESIAN_POINT('Ctrl Pts',(-84.1178568391513,-48.0167214653952,16.7483376980018));
#2483=CARTESIAN_POINT('Ctrl Pts',(-125.309699263207,-67.6046203155483,14.6859238921129));
#2484=CARTESIAN_POINT('Ctrl Pts',(-152.767852556345,-80.6709740685087,13.3184285545408));
#2485=CARTESIAN_POINT('Ctrl Pts',(-4.50828063950639,-12.4436486712028,22.9143820514431));
#2486=CARTESIAN_POINT('Ctrl Pts',(-6.73598510097137,-13.9360138072954,22.6460559697419));
#2487=CARTESIAN_POINT('Ctrl Pts',(-11.1038917541417,-17.0771065559697,22.2910674991934));
#2488=CARTESIAN_POINT('Ctrl Pts',(-24.0180784207843,-26.7423027813908,21.2668944284682));
#2489=CARTESIAN_POINT('Ctrl Pts',(-51.7800164159937,-47.9539036527085,19.1223988711106));
#2490=CARTESIAN_POINT('Ctrl Pts',(-77.3820250735252,-67.5595115769185,17.1275258576951));
#2491=CARTESIAN_POINT('Ctrl Pts',(-94.4458225892703,-80.6355055415701,15.8004267040971));
#2492=CARTESIAN_POINT('Ctrl Pts',(-0.545468466632251,-11.9861768321311,
24.2783957097353));
#2493=CARTESIAN_POINT('Ctrl Pts',(-1.4586756784506,-13.6000263927387,24.1341184043701));
#2494=CARTESIAN_POINT('Ctrl Pts',(-3.18438885797972,-16.863990550613,23.8378983584888));
#2495=CARTESIAN_POINT('Ctrl Pts',(-8.29181901314851,-26.6555128902429,22.954375667914));
#2496=CARTESIAN_POINT('Ctrl Pts',(-19.2301237495463,-47.9108757582902,21.0479013472192));
#2497=CARTESIAN_POINT('Ctrl Pts',(-29.3200640212345,-67.5315295462549,19.2875648553336));
#2498=CARTESIAN_POINT('Ctrl Pts',(-36.0436989379076,-80.6133454636808,18.1144070595913));
#2499=CARTESIAN_POINT('Ctrl Pts',(3.60585748996604,-11.86805908587,24.965778933197));
#2500=CARTESIAN_POINT('Ctrl Pts',(4.04836833415013,-13.5232707607796,24.8472080071333));
#2501=CARTESIAN_POINT('Ctrl Pts',(4.93742899203415,-16.8021841426968,24.621941944526));
#2502=CARTESIAN_POINT('Ctrl Pts',(7.6192430258383,-26.6324415634098,23.947902084652));
#2503=CARTESIAN_POINT('Ctrl Pts',(13.4425503368405,-47.8952703585811,22.4895395964498));
#2504=CARTESIAN_POINT('Ctrl Pts',(18.8197134678094,-67.5219332100366,21.1440073050496));
#2505=CARTESIAN_POINT('Ctrl Pts',(22.404828018075,-80.6054132982562,20.2471686226168));
#2506=CARTESIAN_POINT('Ctrl Pts',(7.80401271382269,-12.055073048764,24.767009540088));
#2507=CARTESIAN_POINT('Ctrl Pts',(9.59339861834566,-13.6457234085467,24.7149948025715));
#2508=CARTESIAN_POINT('Ctrl Pts',(13.1033867725013,-16.8918917036793,24.5955387289129));
#2509=CARTESIAN_POINT('Ctrl Pts',(23.5681888869451,-26.6636266281439,24.2296451398549));
#2510=CARTESIAN_POINT('Ctrl Pts',(46.1447534983413,-47.9130040894322,23.4278038855222));
#2511=CARTESIAN_POINT('Ctrl Pts',(66.9779105042538,-67.5311293992568,22.6869102681846));
#2512=CARTESIAN_POINT('Ctrl Pts',(80.8643507937535,-80.6120211177528,22.1927423461375));
#2513=CARTESIAN_POINT('Ctrl Pts',(10.5457590743126,-12.3806145996622,24.2079331969115));
#2514=CARTESIAN_POINT('Ctrl Pts',(13.2196461198971,-13.8904185365805,24.1235990721703));
#2515=CARTESIAN_POINT('Ctrl Pts',(18.4794997310676,-17.0509177129155,24.0718789206707));
#2516=CARTESIAN_POINT('Ctrl Pts',(34.1389550302522,-26.725938999856,23.9469602268262));
#2517=CARTESIAN_POINT('Ctrl Pts',(67.903070705347,-47.9426778320905,23.7255356708088));
#2518=CARTESIAN_POINT('Ctrl Pts',(99.0555671578061,-67.5495748078626,23.5083795070868));
#2519=CARTESIAN_POINT('Ctrl Pts',(119.820783813702,-80.6259663582881,23.3661134448135));
#2520=CARTESIAN_POINT('Ctrl Pts',(11.9006956089857,-12.5142116773142,23.8317610411208));
#2521=CARTESIAN_POINT('Ctrl Pts',(14.9929042635058,-14.027078577493,23.7382423178929));
#2522=CARTESIAN_POINT('Ctrl Pts',(21.1242509437421,-17.1504127883329,23.6979911889258));
#2523=CARTESIAN_POINT('Ctrl Pts',(39.3817915304896,-26.7725013538646,23.6943244344645));
#2524=CARTESIAN_POINT('Ctrl Pts',(78.7557140962562,-47.9605222757542,23.7945438112609));
#2525=CARTESIAN_POINT('Ctrl Pts',(115.077678677776,-67.5616813735314,23.8698565988624));
#2526=CARTESIAN_POINT('Ctrl Pts',(139.28903778283,-80.6351834032919,23.9234096786396));
#2527=CARTESIAN_POINT('',(-14.2112401689515,-12.9523911721183,14.7918587564616));
#2528=CARTESIAN_POINT('',(18.1685598602419,-15.6555202093966,23.7270373685809));
#2529=CARTESIAN_POINT('Ctrl Pts',(-14.2112401689515,-12.9523911721183,14.7918587564616));
#2530=CARTESIAN_POINT('Ctrl Pts',(-14.3578442456982,-13.1156575455095,15.5335827967379));
#2531=CARTESIAN_POINT('Ctrl Pts',(-14.7287380291473,-13.4957163924372,16.7305861804735));
#2532=CARTESIAN_POINT('Ctrl Pts',(-15.62979055619,-14.2349077690914,17.9146470411598));
#2533=CARTESIAN_POINT('Ctrl Pts',(-16.8361248946249,-15.0292470277321,18.5141695252128));
#2534=CARTESIAN_POINT('Ctrl Pts',(-18.2073035337668,-15.7899371633999,18.7872150555277));
#2535=CARTESIAN_POINT('Ctrl Pts',(-20.3545413716776,-16.8711582793661,18.9747971482525));
#2536=CARTESIAN_POINT('Ctrl Pts',(-22.9497932247541,-17.9678111639855,18.8777267913266));
#2537=CARTESIAN_POINT('Ctrl Pts',(-26.0370033190541,-19.1167896856653,18.6737076929346));
#2538=CARTESIAN_POINT('Ctrl Pts',(-29.0934973765845,-20.1706371786894,18.4156380739909));
#2539=CARTESIAN_POINT('Ctrl Pts',(-33.1209181262707,-21.4242279124377,18.0302761871884));
#2540=CARTESIAN_POINT('Ctrl Pts',(-37.6200515241098,-22.6690022439228,17.5614880943348));
#2541=CARTESIAN_POINT('Ctrl Pts',(-41.6106841125488,-23.6806396934924,17.1345639604091));
#2542=CARTESIAN_POINT('Ctrl Pts',(-44.7261179975843,-24.4329377819028,16.8050695866952));
#2543=CARTESIAN_POINT('Ctrl Pts',(-47.1256717434495,-25.0406753045845,16.5814871253163));
#2544=CARTESIAN_POINT('Ctrl Pts',(-48.900896362814,-25.5202742876315,16.4386765246659));
#2545=CARTESIAN_POINT('Ctrl Pts',(-50.7543669941188,-26.1185884176862,16.349860771032));
#2546=CARTESIAN_POINT('Ctrl Pts',(-53.085975062039,-27.0531159408531,16.3328292472725));
#2547=CARTESIAN_POINT('Ctrl Pts',(-55.3956911979386,-28.6802521322005,16.6472667938175));
#2548=CARTESIAN_POINT('Ctrl Pts',(-57.0613418447087,-31.2185153979006,17.2175509376817));
#2549=CARTESIAN_POINT('Ctrl Pts',(-58.0273385735189,-33.7489785108898,17.665463767385));
#2550=CARTESIAN_POINT('Ctrl Pts',(-58.6105903902417,-36.553625560253,18.0359060704289));
#2551=CARTESIAN_POINT('Ctrl Pts',(-58.9117119225835,-40.7735082334979,18.4131593871708));
#2552=CARTESIAN_POINT('Ctrl Pts',(-58.5132453998351,-44.6127998451714,18.5757213530139));
#2553=CARTESIAN_POINT('Ctrl Pts',(-57.6121218361721,-48.0825507796177,18.6482914161398));
#2554=CARTESIAN_POINT('Ctrl Pts',(-57.0600973525589,-49.8392389624804,18.6744518019806));
#2555=CARTESIAN_POINT('Ctrl Pts',(-56.2002118030452,-52.0936990762644,18.6933903294625));
#2556=CARTESIAN_POINT('Ctrl Pts',(-54.3495706976409,-55.8662652324792,18.6976186032158));
#2557=CARTESIAN_POINT('Ctrl Pts',(-50.2180008723628,-62.0290679619902,18.6576411124311));
#2558=CARTESIAN_POINT('Ctrl Pts',(-43.2329577022725,-68.5870000654035,18.5938081707813));
#2559=CARTESIAN_POINT('Ctrl Pts',(-35.8589452435585,-73.0766916358298,18.6030858093458));
#2560=CARTESIAN_POINT('Ctrl Pts',(-28.1651760657819,-76.7134745872131,18.6592261301468));
#2561=CARTESIAN_POINT('Ctrl Pts',(-18.9770673743205,-79.72476794903,18.7934942424574));
#2562=CARTESIAN_POINT('Ctrl Pts',(-9.28409276398681,-80.7628839165627,19.0722267175969));
#2563=CARTESIAN_POINT('Ctrl Pts',(-2.95549620260961,-80.4804800570094,19.3233530433518));
#2564=CARTESIAN_POINT('Ctrl Pts',(2.14066718096068,-79.9418025101433,19.5482415062159));
#2565=CARTESIAN_POINT('Ctrl Pts',(8.92596108196452,-78.3275963676882,19.914103124439));
#2566=CARTESIAN_POINT('Ctrl Pts',(17.5166331486044,-74.2904100404365,20.5280815912153));
#2567=CARTESIAN_POINT('Ctrl Pts',(23.5970705910986,-69.2152974059307,21.1303566217701));
#2568=CARTESIAN_POINT('Ctrl Pts',(27.6973742954843,-63.8062569045309,21.6839999198649));
#2569=CARTESIAN_POINT('Ctrl Pts',(30.8707301170269,-57.6962059939569,22.252723629081));
#2570=CARTESIAN_POINT('Ctrl Pts',(32.3576120482511,-51.010986729779,22.7945877457621));
#2571=CARTESIAN_POINT('Ctrl Pts',(32.1408829715156,-44.1187722653818,23.2692345963886));
#2572=CARTESIAN_POINT('Ctrl Pts',(31.1082442271464,-38.2383838536939,23.6274570185124));
#2573=CARTESIAN_POINT('Ctrl Pts',(29.0169209933206,-32.2605089896132,23.9228150385094));
#2574=CARTESIAN_POINT('Ctrl Pts',(26.825163057632,-27.8805859353727,24.0697413448599));
#2575=CARTESIAN_POINT('Ctrl Pts',(24.9805615807736,-24.6637537183691,24.1354168611776));
#2576=CARTESIAN_POINT('Ctrl Pts',(23.5917528076849,-22.4846793189895,24.1501671038095));
#2577=CARTESIAN_POINT('Ctrl Pts',(22.1259078135927,-20.4117881253153,24.1163824627411));
#2578=CARTESIAN_POINT('Ctrl Pts',(20.4588068238169,-18.2111513840699,24.0299352980932));
#2579=CARTESIAN_POINT('Ctrl Pts',(19.1687838889484,-16.6950638734047,23.90288046163));
#2580=CARTESIAN_POINT('Ctrl Pts',(18.1685598602419,-15.6555202093966,23.7270373685809));
#2581=CARTESIAN_POINT('',(11.9006956089857,-12.5142116773142,23.8317610411208));
#2582=CARTESIAN_POINT('Ctrl Pts',(-14.2112401689515,-12.9523911721183,14.7918587564616));
#2583=CARTESIAN_POINT('Ctrl Pts',(-13.4372536180753,-12.9421231393492,16.0060305290827));
#2584=CARTESIAN_POINT('Ctrl Pts',(-12.5401196832702,-12.9246050149643,17.1373184240853));
#2585=CARTESIAN_POINT('Ctrl Pts',(-11.5347978493304,-12.8983712382052,18.1577214634976));
#2586=CARTESIAN_POINT('Ctrl Pts',(-10.5294760153906,-12.8721374614461,19.1781245029098));
#2587=CARTESIAN_POINT('Ctrl Pts',(-9.41596628231612,-12.8371880323128,20.0876426867315));
#2588=CARTESIAN_POINT('Ctrl Pts',(-8.22684876415633,-12.7599483290834,20.8619386421241));
#2589=CARTESIAN_POINT('Ctrl Pts',(-7.03773124599654,-12.6827086258539,21.6362345975166));
#2590=CARTESIAN_POINT('Ctrl Pts',(-5.77300594275147,-12.5631786485284,22.2753083244798));
#2591=CARTESIAN_POINT('Ctrl Pts',(-4.48017459564991,-12.4271683533536,22.8221807976768));
#2592=CARTESIAN_POINT('Ctrl Pts',(-3.18734324854835,-12.2911580581789,23.3690532708738));
#2593=CARTESIAN_POINT('Ctrl Pts',(-1.8664058575903,-12.138667445155,23.8237244903045));
#2594=CARTESIAN_POINT('Ctrl Pts',(-0.514049502678226,-12.0427358475995,
24.1656239705969));
#2595=CARTESIAN_POINT('Ctrl Pts',(0.838306852233846,-11.946804250044,24.5075234508892));
#2596=CARTESIAN_POINT('Ctrl Pts',(2.22208217109995,-11.907431667957,24.7366511920431));
#2597=CARTESIAN_POINT('Ctrl Pts',(3.61366236784244,-11.9189143707292,24.8180868304352));
#2598=CARTESIAN_POINT('Ctrl Pts',(5.00524256458493,-11.9303970735013,24.8995224688273));
#2599=CARTESIAN_POINT('Ctrl Pts',(6.40462763920381,-11.9927350611327,24.8332660044577));
#2600=CARTESIAN_POINT('Ctrl Pts',(7.78975676663574,-12.1052894426729,24.6603686864787));
#2601=CARTESIAN_POINT('Ctrl Pts',(9.17488589406766,-12.2178438242131,24.4874713684998));
#2602=CARTESIAN_POINT('Ctrl Pts',(10.5457590743126,-12.3806145996622,24.2079331969115));
#2603=CARTESIAN_POINT('Ctrl Pts',(11.9006956089857,-12.5142116773142,23.8317610411208));
#2604=CARTESIAN_POINT('Ctrl Pts',(11.9006956089857,-12.5142116773142,23.8317610411208));
#2605=CARTESIAN_POINT('Ctrl Pts',(14.0006832892677,-13.541633241392,23.7682503959491));
#2606=CARTESIAN_POINT('Ctrl Pts',(16.0884326962098,-14.5915618028145,23.7385891909757));
#2607=CARTESIAN_POINT('Ctrl Pts',(18.16869229631,-15.6552921369114,23.7228456351298));
#2608=CARTESIAN_POINT('Ctrl Pts',(-14.4719137696946,-12.,14.9499736803203));
#2609=CARTESIAN_POINT('Ctrl Pts',(-99.3395857734524,-34.8946883074553,12.938382315488));
#2610=CARTESIAN_POINT('Ctrl Pts',(-184.20725777721,-57.7893766149107,10.9267909506557));
#2611=CARTESIAN_POINT('Ctrl Pts',(-269.074929780968,-80.684064922366,8.91519958582342));
#2612=CARTESIAN_POINT('Ctrl Pts',(-12.2016592094646,-12.,18.6927919822003));
#2613=CARTESIAN_POINT('Ctrl Pts',(-78.4915129395744,-34.8946883074553,16.3659340456944));
#2614=CARTESIAN_POINT('Ctrl Pts',(-144.788759065176,-57.7893766149107,14.0462929570917));
#2615=CARTESIAN_POINT('Ctrl Pts',(-211.078612795285,-80.684064922366,11.7194350205857));
#2616=CARTESIAN_POINT('Ctrl Pts',(-6.56307080669803,-12.,23.7899314478867));
#2617=CARTESIAN_POINT('Ctrl Pts',(-42.3797734459892,-34.8946883074554,21.241524161249));
#2618=CARTESIAN_POINT('Ctrl Pts',(-78.1942478538095,-57.7893766149107,18.6911432908047));
#2619=CARTESIAN_POINT('Ctrl Pts',(-114.010950493101,-80.6840649223661,16.142736004167));
#2620=CARTESIAN_POINT('Ctrl Pts',(3.52622935583177,-12.,26.3754092690448));
#2621=CARTESIAN_POINT('Ctrl Pts',(9.80684289541691,-34.8946883074554,24.6948975767776));
#2622=CARTESIAN_POINT('Ctrl Pts',(16.0850247403039,-57.7893766149107,23.0170338545499));
#2623=CARTESIAN_POINT('Ctrl Pts',(22.3656382798891,-80.684064922366,21.3365221622827));
#2624=CARTESIAN_POINT('Ctrl Pts',(9.41387621558277,-12.,25.5833577519382));
#2625=CARTESIAN_POINT('Ctrl Pts',(39.7167293821662,-34.8946883074553,24.9902758155501));
#2626=CARTESIAN_POINT('Ctrl Pts',(70.0191163015207,-57.7893766149107,24.3993354800443));
#2627=CARTESIAN_POINT('Ctrl Pts',(100.321969468104,-80.684064922366,23.8062535436562));
#2628=CARTESIAN_POINT('Ctrl Pts',(12.1768317361479,-12.,24.6437556163425));
#2629=CARTESIAN_POINT('Ctrl Pts',(54.5380327206166,-34.8946883074553,24.7364386177643));
#2630=CARTESIAN_POINT('Ctrl Pts',(96.8992337050854,-57.7893766149107,24.8291216191862));
#2631=CARTESIAN_POINT('Ctrl Pts',(139.260434689554,-80.684064922366,24.921804620608));
#2632=CARTESIAN_POINT('',(-14.4719137696946,-12.,14.9499736803203));
#2633=CARTESIAN_POINT('',(18.3414961368297,-15.3317768782198,24.6572434208933));
#2634=CARTESIAN_POINT('Ctrl Pts',(-14.4719137696946,-12.,14.9499736803203));
#2635=CARTESIAN_POINT('Ctrl Pts',(-14.6292076173689,-12.1713003873723,15.7224663716173));
#2636=CARTESIAN_POINT('Ctrl Pts',(-15.0201737623241,-12.571892432422,16.9891873630631));
#2637=CARTESIAN_POINT('Ctrl Pts',(-15.9425304704778,-13.3627709092874,18.3010356084929));
#2638=CARTESIAN_POINT('Ctrl Pts',(-17.1538252995207,-14.222197283613,19.0170500667666));
#2639=CARTESIAN_POINT('Ctrl Pts',(-18.5197602672053,-15.0427173377954,19.3753713861266));
#2640=CARTESIAN_POINT('Ctrl Pts',(-20.6536617522934,-16.201875878878,19.6600458609273));
#2641=CARTESIAN_POINT('Ctrl Pts',(-23.2301997525227,-17.3556659739388,19.6175437241896));
#2642=CARTESIAN_POINT('Ctrl Pts',(-26.30063844623,-18.5465797423955,19.4523423710724));
#2643=CARTESIAN_POINT('Ctrl Pts',(-29.3424578585606,-19.6303681696319,19.219694821188));
#2644=CARTESIAN_POINT('Ctrl Pts',(-33.3550005590224,-20.9075236656267,18.8540375721348));
#2645=CARTESIAN_POINT('Ctrl Pts',(-37.8415741031272,-22.1655172223215,18.3966242735672));
#2646=CARTESIAN_POINT('Ctrl Pts',(-41.8232335558164,-23.1831400135418,17.9756156783614));
#2647=CARTESIAN_POINT('Ctrl Pts',(-44.9325037444577,-23.938758385801,17.6495992547482));
#2648=CARTESIAN_POINT('Ctrl Pts',(-47.3271544931166,-24.552153332304,17.4304498828154));
#2649=CARTESIAN_POINT('Ctrl Pts',(-49.0985231265175,-25.0384313395778,17.2924252079984));
#2650=CARTESIAN_POINT('Ctrl Pts',(-50.9469380600805,-25.6511906595149,17.2126898077339));
#2651=CARTESIAN_POINT('Ctrl Pts',(-53.2705094550034,-26.6154622300743,17.2134077245484));
#2652=CARTESIAN_POINT('Ctrl Pts',(-55.5648268045075,-28.3158391442776,17.5655044628294));
#2653=CARTESIAN_POINT('Ctrl Pts',(-57.20747980593,-30.9567658672188,18.1731364631316));
#2654=CARTESIAN_POINT('Ctrl Pts',(-58.1540037744465,-33.5648680226811,18.6410395792617));
#2655=CARTESIAN_POINT('Ctrl Pts',(-58.7197958883232,-36.4328731805232,19.0232022433235));
#2656=CARTESIAN_POINT('Ctrl Pts',(-59.0005843132765,-40.7194714883243,19.4085418054479));
#2657=CARTESIAN_POINT('Ctrl Pts',(-58.589953782697,-44.5931582669114,19.5727029758542));
#2658=CARTESIAN_POINT('Ctrl Pts',(-57.68061631957,-48.0847081423178,19.6459706630544));
#2659=CARTESIAN_POINT('Ctrl Pts',(-57.1248502218948,-49.8509845294084,19.6722980804161));
#2660=CARTESIAN_POINT('Ctrl Pts',(-56.2607430674295,-52.1159116561181,19.6913385013756));
#2661=CARTESIAN_POINT('Ctrl Pts',(-54.4042330892182,-55.9023166508547,19.6955108790395));
#2662=CARTESIAN_POINT('Ctrl Pts',(-50.2654395696892,-62.0809505336224,19.6552180061847));
#2663=CARTESIAN_POINT('Ctrl Pts',(-43.275571965092,-68.6484202904704,19.5910141601927));
#2664=CARTESIAN_POINT('Ctrl Pts',(-35.8990884492867,-73.1429324342508,19.6000849093541));
#2665=CARTESIAN_POINT('Ctrl Pts',(-28.2035587176034,-76.7831440660018,19.6560588478787));
#2666=CARTESIAN_POINT('Ctrl Pts',(-19.014181240393,-79.7970115134721,19.790192337617));
#2667=CARTESIAN_POINT('Ctrl Pts',(-9.32055260730126,-80.8366764717478,20.0688335572671));
#2668=CARTESIAN_POINT('Ctrl Pts',(-2.99164833914479,-80.555061879263,20.3199125834902));
#2669=CARTESIAN_POINT('Ctrl Pts',(2.10473376636094,-80.0169545180138,20.5447657317657));
#2670=CARTESIAN_POINT('Ctrl Pts',(8.8902762597148,-78.4033558680371,20.910591153243));
#2671=CARTESIAN_POINT('Ctrl Pts',(17.4813336751438,-74.3667156403377,21.524540113134));
#2672=CARTESIAN_POINT('Ctrl Pts',(23.5623713794972,-69.2916602152125,22.1268342864048));
#2673=CARTESIAN_POINT('Ctrl Pts',(27.6636359914981,-63.8821899908684,22.6805406991811));
#2674=CARTESIAN_POINT('Ctrl Pts',(30.8385121293231,-57.7710746078765,23.2494006054052));
#2675=CARTESIAN_POINT('Ctrl Pts',(32.3278651616343,-51.0836883384585,23.7914960933595));
#2676=CARTESIAN_POINT('Ctrl Pts',(32.1158376896634,-44.1864151583734,24.2666510336382));
#2677=CARTESIAN_POINT('Ctrl Pts',(31.0890673753079,-38.2990861639488,24.6254220014476));
#2678=CARTESIAN_POINT('Ctrl Pts',(29.007745730794,-32.3082519946573,24.9217793407935));
#2679=CARTESIAN_POINT('Ctrl Pts',(26.830177977376,-27.9074430850044,25.0694038238214));
#2680=CARTESIAN_POINT('Ctrl Pts',(25.0019571654704,-24.6643420891993,25.1354848217496));
#2681=CARTESIAN_POINT('Ctrl Pts',(23.6284277272065,-22.4590482257422,25.1491268035094));
#2682=CARTESIAN_POINT('Ctrl Pts',(22.1859609445903,-20.3430912840781,25.1132860311452));
#2683=CARTESIAN_POINT('Ctrl Pts',(20.5522551694569,-18.0746619752751,25.0157378914237));
#2684=CARTESIAN_POINT('Ctrl Pts',(19.3005836987302,-16.4778234404861,24.8778008977717));
#2685=CARTESIAN_POINT('Ctrl Pts',(18.3414961368297,-15.3317768782198,24.6572434208933));
#2686=CARTESIAN_POINT('',(12.1768317361479,-12.,24.6437556163425));
#2687=CARTESIAN_POINT('',(12.1768317361479,-12.,24.6437556163425));
#2688=CARTESIAN_POINT('Origin',(4.88700010839129,-12.,3.20757558133998));
#2689=CARTESIAN_POINT('Ctrl Pts',(-14.4719137696946,-12.,14.9499736803203));
#2690=CARTESIAN_POINT('Ctrl Pts',(-14.3850225694469,-12.3174637240394,14.8972687057007));
#2691=CARTESIAN_POINT('Ctrl Pts',(-14.2981313691992,-12.6349274480788,14.8445637310812));
#2692=CARTESIAN_POINT('Ctrl Pts',(-14.2112401689515,-12.9523911721183,14.7918587564616));
#2693=CARTESIAN_POINT('Ctrl Pts',(-14.6292076173689,-12.1713003873723,15.7224663716173));
#2694=CARTESIAN_POINT('Ctrl Pts',(-14.5387153041963,-12.4860317182403,15.6593430431966));
#2695=CARTESIAN_POINT('Ctrl Pts',(-14.4483365588708,-12.8009262146416,15.5967061251585));
#2696=CARTESIAN_POINT('Ctrl Pts',(-14.3578442456982,-13.1156575455095,15.5335827967379));
#2697=CARTESIAN_POINT('Ctrl Pts',(-15.0201737623241,-12.571892432422,16.9891873630631));
#2698=CARTESIAN_POINT('Ctrl Pts',(-14.9230572706047,-12.8798688568492,16.9031060776648));
#2699=CARTESIAN_POINT('Ctrl Pts',(-14.8258545208667,-13.18773996801,16.8166674658719));
#2700=CARTESIAN_POINT('Ctrl Pts',(-14.7287380291473,-13.4957163924372,16.7305861804735));
#2701=CARTESIAN_POINT('Ctrl Pts',(-15.9425304704778,-13.3627709092874,18.3010356084929));
#2702=CARTESIAN_POINT('Ctrl Pts',(-15.8382680815024,-13.6534773535734,18.1721956623246));
#2703=CARTESIAN_POINT('Ctrl Pts',(-15.7340529451654,-13.9442013248054,18.0434869873281));
#2704=CARTESIAN_POINT('Ctrl Pts',(-15.62979055619,-14.2349077690914,17.9146470411598));
#2705=CARTESIAN_POINT('Ctrl Pts',(-17.1538252995207,-14.222197283613,19.0170500667666));
#2706=CARTESIAN_POINT('Ctrl Pts',(-17.0479376592247,-14.49120019708,18.8494292510316));
#2707=CARTESIAN_POINT('Ctrl Pts',(-16.9420125349209,-14.7602441142651,18.6817903409477));
#2708=CARTESIAN_POINT('Ctrl Pts',(-16.8361248946249,-15.0292470277321,18.5141695252128));
#2709=CARTESIAN_POINT('Ctrl Pts',(-18.5197602672053,-15.0427173377954,19.3753713861266));
#2710=CARTESIAN_POINT('Ctrl Pts',(-18.4155859531174,-15.2918057217194,19.1792919699361));
#2711=CARTESIAN_POINT('Ctrl Pts',(-18.3114778478546,-15.5408487794759,18.9832944717181));
#2712=CARTESIAN_POINT('Ctrl Pts',(-18.2073035337668,-15.7899371633999,18.7872150555277));
#2713=CARTESIAN_POINT('Ctrl Pts',(-20.6536617522934,-16.201875878878,19.6600458609273));
#2714=CARTESIAN_POINT('Ctrl Pts',(-20.5539760686667,-16.424958239376,19.4316598645705));
#2715=CARTESIAN_POINT('Ctrl Pts',(-20.4542270553042,-16.6480759188681,19.2031831446092));
#2716=CARTESIAN_POINT('Ctrl Pts',(-20.3545413716776,-16.8711582793661,18.9747971482525));
#2717=CARTESIAN_POINT('Ctrl Pts',(-23.2301997525227,-17.3556659739388,19.6175437241896));
#2718=CARTESIAN_POINT('Ctrl Pts',(-23.1367233468602,-17.5597217861429,19.3709329839418));
#2719=CARTESIAN_POINT('Ctrl Pts',(-23.0432696304165,-17.7637553517814,19.1243375315744));
#2720=CARTESIAN_POINT('Ctrl Pts',(-22.9497932247541,-17.9678111639855,18.8777267913266));
#2721=CARTESIAN_POINT('Ctrl Pts',(-26.30063844623,-18.5465797423955,19.4523423710724));
#2722=CARTESIAN_POINT('Ctrl Pts',(-26.2127615915406,-18.7366414468243,19.1927865388888));
#2723=CARTESIAN_POINT('Ctrl Pts',(-26.1248801737435,-18.9267279812365,18.9332635251181));
#2724=CARTESIAN_POINT('Ctrl Pts',(-26.0370033190541,-19.1167896856653,18.6737076929346));
#2725=CARTESIAN_POINT('Ctrl Pts',(-29.3424578585606,-19.6303681696319,19.219694821188));
#2726=CARTESIAN_POINT('Ctrl Pts',(-29.2594716547012,-19.8104696344402,18.9516967774718));
#2727=CARTESIAN_POINT('Ctrl Pts',(-29.1764835804439,-19.9905357138811,18.6836361177072));
#2728=CARTESIAN_POINT('Ctrl Pts',(-29.0934973765845,-20.1706371786894,18.4156380739909));
#2729=CARTESIAN_POINT('Ctrl Pts',(-33.3550005590224,-20.9075236656267,18.8540375721348));
#2730=CARTESIAN_POINT('Ctrl Pts',(-33.2769730865592,-21.07974845834,18.579436328544));
#2731=CARTESIAN_POINT('Ctrl Pts',(-33.1989455987339,-21.2520031197243,18.3048774307791));
#2732=CARTESIAN_POINT('Ctrl Pts',(-33.1209181262707,-21.4242279124377,18.0302761871884));
#2733=CARTESIAN_POINT('Ctrl Pts',(-37.8415741031272,-22.1655172223215,18.3966242735672));
#2734=CARTESIAN_POINT('Ctrl Pts',(-37.7677323159896,-22.3333575123543,18.1182567478587));
#2735=CARTESIAN_POINT('Ctrl Pts',(-37.6938933112474,-22.5011619538899,17.8398556200433));
#2736=CARTESIAN_POINT('Ctrl Pts',(-37.6200515241098,-22.6690022439228,17.5614880943348));
#2737=CARTESIAN_POINT('Ctrl Pts',(-41.8232335558164,-23.1831400135418,17.9756156783614));
#2738=CARTESIAN_POINT('Ctrl Pts',(-41.752385378191,-23.3489547847992,17.6952520909164));
#2739=CARTESIAN_POINT('Ctrl Pts',(-41.6815322901742,-23.514824922235,17.414927547854));
#2740=CARTESIAN_POINT('Ctrl Pts',(-41.6106841125488,-23.6806396934924,17.1345639604091));
#2741=CARTESIAN_POINT('Ctrl Pts',(-44.9325037444577,-23.938758385801,17.6495992547482));
#2742=CARTESIAN_POINT('Ctrl Pts',(-44.8637057002233,-24.103511500929,17.3681039883377));
#2743=CARTESIAN_POINT('Ctrl Pts',(-44.7949160418187,-24.2681846667747,17.0865648531056));
#2744=CARTESIAN_POINT('Ctrl Pts',(-44.7261179975843,-24.4329377819028,16.8050695866952));
#2745=CARTESIAN_POINT('Ctrl Pts',(-47.3271544931166,-24.552153332304,17.4304498828154));
#2746=CARTESIAN_POINT('Ctrl Pts',(-47.2599970287758,-24.7149641478542,17.1474476758027));
#2747=CARTESIAN_POINT('Ctrl Pts',(-47.1928292077902,-24.8778644890342,16.864489332329));
#2748=CARTESIAN_POINT('Ctrl Pts',(-47.1256717434495,-25.0406753045845,16.5814871253163));
#2749=CARTESIAN_POINT('Ctrl Pts',(-49.0985231265175,-25.0384313395778,17.2924252079984));
#2750=CARTESIAN_POINT('Ctrl Pts',(-49.0326433480492,-25.1990796598342,17.0078583214188));
#2751=CARTESIAN_POINT('Ctrl Pts',(-48.9667761412824,-25.359625967375,16.7232434112454));
#2752=CARTESIAN_POINT('Ctrl Pts',(-48.900896362814,-25.5202742876315,16.4386765246659));
#2753=CARTESIAN_POINT('Ctrl Pts',(-50.9469380600805,-25.6511906595149,17.2126898077339));
#2754=CARTESIAN_POINT('Ctrl Pts',(-50.8827505605926,-25.8069687993247,16.9250701638811));
#2755=CARTESIAN_POINT('Ctrl Pts',(-50.8185544936068,-25.9628102778764,16.6374804148848));
#2756=CARTESIAN_POINT('Ctrl Pts',(-50.7543669941188,-26.1185884176862,16.349860771032));
#2757=CARTESIAN_POINT('Ctrl Pts',(-53.2705094550034,-26.6154622300743,17.2134077245484));
#2758=CARTESIAN_POINT('Ctrl Pts',(-53.2089953757542,-26.7613649846133,16.9198900395582));
#2759=CARTESIAN_POINT('Ctrl Pts',(-53.1474891412882,-26.9072131863141,16.6263469322627));
#2760=CARTESIAN_POINT('Ctrl Pts',(-53.085975062039,-27.0531159408531,16.3328292472725));
#2761=CARTESIAN_POINT('Ctrl Pts',(-55.5648268045075,-28.3158391442776,17.5655044628294));
#2762=CARTESIAN_POINT('Ctrl Pts',(-55.5084497396705,-28.4372995176489,17.2594200450425));
#2763=CARTESIAN_POINT('Ctrl Pts',(-55.4520682627755,-28.5587917588293,16.9533512116043));
#2764=CARTESIAN_POINT('Ctrl Pts',(-55.3956911979386,-28.6802521322005,16.6472667938175));
#2765=CARTESIAN_POINT('Ctrl Pts',(-57.20747980593,-30.9567658672188,18.1731364631316));
#2766=CARTESIAN_POINT('Ctrl Pts',(-57.1587670509495,-31.0440165592643,17.8546084173746));
#2767=CARTESIAN_POINT('Ctrl Pts',(-57.1100545996892,-31.1312647058551,17.5360789834386));
#2768=CARTESIAN_POINT('Ctrl Pts',(-57.0613418447087,-31.2185153979006,17.2175509376817));
#2769=CARTESIAN_POINT('Ctrl Pts',(-58.1540037744465,-33.5648680226811,18.6410395792617));
#2770=CARTESIAN_POINT('Ctrl Pts',(-58.1117823532098,-33.6262385060162,18.3158487751005));
#2771=CARTESIAN_POINT('Ctrl Pts',(-58.0695599947556,-33.6876080275546,17.9906545715462));
#2772=CARTESIAN_POINT('Ctrl Pts',(-58.0273385735189,-33.7489785108898,17.665463767385));
#2773=CARTESIAN_POINT('Ctrl Pts',(-58.7197958883232,-36.4328731805232,19.0232022433235));
#2774=CARTESIAN_POINT('Ctrl Pts',(-58.6833926661097,-36.4731263962528,18.6941020475891));
#2775=CARTESIAN_POINT('Ctrl Pts',(-58.6469936124552,-36.5133723445233,18.3650062661634));
#2776=CARTESIAN_POINT('Ctrl Pts',(-58.6105903902417,-36.553625560253,18.0359060704289));
#2777=CARTESIAN_POINT('Ctrl Pts',(-59.0005843132765,-40.7194714883243,19.4085418054479));
#2778=CARTESIAN_POINT('Ctrl Pts',(-58.9709656086365,-40.7374683026091,19.0767477629778));
#2779=CARTESIAN_POINT('Ctrl Pts',(-58.9413306272235,-40.755511419213,18.744953429641));
#2780=CARTESIAN_POINT('Ctrl Pts',(-58.9117119225835,-40.7735082334979,18.4131593871708));
#2781=CARTESIAN_POINT('Ctrl Pts',(-58.589953782697,-44.5931582669114,19.5727029758542));
#2782=CARTESIAN_POINT('Ctrl Pts',(-58.5643772774203,-44.5997286608665,19.2403787043629));
#2783=CARTESIAN_POINT('Ctrl Pts',(-58.5388219051118,-44.6062294512163,18.9080456245052));
#2784=CARTESIAN_POINT('Ctrl Pts',(-58.5132453998351,-44.6127998451714,18.5757213530139));
#2785=CARTESIAN_POINT('Ctrl Pts',(-57.68061631957,-48.0847081423178,19.6459706630544));
#2786=CARTESIAN_POINT('Ctrl Pts',(-57.6577905110717,-48.0839694080468,19.3134076644465));
#2787=CARTESIAN_POINT('Ctrl Pts',(-57.6349476446703,-48.0832895138888,18.9808544147478));
#2788=CARTESIAN_POINT('Ctrl Pts',(-57.6121218361721,-48.0825507796177,18.6482914161398));
#2789=CARTESIAN_POINT('Ctrl Pts',(-57.1248502218948,-49.8509845294084,19.6722980804161));
#2790=CARTESIAN_POINT('Ctrl Pts',(-57.1032602516084,-49.8470897884807,19.3396866646511));
#2791=CARTESIAN_POINT('Ctrl Pts',(-57.0816873228453,-49.8431337034081,19.0070632177457));
#2792=CARTESIAN_POINT('Ctrl Pts',(-57.0600973525589,-49.8392389624804,18.6744518019806));
#2793=CARTESIAN_POINT('Ctrl Pts',(-56.2607430674295,-52.1159116561181,19.6913385013756));
#2794=CARTESIAN_POINT('Ctrl Pts',(-56.2405675409678,-52.1085013550321,19.358687644742));
#2795=CARTESIAN_POINT('Ctrl Pts',(-56.2203873295069,-52.1011093773505,19.0260411860961));
#2796=CARTESIAN_POINT('Ctrl Pts',(-56.2002118030452,-52.0936990762644,18.6933903294625));
#2797=CARTESIAN_POINT('Ctrl Pts',(-54.4042330892182,-55.9023166508547,19.6955108790395));
#2798=CARTESIAN_POINT('Ctrl Pts',(-54.3860116264441,-55.8903025433441,19.3628810918493));
#2799=CARTESIAN_POINT('Ctrl Pts',(-54.367792160415,-55.8782793399897,19.030248390406));
#2800=CARTESIAN_POINT('Ctrl Pts',(-54.3495706976409,-55.8662652324792,18.6976186032158));
#2801=CARTESIAN_POINT('Ctrl Pts',(-50.2654395696892,-62.0809505336224,19.6552180061847));
#2802=CARTESIAN_POINT('Ctrl Pts',(-50.2496273274924,-62.0636535856892,19.3226915601462));
#2803=CARTESIAN_POINT('Ctrl Pts',(-50.2338131145596,-62.0463649099234,18.9901675584696));
#2804=CARTESIAN_POINT('Ctrl Pts',(-50.2180008723628,-62.0290679619902,18.6576411124311));
#2805=CARTESIAN_POINT('Ctrl Pts',(-43.275571965092,-68.6484202904704,19.5910141601927));
#2806=CARTESIAN_POINT('Ctrl Pts',(-43.2613663725815,-68.6279498537111,19.2586127206765));
#2807=CARTESIAN_POINT('Ctrl Pts',(-43.2471632947829,-68.6074705021628,18.9262096102975));
#2808=CARTESIAN_POINT('Ctrl Pts',(-43.2329577022725,-68.5870000654035,18.5938081707813));
#2809=CARTESIAN_POINT('Ctrl Pts',(-35.8990884492867,-73.1429324342508,19.6000849093541));
#2810=CARTESIAN_POINT('Ctrl Pts',(-35.8857077200227,-73.1208510845598,19.267751742423));
#2811=CARTESIAN_POINT('Ctrl Pts',(-35.8723259728225,-73.0987729855209,18.9354189762769));
#2812=CARTESIAN_POINT('Ctrl Pts',(-35.8589452435585,-73.0766916358298,18.6030858093458));
#2813=CARTESIAN_POINT('Ctrl Pts',(-28.2035587176034,-76.7831440660018,19.6560588478787));
#2814=CARTESIAN_POINT('Ctrl Pts',(-28.1907642660902,-76.7599216151416,19.3237813467873));
#2815=CARTESIAN_POINT('Ctrl Pts',(-28.177970517295,-76.7366970380733,18.9915036312382));
#2816=CARTESIAN_POINT('Ctrl Pts',(-28.1651760657819,-76.7134745872131,18.6592261301468));
#2817=CARTESIAN_POINT('Ctrl Pts',(-19.014181240393,-79.7970115134721,19.790192337617));
#2818=CARTESIAN_POINT('Ctrl Pts',(-19.0018101943271,-79.7729296275289,19.4579595768274));
#2819=CARTESIAN_POINT('Ctrl Pts',(-18.9894384203864,-79.7488498349731,19.1257270032471));
#2820=CARTESIAN_POINT('Ctrl Pts',(-18.9770673743205,-79.72476794903,18.7934942424574));
#2821=CARTESIAN_POINT('Ctrl Pts',(-9.32055260730126,-80.8366764717478,20.0688335572671));
#2822=CARTESIAN_POINT('Ctrl Pts',(-9.30839918520822,-80.8120793357178,19.7366313120315));
#2823=CARTESIAN_POINT('Ctrl Pts',(-9.29624618607984,-80.7874810525926,19.4044289628325));
#2824=CARTESIAN_POINT('Ctrl Pts',(-9.28409276398681,-80.7628839165627,19.0722267175969));
#2825=CARTESIAN_POINT('Ctrl Pts',(-2.99164833914479,-80.555061879263,20.3199125834902));
#2826=CARTESIAN_POINT('Ctrl Pts',(-2.97959771099819,-80.5302010967638,19.9877260522785));
#2827=CARTESIAN_POINT('Ctrl Pts',(-2.96754683075621,-80.5053408395085,19.6555395745635));
#2828=CARTESIAN_POINT('Ctrl Pts',(-2.95549620260961,-80.4804800570094,19.3233530433518));
#2829=CARTESIAN_POINT('Ctrl Pts',(2.10473376636094,-80.0169545180138,20.5447657317657));
#2830=CARTESIAN_POINT('Ctrl Pts',(2.11671172134076,-79.9919039011227,20.2125909970868));
#2831=CARTESIAN_POINT('Ctrl Pts',(2.12868922598086,-79.9668531270344,19.8804162408949));
#2832=CARTESIAN_POINT('Ctrl Pts',(2.14066718096068,-79.9418025101433,19.5482415062159));
#2833=CARTESIAN_POINT('Ctrl Pts',(8.8902762597148,-78.4033558680371,20.910591153243));
#2834=CARTESIAN_POINT('Ctrl Pts',(8.90217101422246,-78.3781028018699,20.5784285046259));
#2835=CARTESIAN_POINT('Ctrl Pts',(8.91406632745687,-78.3528494338554,20.2462657730561));
#2836=CARTESIAN_POINT('Ctrl Pts',(8.92596108196452,-78.3275963676882,19.914103124439));
#2837=CARTESIAN_POINT('Ctrl Pts',(17.4813336751438,-74.3667156403377,21.524540113134));
#2838=CARTESIAN_POINT('Ctrl Pts',(17.49310038953,-74.341280229902,21.192387195885));
#2839=CARTESIAN_POINT('Ctrl Pts',(17.5048664342181,-74.3158454508722,20.8602345084643));
#2840=CARTESIAN_POINT('Ctrl Pts',(17.5166331486044,-74.2904100404365,20.5280815912153));
#2841=CARTESIAN_POINT('Ctrl Pts',(23.5623713794972,-69.2916602152125,22.1268342864048));
#2842=CARTESIAN_POINT('Ctrl Pts',(23.573937521646,-69.2662062840251,21.7946751953894));
#2843=CARTESIAN_POINT('Ctrl Pts',(23.5855044489498,-69.2407513371181,21.4625157127856));
#2844=CARTESIAN_POINT('Ctrl Pts',(23.5970705910986,-69.2152974059307,21.1303566217701));
#2845=CARTESIAN_POINT('Ctrl Pts',(27.6636359914981,-63.8821899908684,22.6805406991811));
#2846=CARTESIAN_POINT('Ctrl Pts',(27.6748822727266,-63.8568787083797,22.3483602934856));
#2847=CARTESIAN_POINT('Ctrl Pts',(27.6861280142557,-63.8315681870196,22.0161803255604));
#2848=CARTESIAN_POINT('Ctrl Pts',(27.6973742954843,-63.8062569045309,21.6839999198649));
#2849=CARTESIAN_POINT('Ctrl Pts',(30.8385121293231,-57.7710746078765,23.2494006054052));
#2850=CARTESIAN_POINT('Ctrl Pts',(30.8492513220607,-57.7461186405569,22.9171753505232));
#2851=CARTESIAN_POINT('Ctrl Pts',(30.8599909242893,-57.7211619612765,22.584948883963));
#2852=CARTESIAN_POINT('Ctrl Pts',(30.8707301170269,-57.6962059939569,22.252723629081));
#2853=CARTESIAN_POINT('Ctrl Pts',(32.3278651616343,-51.0836883384585,23.7914960933595));
#2854=CARTESIAN_POINT('Ctrl Pts',(32.3377806992127,-51.0594544734016,23.4591924374442));
#2855=CARTESIAN_POINT('Ctrl Pts',(32.3476965106727,-51.0352205948359,23.1268914016774));
#2856=CARTESIAN_POINT('Ctrl Pts',(32.3576120482511,-51.010986729779,22.7945877457621));
#2857=CARTESIAN_POINT('Ctrl Pts',(32.1158376896634,-44.1864151583734,24.2666510336382));
#2858=CARTESIAN_POINT('Ctrl Pts',(32.124186623862,-44.1638670949915,23.9341805392887));
#2859=CARTESIAN_POINT('Ctrl Pts',(32.132534037317,-44.1413203287637,23.6017050907381));
#2860=CARTESIAN_POINT('Ctrl Pts',(32.1408829715156,-44.1187722653818,23.2692345963886));
#2861=CARTESIAN_POINT('Ctrl Pts',(31.0890673753079,-38.2990861639488,24.6254220014476));
#2862=CARTESIAN_POINT('Ctrl Pts',(31.0954579912759,-38.2788536149453,24.2927633433111));
#2863=CARTESIAN_POINT('Ctrl Pts',(31.1018536111783,-38.2586164026974,23.9601156766488));
#2864=CARTESIAN_POINT('Ctrl Pts',(31.1082442271464,-38.2383838536939,23.6274570185124));
#2865=CARTESIAN_POINT('Ctrl Pts',(29.007745730794,-32.3082519946573,24.9217793407935));
#2866=CARTESIAN_POINT('Ctrl Pts',(29.01080762053,-32.2923344246336,24.5887985886884));
#2867=CARTESIAN_POINT('Ctrl Pts',(29.0138591035847,-32.2764265596368,24.2557957906144));
#2868=CARTESIAN_POINT('Ctrl Pts',(29.0169209933206,-32.2605089896132,23.9228150385094));
#2869=CARTESIAN_POINT('Ctrl Pts',(26.830177977376,-27.9074430850044,25.0694038238214));
#2870=CARTESIAN_POINT('Ctrl Pts',(26.8284996441174,-27.8984974286173,24.7361696878398));
#2871=CARTESIAN_POINT('Ctrl Pts',(26.8268413908907,-27.8895315917598,24.4029754808414));
#2872=CARTESIAN_POINT('Ctrl Pts',(26.825163057632,-27.8805859353727,24.0697413448599));
#2873=CARTESIAN_POINT('Ctrl Pts',(25.0019571654704,-24.6643420891993,25.1354848217496));
#2874=CARTESIAN_POINT('Ctrl Pts',(24.9948382161283,-24.664132726163,24.8021554130542));
#2875=CARTESIAN_POINT('Ctrl Pts',(24.9876805301158,-24.6639630814054,24.468746269873));
#2876=CARTESIAN_POINT('Ctrl Pts',(24.9805615807736,-24.6637537183691,24.1354168611776));
#2877=CARTESIAN_POINT('Ctrl Pts',(23.6284277272065,-22.4590482257422,25.1491268035094));
#2878=CARTESIAN_POINT('Ctrl Pts',(23.6161761254981,-22.46762034413,24.8160859823467));
#2879=CARTESIAN_POINT('Ctrl Pts',(23.6040044093934,-22.4761072006018,24.4832079249721));
#2880=CARTESIAN_POINT('Ctrl Pts',(23.5917528076849,-22.4846793189895,24.1501671038095));
#2881=CARTESIAN_POINT('Ctrl Pts',(22.1859609445903,-20.3430912840781,25.1132860311452));
#2882=CARTESIAN_POINT('Ctrl Pts',(22.1659885112318,-20.3659466644676,24.7810864904958));
#2883=CARTESIAN_POINT('Ctrl Pts',(22.1458802469512,-20.3889327449258,24.4485820033905));
#2884=CARTESIAN_POINT('Ctrl Pts',(22.1259078135927,-20.4117881253153,24.1163824627411));
#2885=CARTESIAN_POINT('Ctrl Pts',(20.5522551694569,-18.0746619752751,25.0157378914237));
#2886=CARTESIAN_POINT('Ctrl Pts',(20.520991738999,-18.1202398239,24.686823064131));
#2887=CARTESIAN_POINT('Ctrl Pts',(20.4900702542749,-18.165573535445,24.3588501253859));
#2888=CARTESIAN_POINT('Ctrl Pts',(20.4588068238169,-18.2111513840699,24.0299352980932));
#2889=CARTESIAN_POINT('Ctrl Pts',(19.3005836987302,-16.4778234404861,24.8778008977717));
#2890=CARTESIAN_POINT('Ctrl Pts',(19.2568529800992,-16.5501231213088,24.5534514230242));
#2891=CARTESIAN_POINT('Ctrl Pts',(19.2125146075794,-16.6227641925821,24.2272299363775));
#2892=CARTESIAN_POINT('Ctrl Pts',(19.1687838889484,-16.6950638734047,23.90288046163));
#2893=CARTESIAN_POINT('Ctrl Pts',(18.3414961368297,-15.3317768782198,24.6572434208933));
#2894=CARTESIAN_POINT('Ctrl Pts',(18.2838507113004,-15.4396913219454,24.3471747367892));
#2895=CARTESIAN_POINT('Ctrl Pts',(18.2262052857712,-15.547605765671,24.0371060526851));
#2896=CARTESIAN_POINT('Ctrl Pts',(18.1685598602419,-15.6555202093966,23.7270373685809));
#2897=CARTESIAN_POINT('',(-14.4719137696946,-12.,14.9499736803203));
#2898=CARTESIAN_POINT('',(18.3414961368297,-15.3317768782198,24.6572434208933));
#2899=CARTESIAN_POINT('Ctrl Pts',(-14.4719137696946,-12.,14.9499736803203));
#2900=CARTESIAN_POINT('Ctrl Pts',(-14.3850225694469,-12.3174637240394,14.8972687057007));
#2901=CARTESIAN_POINT('Ctrl Pts',(-14.2981313691992,-12.6349274480788,14.8445637310812));
#2902=CARTESIAN_POINT('Ctrl Pts',(-14.2112401689515,-12.9523911721183,14.7918587564616));
#2903=CARTESIAN_POINT('Ctrl Pts',(-13.7151622496179,-12.,16.197579780947));
#2904=CARTESIAN_POINT('Ctrl Pts',(-13.6221377104702,-12.3158993822613,16.1342793634685));
#2905=CARTESIAN_POINT('Ctrl Pts',(-13.5302781572231,-12.6262237570879,16.0693309465612));
#2906=CARTESIAN_POINT('Ctrl Pts',(-13.4372536180753,-12.9421231393492,16.0060305290827));
#2907=CARTESIAN_POINT('Ctrl Pts',(-11.9597011705882,-12.,18.5459915412725));
#2908=CARTESIAN_POINT('Ctrl Pts',(-11.8543003941526,-12.3016465598312,18.4533379971591));
#2909=CARTESIAN_POINT('Ctrl Pts',(-11.748373010917,-12.6056456337628,18.3613502581071));
#2910=CARTESIAN_POINT('Ctrl Pts',(-11.6429722344814,-12.9072921935941,18.2686967139936));
#2911=CARTESIAN_POINT('Ctrl Pts',(-8.69877527367102,-12.,21.4970894778443));
#2912=CARTESIAN_POINT('Ctrl Pts',(-8.56654359248087,-12.268666895178,21.3310505217777));
#2913=CARTESIAN_POINT('Ctrl Pts',(-8.43468185549458,-12.533836945202,21.1633298397904));
#2914=CARTESIAN_POINT('Ctrl Pts',(-8.30245017430443,-12.80250384038,20.9972908837237));
#2915=CARTESIAN_POINT('Ctrl Pts',(-4.93161676875398,-12.,23.7667299023253));
#2916=CARTESIAN_POINT('Ctrl Pts',(-4.79058519592243,-12.1476491841927,23.4825441107895));
#2917=CARTESIAN_POINT('Ctrl Pts',(-4.64931431963882,-12.2960197443259,23.1985375936057));
#2918=CARTESIAN_POINT('Ctrl Pts',(-4.50828274680727,-12.4436689285186,22.9143518020699));
#2919=CARTESIAN_POINT('Ctrl Pts',(-0.798502146654343,-12.,25.2700917491831));
#2920=CARTESIAN_POINT('Ctrl Pts',(-0.714080193792722,-11.9946869671344,
24.9390154521517));
#2921=CARTESIAN_POINT('Ctrl Pts',(-0.629916184357363,-11.9912480264593,
24.6092328284583));
#2922=CARTESIAN_POINT('Ctrl Pts',(-0.545494231495742,-11.9859349935937,
24.2781565314269));
#2923=CARTESIAN_POINT('Ctrl Pts',(3.54642379041019,-12.,25.9514367667728));
#2924=CARTESIAN_POINT('Ctrl Pts',(3.56593024605072,-11.9560565266525,25.6224825363237));
#2925=CARTESIAN_POINT('Ctrl Pts',(3.5863129886174,-11.9118673910899,25.2945590652005));
#2926=CARTESIAN_POINT('Ctrl Pts',(3.60581944425793,-11.8679239177424,24.9656048347514));
#2927=CARTESIAN_POINT('Ctrl Pts',(7.94132586465836,-12.,25.7852481035705));
#2928=CARTESIAN_POINT('Ctrl Pts',(7.89592465095339,-12.0177371721962,25.4458968830666));
#2929=CARTESIAN_POINT('Ctrl Pts',(7.84935846483507,-12.0372129659641,25.106113735828));
#2930=CARTESIAN_POINT('Ctrl Pts',(7.8039572511301,-12.0549501381603,24.7667625153242));
#2931=CARTESIAN_POINT('Ctrl Pts',(10.7953539758653,-12.,25.1135566841404));
#2932=CARTESIAN_POINT('Ctrl Pts',(10.7113169232928,-12.127383930583,24.8102162320386));
#2933=CARTESIAN_POINT('Ctrl Pts',(10.6297961268852,-12.2532306690792,24.5112736490133));
#2934=CARTESIAN_POINT('Ctrl Pts',(10.5457590743126,-12.3806145996622,24.2079331969115));
#2935=CARTESIAN_POINT('Ctrl Pts',(12.1768317361479,-12.,24.6437556163425));
#2936=CARTESIAN_POINT('Ctrl Pts',(12.0847863604272,-12.1714038924381,24.3730907579353));
#2937=CARTESIAN_POINT('Ctrl Pts',(11.9927409847064,-12.3428077848761,24.1024258995281));
#2938=CARTESIAN_POINT('Ctrl Pts',(11.9006956089857,-12.5142116773142,23.8317610411208));
#2939=CARTESIAN_POINT('',(12.1768317361479,-12.,24.6437556163425));
#2940=CARTESIAN_POINT('Ctrl Pts',(12.1768317361479,-12.,24.6437556163425));
#2941=CARTESIAN_POINT('Ctrl Pts',(12.0847863604272,-12.1714038924381,24.3730907579353));
#2942=CARTESIAN_POINT('Ctrl Pts',(11.9927409847064,-12.3428077848761,24.1024258995281));
#2943=CARTESIAN_POINT('Ctrl Pts',(11.9006956089857,-12.5142116773142,23.8317610411208));
#2944=CARTESIAN_POINT('Ctrl Pts',(14.2317198697085,-13.1105922927399,24.6482515511928));
#2945=CARTESIAN_POINT('Ctrl Pts',(14.1547454968354,-13.2542015368352,24.3551880845243));
#2946=CARTESIAN_POINT('Ctrl Pts',(14.0776576621409,-13.3980239972968,24.0613138626176));
#2947=CARTESIAN_POINT('Ctrl Pts',(14.0006832892677,-13.541633241392,23.7682503959491));
#2948=CARTESIAN_POINT('Ctrl Pts',(16.2866080032691,-14.2211845854799,24.652747486043));
#2949=CARTESIAN_POINT('Ctrl Pts',(16.220530789245,-14.3446708196791,24.3499012461251));
#2950=CARTESIAN_POINT('Ctrl Pts',(16.1544182679112,-14.4682251176366,24.0463791704646));
#2951=CARTESIAN_POINT('Ctrl Pts',(16.0883410538871,-14.5917113518358,23.7435329305467));
#2952=CARTESIAN_POINT('Ctrl Pts',(18.3414961368297,-15.3317768782198,24.6572434208933));
#2953=CARTESIAN_POINT('Ctrl Pts',(18.2838507113004,-15.4396913219454,24.3471747367892));
#2954=CARTESIAN_POINT('Ctrl Pts',(18.2262052857712,-15.547605765671,24.0371060526851));
#2955=CARTESIAN_POINT('Ctrl Pts',(18.1685598602419,-15.6555202093966,23.7270373685809));
#2956=CARTESIAN_POINT('Ctrl Pts',(-4.11147971033195,18.783490591653,14.7918587564616));
#2957=CARTESIAN_POINT('Ctrl Pts',(-2.48299285107867,24.8451424167671,14.5559207551404));
#2958=CARTESIAN_POINT('Ctrl Pts',(0.797529377058227,36.9622835481728,14.0884560544775));
#2959=CARTESIAN_POINT('Ctrl Pts',(10.7524741538869,73.2869517266241,12.8304041062491));
#2960=CARTESIAN_POINT('Ctrl Pts',(32.1628903201287,152.048933765603,10.7936868227756));
#2961=CARTESIAN_POINT('Ctrl Pts',(51.5987162942472,224.843305562423,9.07452653263845));
#2962=CARTESIAN_POINT('Ctrl Pts',(64.5602564078209,273.37154879552,7.92050048660861));
#2963=CARTESIAN_POINT('Ctrl Pts',(-4.48958060854512,18.1080645600222,16.0060305290827));
#2964=CARTESIAN_POINT('Ctrl Pts',(-3.07703826136615,23.7825467478239,15.748042511807));
#2965=CARTESIAN_POINT('Ctrl Pts',(-0.218627856013878,35.1308108284384,15.2564751808426));
#2966=CARTESIAN_POINT('Ctrl Pts',(8.43924552021125,69.1537007020824,13.9640381055943));
#2967=CARTESIAN_POINT('Ctrl Pts',(26.9531699441208,142.951503103134,11.8796349133654));
#2968=CARTESIAN_POINT('Ctrl Pts',(43.7233795881597,211.153960120171,10.0657179580795));
#2969=CARTESIAN_POINT('Ctrl Pts',(54.9114113107467,256.620104764134,8.85343232762999));
#2970=CARTESIAN_POINT('Ctrl Pts',(-5.35654821996278,16.5367516525651,18.2686923627031));
#2971=CARTESIAN_POINT('Ctrl Pts',(-4.37337590016851,21.4525230363474,17.9918225476095));
#2972=CARTESIAN_POINT('Ctrl Pts',(-2.36902504886563,31.2651404931719,17.4334387664999));
#2973=CARTESIAN_POINT('Ctrl Pts',(3.73832814045814,60.7080687536193,16.1177721033535));
#2974=CARTESIAN_POINT('Ctrl Pts',(16.4399269222574,124.640727856136,13.9730686536068));
#2975=CARTESIAN_POINT('Ctrl Pts',(27.9267750677272,183.699389647721,11.9960677242934));
#2976=CARTESIAN_POINT('Ctrl Pts',(35.5857155379009,223.072336031312,10.6884136593702));
#2977=CARTESIAN_POINT('Ctrl Pts',(-6.93605745553005,13.591378711072,20.9972844073509));
#2978=CARTESIAN_POINT('Ctrl Pts',(-6.55150634200374,17.3573214240338,20.6539153063956));
#2979=CARTESIAN_POINT('Ctrl Pts',(-5.72175049781608,24.903050802539,20.124027308709));
#2980=CARTESIAN_POINT('Ctrl Pts',(-3.57144961321566,47.6040270085426,18.9590126200575));
#2981=CARTESIAN_POINT('Ctrl Pts',(0.47517815636931,96.8565953989903,16.7483523617257));
#2982=CARTESIAN_POINT('Ctrl Pts',(4.10753132866092,142.323693482853,14.6859239516915));
#2983=CARTESIAN_POINT('Ctrl Pts',(6.52081369033245,172.636328652199,13.3184286141194));
#2984=CARTESIAN_POINT('Ctrl Pts',(-8.52239124927565,10.126121404364,22.914352741929));
#2985=CARTESIAN_POINT('Ctrl Pts',(-8.70096513812158,12.8015526281629,22.6460266602278));
#2986=CARTESIAN_POINT('Ctrl Pts',(-9.23727249984324,18.1548167009902,22.2910564338433));
#2987=CARTESIAN_POINT('Ctrl Pts',(-11.1504995331276,34.1714258667497,21.266912828886));
#2988=CARTESIAN_POINT('Ctrl Pts',(-15.639289913575,68.8197682097082,19.1224337909889));
#2989=CARTESIAN_POINT('Ctrl Pts',(-19.8172406638184,100.794555471697,17.1275256006454));
#2990=CARTESIAN_POINT('Ctrl Pts',(-22.6094848590662,122.110234587692,15.8004264470474));
#2991=CARTESIAN_POINT('Ctrl Pts',(-10.1073875394498,6.46538413100504,24.2781673343989));
#2992=CARTESIAN_POINT('Ctrl Pts',(-11.0484186509132,8.0631695556627,24.1338900290337));
#2993=CARTESIAN_POINT('Ctrl Pts',(-13.0122710092335,11.1896681510839,23.8377013788726));
#2994=CARTESIAN_POINT('Ctrl Pts',(-18.9383241713314,20.50860220546,22.9542281623653));
#2995=CARTESIAN_POINT('Ctrl Pts',(-31.8769486257978,40.6091712642509,21.0478511538105));
#2996=CARTESIAN_POINT('Ctrl Pts',(-43.8239881126868,59.1576850421852,19.2875651451926));
#2997=CARTESIAN_POINT('Ctrl Pts',(-51.7913555664727,71.5214316445091,18.1144073494503));
#2998=CARTESIAN_POINT('Ctrl Pts',(-12.0808392760675,2.8112322233488,24.9656122237639));
#2999=CARTESIAN_POINT('Ctrl Pts',(-13.7355500572718,3.25561242829007,24.8470412977002));
#3000=CARTESIAN_POINT('Ctrl Pts',(-17.0197145570366,4.12512542082463,24.6217972753863));
#3001=CARTESIAN_POINT('Ctrl Pts',(-26.8738982362908,6.71774139954462,23.9477925947364));
#3002=CARTESIAN_POINT('Ctrl Pts',(-48.1997570622315,12.3060417966889,22.4895008498816));
#3003=CARTESIAN_POINT('Ctrl Pts',(-67.8855661243771,17.4626166507238,21.1440080673618));
#3004=CARTESIAN_POINT('Ctrl Pts',(-81.008749525816,20.8995564188264,20.247169384929));
#3005=CARTESIAN_POINT('Ctrl Pts',(-14.3418777711514,-0.730949667023094,
24.7667740176822));
#3006=CARTESIAN_POINT('Ctrl Pts',(-16.6141143435235,-1.48527813762245,24.7147592801657));
#3007=CARTESIAN_POINT('Ctrl Pts',(-21.1803890692929,-2.90193081593111,24.5953380452293));
#3008=CARTESIAN_POINT('Ctrl Pts',(-34.8753930704061,-7.0788344463792,24.2294989421333));
#3009=CARTESIAN_POINT('Ctrl Pts',(-64.56623295668,-16.0060251585992,23.4277674771367));
#3010=CARTESIAN_POINT('Ctrl Pts',(-91.9726288783721,-24.2390075239972,22.6869112633232));
#3011=CARTESIAN_POINT('Ctrl Pts',(-110.244233555493,-29.7245717235917,22.192743341276));
#3012=CARTESIAN_POINT('Ctrl Pts',(-15.9948062949283,-2.94258796071388,24.2079331969115));
#3013=CARTESIAN_POINT('Ctrl Pts',(-18.6392783818255,-4.503340100581,24.1235990721703));
#3014=CARTESIAN_POINT('Ctrl Pts',(-24.0062817565654,-7.4782415849134,24.0718771328064));
#3015=CARTESIAN_POINT('Ctrl Pts',(-40.214833821917,-16.2021894737962,23.9469625821378));
#3016=CARTESIAN_POINT('Ctrl Pts',(-75.4711211339386,-34.8343991633449,23.7255235514));
#3017=CARTESIAN_POINT('Ctrl Pts',(-108.027431377349,-52.0098501410042,23.5083795070868));
#3018=CARTESIAN_POINT('Ctrl Pts',(-129.734526977798,-63.4548595048851,23.3661134448135));
#3019=CARTESIAN_POINT('Ctrl Pts',(-16.7879730253828,-4.04919888143039,23.8317610411208));
#3020=CARTESIAN_POINT('Ctrl Pts',(-19.6442585207424,-5.97069667995755,23.7382423178929));
#3021=CARTESIAN_POINT('Ctrl Pts',(-25.4148178922635,-9.71893273289578,23.6979988141043));
#3022=CARTESIAN_POINT('Ctrl Pts',(-42.8765705004891,-20.7193674274128,23.6943500973642));
#3023=CARTESIAN_POINT('Ctrl Pts',(-80.9128871170421,-44.2241888597001,23.7945653032808));
#3024=CARTESIAN_POINT('Ctrl Pts',(-116.048971730756,-65.8793524567306,23.8698565988624));
#3025=CARTESIAN_POINT('Ctrl Pts',(-139.476636157483,-80.3102534869749,23.9234096786396));
#3026=CARTESIAN_POINT('',(-4.11147971033195,18.783490591653,14.7918587564616));
#3027=CARTESIAN_POINT('',(-22.6423581409191,-7.90667428444945,23.7270373685809));
#3028=CARTESIAN_POINT('Ctrl Pts',(-4.11147971033195,18.783490591653,14.7918587564616));
#3029=CARTESIAN_POINT('Ctrl Pts',(-4.17957049889919,18.9920866331097,15.5335827967379));
#3030=CARTESIAN_POINT('Ctrl Pts',(-4.32325221075305,19.5032507377023,16.7304854072649));
#3031=CARTESIAN_POINT('Ctrl Pts',(-4.5129048034931,20.6533142650697,17.9147236582504));
#3032=CARTESIAN_POINT('Ctrl Pts',(-4.59764567522878,22.095005326534,18.5141055952925));
#3033=CARTESIAN_POINT('Ctrl Pts',(-4.5708015884706,23.6631036032283,18.7871478128943));
#3034=CARTESIAN_POINT('Ctrl Pts',(-4.43361248110041,26.063020078567,18.9748461731222));
#3035=CARTESIAN_POINT('Ctrl Pts',(-4.0856714921046,28.8590586117002,18.8777425504582));
#3036=CARTESIAN_POINT('Ctrl Pts',(-3.53715077974262,32.1069731640738,18.6736937430136));
#3037=CARTESIAN_POINT('Ctrl Pts',(-2.92154575058254,35.2810972020214,18.4156836810246));
#3038=CARTESIAN_POINT('Ctrl Pts',(-1.99341505944459,39.3957581432523,18.0302252594797));
#3039=CARTESIAN_POINT('Ctrl Pts',(-0.821996618794206,43.9142665177054,17.5615601420539));
#3040=CARTESIAN_POINT('Ctrl Pts',(0.297343608021939,47.8762137373667,17.1345218155507));
#3041=CARTESIAN_POINT('Ctrl Pts',(1.20345191897002,50.9503394918233,16.805122580632));
#3042=CARTESIAN_POINT('Ctrl Pts',(1.8770584499829,53.332513163683,16.5814232093445));
#3043=CARTESIAN_POINT('Ctrl Pts',(2.34916882762501,55.1093574113307,16.4387492805893));
#3044=CARTESIAN_POINT('Ctrl Pts',(2.75778100756122,57.0140680394267,16.3498188717587));
#3045=CARTESIAN_POINT('Ctrl Pts',(3.11442026392616,59.5000576061317,16.3328695655619));
#3046=CARTESIAN_POINT('Ctrl Pts',(2.8597197927916,62.3147350974913,16.6472508917052));
#3047=CARTESIAN_POINT('Ctrl Pts',(1.49516683655748,65.0250656262497,17.2174923246031));
#3048=CARTESIAN_POINT('Ctrl Pts',(-0.215070305533408,67.1293664915174,17.6656540674163));
#3049=CARTESIAN_POINT('Ctrl Pts',(-2.34842018658113,69.031429199922,18.0355082223104));
#3050=CARTESIAN_POINT('Ctrl Pts',(-5.2774654201946,71.0192870243884,18.3511902234119));
#3051=CARTESIAN_POINT('Ctrl Pts',(-8.31615262194751,72.4970356118647,18.5258018276517));
#3052=CARTESIAN_POINT('Ctrl Pts',(-11.5098579978622,73.6029911834291,18.6251724428313));
#3053=CARTESIAN_POINT('Ctrl Pts',(-14.1575577039748,74.2597445613127,18.6707499558027));
#3054=CARTESIAN_POINT('Ctrl Pts',(-17.0138219658624,74.7173305056622,18.6933636160574));
#3055=CARTESIAN_POINT('Ctrl Pts',(-21.2072091632251,75.0014211618704,18.6976338252073));
#3056=CARTESIAN_POINT('Ctrl Pts',(-28.6093270218485,74.5045009262685,18.6576277549344));
#3057=CARTESIAN_POINT('Ctrl Pts',(-37.7819372715435,71.7343577453532,18.5938215539203));
#3058=CARTESIAN_POINT('Ctrl Pts',(-45.3566795899636,67.5931358349756,18.6030807632471));
#3059=CARTESIAN_POINT('Ctrl Pts',(-52.3533259668505,62.7484418345414,18.6592303801395));
#3060=CARTESIAN_POINT('Ctrl Pts',(-59.5550281573584,56.2971239945133,18.7934866649326));
#3061=CARTESIAN_POINT('Ctrl Pts',(-65.3007276481832,48.4215673044812,19.0722352511389));
#3062=CARTESIAN_POINT('Ctrl Pts',(-68.2203581878975,42.7998906795434,19.3233457491032));
#3063=CARTESIAN_POINT('Ctrl Pts',(-70.3019819968639,38.1168924364605,19.5482506145746));
#3064=CARTESIAN_POINT('Ctrl Pts',(-72.2966910730599,31.433796539855,19.9140947832387));
#3065=CARTESIAN_POINT('Ctrl Pts',(-73.0956433458066,21.9752545810552,20.5280906065705));
#3066=CARTESIAN_POINT('Ctrl Pts',(-71.7408221642157,14.1720486814425,21.130349564673));
#3067=CARTESIAN_POINT('Ctrl Pts',(-69.1064733936416,7.91647830988691,21.6840029327124));
#3068=CARTESIAN_POINT('Ctrl Pts',(-65.4017949108323,2.11324171855935,22.2527243135392));
#3069=CARTESIAN_POINT('Ctrl Pts',(-60.3555875910411,-2.51691732439703,22.7945803733134));
#3070=CARTESIAN_POINT('Ctrl Pts',(-54.2784300267725,-5.77558468145211,23.2692459643631));
#3071=CARTESIAN_POINT('Ctrl Pts',(-48.6695783664895,-7.82121804769586,23.6274463748218));
#3072=CARTESIAN_POINT('Ctrl Pts',(-42.4468026266786,-8.99923142788921,23.9228248829141));
#3073=CARTESIAN_POINT('Ctrl Pts',(-37.557991013035,-9.29091546312429,24.0697337641327));
#3074=CARTESIAN_POINT('Ctrl Pts',(-33.8496834789814,-9.30196473409003,24.1354186183513));
#3075=CARTESIAN_POINT('Ctrl Pts',(-31.2680067749143,-9.18866401617848,24.1501740681259));
#3076=CARTESIAN_POINT('Ctrl Pts',(-28.7403535479739,-8.95575938543433,24.1163682542515));
#3077=CARTESIAN_POINT('Ctrl Pts',(-26.0006433821999,-8.61224638237552,24.0299381016338));
#3078=CARTESIAN_POINT('Ctrl Pts',(-24.0427413766466,-8.25312187078082,23.90288046163));
#3079=CARTESIAN_POINT('Ctrl Pts',(-22.6423581409191,-7.90667428444944,23.7270373685809));
#3080=CARTESIAN_POINT('',(-16.7879730253828,-4.04919888143039,23.8317610411208));
#3081=CARTESIAN_POINT('Ctrl Pts',(-4.11147971033195,18.783490591653,14.7918587564616));
#3082=CARTESIAN_POINT('Ctrl Pts',(-4.48958060854512,18.1080645600222,16.0060305290827));
#3083=CARTESIAN_POINT('Ctrl Pts',(-4.92306441425395,17.3224081062937,17.1373614458929));
#3084=CARTESIAN_POINT('Ctrl Pts',(-5.40305785636958,16.4386843891805,18.1577922450726));
#3085=CARTESIAN_POINT('Ctrl Pts',(-5.88305129848521,15.5549606720674,19.1782230442524));
#3086=CARTESIAN_POINT('Ctrl Pts',(-6.40955437700763,14.5731696915697,20.0877537258016));
#3087=CARTESIAN_POINT('Ctrl Pts',(-6.93719488189311,13.5047313168695,20.8620304556726));
#3088=CARTESIAN_POINT('Ctrl Pts',(-7.46483538677858,12.4362929421693,21.6363071855436));
#3089=CARTESIAN_POINT('Ctrl Pts',(-7.99361331802712,11.2812071732667,22.2753299637363));
#3090=CARTESIAN_POINT('Ctrl Pts',(-8.52216833201375,10.0935414099222,22.8221437849109));
#3091=CARTESIAN_POINT('Ctrl Pts',(-9.05072334600038,8.90587564657769,23.3689576060856));
#3092=CARTESIAN_POINT('Ctrl Pts',(-9.5790554427251,7.68562988879136,23.8235624702422));
#3093=CARTESIAN_POINT('Ctrl Pts',(-10.1721301138571,6.46648169195549,24.1654390505481));
#3094=CARTESIAN_POINT('Ctrl Pts',(-10.765204784989,5.24733349511962,24.5073156308539));
#3095=CARTESIAN_POINT('Ctrl Pts',(-11.4230220305283,4.02928285923421,24.7364639273089));
#3096=CARTESIAN_POINT('Ctrl Pts',(-12.1287704024785,2.82989389289619,24.8178983745228));
#3097=CARTESIAN_POINT('Ctrl Pts',(-12.8345187744288,1.63050492655817,24.8993328217367));
#3098=CARTESIAN_POINT('Ctrl Pts',(-13.5881982727901,0.449777629767537,24.8330534197095));
#3099=CARTESIAN_POINT('Ctrl Pts',(-14.378270152915,-0.693495592050474,24.6602035135032));
#3100=CARTESIAN_POINT('Ctrl Pts',(-15.1683420330399,-1.83676881386849,24.4873536072969));
#3101=CARTESIAN_POINT('Ctrl Pts',(-15.9948062949283,-2.94258796071388,24.2079331969115));
#3102=CARTESIAN_POINT('Ctrl Pts',(-16.7879730253828,-4.04919888143039,23.8317610411208));
#3103=CARTESIAN_POINT('Ctrl Pts',(-16.7879730253828,-4.04919888143039,23.8317610411208));
#3104=CARTESIAN_POINT('Ctrl Pts',(-18.7277400404112,-5.3541307781501,23.7682503959491));
#3105=CARTESIAN_POINT('Ctrl Pts',(-20.680879379657,-6.6372107912838,23.7385909493686));
#3106=CARTESIAN_POINT('Ctrl Pts',(-22.6422267440229,-7.90690315899204,23.7228495898714));
#3107=CARTESIAN_POINT('Ctrl Pts',(-3.15634796056595,18.5330449659334,14.9499736803203));
#3108=CARTESIAN_POINT('Ctrl Pts',(19.4501063553301,103.477949034961,12.938382315488));
#3109=CARTESIAN_POINT('Ctrl Pts',(42.0565606712261,188.422853103988,10.9267909506557));
#3110=CARTESIAN_POINT('Ctrl Pts',(64.6630149871222,273.367757173015,8.91519958582342));
#3111=CARTESIAN_POINT('Ctrl Pts',(-4.29147524068097,16.5669468437167,18.6927919822003));
#3112=CARTESIAN_POINT('Ctrl Pts',(9.02606993839108,85.4229883408741,16.3659340456944));
#3113=CARTESIAN_POINT('Ctrl Pts',(22.3473113152089,154.285431840322,14.0462929570917));
#3114=CARTESIAN_POINT('Ctrl Pts',(35.6648564942809,223.141473337479,11.7194350205857));
#3115=CARTESIAN_POINT('Ctrl Pts',(-7.11048260458889,11.6842828625173,23.7905198834862));
#3116=CARTESIAN_POINT('Ctrl Pts',(-9.02951297092617,54.1498013816642,21.2421125968485));
#3117=CARTESIAN_POINT('Ctrl Pts',(-10.9498813298601,96.6130024296539,18.6912724519846));
#3118=CARTESIAN_POINT('Ctrl Pts',(-12.8689116961973,139.078520948801,16.1428651653469));
#3119=CARTESIAN_POINT('Ctrl Pts',(-12.1553411226966,2.94633159215826,26.3757339258715));
#3120=CARTESIAN_POINT('Ctrl Pts',(-35.123029578472,8.95450486925273,24.6952222336043));
#3121=CARTESIAN_POINT('Ctrl Pts',(-58.0895633786499,14.9646780685073,23.0171051164839));
#3122=CARTESIAN_POINT('Ctrl Pts',(-81.0572518344254,20.9728513456017,21.3365934242166));
#3123=CARTESIAN_POINT('Ctrl Pts',(-15.0992429532047,-2.15265595077678,25.5833577519382));
#3124=CARTESIAN_POINT('Ctrl Pts',(-50.0780512224792,-16.94835244646,24.9902758155501));
#3125=CARTESIAN_POINT('Ctrl Pts',(-85.0566263681394,-31.7436451601986,24.3993354800443));
#3126=CARTESIAN_POINT('Ctrl Pts',(-120.035434637414,-46.5393416558819,23.8062535436562));
#3127=CARTESIAN_POINT('Ctrl Pts',(-16.4807207134872,-4.54544562111265,24.6437556163425));
#3128=CARTESIAN_POINT('Ctrl Pts',(-57.4887028917045,-29.7839776547532,24.7364386177643));
#3129=CARTESIAN_POINT('Ctrl Pts',(-98.4966850699217,-55.0225096883938,24.8291216191862));
#3130=CARTESIAN_POINT('Ctrl Pts',(-139.504667248139,-80.2610417220344,24.921804620608));
#3131=CARTESIAN_POINT('',(-3.15634796056595,18.5330449659334,14.9499736803203));
#3132=CARTESIAN_POINT('',(-22.4484563301081,-8.21831315879873,24.6572434208933));
#3133=CARTESIAN_POINT('Ctrl Pts',(-3.15634796056595,18.5330449659334,14.9499736803203));
#3134=CARTESIAN_POINT('Ctrl Pts',(-3.22605152387133,18.7549156275644,15.7224663716173));
#3135=CARTESIAN_POINT('Ctrl Pts',(-3.37747802847365,19.2937271334177,16.9890816429183));
#3136=CARTESIAN_POINT('Ctrl Pts',(-3.6012438494575,20.4880887859655,18.3011182688291));
#3137=CARTESIAN_POINT('Ctrl Pts',(-3.73986642100751,21.9666143928554,19.0169780654928));
#3138=CARTESIAN_POINT('Ctrl Pts',(-3.76746620785335,23.5600873776372,19.3752998986815));
#3139=CARTESIAN_POINT('Ctrl Pts',(-3.70443466882522,25.9874262509936,19.6600988312096));
#3140=CARTESIAN_POINT('Ctrl Pts',(-3.41533465842995,28.7958259235879,19.6175615091863));
#3141=CARTESIAN_POINT('Ctrl Pts',(-2.91151614216218,32.0501818111289,19.4523249497791));
#3142=CARTESIAN_POINT('Ctrl Pts',(-2.32918059082652,35.2265710612384,19.2197470109389));
#3143=CARTESIAN_POINT('Ctrl Pts',(-1.42889315934584,39.3401253947843,18.8539819405773));
#3144=CARTESIAN_POINT('Ctrl Pts',(-0.275208065120566,43.8543708817357,18.3967014924974));
#3145=CARTESIAN_POINT('Ctrl Pts',(0.834469589733377,47.8115351354019,17.9755700358397));
#3146=CARTESIAN_POINT('Ctrl Pts',(1.73461204374209,50.8819873125647,17.6496553857155));
#3147=CARTESIAN_POINT('Ctrl Pts',(2.4008778457256,53.2627387990755,17.4303827442992));
#3148=CARTESIAN_POINT('Ctrl Pts',(2.86526410225765,55.039588679837,17.2925017047848));
#3149=CARTESIAN_POINT('Ctrl Pts',(3.25884794756654,56.9471387776154,17.2126450272314));
#3150=CARTESIAN_POINT('Ctrl Pts',(3.58570472576338,59.4410439760698,17.2134513204876));
#3151=CARTESIAN_POINT('Ctrl Pts',(3.25987520546521,62.2790038180774,17.565485879192));
#3152=CARTESIAN_POINT('Ctrl Pts',(1.79493198372721,65.0207467090444,18.1730755835741));
#3153=CARTESIAN_POINT('Ctrl Pts',(0.0076663748402946,67.1470166831984,18.6412373686716));
#3154=CARTESIAN_POINT('Ctrl Pts',(-2.18915782218972,69.0656061915482,19.0227884232487));
#3155=CARTESIAN_POINT('Ctrl Pts',(-5.17510451595261,71.0666600122162,19.3452651771622));
#3156=CARTESIAN_POINT('Ctrl Pts',(-8.2497801830782,72.551584448326,19.5222586419242));
#3157=CARTESIAN_POINT('Ctrl Pts',(-11.4693807757488,73.6621061526191,19.6226632591377));
#3158=CARTESIAN_POINT('Ctrl Pts',(-14.1331416767537,74.3213854674034,19.6685823044704));
#3159=CARTESIAN_POINT('Ctrl Pts',(-17.0027858812245,74.7808565397872,19.6913097788128));
#3160=CARTESIAN_POINT('Ctrl Pts',(-21.2111038062452,75.0667870746229,19.6955274545649));
#3161=CARTESIAN_POINT('Ctrl Pts',(-28.6305355236884,74.5715243318977,19.6552035191042));
#3162=CARTESIAN_POINT('Ctrl Pts',(-37.8138244557987,71.8019736032818,19.591028241131));
#3163=CARTESIAN_POINT('Ctrl Pts',(-45.3939734232368,67.6610210894337,19.6000797162666));
#3164=CARTESIAN_POINT('Ctrl Pts',(-52.394470641572,62.8165170268414,19.6560631741839));
#3165=CARTESIAN_POINT('Ctrl Pts',(-59.5990355562597,56.3653872387628,19.7901846926153));
#3166=CARTESIAN_POINT('Ctrl Pts',(-65.3464041706186,48.4900387737817,20.0688421274846));
#3167=CARTESIAN_POINT('Ctrl Pts',(-68.2668717794459,42.8684902506537,20.3199052677506));
#3168=CARTESIAN_POINT('Ctrl Pts',(-70.3490988913142,38.1855876342269,20.5447748915736));
#3169=CARTESIAN_POINT('Ctrl Pts',(-72.3444583122797,31.5025803810887,20.9105827176611));
#3170=CARTESIAN_POINT('Ctrl Pts',(-73.1440761630077,22.0439774213235,21.5245492822417));
#3171=CARTESIAN_POINT('Ctrl Pts',(-71.7896047687634,14.2402807697743,22.1268270082516));
#3172=CARTESIAN_POINT('Ctrl Pts',(-69.1553641581653,7.98366284189915,22.6805439223579));
#3173=CARTESIAN_POINT('Ctrl Pts',(-65.4505241186419,2.17857799718107,23.249400828683));
#3174=CARTESIAN_POINT('Ctrl Pts',(-60.4036755296786,-2.45480546265879,23.7914895876277));
#3175=CARTESIAN_POINT('Ctrl Pts',(-54.3244878603688,-5.72007276245379,24.2666610020061));
#3176=CARTESIAN_POINT('Ctrl Pts',(-48.7125597982002,-7.77425996945127,24.6254137352218));
#3177=CARTESIAN_POINT('Ctrl Pts',(-42.4835614067112,-8.96741267968066,24.9217847985315));
#3178=CARTESIAN_POINT('Ctrl Pts',(-37.5837581930538,-9.28183146936979,25.0694035162338));
#3179=CARTESIAN_POINT('Ctrl Pts',(-33.8608892726991,-9.32019677219042,25.1354728647453));
#3180=CARTESIAN_POINT('Ctrl Pts',(-31.2641505238219,-9.23324866729152,25.1491669481745));
#3181=CARTESIAN_POINT('Ctrl Pts',(-28.7108816623407,-9.04210511598106,25.1132252191934));
#3182=CARTESIAN_POINT('Ctrl Pts',(-25.9291651853211,-8.76142493438222,25.0157580304623));
#3183=CARTESIAN_POINT('Ctrl Pts',(-23.9205055479008,-8.47588407072506,24.8778008977717));
#3184=CARTESIAN_POINT('Ctrl Pts',(-22.4484563301081,-8.21831315879873,24.6572434208933));
#3185=CARTESIAN_POINT('',(-16.4807207134872,-4.54544562111265,24.6437556163425));
#3186=CARTESIAN_POINT('',(-16.4807207134872,-4.54544562111265,24.6437556163425));
#3187=CARTESIAN_POINT('Origin',(-12.8358048996089,1.76773375783585,3.20757558133998));
#3188=CARTESIAN_POINT('Ctrl Pts',(-3.15634796056595,18.5330449659334,14.9499736803203));
#3189=CARTESIAN_POINT('Ctrl Pts',(-3.47472521048795,18.6165268411732,14.8972687057007));
#3190=CARTESIAN_POINT('Ctrl Pts',(-3.79310246040995,18.7000087164131,14.8445637310812));
#3191=CARTESIAN_POINT('Ctrl Pts',(-4.11147971033195,18.783490591653,14.7918587564616));
#3192=CARTESIAN_POINT('Ctrl Pts',(-3.22605152387133,18.7549156275644,15.7224663716173));
#3193=CARTESIAN_POINT('Ctrl Pts',(-3.54386300415546,18.8339126482867,15.659343038373));
#3194=CARTESIAN_POINT('Ctrl Pts',(-3.86175901861506,18.9130896123874,15.5967061299822));
#3195=CARTESIAN_POINT('Ctrl Pts',(-4.17957049889919,18.9920866331097,15.5335827967379));
#3196=CARTESIAN_POINT('Ctrl Pts',(-3.37747802847365,19.2937271334177,16.9890816429183));
#3197=CARTESIAN_POINT('Ctrl Pts',(-3.69275168891993,19.3636100012718,16.9030003658635));
#3198=CARTESIAN_POINT('Ctrl Pts',(-4.00797855030677,19.4333678698482,16.8165666843198));
#3199=CARTESIAN_POINT('Ctrl Pts',(-4.32325221075305,19.5032507377023,16.7304854072649));
#3200=CARTESIAN_POINT('Ctrl Pts',(-3.6012438494575,20.4880887859655,18.3011182688291));
#3201=CARTESIAN_POINT('Ctrl Pts',(-3.9051341990466,20.5431481238322,18.1722783103806));
#3202=CARTESIAN_POINT('Ctrl Pts',(-4.20901445390399,20.598254927203,18.0435636166989));
#3203=CARTESIAN_POINT('Ctrl Pts',(-4.5129048034931,20.6533142650697,17.9147236582504));
#3204=CARTESIAN_POINT('Ctrl Pts',(-3.73986642100751,21.9666143928554,19.0169780654928));
#3205=CARTESIAN_POINT('Ctrl Pts',(-4.02577361265322,22.0094144724713,18.8493572666876));
#3206=CARTESIAN_POINT('Ctrl Pts',(-4.31173848358306,22.0522052469181,18.6817263940977));
#3207=CARTESIAN_POINT('Ctrl Pts',(-4.59764567522878,22.095005326534,18.5141055952925));
#3208=CARTESIAN_POINT('Ctrl Pts',(-3.76746620785335,23.5600873776372,19.3752998986815));
#3209=CARTESIAN_POINT('Ctrl Pts',(-4.0352702059825,23.5944139499848,19.1792204512795));
#3210=CARTESIAN_POINT('Ctrl Pts',(-4.30299759034145,23.6287770308807,18.9832272602963));
#3211=CARTESIAN_POINT('Ctrl Pts',(-4.5708015884706,23.6631036032283,18.7871478128943));
#3212=CARTESIAN_POINT('Ctrl Pts',(-3.70443466882522,25.9874262509936,19.6600988312096));
#3213=CARTESIAN_POINT('Ctrl Pts',(-3.94747257039223,26.0126371401088,19.4317129134241));
#3214=CARTESIAN_POINT('Ctrl Pts',(-4.1905745795334,26.0378091894518,19.2032320909077));
#3215=CARTESIAN_POINT('Ctrl Pts',(-4.43361248110041,26.063020078567,18.9748461731222));
#3216=CARTESIAN_POINT('Ctrl Pts',(-3.41533465842995,28.7958259235879,19.6175615091863));
#3217=CARTESIAN_POINT('Ctrl Pts',(-3.63879026676333,28.8169008171151,19.3709506407466));
#3218=CARTESIAN_POINT('Ctrl Pts',(-3.86221588377121,28.837983718173,19.124353418898));
#3219=CARTESIAN_POINT('Ctrl Pts',(-4.0856714921046,28.8590586117002,18.8777425504582));
#3220=CARTESIAN_POINT('Ctrl Pts',(-2.91151614216218,32.0501818111289,19.4523249497791));
#3221=CARTESIAN_POINT('Ctrl Pts',(-3.12005299908463,32.0691091792646,19.1927693072527));
#3222=CARTESIAN_POINT('Ctrl Pts',(-3.32861392282017,32.0880457959382,18.9332493855399));
#3223=CARTESIAN_POINT('Ctrl Pts',(-3.53715077974262,32.1069731640738,18.6736937430136));
#3224=CARTESIAN_POINT('Ctrl Pts',(-2.32918059082652,35.2265710612384,19.2197470109389));
#3225=CARTESIAN_POINT('Ctrl Pts',(-2.52664580571064,35.2447534246231,18.9517485897192));
#3226=CARTESIAN_POINT('Ctrl Pts',(-2.72408053569842,35.2629148386367,18.6836821022443));
#3227=CARTESIAN_POINT('Ctrl Pts',(-2.92154575058254,35.2810972020214,18.4156836810246));
#3228=CARTESIAN_POINT('Ctrl Pts',(-1.42889315934584,39.3401253947843,18.8539819405773));
#3229=CARTESIAN_POINT('Ctrl Pts',(-1.6170585465372,39.3586643924372,18.5793813712623));
#3230=CARTESIAN_POINT('Ctrl Pts',(-1.80524967225323,39.3772191455994,18.3048258287947));
#3231=CARTESIAN_POINT('Ctrl Pts',(-1.99341505944459,39.3957581432523,18.0302252594797));
#3232=CARTESIAN_POINT('Ctrl Pts',(-0.275208065120566,43.8543708817357,18.3967014924974));
#3233=CARTESIAN_POINT('Ctrl Pts',(-0.45748123419077,43.8743411445973,18.1183321486049));
#3234=CARTESIAN_POINT('Ctrl Pts',(-0.639723449724002,43.8942962548439,17.8399294859464));
#3235=CARTESIAN_POINT('Ctrl Pts',(-0.821996618794206,43.9142665177054,17.5615601420539));
#3236=CARTESIAN_POINT('Ctrl Pts',(0.834469589733377,47.8115351354019,17.9755700358397));
#3237=CARTESIAN_POINT('Ctrl Pts',(0.655444841246431,47.8330867795481,17.6952075293952));
#3238=CARTESIAN_POINT('Ctrl Pts',(0.476368356508884,47.8546620932205,17.4148843219952));
#3239=CARTESIAN_POINT('Ctrl Pts',(0.297343608021939,47.8762137373667,17.1345218155507));
#3240=CARTESIAN_POINT('Ctrl Pts',(1.73461204374209,50.8819873125647,17.6496553857155));
#3241=CARTESIAN_POINT('Ctrl Pts',(1.55753267553987,50.9047828482028,17.368159711739));
#3242=CARTESIAN_POINT('Ctrl Pts',(1.38053128717223,50.9275439561853,17.0866182546084));
#3243=CARTESIAN_POINT('Ctrl Pts',(1.20345191897002,50.9503394918233,16.805122580632));
#3244=CARTESIAN_POINT('Ctrl Pts',(2.4008778457256,53.2627387990755,17.4303827442992));
#3245=CARTESIAN_POINT('Ctrl Pts',(2.2263011763654,53.2859841105116,17.1473806354154));
#3246=CARTESIAN_POINT('Ctrl Pts',(2.0516351193431,53.3092678522469,16.8644253182282));
#3247=CARTESIAN_POINT('Ctrl Pts',(1.8770584499829,53.332513163683,16.5814232093445));
#3248=CARTESIAN_POINT('Ctrl Pts',(2.86526410225765,55.039588679837,17.2925017047848));
#3249=CARTESIAN_POINT('Ctrl Pts',(2.69319784691115,55.0628594526411,17.0079348812125));
#3250=CARTESIAN_POINT('Ctrl Pts',(2.52123508297151,55.0860866385266,16.7233161041616));
#3251=CARTESIAN_POINT('Ctrl Pts',(2.34916882762501,55.1093574113307,16.4387492805893));
#3252=CARTESIAN_POINT('Ctrl Pts',(3.25884794756654,56.9471387776154,17.2126450272314));
#3253=CARTESIAN_POINT('Ctrl Pts',(3.09184795203374,56.9694394478123,16.9250250968923));
#3254=CARTESIAN_POINT('Ctrl Pts',(2.92478100309402,56.9917673692297,16.6374388020978));
#3255=CARTESIAN_POINT('Ctrl Pts',(2.75778100756122,57.0140680394267,16.3498188717587));
#3256=CARTESIAN_POINT('Ctrl Pts',(3.58570472576338,59.4410439760698,17.2134513204876));
#3257=CARTESIAN_POINT('Ctrl Pts',(3.42858965147472,59.4607232521105,16.9199341506941));
#3258=CARTESIAN_POINT('Ctrl Pts',(3.27153533821482,59.480378330091,16.6263867353554));
#3259=CARTESIAN_POINT('Ctrl Pts',(3.11442026392616,59.5000576061317,16.3328695655619));
#3260=CARTESIAN_POINT('Ctrl Pts',(3.25987520546521,62.2790038180774,17.565485879192));
#3261=CARTESIAN_POINT('Ctrl Pts',(3.12650315050923,62.2909089160683,17.259400507274));
#3262=CARTESIAN_POINT('Ctrl Pts',(2.99309184774757,62.3028299995004,16.9533362636232));
#3263=CARTESIAN_POINT('Ctrl Pts',(2.8597197927916,62.3147350974913,16.6472508917052));
#3264=CARTESIAN_POINT('Ctrl Pts',(1.79493198372721,65.0207467090444,18.1730755835741));
#3265=CARTESIAN_POINT('Ctrl Pts',(1.69500875831865,65.0221871400245,17.8545492297913));
#3266=CARTESIAN_POINT('Ctrl Pts',(1.59509006196604,65.0236251952696,17.536018678386));
#3267=CARTESIAN_POINT('Ctrl Pts',(1.49516683655748,65.0250656262497,17.2174923246031));
#3268=CARTESIAN_POINT('Ctrl Pts',(0.0076663748402946,67.1470166831984,18.6412373686716));
#3269=CARTESIAN_POINT('Ctrl Pts',(-0.0665808410811287,67.1411339412853,
18.3160437963482));
#3270=CARTESIAN_POINT('Ctrl Pts',(-0.140823089611985,67.1352492334305,17.9908476397397));
#3271=CARTESIAN_POINT('Ctrl Pts',(-0.215070305533408,67.1293664915174,17.6656540674163));
#3272=CARTESIAN_POINT('Ctrl Pts',(-2.18915782218972,69.0656061915482,19.0227884232487));
#3273=CARTESIAN_POINT('Ctrl Pts',(-2.24224322390777,69.0542128626832,18.6936934312741));
#3274=CARTESIAN_POINT('Ctrl Pts',(-2.29533478486308,69.042822528787,18.364603214285));
#3275=CARTESIAN_POINT('Ctrl Pts',(-2.34842018658113,69.031429199922,18.0355082223104));
#3276=CARTESIAN_POINT('Ctrl Pts',(-5.17510451595261,71.0666600122162,19.3452651771622));
#3277=CARTESIAN_POINT('Ctrl Pts',(-5.20922544897097,71.0508698868198,19.0139088448446));
#3278=CARTESIAN_POINT('Ctrl Pts',(-5.24334448717624,71.0350771497849,18.6825465557295));
#3279=CARTESIAN_POINT('Ctrl Pts',(-5.2774654201946,71.0192870243884,18.3511902234119));
#3280=CARTESIAN_POINT('Ctrl Pts',(-8.2497801830782,72.551584448326,19.5222586419242));
#3281=CARTESIAN_POINT('Ctrl Pts',(-8.27190966345377,72.5334021576739,19.1901049240709));
#3282=CARTESIAN_POINT('Ctrl Pts',(-8.29402314157193,72.5152179025168,18.857955545505));
#3283=CARTESIAN_POINT('Ctrl Pts',(-8.31615262194751,72.4970356118647,18.5258018276517));
#3284=CARTESIAN_POINT('Ctrl Pts',(-11.4693807757488,73.6621061526191,19.6226632591377));
#3285=CARTESIAN_POINT('Ctrl Pts',(-11.4828663156567,73.6423997345632,19.2901666091976));
#3286=CARTESIAN_POINT('Ctrl Pts',(-11.4963724579543,73.622697601485,18.9576690927714));
#3287=CARTESIAN_POINT('Ctrl Pts',(-11.5098579978622,73.6029911834291,18.6251724428313));
#3288=CARTESIAN_POINT('Ctrl Pts',(-14.1331416767537,74.3213854674034,19.6685823044704));
#3289=CARTESIAN_POINT('Ctrl Pts',(-14.1412841060927,74.3008394550603,19.335971690531));
#3290=CARTESIAN_POINT('Ctrl Pts',(-14.1494152746357,74.2802905736558,19.003360569742));
#3291=CARTESIAN_POINT('Ctrl Pts',(-14.1575577039748,74.2597445613127,18.6707499558027));
#3292=CARTESIAN_POINT('Ctrl Pts',(-17.0027858812245,74.7808565397872,19.6913097788128));
#3293=CARTESIAN_POINT('Ctrl Pts',(-17.0064644406325,74.7596810429661,19.3586609526591));
#3294=CARTESIAN_POINT('Ctrl Pts',(-17.0101434064544,74.7385060024833,19.0260124422111));
#3295=CARTESIAN_POINT('Ctrl Pts',(-17.0138219658624,74.7173305056622,18.6933636160574));
#3296=CARTESIAN_POINT('Ctrl Pts',(-21.2111038062452,75.0667870746229,19.6955274545649));
#3297=CARTESIAN_POINT('Ctrl Pts',(-21.2098045484936,75.044998336189,19.3628963174761));
#3298=CARTESIAN_POINT('Ctrl Pts',(-21.2085084209767,75.0232099003043,19.0302649622961));
#3299=CARTESIAN_POINT('Ctrl Pts',(-21.2072091632251,75.0014211618704,18.6976338252073));
#3300=CARTESIAN_POINT('Ctrl Pts',(-28.6305355236884,74.5715243318977,19.6552035191042));
#3301=CARTESIAN_POINT('Ctrl Pts',(-28.6234666488133,74.5491832627249,19.3226782106645));
#3302=CARTESIAN_POINT('Ctrl Pts',(-28.6163958967236,74.5268419954413,18.9901530633741));
#3303=CARTESIAN_POINT('Ctrl Pts',(-28.6093270218485,74.5045009262685,18.6576277549344));
#3304=CARTESIAN_POINT('Ctrl Pts',(-37.8138244557987,71.8019736032818,19.591028241131));
#3305=CARTESIAN_POINT('Ctrl Pts',(-37.8031964510998,71.7794352237156,19.2586260885644));
#3306=CARTESIAN_POINT('Ctrl Pts',(-37.7925652762424,71.7568961249194,18.9262237064869));
#3307=CARTESIAN_POINT('Ctrl Pts',(-37.7819372715435,71.7343577453532,18.5938215539203));
#3308=CARTESIAN_POINT('Ctrl Pts',(-45.3939734232368,67.6610210894337,19.6000797162666));
#3309=CARTESIAN_POINT('Ctrl Pts',(-45.3815414033466,67.6383925273632,19.2677467039742));
#3310=CARTESIAN_POINT('Ctrl Pts',(-45.3691116098538,67.615764397046,18.9354137755395));
#3311=CARTESIAN_POINT('Ctrl Pts',(-45.3566795899636,67.5931358349756,18.6030807632471));
#3312=CARTESIAN_POINT('Ctrl Pts',(-52.394470641572,62.8165170268414,19.6560631741839));
#3313=CARTESIAN_POINT('Ctrl Pts',(-52.380756304865,62.7938253946727,19.3237855915013));
#3314=CARTESIAN_POINT('Ctrl Pts',(-52.3670403035575,62.77113346671,18.9915079628221));
#3315=CARTESIAN_POINT('Ctrl Pts',(-52.3533259668505,62.7484418345414,18.6592303801395));
#3316=CARTESIAN_POINT('Ctrl Pts',(-59.5990355562597,56.3653872387628,19.7901846926153));
#3317=CARTESIAN_POINT('Ctrl Pts',(-59.5843658418737,56.3426327311552,19.4579520027739));
#3318=CARTESIAN_POINT('Ctrl Pts',(-59.5696978717444,56.3198785021209,19.1257193547739));
#3319=CARTESIAN_POINT('Ctrl Pts',(-59.5550281573584,56.2971239945133,18.7934866649326));
#3320=CARTESIAN_POINT('Ctrl Pts',(-65.3464041706186,48.4900387737817,20.0688421274846));
#3321=CARTESIAN_POINT('Ctrl Pts',(-65.3311789916804,48.4672149953358,19.7366398465814));
#3322=CARTESIAN_POINT('Ctrl Pts',(-65.3159528271214,48.444391082927,19.4044375320421));
#3323=CARTESIAN_POINT('Ctrl Pts',(-65.3007276481832,48.4215673044812,19.0722352511389));
#3324=CARTESIAN_POINT('Ctrl Pts',(-68.2668717794459,42.8684902506537,20.3199052677506));
#3325=CARTESIAN_POINT('Ctrl Pts',(-68.2513670895747,42.8456237264142,19.987718752277));
#3326=CARTESIAN_POINT('Ctrl Pts',(-68.2358628777687,42.8227572037829,19.6555322645767));
#3327=CARTESIAN_POINT('Ctrl Pts',(-68.2203581878975,42.7998906795434,19.3233457491032));
#3328=CARTESIAN_POINT('Ctrl Pts',(-70.3490988913142,38.1855876342269,20.5447748915736));
#3329=CARTESIAN_POINT('Ctrl Pts',(-70.3333933465187,38.1626890990331,20.2126001461064));
#3330=CARTESIAN_POINT('Ctrl Pts',(-70.3176875416594,38.1397909716543,19.8804253600419));
#3331=CARTESIAN_POINT('Ctrl Pts',(-70.3019819968639,38.1168924364605,19.5482506145746));
#3332=CARTESIAN_POINT('Ctrl Pts',(-72.3444583122797,31.5025803810887,20.9105827176611));
#3333=CARTESIAN_POINT('Ctrl Pts',(-72.3285359214525,31.4796526957103,20.5784200718188));
#3334=CARTESIAN_POINT('Ctrl Pts',(-72.3126134638871,31.4567242252334,20.2462574290809));
#3335=CARTESIAN_POINT('Ctrl Pts',(-72.2966910730599,31.433796539855,19.9140947832387));
#3336=CARTESIAN_POINT('Ctrl Pts',(-73.1440761630077,22.0439774213235,21.5245492822417));
#3337=CARTESIAN_POINT('Ctrl Pts',(-73.1279317923359,22.0210694387179,21.192396368431));
#3338=CARTESIAN_POINT('Ctrl Pts',(-73.1117877164784,21.9981625636608,20.8602435203811));
#3339=CARTESIAN_POINT('Ctrl Pts',(-73.0956433458066,21.9752545810552,20.5280906065705));
#3340=CARTESIAN_POINT('Ctrl Pts',(-71.7896047687634,14.2402807697743,22.1268270082516));
#3341=CARTESIAN_POINT('Ctrl Pts',(-71.7733440900598,14.2175372309033,21.7946679065666));
#3342=CARTESIAN_POINT('Ctrl Pts',(-71.7570828429193,14.1947922203135,21.462508666358));
#3343=CARTESIAN_POINT('Ctrl Pts',(-71.7408221642157,14.1720486814425,21.130349564673));
#3344=CARTESIAN_POINT('Ctrl Pts',(-69.1553641581653,7.98366284189915,22.6805439223579));
#3345=CARTESIAN_POINT('Ctrl Pts',(-69.1390670876508,7.96126763673255,22.3483635279102));
#3346=CARTESIAN_POINT('Ctrl Pts',(-69.1227704641561,7.93887351505352,22.0161833271601));
#3347=CARTESIAN_POINT('Ctrl Pts',(-69.1064733936416,7.91647830988691,21.6840029327124));
#3348=CARTESIAN_POINT('Ctrl Pts',(-65.4505241186419,2.17857799718107,23.249400828683));
#3349=CARTESIAN_POINT('Ctrl Pts',(-65.4342812051114,2.15679959613843,22.9171755477128));
#3350=CARTESIAN_POINT('Ctrl Pts',(-65.4180378243627,2.13502011960199,22.5849495945094));
#3351=CARTESIAN_POINT('Ctrl Pts',(-65.4017949108323,2.11324171855935,22.2527243135392));
#3352=CARTESIAN_POINT('Ctrl Pts',(-60.4036755296786,-2.45480546265879,23.7914895876277));
#3353=CARTESIAN_POINT('Ctrl Pts',(-60.3876461731333,-2.47550949517523,23.4591859821333));
#3354=CARTESIAN_POINT('Ctrl Pts',(-60.3716169475864,-2.49621329188058,23.1268839788078));
#3355=CARTESIAN_POINT('Ctrl Pts',(-60.3555875910411,-2.51691732439703,22.7945803733134));
#3356=CARTESIAN_POINT('Ctrl Pts',(-54.3244878603688,-5.72007276245379,24.2666610020061));
#3357=CARTESIAN_POINT('Ctrl Pts',(-54.3091351021263,-5.73857719579264,23.9341904239308));
#3358=CARTESIAN_POINT('Ctrl Pts',(-54.293782785015,-5.75708024811326,23.6017165424384));
#3359=CARTESIAN_POINT('Ctrl Pts',(-54.2784300267725,-5.77558468145211,23.2692459643631));
#3360=CARTESIAN_POINT('Ctrl Pts',(-48.7125597982002,-7.77425996945127,24.6254137352218));
#3361=CARTESIAN_POINT('Ctrl Pts',(-48.6982332581664,-7.78991065723715,24.2927552263962));
#3362=CARTESIAN_POINT('Ctrl Pts',(-48.6839049065232,-7.80556735990997,23.9601048836474));
#3363=CARTESIAN_POINT('Ctrl Pts',(-48.6695783664895,-7.82121804769586,23.6274463748218));
#3364=CARTESIAN_POINT('Ctrl Pts',(-42.4835614067112,-8.96741267968066,24.9217847985315));
#3365=CARTESIAN_POINT('Ctrl Pts',(-42.4713072316029,-8.97802318103117,24.5888037678399));
#3366=CARTESIAN_POINT('Ctrl Pts',(-42.459056801787,-8.98862092653869,24.2558059136056));
#3367=CARTESIAN_POINT('Ctrl Pts',(-42.4468026266786,-8.99923142788921,23.9228248829141));
#3368=CARTESIAN_POINT('Ctrl Pts',(-37.5837581930538,-9.28183146936979,25.0694035162338));
#3369=CARTESIAN_POINT('Ctrl Pts',(-37.5751720293574,-9.28485074744633,24.7361698495627));
#3370=CARTESIAN_POINT('Ctrl Pts',(-37.5665771767314,-9.28789618504775,24.4029674308038));
#3371=CARTESIAN_POINT('Ctrl Pts',(-37.557991013035,-9.29091546312429,24.0697337641327));
#3372=CARTESIAN_POINT('Ctrl Pts',(-33.8608892726991,-9.32019677219042,25.1354728647453));
#3373=CARTESIAN_POINT('Ctrl Pts',(-33.8571481583283,-9.31413639973506,24.8021425491511));
#3374=CARTESIAN_POINT('Ctrl Pts',(-33.8534245933522,-9.3080251065454,24.4687489339455));
#3375=CARTESIAN_POINT('Ctrl Pts',(-33.8496834789814,-9.30196473409003,24.1354186183513));
#3376=CARTESIAN_POINT('Ctrl Pts',(-31.2641505238219,-9.23324866729152,25.1491669481745));
#3377=CARTESIAN_POINT('Ctrl Pts',(-31.2654491359241,-9.21835209851369,24.8161281872952));
#3378=CARTESIAN_POINT('Ctrl Pts',(-31.266708162812,-9.20356058495631,24.4832128290052));
#3379=CARTESIAN_POINT('Ctrl Pts',(-31.2680067749143,-9.18866401617848,24.1501740681259));
#3380=CARTESIAN_POINT('Ctrl Pts',(-28.7108816623407,-9.04210511598106,25.1132252191934));
#3381=CARTESIAN_POINT('Ctrl Pts',(-28.7206876478262,-9.01338126930773,24.7810225134767));
#3382=CARTESIAN_POINT('Ctrl Pts',(-28.7305475624883,-8.98448323210766,24.4485709599682));
#3383=CARTESIAN_POINT('Ctrl Pts',(-28.7403535479739,-8.95575938543433,24.1163682542515));
#3384=CARTESIAN_POINT('Ctrl Pts',(-25.9291651853211,-8.76142493438222,25.0157580304623));
#3385=CARTESIAN_POINT('Ctrl Pts',(-25.9530088416356,-8.71155948950036,24.6868537641423));
#3386=CARTESIAN_POINT('Ctrl Pts',(-25.9767997258853,-8.66211182725738,24.3588423679538));
#3387=CARTESIAN_POINT('Ctrl Pts',(-26.0006433821999,-8.61224638237552,24.0299381016338));
#3388=CARTESIAN_POINT('Ctrl Pts',(-23.9205055479008,-8.47588407072506,24.8778008977717));
#3389=CARTESIAN_POINT('Ctrl Pts',(-23.9612511439105,-8.40186332772521,24.5534447335118));
#3390=CARTESIAN_POINT('Ctrl Pts',(-24.0019957806369,-8.32714261378067,24.2272366258899));
#3391=CARTESIAN_POINT('Ctrl Pts',(-24.0427413766466,-8.25312187078082,23.90288046163));
#3392=CARTESIAN_POINT('Ctrl Pts',(-22.4484563301081,-8.21831315879873,24.6572434208933));
#3393=CARTESIAN_POINT('Ctrl Pts',(-22.5130902670451,-8.11443353401563,24.3471747367892));
#3394=CARTESIAN_POINT('Ctrl Pts',(-22.5777242039821,-8.01055390923254,24.0371060526851));
#3395=CARTESIAN_POINT('Ctrl Pts',(-22.6423581409191,-7.90667428444944,23.7270373685809));
#3396=CARTESIAN_POINT('',(-3.15634796056595,18.5330449659334,14.9499736803203));
#3397=CARTESIAN_POINT('',(-22.4484563301081,-8.21831315879873,24.6572434208933));
#3398=CARTESIAN_POINT('Ctrl Pts',(-3.15634796056595,18.5330449659334,14.9499736803203));
#3399=CARTESIAN_POINT('Ctrl Pts',(-3.47472521048795,18.6165268411732,14.8972687057007));
#3400=CARTESIAN_POINT('Ctrl Pts',(-3.79310246040995,18.7000087164131,14.8445637310812));
#3401=CARTESIAN_POINT('Ctrl Pts',(-4.11147971033195,18.783490591653,14.7918587564616));
#3402=CARTESIAN_POINT('Ctrl Pts',(-3.53472372060429,17.8776789251945,16.197579780947));
#3403=CARTESIAN_POINT('Ctrl Pts',(-3.85484459251439,17.9551266874191,16.1343792717938));
#3404=CARTESIAN_POINT('Ctrl Pts',(-4.16945973663502,18.0306167977975,16.0692310382359));
#3405=CARTESIAN_POINT('Ctrl Pts',(-4.48958060854512,18.1080645600222,16.0060305290827));
#3406=CARTESIAN_POINT('Ctrl Pts',(-4.41242064969795,16.357463250357,18.5460498979739));
#3407=CARTESIAN_POINT('Ctrl Pts',(-4.72588704159194,16.4167799764336,18.4531149990895));
#3408=CARTESIAN_POINT('Ctrl Pts',(-5.04081663131982,16.4767638006375,18.3609474037085));
#3409=CARTESIAN_POINT('Ctrl Pts',(-5.3542830232138,16.536080526714,18.2680125048241));
#3410=CARTESIAN_POINT('Ctrl Pts',(-6.04292844370611,13.5333409089979,21.4970629008311));
#3411=CARTESIAN_POINT('Ctrl Pts',(-6.34185545881974,13.5532229729809,21.3311025064298));
#3412=CARTESIAN_POINT('Ctrl Pts',(-6.63837045378961,13.57179921304,21.163453176909));
#3413=CARTESIAN_POINT('Ctrl Pts',(-6.93729746890324,13.591681277023,20.9974927825076));
#3414=CARTESIAN_POINT('Ctrl Pts',(-7.92649095772448,10.2709149354859,23.766738793789));
#3415=CARTESIAN_POINT('Ctrl Pts',(-8.12480232011741,10.2225696657708,23.4825134078792));
#3416=CARTESIAN_POINT('Ctrl Pts',(-8.32367943709734,10.1743492272504,23.1984476272884));
#3417=CARTESIAN_POINT('Ctrl Pts',(-8.52199079949026,10.1260039575353,22.9142222413786));
#3418=CARTESIAN_POINT('Ctrl Pts',(-9.9930557736463,6.69151967717511,25.2700880485717));
#3419=CARTESIAN_POINT('Ctrl Pts',(-10.030705136966,6.61576956050901,24.939033291987));
#3420=CARTESIAN_POINT('Ctrl Pts',(-10.0697831411252,6.54111083158673,24.609110409331));
#3421=CARTESIAN_POINT('Ctrl Pts',(-10.1074325044448,6.46536071492064,24.2780556527463));
#3422=CARTESIAN_POINT('Ctrl Pts',(-12.1655152750436,2.9287094433692,25.9514411730295));
#3423=CARTESIAN_POINT('Ctrl Pts',(-12.1371883743406,2.88983377045509,25.6224739346951));
#3424=CARTESIAN_POINT('Ctrl Pts',(-12.1089820847561,2.85005801446458,25.2944615449068));
#3425=CARTESIAN_POINT('Ctrl Pts',(-12.0806551840531,2.81118234155046,24.9654943065725));
#3426=CARTESIAN_POINT('Ctrl Pts',(-14.3629686524319,-0.877391453531197,
25.7852493936261));
#3427=CARTESIAN_POINT('Ctrl Pts',(-14.3556468490012,-0.82919613290048,25.4459079186331));
#3428=CARTESIAN_POINT('Ctrl Pts',(-14.3491726160947,-0.779138670105147,
25.1059787557064));
#3429=CARTESIAN_POINT('Ctrl Pts',(-14.3418508126639,-0.73094334947443,24.7666372807134));
#3430=CARTESIAN_POINT('Ctrl Pts',(-15.7899818333459,-3.34905078594471,25.1135566841404));
#3431=CARTESIAN_POINT('Ctrl Pts',(-15.8582719886203,-3.21258468890616,24.8102113288842));
#3432=CARTESIAN_POINT('Ctrl Pts',(-15.926516139654,-3.07905405775243,24.5112785521677));
#3433=CARTESIAN_POINT('Ctrl Pts',(-15.9948062949283,-2.94258796071388,24.2079331969115));
#3434=CARTESIAN_POINT('Ctrl Pts',(-16.4807207134872,-4.54544562111265,24.6437556163425));
#3435=CARTESIAN_POINT('Ctrl Pts',(-16.5831381507857,-4.38003004121856,24.3730907579353));
#3436=CARTESIAN_POINT('Ctrl Pts',(-16.6855555880843,-4.21461446132447,24.1024258995281));
#3437=CARTESIAN_POINT('Ctrl Pts',(-16.7879730253828,-4.04919888143039,23.8317610411208));
#3438=CARTESIAN_POINT('',(-16.4807207134872,-4.54544562111265,24.6437556163425));
#3439=CARTESIAN_POINT('Ctrl Pts',(-16.4807207134872,-4.54544562111265,24.6437556163425));
#3440=CARTESIAN_POINT('Ctrl Pts',(-16.5831381507857,-4.38003004121856,24.3730907579353));
#3441=CARTESIAN_POINT('Ctrl Pts',(-16.6855555880843,-4.21461446132447,24.1024258995281));
#3442=CARTESIAN_POINT('Ctrl Pts',(-16.7879730253828,-4.04919888143039,23.8317610411208));
#3443=CARTESIAN_POINT('Ctrl Pts',(-18.4699659190275,-5.76973480034134,24.6482515511928));
#3444=CARTESIAN_POINT('Ctrl Pts',(-18.5558479861957,-5.6312684159452,24.3551880845243));
#3445=CARTESIAN_POINT('Ctrl Pts',(-18.6418579732429,-5.49259716254624,24.0613138626176));
#3446=CARTESIAN_POINT('Ctrl Pts',(-18.7277400404112,-5.3541307781501,23.7682503959491));
#3447=CARTESIAN_POINT('Ctrl Pts',(-20.4592111245678,-6.99402397957004,24.652747486043));
#3448=CARTESIAN_POINT('Ctrl Pts',(-20.53311473339,-6.87505631651424,24.3499012461251));
#3449=CARTESIAN_POINT('Ctrl Pts',(-20.607059633501,-6.75602404455217,24.0463791704646));
#3450=CARTESIAN_POINT('Ctrl Pts',(-20.6809632423232,-6.63705638149638,23.7435329305467));
#3451=CARTESIAN_POINT('Ctrl Pts',(-22.4484563301081,-8.21831315879873,24.6572434208933));
#3452=CARTESIAN_POINT('Ctrl Pts',(-22.5130902670451,-8.11443353401564,24.3471747367892));
#3453=CARTESIAN_POINT('Ctrl Pts',(-22.5777242039821,-8.01055390923254,24.0371060526851));
#3454=CARTESIAN_POINT('Ctrl Pts',(-22.6423581409191,-7.90667428444945,23.7270373685809));
#3455=CARTESIAN_POINT('',(0.,0.,0.));
#3456=UNCERTAINTY_MEASURE_WITH_UNIT(LENGTH_MEASURE(0.01),#3462,
'DISTANCE_ACCURACY_VALUE',
'Maximum model space distance between geometric entities at asserted c
onnectivities');
#3457=UNCERTAINTY_MEASURE_WITH_UNIT(LENGTH_MEASURE(0.01),#3462,
'DISTANCE_ACCURACY_VALUE',
'Maximum model space distance between geometric entities at asserted c
onnectivities');
#3458=UNCERTAINTY_MEASURE_WITH_UNIT(LENGTH_MEASURE(0.01),#3462,
'DISTANCE_ACCURACY_VALUE',
'Maximum model space distance between geometric entities at asserted c
onnectivities');
#3459=(
GEOMETRIC_REPRESENTATION_CONTEXT(3)
GLOBAL_UNCERTAINTY_ASSIGNED_CONTEXT((#3456))
GLOBAL_UNIT_ASSIGNED_CONTEXT((#3462,#3464,#3465))
REPRESENTATION_CONTEXT('','3D')
);
#3460=(
GEOMETRIC_REPRESENTATION_CONTEXT(3)
GLOBAL_UNCERTAINTY_ASSIGNED_CONTEXT((#3457))
GLOBAL_UNIT_ASSIGNED_CONTEXT((#3462,#3464,#3465))
REPRESENTATION_CONTEXT('','3D')
);
#3461=(
GEOMETRIC_REPRESENTATION_CONTEXT(3)
GLOBAL_UNCERTAINTY_ASSIGNED_CONTEXT((#3458))
GLOBAL_UNIT_ASSIGNED_CONTEXT((#3462,#3464,#3465))
REPRESENTATION_CONTEXT('','3D')
);
#3462=(
LENGTH_UNIT()
NAMED_UNIT(*)
SI_UNIT(.MILLI.,.METRE.)
);
#3463=(
LENGTH_UNIT()
NAMED_UNIT(*)
SI_UNIT($,.METRE.)
);
#3464=(
NAMED_UNIT(*)
PLANE_ANGLE_UNIT()
SI_UNIT($,.RADIAN.)
);
#3465=(
NAMED_UNIT(*)
SI_UNIT($,.STERADIAN.)
SOLID_ANGLE_UNIT()
);
#3466=SHAPE_DEFINITION_REPRESENTATION(#3468,#3471);
#3467=SHAPE_DEFINITION_REPRESENTATION(#3469,#3472);
#3468=PRODUCT_DEFINITION_SHAPE('',$,#3474);
#3469=PRODUCT_DEFINITION_SHAPE('',$,#3475);
#3470=PRODUCT_DEFINITION_SHAPE($,$,#14);
#3471=SHAPE_REPRESENTATION('',(#465,#475),#3459);
#3472=SHAPE_REPRESENTATION('',(#466),#3460);
#3473=PRODUCT_DEFINITION_CONTEXT('part definition',#3481,'design');
#3474=PRODUCT_DEFINITION('2026-10-01-20-31-07-453','Propeller',#3476,#3473);
#3475=PRODUCT_DEFINITION('2026-10-02-01-33-44-837','pROPELLER',#3477,#3473);
#3476=PRODUCT_DEFINITION_FORMATION('',$,#3483);
#3477=PRODUCT_DEFINITION_FORMATION('',$,#3484);
#3478=PRODUCT_RELATED_PRODUCT_CATEGORY('Propeller','Propeller',(#3483));
#3479=PRODUCT_RELATED_PRODUCT_CATEGORY('pROPELLER','pROPELLER',(#3484));
#3480=APPLICATION_PROTOCOL_DEFINITION('international standard',
'automotive_design',2009,#3481);
#3481=APPLICATION_CONTEXT(
'Core Data for Automotive Mechanical Design Process');
#3482=PRODUCT_CONTEXT('part definition',#3481,'mechanical');
#3483=PRODUCT('2026-10-01-20-31-07-453','Propeller',$,(#3482));
#3484=PRODUCT('2026-10-02-01-33-44-837','pROPELLER',$,(#3482));
#3485=PRESENTATION_STYLE_ASSIGNMENT((#3486));
#3486=SURFACE_STYLE_USAGE(.BOTH.,#3487);
#3487=SURFACE_SIDE_STYLE('',(#3488));
#3488=SURFACE_STYLE_FILL_AREA(#3489);
#3489=FILL_AREA_STYLE('Steel - Satin',(#3490));
#3490=FILL_AREA_STYLE_COLOUR('Steel - Satin',#3491);
#3491=COLOUR_RGB('Steel - Satin',0.627450980392157,0.627450980392157,0.627450980392157);
ENDSEC;
END-ISO-10303-21;
