ISO-10303-21;
HEADER;
/* Generated by software containing ST-Developer
 * from STEP Tools, Inc. (www.steptools.com) 
 */

FILE_DESCRIPTION(
/* description */ (''),
/* implementation_level */ '2;1');

FILE_NAME(
/* name */ 'Screw Drier.step',
/* time_stamp */ '2026-09-29T23:49:10-04:00',
/* author */ (''),
/* organization */ (''),
/* preprocessor_version */ 'ST-DEVELOPER v20.2',
/* originating_system */ 'Autodesk Translation Framework v15.15.0.0',
/* authorisation */ '');

FILE_SCHEMA (('AUTOMOTIVE_DESIGN { 1 0 10303 214 3 1 1 }'));
ENDSEC;

DATA;
#10=MECHANICAL_DESIGN_GEOMETRIC_PRESENTATION_REPRESENTATION('',(#46,#47,
#48,#49,#50,#51,#52,#53,#54),#3641);
#11=ITEM_DEFINED_TRANSFORMATION($,$,#1124,#1266);
#12=ITEM_DEFINED_TRANSFORMATION($,$,#1250,#1267);
#13=ITEM_DEFINED_TRANSFORMATION($,$,#1256,#1268);
#14=(
REPRESENTATION_RELATIONSHIP($,$,#3658,#3657)
REPRESENTATION_RELATIONSHIP_WITH_TRANSFORMATION(#11)
SHAPE_REPRESENTATION_RELATIONSHIP()
);
#15=(
REPRESENTATION_RELATIONSHIP($,$,#3659,#3657)
REPRESENTATION_RELATIONSHIP_WITH_TRANSFORMATION(#12)
SHAPE_REPRESENTATION_RELATIONSHIP()
);
#16=(
REPRESENTATION_RELATIONSHIP($,$,#3660,#3657)
REPRESENTATION_RELATIONSHIP_WITH_TRANSFORMATION(#13)
SHAPE_REPRESENTATION_RELATIONSHIP()
);
#17=CONTEXT_DEPENDENT_SHAPE_REPRESENTATION(#14,#3654);
#18=CONTEXT_DEPENDENT_SHAPE_REPRESENTATION(#15,#3655);
#19=CONTEXT_DEPENDENT_SHAPE_REPRESENTATION(#16,#3656);
#20=NEXT_ASSEMBLY_USAGE_OCCURRENCE('Handle:1','Handle:1','Handle:1',#3662,
#3663,'Handle:1');
#21=NEXT_ASSEMBLY_USAGE_OCCURRENCE('Shank:1','Shank:1','Shank:1',#3662,
#3664,'Shank:1');
#22=NEXT_ASSEMBLY_USAGE_OCCURRENCE('Tip:1','Tip:1','Tip:1',#3662,#3665,
'Tip:1');
#23=SHAPE_REPRESENTATION_RELATIONSHIP('SRR','None',#3658,#26);
#24=SHAPE_REPRESENTATION_RELATIONSHIP('SRR','None',#3659,#27);
#25=SHAPE_REPRESENTATION_RELATIONSHIP('SRR','None',#3660,#28);
#26=ADVANCED_BREP_SHAPE_REPRESENTATION('',(#29),#3638);
#27=ADVANCED_BREP_SHAPE_REPRESENTATION('',(#30),#3639);
#28=ADVANCED_BREP_SHAPE_REPRESENTATION('',(#31),#3640);
#29=MANIFOLD_SOLID_BREP('Body1',#1086);
#30=MANIFOLD_SOLID_BREP('Body1',#1087);
#31=MANIFOLD_SOLID_BREP('Body1',#1088);
#32=FACE_BOUND('',#286,.T.);
#33=PLANE('',#1150);
#34=PLANE('',#1166);
#35=PLANE('',#1182);
#36=PLANE('',#1203);
#37=PLANE('',#1218);
#38=PLANE('',#1233);
#39=PLANE('',#1234);
#40=PLANE('',#1236);
#41=PLANE('',#1247);
#42=PLANE('',#1254);
#43=PLANE('',#1255);
#44=PLANE('',#1258);
#45=PLANE('',#1265);
#46=STYLED_ITEM('',(#3683),#1022);
#47=STYLED_ITEM('',(#3683),#1031);
#48=STYLED_ITEM('',(#3683),#1040);
#49=STYLED_ITEM('',(#3683),#1050);
#50=STYLED_ITEM('',(#3683),#1059);
#51=STYLED_ITEM('',(#3683),#1068);
#52=STYLED_ITEM('',(#3682),#29);
#53=STYLED_ITEM('',(#3684),#30);
#54=STYLED_ITEM('',(#3684),#31);
#55=(
BOUNDED_SURFACE()
B_SPLINE_SURFACE(2,2,((#1893,#1894,#1895,#1896,#1897,#1898,#1899,#1900,
#1901),(#1902,#1903,#1904,#1905,#1906,#1907,#1908,#1909,#1910),(#1911,#1912,
#1913,#1914,#1915,#1916,#1917,#1918,#1919)),.UNSPECIFIED.,.F.,.T.,.F.)
B_SPLINE_SURFACE_WITH_KNOTS((3,3),(3,2,2,2,3),(-3.5527136788005E-15,1.5707963267949),
(-3.14159265358979,-1.5707963267949,0.,1.5707963267949,3.14159265358979),
 .UNSPECIFIED.)
GEOMETRIC_REPRESENTATION_ITEM()
RATIONAL_B_SPLINE_SURFACE(((1.,0.707106781186548,1.,0.707106781186548,1.,
0.707106781186548,1.,0.707106781186548,1.),(0.707106781186546,0.499999999999999,
0.707106781186546,0.499999999999999,0.707106781186546,0.499999999999999,
0.707106781186546,0.499999999999999,0.707106781186546),(1.,0.707106781186548,
1.,0.707106781186548,1.,0.707106781186548,1.,0.707106781186548,1.)))
REPRESENTATION_ITEM('')
SURFACE()
);
#56=TOROIDAL_SURFACE('',#1133,2.,1.);
#57=TOROIDAL_SURFACE('',#1136,13.,1.);
#58=TOROIDAL_SURFACE('',#1159,2.,1.);
#59=TOROIDAL_SURFACE('',#1162,13.,1.);
#60=TOROIDAL_SURFACE('',#1175,2.,1.);
#61=TOROIDAL_SURFACE('',#1178,13.,1.);
#62=TOROIDAL_SURFACE('',#1191,13.,1.);
#63=TOROIDAL_SURFACE('',#1194,2.,1.);
#64=TOROIDAL_SURFACE('',#1212,2.,1.);
#65=TOROIDAL_SURFACE('',#1215,13.,1.);
#66=TOROIDAL_SURFACE('',#1227,2.,1.);
#67=TOROIDAL_SURFACE('',#1230,13.,1.);
#68=TOROIDAL_SURFACE('',#1238,9.,5.);
#69=TOROIDAL_SURFACE('',#1241,9.,5.);
#70=TOROIDAL_SURFACE('',#1248,25.,14.);
#71=LINE('',#1793,#101);
#72=LINE('',#1794,#102);
#73=LINE('',#1883,#103);
#74=LINE('',#1884,#104);
#75=LINE('',#2162,#105);
#76=LINE('',#2163,#106);
#77=LINE('',#2239,#107);
#78=LINE('',#2240,#108);
#79=LINE('',#2448,#109);
#80=LINE('',#2449,#110);
#81=LINE('',#2525,#111);
#82=LINE('',#2526,#112);
#83=LINE('',#2734,#113);
#84=LINE('',#2735,#114);
#85=LINE('',#2811,#115);
#86=LINE('',#2812,#116);
#87=LINE('',#2821,#117);
#88=LINE('',#2848,#118);
#89=LINE('',#2850,#119);
#90=LINE('',#2878,#120);
#91=LINE('',#2880,#121);
#92=LINE('',#3058,#122);
#93=LINE('',#3134,#123);
#94=LINE('',#3307,#124);
#95=LINE('',#3383,#125);
#96=LINE('',#3534,#126);
#97=LINE('',#3544,#127);
#98=LINE('',#3583,#128);
#99=LINE('',#3588,#129);
#100=LINE('',#3626,#130);
#101=VECTOR('',#1285,10.);
#102=VECTOR('',#1286,10.);
#103=VECTOR('',#1291,10.);
#104=VECTOR('',#1292,10.);
#105=VECTOR('',#1341,10.);
#106=VECTOR('',#1342,10.);
#107=VECTOR('',#1347,10.);
#108=VECTOR('',#1348,10.);
#109=VECTOR('',#1377,10.);
#110=VECTOR('',#1378,10.);
#111=VECTOR('',#1383,10.);
#112=VECTOR('',#1384,10.);
#113=VECTOR('',#1413,10.);
#114=VECTOR('',#1414,10.);
#115=VECTOR('',#1419,10.);
#116=VECTOR('',#1420,10.);
#117=VECTOR('',#1435,10.);
#118=VECTOR('',#1438,10.);
#119=VECTOR('',#1439,10.);
#120=VECTOR('',#1442,10.);
#121=VECTOR('',#1443,14.);
#122=VECTOR('',#1464,10.);
#123=VECTOR('',#1469,10.);
#124=VECTOR('',#1496,10.);
#125=VECTOR('',#1501,10.);
#126=VECTOR('',#1540,3.5);
#127=VECTOR('',#1555,3.5);
#128=VECTOR('',#1566,10.);
#129=VECTOR('',#1571,10.);
#130=VECTOR('',#1580,3.5);
#131=CYLINDRICAL_SURFACE('',#1129,2.);
#132=CYLINDRICAL_SURFACE('',#1132,2.);
#133=CYLINDRICAL_SURFACE('',#1149,3.);
#134=CYLINDRICAL_SURFACE('',#1155,2.);
#135=CYLINDRICAL_SURFACE('',#1158,2.);
#136=CYLINDRICAL_SURFACE('',#1165,3.);
#137=CYLINDRICAL_SURFACE('',#1171,2.);
#138=CYLINDRICAL_SURFACE('',#1174,2.);
#139=CYLINDRICAL_SURFACE('',#1181,3.);
#140=CYLINDRICAL_SURFACE('',#1187,2.);
#141=CYLINDRICAL_SURFACE('',#1190,2.);
#142=CYLINDRICAL_SURFACE('',#1197,14.);
#143=CYLINDRICAL_SURFACE('',#1202,3.);
#144=CYLINDRICAL_SURFACE('',#1208,2.);
#145=CYLINDRICAL_SURFACE('',#1211,2.);
#146=CYLINDRICAL_SURFACE('',#1217,3.);
#147=CYLINDRICAL_SURFACE('',#1223,2.);
#148=CYLINDRICAL_SURFACE('',#1226,2.);
#149=CYLINDRICAL_SURFACE('',#1232,3.);
#150=CYLINDRICAL_SURFACE('',#1245,3.5);
#151=CYLINDRICAL_SURFACE('',#1251,3.5);
#152=CYLINDRICAL_SURFACE('',#1257,18.);
#153=CYLINDRICAL_SURFACE('',#1262,18.);
#154=CYLINDRICAL_SURFACE('',#1263,3.5);
#155=FACE_OUTER_BOUND('',#227,.T.);
#156=FACE_OUTER_BOUND('',#228,.T.);
#157=FACE_OUTER_BOUND('',#229,.T.);
#158=FACE_OUTER_BOUND('',#230,.T.);
#159=FACE_OUTER_BOUND('',#231,.T.);
#160=FACE_OUTER_BOUND('',#232,.T.);
#161=FACE_OUTER_BOUND('',#233,.T.);
#162=FACE_OUTER_BOUND('',#234,.T.);
#163=FACE_OUTER_BOUND('',#235,.T.);
#164=FACE_OUTER_BOUND('',#236,.T.);
#165=FACE_OUTER_BOUND('',#237,.T.);
#166=FACE_OUTER_BOUND('',#238,.T.);
#167=FACE_OUTER_BOUND('',#239,.T.);
#168=FACE_OUTER_BOUND('',#240,.T.);
#169=FACE_OUTER_BOUND('',#241,.T.);
#170=FACE_OUTER_BOUND('',#242,.T.);
#171=FACE_OUTER_BOUND('',#243,.T.);
#172=FACE_OUTER_BOUND('',#244,.T.);
#173=FACE_OUTER_BOUND('',#245,.T.);
#174=FACE_OUTER_BOUND('',#246,.T.);
#175=FACE_OUTER_BOUND('',#247,.T.);
#176=FACE_OUTER_BOUND('',#248,.T.);
#177=FACE_OUTER_BOUND('',#249,.T.);
#178=FACE_OUTER_BOUND('',#250,.T.);
#179=FACE_OUTER_BOUND('',#251,.T.);
#180=FACE_OUTER_BOUND('',#252,.T.);
#181=FACE_OUTER_BOUND('',#253,.T.);
#182=FACE_OUTER_BOUND('',#254,.T.);
#183=FACE_OUTER_BOUND('',#255,.T.);
#184=FACE_OUTER_BOUND('',#256,.T.);
#185=FACE_OUTER_BOUND('',#257,.T.);
#186=FACE_OUTER_BOUND('',#258,.T.);
#187=FACE_OUTER_BOUND('',#259,.T.);
#188=FACE_OUTER_BOUND('',#260,.T.);
#189=FACE_OUTER_BOUND('',#261,.T.);
#190=FACE_OUTER_BOUND('',#262,.T.);
#191=FACE_OUTER_BOUND('',#263,.T.);
#192=FACE_OUTER_BOUND('',#264,.T.);
#193=FACE_OUTER_BOUND('',#265,.T.);
#194=FACE_OUTER_BOUND('',#266,.T.);
#195=FACE_OUTER_BOUND('',#267,.T.);
#196=FACE_OUTER_BOUND('',#268,.T.);
#197=FACE_OUTER_BOUND('',#269,.T.);
#198=FACE_OUTER_BOUND('',#270,.T.);
#199=FACE_OUTER_BOUND('',#271,.T.);
#200=FACE_OUTER_BOUND('',#272,.T.);
#201=FACE_OUTER_BOUND('',#273,.T.);
#202=FACE_OUTER_BOUND('',#274,.T.);
#203=FACE_OUTER_BOUND('',#275,.T.);
#204=FACE_OUTER_BOUND('',#276,.T.);
#205=FACE_OUTER_BOUND('',#277,.T.);
#206=FACE_OUTER_BOUND('',#278,.T.);
#207=FACE_OUTER_BOUND('',#279,.T.);
#208=FACE_OUTER_BOUND('',#280,.T.);
#209=FACE_OUTER_BOUND('',#281,.T.);
#210=FACE_OUTER_BOUND('',#282,.T.);
#211=FACE_OUTER_BOUND('',#283,.T.);
#212=FACE_OUTER_BOUND('',#284,.T.);
#213=FACE_OUTER_BOUND('',#285,.T.);
#214=FACE_OUTER_BOUND('',#287,.T.);
#215=FACE_OUTER_BOUND('',#288,.T.);
#216=FACE_OUTER_BOUND('',#289,.T.);
#217=FACE_OUTER_BOUND('',#290,.T.);
#218=FACE_OUTER_BOUND('',#291,.T.);
#219=FACE_OUTER_BOUND('',#292,.T.);
#220=FACE_OUTER_BOUND('',#293,.T.);
#221=FACE_OUTER_BOUND('',#294,.T.);
#222=FACE_OUTER_BOUND('',#295,.T.);
#223=FACE_OUTER_BOUND('',#296,.T.);
#224=FACE_OUTER_BOUND('',#297,.T.);
#225=FACE_OUTER_BOUND('',#298,.T.);
#226=FACE_OUTER_BOUND('',#299,.T.);
#227=EDGE_LOOP('',(#679,#680,#681,#682));
#228=EDGE_LOOP('',(#683,#684,#685,#686));
#229=EDGE_LOOP('',(#687,#688,#689,#690));
#230=EDGE_LOOP('',(#691,#692,#693,#694));
#231=EDGE_LOOP('',(#695,#696,#697,#698));
#232=EDGE_LOOP('',(#699,#700,#701,#702));
#233=EDGE_LOOP('',(#703,#704,#705,#706,#707));
#234=EDGE_LOOP('',(#708,#709,#710,#711,#712,#713,#714,#715,#716,#717,#718,
#719,#720,#721,#722,#723));
#235=EDGE_LOOP('',(#724,#725,#726,#727));
#236=EDGE_LOOP('',(#728,#729));
#237=EDGE_LOOP('',(#730,#731,#732,#733));
#238=EDGE_LOOP('',(#734,#735,#736,#737));
#239=EDGE_LOOP('',(#738,#739,#740,#741));
#240=EDGE_LOOP('',(#742,#743,#744,#745));
#241=EDGE_LOOP('',(#746,#747,#748,#749));
#242=EDGE_LOOP('',(#750,#751,#752,#753));
#243=EDGE_LOOP('',(#754,#755,#756,#757));
#244=EDGE_LOOP('',(#758,#759,#760,#761));
#245=EDGE_LOOP('',(#762,#763));
#246=EDGE_LOOP('',(#764,#765,#766,#767));
#247=EDGE_LOOP('',(#768,#769,#770,#771));
#248=EDGE_LOOP('',(#772,#773,#774,#775));
#249=EDGE_LOOP('',(#776,#777,#778,#779));
#250=EDGE_LOOP('',(#780,#781,#782,#783));
#251=EDGE_LOOP('',(#784,#785,#786,#787));
#252=EDGE_LOOP('',(#788,#789,#790,#791));
#253=EDGE_LOOP('',(#792,#793,#794,#795));
#254=EDGE_LOOP('',(#796,#797));
#255=EDGE_LOOP('',(#798,#799,#800,#801));
#256=EDGE_LOOP('',(#802,#803,#804,#805));
#257=EDGE_LOOP('',(#806,#807,#808,#809));
#258=EDGE_LOOP('',(#810,#811,#812,#813));
#259=EDGE_LOOP('',(#814,#815,#816,#817));
#260=EDGE_LOOP('',(#818,#819,#820,#821));
#261=EDGE_LOOP('',(#822,#823,#824,#825));
#262=EDGE_LOOP('',(#826,#827,#828,#829,#830,#831,#832,#833,#834,#835,#836,
#837,#838,#839,#840,#841,#842,#843,#844,#845,#846,#847,#848,#849,#850,#851,
#852,#853,#854,#855,#856,#857,#858,#859,#860,#861,#862,#863,#864,#865,#866,
#867));
#263=EDGE_LOOP('',(#868,#869,#870,#871));
#264=EDGE_LOOP('',(#872,#873));
#265=EDGE_LOOP('',(#874,#875,#876,#877));
#266=EDGE_LOOP('',(#878,#879,#880,#881));
#267=EDGE_LOOP('',(#882,#883,#884,#885));
#268=EDGE_LOOP('',(#886,#887,#888,#889));
#269=EDGE_LOOP('',(#890,#891,#892,#893));
#270=EDGE_LOOP('',(#894,#895,#896,#897));
#271=EDGE_LOOP('',(#898,#899,#900,#901));
#272=EDGE_LOOP('',(#902,#903,#904,#905));
#273=EDGE_LOOP('',(#906,#907));
#274=EDGE_LOOP('',(#908,#909,#910,#911));
#275=EDGE_LOOP('',(#912,#913,#914,#915));
#276=EDGE_LOOP('',(#916,#917,#918,#919));
#277=EDGE_LOOP('',(#920,#921,#922,#923));
#278=EDGE_LOOP('',(#924,#925,#926,#927));
#279=EDGE_LOOP('',(#928,#929,#930,#931));
#280=EDGE_LOOP('',(#932,#933,#934,#935));
#281=EDGE_LOOP('',(#936,#937,#938,#939));
#282=EDGE_LOOP('',(#940,#941));
#283=EDGE_LOOP('',(#942));
#284=EDGE_LOOP('',(#943,#944,#945,#946,#947));
#285=EDGE_LOOP('',(#948));
#286=EDGE_LOOP('',(#949));
#287=EDGE_LOOP('',(#950,#951,#952,#953,#954));
#288=EDGE_LOOP('',(#955,#956,#957,#958,#959,#960));
#289=EDGE_LOOP('',(#961,#962,#963,#964));
#290=EDGE_LOOP('',(#965));
#291=EDGE_LOOP('',(#966,#967,#968,#969,#970));
#292=EDGE_LOOP('',(#971,#972,#973,#974));
#293=EDGE_LOOP('',(#975));
#294=EDGE_LOOP('',(#976));
#295=EDGE_LOOP('',(#977,#978));
#296=EDGE_LOOP('',(#979,#980,#981,#982,#983));
#297=EDGE_LOOP('',(#984,#985));
#298=EDGE_LOOP('',(#986,#987,#988,#989,#990,#991,#992,#993));
#299=EDGE_LOOP('',(#994));
#300=CIRCLE('',#1125,2.);
#301=CIRCLE('',#1126,1.);
#302=CIRCLE('',#1127,2.);
#303=CIRCLE('',#1128,1.);
#304=CIRCLE('',#1130,2.);
#305=CIRCLE('',#1131,2.);
#306=CIRCLE('',#1134,3.);
#307=CIRCLE('',#1135,2.);
#308=CIRCLE('',#1137,13.);
#309=CIRCLE('',#1138,14.);
#310=CIRCLE('',#1139,14.);
#311=CIRCLE('',#1140,4.);
#312=CIRCLE('',#1141,10.);
#313=CIRCLE('',#1142,14.);
#314=CIRCLE('',#1143,14.);
#315=CIRCLE('',#1144,14.);
#316=CIRCLE('',#1145,14.);
#317=CIRCLE('',#1146,14.);
#318=CIRCLE('',#1147,14.);
#319=CIRCLE('',#1148,14.);
#320=CIRCLE('',#1151,2.);
#321=CIRCLE('',#1152,1.);
#322=CIRCLE('',#1153,2.);
#323=CIRCLE('',#1154,1.);
#324=CIRCLE('',#1156,2.);
#325=CIRCLE('',#1157,2.);
#326=CIRCLE('',#1160,3.);
#327=CIRCLE('',#1161,2.);
#328=CIRCLE('',#1163,13.);
#329=CIRCLE('',#1164,14.);
#330=CIRCLE('',#1167,2.);
#331=CIRCLE('',#1168,1.);
#332=CIRCLE('',#1169,2.);
#333=CIRCLE('',#1170,1.);
#334=CIRCLE('',#1172,2.);
#335=CIRCLE('',#1173,2.);
#336=CIRCLE('',#1176,3.);
#337=CIRCLE('',#1177,2.);
#338=CIRCLE('',#1179,13.);
#339=CIRCLE('',#1180,14.);
#340=CIRCLE('',#1183,2.);
#341=CIRCLE('',#1184,1.);
#342=CIRCLE('',#1185,2.);
#343=CIRCLE('',#1186,1.);
#344=CIRCLE('',#1188,1.99999999999999);
#345=CIRCLE('',#1189,2.);
#346=CIRCLE('',#1192,14.);
#347=CIRCLE('',#1193,13.);
#348=CIRCLE('',#1195,3.);
#349=CIRCLE('',#1196,2.);
#350=CIRCLE('',#1198,14.);
#351=CIRCLE('',#1199,14.);
#352=CIRCLE('',#1200,14.);
#353=CIRCLE('',#1201,14.);
#354=CIRCLE('',#1204,2.);
#355=CIRCLE('',#1205,1.);
#356=CIRCLE('',#1206,2.);
#357=CIRCLE('',#1207,1.);
#358=CIRCLE('',#1209,2.);
#359=CIRCLE('',#1210,2.);
#360=CIRCLE('',#1213,3.);
#361=CIRCLE('',#1214,2.);
#362=CIRCLE('',#1216,13.);
#363=CIRCLE('',#1219,2.);
#364=CIRCLE('',#1220,1.);
#365=CIRCLE('',#1221,2.);
#366=CIRCLE('',#1222,0.999999999999999);
#367=CIRCLE('',#1224,2.);
#368=CIRCLE('',#1225,2.);
#369=CIRCLE('',#1228,3.);
#370=CIRCLE('',#1229,2.);
#371=CIRCLE('',#1231,13.);
#372=CIRCLE('',#1235,1.5);
#373=CIRCLE('',#1237,3.5);
#374=CIRCLE('',#1239,5.);
#375=CIRCLE('',#1240,13.2105263157895);
#376=CIRCLE('',#1242,5.);
#377=CIRCLE('',#1243,13.2105263157895);
#378=CIRCLE('',#1244,13.2105263157895);
#379=CIRCLE('',#1246,3.5);
#380=CIRCLE('',#1249,14.);
#381=CIRCLE('',#1252,3.5);
#382=CIRCLE('',#1253,3.5);
#383=CIRCLE('',#1259,3.5);
#384=CIRCLE('',#1260,3.5);
#385=CIRCLE('',#1261,3.5);
#386=CIRCLE('',#1264,3.5);
#387=B_SPLINE_CURVE_WITH_KNOTS('',3,(#1649,#1650,#1651,#1652,#1653,#1654,
#1655,#1656,#1657),.UNSPECIFIED.,.F.,.F.,(4,1,1,1,1,1,4),(-8.42354301539788E-16,
0.142857142857142,0.214285714285714,0.428571428571428,0.714285714285714,
0.857142857142857,1.),.UNSPECIFIED.);
#388=B_SPLINE_CURVE_WITH_KNOTS('',3,(#1661,#1662,#1663,#1664,#1665,#1666,
#1667,#1668,#1669),.UNSPECIFIED.,.F.,.F.,(4,1,1,1,1,1,4),(-1.,-0.857142857142857,
-0.714285714285714,-0.428571428571428,-0.214285714285714,-0.142857142857142,
8.42354301539788E-16),.UNSPECIFIED.);
#389=B_SPLINE_CURVE_WITH_KNOTS('',3,(#1757,#1758,#1759,#1760,#1761,#1762,
#1763,#1764,#1765,#1766,#1767,#1768,#1769,#1770),.UNSPECIFIED.,.F.,.F.,
(4,1,1,1,1,1,1,1,1,1,1,4),(-1.,-0.964285714285714,-0.928571428571429,-0.892857142857143,
-0.857142857142857,-0.678571428571428,-0.571428571428571,-0.285714285714286,
-0.142857142857143,-0.0714285714285714,-0.0357142857142857,0.),
 .UNSPECIFIED.);
#390=B_SPLINE_CURVE_WITH_KNOTS('',3,(#1774,#1775,#1776,#1777,#1778,#1779,
#1780,#1781,#1782,#1783,#1784,#1785,#1786,#1787),.UNSPECIFIED.,.F.,.F.,
(4,1,1,1,1,1,1,1,1,1,1,4),(0.,0.0357142857142857,0.0714285714285714,0.142857142857143,
0.285714285714286,0.571428571428571,0.678571428571428,0.857142857142857,
0.892857142857143,0.928571428571429,0.964285714285714,1.),.UNSPECIFIED.);
#391=B_SPLINE_CURVE_WITH_KNOTS('',3,(#1856,#1857,#1858,#1859,#1860,#1861,
#1862,#1863,#1864,#1865,#1866,#1867),.UNSPECIFIED.,.F.,.F.,(4,1,1,1,1,1,
1,1,1,4),(-1.7638065299042,-1.51183416848931,-1.25986180707443,-1.00788944565954,
-0.881903264952098,-0.755917084244655,-0.629930903537213,-0.50394472282977,
-0.251972361414885,0.),.UNSPECIFIED.);
#392=B_SPLINE_CURVE_WITH_KNOTS('',3,(#1870,#1871,#1872,#1873,#1874,#1875,
#1876,#1877,#1878,#1879,#1880,#1881),.UNSPECIFIED.,.F.,.F.,(4,1,1,1,1,1,
1,1,1,4),(0.,0.251972361414885,0.50394472282977,0.629930903537213,0.755917084244655,
0.881903264952098,1.00788944565954,1.25986180707443,1.51183416848931,1.7638065299042),
 .UNSPECIFIED.);
#393=B_SPLINE_CURVE_WITH_KNOTS('',3,(#1927,#1928,#1929,#1930,#1931,#1932,
#1933,#1934,#1935,#1936,#1937,#1938),.UNSPECIFIED.,.F.,.F.,(4,1,1,1,1,1,
1,1,1,4),(-1.76380982238516,-1.51183699061585,-1.25986415884654,-1.00789132707724,
-0.881904911192581,-0.755918495307927,-0.629932079423272,-0.503945663538618,
-0.251972831769309,0.),.UNSPECIFIED.);
#394=B_SPLINE_CURVE_WITH_KNOTS('',3,(#1943,#1944,#1945,#1946,#1947,#1948,
#1949,#1950,#1951,#1952,#1953,#1954),.UNSPECIFIED.,.F.,.F.,(4,1,1,1,1,1,
1,1,1,4),(-1.76380982238516,-1.51183699061585,-1.25986415884655,-1.00789132707724,
-0.881904911192582,-0.755918495307927,-0.629932079423273,-0.503945663538618,
-0.251972831769309,0.),.UNSPECIFIED.);
#395=B_SPLINE_CURVE_WITH_KNOTS('',3,(#1958,#1959,#1960,#1961,#1962,#1963,
#1964,#1965,#1966,#1967,#1968,#1969),.UNSPECIFIED.,.F.,.F.,(4,1,1,1,1,1,
1,1,1,4),(-1.76380982238516,-1.51183699061585,-1.25986415884654,-1.00789132707724,
-0.881904911192581,-0.755918495307926,-0.629932079423272,-0.503945663538618,
-0.251972831769309,0.),.UNSPECIFIED.);
#396=B_SPLINE_CURVE_WITH_KNOTS('',3,(#1973,#1974,#1975,#1976,#1977,#1978,
#1979,#1980,#1981,#1982,#1983,#1984),.UNSPECIFIED.,.F.,.F.,(4,1,1,1,1,1,
1,1,1,4),(-1.7638065299042,-1.51183416848931,-1.25986180707443,-1.00788944565954,
-0.881903264952098,-0.755917084244656,-0.629930903537214,-0.503944722829771,
-0.251972361414886,-1.35843969526524E-15),.UNSPECIFIED.);
#397=B_SPLINE_CURVE_WITH_KNOTS('',3,(#1988,#1989,#1990,#1991,#1992,#1993,
#1994,#1995,#1996,#1997,#1998,#1999),.UNSPECIFIED.,.F.,.F.,(4,1,1,1,1,1,
1,1,1,4),(-1.76380982238516,-1.51183699061585,-1.25986415884654,-1.13387774296189,
-1.00789132707724,-0.881904911192581,-0.755918495307927,-0.503945663538618,
-0.251972831769309,0.),.UNSPECIFIED.);
#398=B_SPLINE_CURVE_WITH_KNOTS('',3,(#2059,#2060,#2061,#2062,#2063,#2064,
#2065,#2066,#2067),.UNSPECIFIED.,.F.,.F.,(4,1,1,1,1,1,4),(5.68386069742407E-16,
0.142857142857143,0.214285714285715,0.428571428571429,0.714285714285714,
0.857142857142857,1.),.UNSPECIFIED.);
#399=B_SPLINE_CURVE_WITH_KNOTS('',3,(#2071,#2072,#2073,#2074,#2075,#2076,
#2077,#2078,#2079),.UNSPECIFIED.,.F.,.F.,(4,1,1,1,1,1,4),(-1.,-0.857142857142857,
-0.714285714285714,-0.428571428571429,-0.214285714285715,-0.142857142857143,
-5.68386069742407E-16),.UNSPECIFIED.);
#400=B_SPLINE_CURVE_WITH_KNOTS('',3,(#2137,#2138,#2139,#2140,#2141,#2142,
#2143,#2144,#2145),.UNSPECIFIED.,.F.,.F.,(4,1,1,1,1,1,4),(-0.999999999999999,
-0.857142857142856,-0.714285714285714,-0.428571428571428,-0.285714285714285,
-0.142857142857143,0.),.UNSPECIFIED.);
#401=B_SPLINE_CURVE_WITH_KNOTS('',3,(#2149,#2150,#2151,#2152,#2153,#2154,
#2155,#2156,#2157),.UNSPECIFIED.,.F.,.F.,(4,1,1,1,1,1,4),(0.,0.142857142857143,
0.285714285714285,0.428571428571428,0.714285714285714,0.857142857142856,
0.999999999999999),.UNSPECIFIED.);
#402=B_SPLINE_CURVE_WITH_KNOTS('',3,(#2226,#2227,#2228,#2229,#2230,#2231,
#2232,#2233,#2234,#2235,#2236,#2237),.UNSPECIFIED.,.F.,.F.,(4,1,1,1,1,1,
1,1,1,4),(0.,0.251972831769309,0.503945663538618,0.629932079423272,0.755918495307927,
0.881904911192581,1.00789132707724,1.25986415884654,1.51183699061585,1.76380982238516),
 .UNSPECIFIED.);
#403=B_SPLINE_CURVE_WITH_KNOTS('',3,(#2305,#2306,#2307,#2308,#2309,#2310,
#2311,#2312,#2313),.UNSPECIFIED.,.F.,.F.,(4,1,1,1,1,1,4),(-7.47425082868108E-16,
0.142857142857142,0.285714285714285,0.428571428571428,0.714285714285714,
0.857142857142857,1.),.UNSPECIFIED.);
#404=B_SPLINE_CURVE_WITH_KNOTS('',3,(#2317,#2318,#2319,#2320,#2321,#2322,
#2323,#2324,#2325),.UNSPECIFIED.,.F.,.F.,(4,1,1,1,1,1,4),(-1.,-0.857142857142857,
-0.714285714285714,-0.428571428571428,-0.285714285714285,-0.142857142857142,
7.47425082868108E-16),.UNSPECIFIED.);
#405=B_SPLINE_CURVE_WITH_KNOTS('',3,(#2413,#2414,#2415,#2416,#2417,#2418,
#2419,#2420,#2421,#2422,#2423,#2424,#2425,#2426),.UNSPECIFIED.,.F.,.F.,
(4,1,1,1,1,1,1,1,1,1,1,4),(-1.,-0.964285714285714,-0.928571428571429,-0.892857142857143,
-0.857142857142857,-0.678571428571428,-0.571428571428571,-0.285714285714286,
-0.142857142857143,-0.0714285714285714,-0.0357142857142857,0.),
 .UNSPECIFIED.);
#406=B_SPLINE_CURVE_WITH_KNOTS('',3,(#2430,#2431,#2432,#2433,#2434,#2435,
#2436,#2437,#2438,#2439,#2440,#2441,#2442,#2443),.UNSPECIFIED.,.F.,.F.,
(4,1,1,1,1,1,1,1,1,1,1,4),(0.,0.0357142857142857,0.0714285714285714,0.142857142857143,
0.285714285714286,0.571428571428571,0.678571428571428,0.857142857142857,
0.892857142857143,0.928571428571429,0.964285714285714,1.),.UNSPECIFIED.);
#407=B_SPLINE_CURVE_WITH_KNOTS('',3,(#2512,#2513,#2514,#2515,#2516,#2517,
#2518,#2519,#2520,#2521,#2522,#2523),.UNSPECIFIED.,.F.,.F.,(4,1,1,1,1,1,
1,1,1,4),(0.,0.251972831769309,0.503945663538618,0.755918495307927,0.881904911192581,
1.00789132707724,1.13387774296189,1.25986415884654,1.51183699061585,1.76380982238516),
 .UNSPECIFIED.);
#408=B_SPLINE_CURVE_WITH_KNOTS('',3,(#2621,#2622,#2623,#2624,#2625,#2626,
#2627,#2628,#2629,#2630,#2631,#2632,#2633,#2634),.UNSPECIFIED.,.F.,.F.,
(4,1,1,1,1,1,1,1,1,1,1,4),(-1.,-0.964285714285714,-0.928571428571429,-0.892857142857143,
-0.857142857142857,-0.678571428571428,-0.571428571428571,-0.285714285714286,
-0.142857142857143,-0.0714285714285714,-0.0357142857142857,0.),
 .UNSPECIFIED.);
#409=B_SPLINE_CURVE_WITH_KNOTS('',3,(#2638,#2639,#2640,#2641,#2642,#2643,
#2644,#2645,#2646,#2647,#2648,#2649,#2650,#2651),.UNSPECIFIED.,.F.,.F.,
(4,1,1,1,1,1,1,1,1,1,1,4),(0.,0.0357142857142857,0.0714285714285714,0.142857142857143,
0.285714285714286,0.571428571428571,0.678571428571428,0.857142857142857,
0.892857142857143,0.928571428571429,0.964285714285714,1.),.UNSPECIFIED.);
#410=B_SPLINE_CURVE_WITH_KNOTS('',3,(#2709,#2710,#2711,#2712,#2713,#2714,
#2715,#2716,#2717),.UNSPECIFIED.,.F.,.F.,(4,1,1,1,1,1,4),(-5.36973796702701E-16,
0.142857142857142,0.214285714285714,0.428571428571428,0.714285714285714,
0.857142857142857,1.),.UNSPECIFIED.);
#411=B_SPLINE_CURVE_WITH_KNOTS('',3,(#2721,#2722,#2723,#2724,#2725,#2726,
#2727,#2728,#2729),.UNSPECIFIED.,.F.,.F.,(4,1,1,1,1,1,4),(-1.,-0.857142857142857,
-0.714285714285714,-0.428571428571428,-0.214285714285714,-0.142857142857142,
5.36973796702701E-16),.UNSPECIFIED.);
#412=B_SPLINE_CURVE_WITH_KNOTS('',3,(#2798,#2799,#2800,#2801,#2802,#2803,
#2804,#2805,#2806,#2807,#2808,#2809),.UNSPECIFIED.,.F.,.F.,(4,1,1,1,1,1,
1,1,1,4),(1.35843969526524E-15,0.251972361414886,0.503944722829771,0.629930903537214,
0.755917084244656,0.881903264952098,1.00788944565954,1.25986180707443,1.51183416848931,
1.7638065299042),.UNSPECIFIED.);
#413=B_SPLINE_CURVE_WITH_KNOTS('',3,(#2823,#2824,#2825,#2826,#2827,#2828,
#2829,#2830,#2831,#2832,#2833,#2834,#2835,#2836),.UNSPECIFIED.,.F.,.F.,
(4,1,1,1,1,1,1,1,1,1,1,4),(-1.,-0.964285714285714,-0.928571428571429,-0.892857142857143,
-0.857142857142857,-0.678571428571428,-0.571428571428571,-0.285714285714286,
-0.142857142857143,-0.0714285714285714,-0.0357142857142857,0.),
 .UNSPECIFIED.);
#414=B_SPLINE_CURVE_WITH_KNOTS('',3,(#2840,#2841,#2842,#2843,#2844,#2845,
#2846,#2847),.UNSPECIFIED.,.F.,.F.,(4,1,1,1,1,4),(-1.,-0.857142857142857,
-0.571428571428571,-0.285714285714286,-0.142857142857143,0.),
 .UNSPECIFIED.);
#415=B_SPLINE_CURVE_WITH_KNOTS('',3,(#2852,#2853,#2854,#2855,#2856,#2857,
#2858,#2859,#2860,#2861,#2862,#2863,#2864,#2865),.UNSPECIFIED.,.F.,.F.,
(4,1,1,1,1,1,1,1,1,1,1,4),(-1.,-0.964285714285714,-0.928571428571429,-0.892857142857143,
-0.857142857142857,-0.678571428571428,-0.571428571428571,-0.285714285714286,
-0.142857142857143,-0.0714285714285714,-0.0357142857142857,0.),
 .UNSPECIFIED.);
#416=B_SPLINE_CURVE_WITH_KNOTS('',3,(#2869,#2870,#2871,#2872,#2873,#2874,
#2875,#2876,#2877),.UNSPECIFIED.,.F.,.F.,(4,1,1,1,1,1,4),(-1.,-0.857142857142857,
-0.714285714285714,-0.428571428571428,-0.285714285714285,-0.142857142857142,
7.4742508286811E-16),.UNSPECIFIED.);
#417=B_SPLINE_CURVE_WITH_KNOTS('',3,(#2942,#2943,#2944,#2945,#2946,#2947,
#2948,#2949,#2950),.UNSPECIFIED.,.F.,.F.,(4,1,1,1,1,1,4),(-7.4742508286811E-16,
0.142857142857142,0.285714285714285,0.428571428571428,0.714285714285714,
0.857142857142857,1.),.UNSPECIFIED.);
#418=B_SPLINE_CURVE_WITH_KNOTS('',3,(#3040,#3041,#3042,#3043,#3044,#3045,
#3046,#3047,#3048,#3049,#3050,#3051,#3052,#3053),.UNSPECIFIED.,.F.,.F.,
(4,1,1,1,1,1,1,1,1,1,1,4),(0.,0.0357142857142857,0.0714285714285714,0.142857142857143,
0.285714285714286,0.571428571428571,0.678571428571428,0.857142857142857,
0.892857142857143,0.928571428571429,0.964285714285714,1.),.UNSPECIFIED.);
#419=B_SPLINE_CURVE_WITH_KNOTS('',3,(#3121,#3122,#3123,#3124,#3125,#3126,
#3127,#3128,#3129,#3130,#3131,#3132),.UNSPECIFIED.,.F.,.F.,(4,1,1,1,1,1,
1,1,1,4),(0.,0.251972831769309,0.503945663538618,0.629932079423273,0.755918495307927,
0.881904911192582,1.00789132707724,1.25986415884655,1.51183699061585,1.76380982238516),
 .UNSPECIFIED.);
#420=B_SPLINE_CURVE_WITH_KNOTS('',3,(#3192,#3193,#3194,#3195,#3196,#3197,
#3198,#3199),.UNSPECIFIED.,.F.,.F.,(4,1,1,1,1,4),(0.,0.142857142857143,
0.285714285714286,0.571428571428571,0.857142857142857,1.),.UNSPECIFIED.);
#421=B_SPLINE_CURVE_WITH_KNOTS('',3,(#3289,#3290,#3291,#3292,#3293,#3294,
#3295,#3296,#3297,#3298,#3299,#3300,#3301,#3302),.UNSPECIFIED.,.F.,.F.,
(4,1,1,1,1,1,1,1,1,1,1,4),(0.,0.0357142857142857,0.0714285714285714,0.142857142857143,
0.285714285714286,0.571428571428571,0.678571428571428,0.857142857142857,
0.892857142857143,0.928571428571429,0.964285714285714,1.),.UNSPECIFIED.);
#422=B_SPLINE_CURVE_WITH_KNOTS('',3,(#3370,#3371,#3372,#3373,#3374,#3375,
#3376,#3377,#3378,#3379,#3380,#3381),.UNSPECIFIED.,.F.,.F.,(4,1,1,1,1,1,
1,1,1,4),(0.,0.251972831769309,0.503945663538618,0.629932079423272,0.755918495307926,
0.881904911192581,1.00789132707724,1.25986415884654,1.51183699061585,1.76380982238516),
 .UNSPECIFIED.);
#423=B_SPLINE_CURVE_WITH_KNOTS('',3,(#3480,#3481,#3482,#3483,#3484,#3485,
#3486,#3487,#3488,#3489,#3490,#3491,#3492,#3493,#3494,#3495,#3496),
 .UNSPECIFIED.,.T.,.F.,(4,1,1,1,1,1,1,1,1,1,1,1,1,1,4),(3.90306968980269,
4.46065107406021,5.01823245831774,5.57581384257526,6.13339522683279,6.87683707250949,
7.24855799534784,7.6202789181862,8.3637207638629,9.1071626095396,9.47888353237795,
9.8506044552163,10.594046300893,11.1516276851505,11.7092090694081),
 .UNSPECIFIED.);
#424=B_SPLINE_CURVE_WITH_KNOTS('',3,(#3498,#3499,#3500,#3501,#3502,#3503,
#3504,#3505,#3506,#3507,#3508,#3509,#3510,#3511),.UNSPECIFIED.,.F.,.F.,
(4,1,1,1,1,1,1,1,1,1,1,4),(-11.7092090694081,-11.1516276851505,-10.594046300893,
-9.8506044552163,-9.47888353237795,-9.1071626095396,-8.3637207638629,-7.6202789181862,
-7.24855799534784,-6.87683707250949,-6.13339522683279,-5.85305865112202),
 .UNSPECIFIED.);
#425=B_SPLINE_CURVE_WITH_KNOTS('',3,(#3512,#3513,#3514,#3515,#3516,#3517,
#3518),.UNSPECIFIED.,.F.,.F.,(4,1,1,1,4),(-5.85305865112202,-5.57581384257526,
-5.01823245831774,-4.46065107406021,-3.90306968980269),.UNSPECIFIED.);
#426=B_SPLINE_CURVE_WITH_KNOTS('',3,(#3552,#3553,#3554,#3555,#3556,#3557,
#3558,#3559,#3560,#3561,#3562,#3563,#3564,#3565,#3566,#3567,#3568,#3569,
#3570,#3571,#3572,#3573,#3574,#3575,#3576,#3577,#3578,#3579,#3580,#3581,
#3582),.UNSPECIFIED.,.F.,.F.,(4,2,2,2,2,2,2,3,2,2,2,2,2,2,4),(-1.04461147779217,
-0.833436734833496,-0.525626365963882,-0.410215613369671,-0.29480486077546,
-0.185449933747811,-0.092724966873905,0.,0.0927249668739055,0.185449933747811,
0.29480486077546,0.410215613369671,0.525626365963882,0.833436734833496,
1.04461147779218),.UNSPECIFIED.);
#427=B_SPLINE_CURVE_WITH_KNOTS('',3,(#3593,#3594,#3595,#3596,#3597,#3598,
#3599,#3600,#3601,#3602,#3603,#3604,#3605,#3606,#3607,#3608,#3609,#3610,
#3611,#3612,#3613,#3614,#3615,#3616,#3617,#3618,#3619,#3620,#3621,#3622,
#3623),.UNSPECIFIED.,.F.,.F.,(4,2,2,2,2,2,2,3,2,2,2,2,2,2,4),(1.23788272961405,
1.44905747257272,1.75686784144234,1.87227859403655,1.98768934663076,2.09704427365841,
2.18976924053232,2.28249420740622,2.36063403363669,2.45541102814685,2.60411019165385,
2.8365786684842,3.02709442083598,3.34380056881074,3.3852294213479),
 .UNSPECIFIED.);
#428=VERTEX_POINT('',#1647);
#429=VERTEX_POINT('',#1648);
#430=VERTEX_POINT('',#1658);
#431=VERTEX_POINT('',#1660);
#432=VERTEX_POINT('',#1755);
#433=VERTEX_POINT('',#1756);
#434=VERTEX_POINT('',#1771);
#435=VERTEX_POINT('',#1773);
#436=VERTEX_POINT('',#1790);
#437=VERTEX_POINT('',#1791);
#438=VERTEX_POINT('',#1855);
#439=VERTEX_POINT('',#1868);
#440=VERTEX_POINT('',#1890);
#441=VERTEX_POINT('',#1920);
#442=VERTEX_POINT('',#1922);
#443=VERTEX_POINT('',#1924);
#444=VERTEX_POINT('',#1926);
#445=VERTEX_POINT('',#1940);
#446=VERTEX_POINT('',#1942);
#447=VERTEX_POINT('',#1955);
#448=VERTEX_POINT('',#1957);
#449=VERTEX_POINT('',#1970);
#450=VERTEX_POINT('',#1972);
#451=VERTEX_POINT('',#1985);
#452=VERTEX_POINT('',#1987);
#453=VERTEX_POINT('',#2057);
#454=VERTEX_POINT('',#2058);
#455=VERTEX_POINT('',#2068);
#456=VERTEX_POINT('',#2070);
#457=VERTEX_POINT('',#2135);
#458=VERTEX_POINT('',#2136);
#459=VERTEX_POINT('',#2146);
#460=VERTEX_POINT('',#2148);
#461=VERTEX_POINT('',#2160);
#462=VERTEX_POINT('',#2224);
#463=VERTEX_POINT('',#2303);
#464=VERTEX_POINT('',#2304);
#465=VERTEX_POINT('',#2314);
#466=VERTEX_POINT('',#2316);
#467=VERTEX_POINT('',#2411);
#468=VERTEX_POINT('',#2412);
#469=VERTEX_POINT('',#2427);
#470=VERTEX_POINT('',#2429);
#471=VERTEX_POINT('',#2446);
#472=VERTEX_POINT('',#2510);
#473=VERTEX_POINT('',#2619);
#474=VERTEX_POINT('',#2620);
#475=VERTEX_POINT('',#2635);
#476=VERTEX_POINT('',#2637);
#477=VERTEX_POINT('',#2707);
#478=VERTEX_POINT('',#2708);
#479=VERTEX_POINT('',#2718);
#480=VERTEX_POINT('',#2720);
#481=VERTEX_POINT('',#2732);
#482=VERTEX_POINT('',#2796);
#483=VERTEX_POINT('',#2820);
#484=VERTEX_POINT('',#2822);
#485=VERTEX_POINT('',#2837);
#486=VERTEX_POINT('',#2839);
#487=VERTEX_POINT('',#2849);
#488=VERTEX_POINT('',#2851);
#489=VERTEX_POINT('',#2866);
#490=VERTEX_POINT('',#2868);
#491=VERTEX_POINT('',#2879);
#492=VERTEX_POINT('',#2881);
#493=VERTEX_POINT('',#2940);
#494=VERTEX_POINT('',#2941);
#495=VERTEX_POINT('',#3037);
#496=VERTEX_POINT('',#3039);
#497=VERTEX_POINT('',#3056);
#498=VERTEX_POINT('',#3119);
#499=VERTEX_POINT('',#3190);
#500=VERTEX_POINT('',#3191);
#501=VERTEX_POINT('',#3286);
#502=VERTEX_POINT('',#3288);
#503=VERTEX_POINT('',#3305);
#504=VERTEX_POINT('',#3368);
#505=VERTEX_POINT('',#3477);
#506=VERTEX_POINT('',#3478);
#507=VERTEX_POINT('',#3497);
#508=VERTEX_POINT('',#3520);
#509=VERTEX_POINT('',#3523);
#510=VERTEX_POINT('',#3527);
#511=VERTEX_POINT('',#3529);
#512=VERTEX_POINT('',#3533);
#513=VERTEX_POINT('',#3541);
#514=VERTEX_POINT('',#3543);
#515=VERTEX_POINT('',#3550);
#516=VERTEX_POINT('',#3551);
#517=VERTEX_POINT('',#3585);
#518=VERTEX_POINT('',#3587);
#519=VERTEX_POINT('',#3589);
#520=VERTEX_POINT('',#3625);
#521=EDGE_CURVE('',#428,#429,#387,.F.);
#522=EDGE_CURVE('',#430,#428,#300,.T.);
#523=EDGE_CURVE('',#430,#431,#388,.T.);
#524=EDGE_CURVE('',#429,#431,#301,.T.);
#525=EDGE_CURVE('',#432,#433,#389,.T.);
#526=EDGE_CURVE('',#434,#433,#302,.T.);
#527=EDGE_CURVE('',#435,#434,#390,.F.);
#528=EDGE_CURVE('',#432,#435,#303,.T.);
#529=EDGE_CURVE('',#436,#437,#304,.T.);
#530=EDGE_CURVE('',#437,#434,#71,.T.);
#531=EDGE_CURVE('',#433,#436,#72,.T.);
#532=EDGE_CURVE('',#436,#438,#391,.T.);
#533=EDGE_CURVE('',#438,#439,#305,.T.);
#534=EDGE_CURVE('',#439,#437,#392,.T.);
#535=EDGE_CURVE('',#428,#439,#73,.T.);
#536=EDGE_CURVE('',#438,#430,#74,.T.);
#537=EDGE_CURVE('',#434,#428,#306,.T.);
#538=EDGE_CURVE('',#429,#435,#307,.T.);
#539=EDGE_CURVE('',#435,#429,#308,.T.);
#540=EDGE_CURVE('',#431,#440,#309,.T.);
#541=EDGE_CURVE('',#440,#432,#310,.T.);
#542=EDGE_CURVE('',#441,#441,#311,.T.);
#543=EDGE_CURVE('',#441,#442,#312,.T.);
#544=EDGE_CURVE('',#442,#443,#313,.T.);
#545=EDGE_CURVE('',#444,#443,#393,.T.);
#546=EDGE_CURVE('',#444,#438,#314,.T.);
#547=EDGE_CURVE('',#436,#445,#315,.T.);
#548=EDGE_CURVE('',#446,#445,#394,.T.);
#549=EDGE_CURVE('',#446,#447,#316,.T.);
#550=EDGE_CURVE('',#448,#447,#395,.T.);
#551=EDGE_CURVE('',#448,#449,#317,.T.);
#552=EDGE_CURVE('',#450,#449,#396,.T.);
#553=EDGE_CURVE('',#450,#451,#318,.T.);
#554=EDGE_CURVE('',#452,#451,#397,.T.);
#555=EDGE_CURVE('',#452,#442,#319,.T.);
#556=EDGE_CURVE('',#453,#454,#398,.F.);
#557=EDGE_CURVE('',#455,#453,#320,.T.);
#558=EDGE_CURVE('',#455,#456,#399,.T.);
#559=EDGE_CURVE('',#454,#456,#321,.T.);
#560=EDGE_CURVE('',#457,#458,#400,.T.);
#561=EDGE_CURVE('',#459,#458,#322,.T.);
#562=EDGE_CURVE('',#460,#459,#401,.F.);
#563=EDGE_CURVE('',#457,#460,#323,.T.);
#564=EDGE_CURVE('',#444,#461,#324,.T.);
#565=EDGE_CURVE('',#461,#459,#75,.T.);
#566=EDGE_CURVE('',#458,#444,#76,.T.);
#567=EDGE_CURVE('',#443,#462,#325,.T.);
#568=EDGE_CURVE('',#462,#461,#402,.T.);
#569=EDGE_CURVE('',#453,#462,#77,.T.);
#570=EDGE_CURVE('',#443,#455,#78,.T.);
#571=EDGE_CURVE('',#459,#453,#326,.T.);
#572=EDGE_CURVE('',#454,#460,#327,.T.);
#573=EDGE_CURVE('',#460,#454,#328,.T.);
#574=EDGE_CURVE('',#456,#457,#329,.T.);
#575=EDGE_CURVE('',#463,#464,#403,.F.);
#576=EDGE_CURVE('',#465,#463,#330,.T.);
#577=EDGE_CURVE('',#465,#466,#404,.T.);
#578=EDGE_CURVE('',#464,#466,#331,.T.);
#579=EDGE_CURVE('',#467,#468,#405,.T.);
#580=EDGE_CURVE('',#469,#468,#332,.T.);
#581=EDGE_CURVE('',#470,#469,#406,.F.);
#582=EDGE_CURVE('',#467,#470,#333,.T.);
#583=EDGE_CURVE('',#452,#471,#334,.T.);
#584=EDGE_CURVE('',#471,#469,#79,.T.);
#585=EDGE_CURVE('',#468,#452,#80,.T.);
#586=EDGE_CURVE('',#451,#472,#335,.T.);
#587=EDGE_CURVE('',#472,#471,#407,.T.);
#588=EDGE_CURVE('',#463,#472,#81,.T.);
#589=EDGE_CURVE('',#451,#465,#82,.T.);
#590=EDGE_CURVE('',#469,#463,#336,.T.);
#591=EDGE_CURVE('',#464,#470,#337,.T.);
#592=EDGE_CURVE('',#470,#464,#338,.T.);
#593=EDGE_CURVE('',#466,#467,#339,.T.);
#594=EDGE_CURVE('',#473,#474,#408,.T.);
#595=EDGE_CURVE('',#475,#474,#340,.T.);
#596=EDGE_CURVE('',#476,#475,#409,.F.);
#597=EDGE_CURVE('',#473,#476,#341,.T.);
#598=EDGE_CURVE('',#477,#478,#410,.F.);
#599=EDGE_CURVE('',#479,#477,#342,.T.);
#600=EDGE_CURVE('',#479,#480,#411,.T.);
#601=EDGE_CURVE('',#478,#480,#343,.T.);
#602=EDGE_CURVE('',#481,#449,#344,.T.);
#603=EDGE_CURVE('',#449,#479,#83,.T.);
#604=EDGE_CURVE('',#477,#481,#84,.T.);
#605=EDGE_CURVE('',#482,#450,#345,.T.);
#606=EDGE_CURVE('',#481,#482,#412,.T.);
#607=EDGE_CURVE('',#474,#450,#85,.T.);
#608=EDGE_CURVE('',#482,#475,#86,.T.);
#609=EDGE_CURVE('',#480,#473,#346,.T.);
#610=EDGE_CURVE('',#476,#478,#347,.T.);
#611=EDGE_CURVE('',#475,#477,#348,.T.);
#612=EDGE_CURVE('',#478,#476,#349,.T.);
#613=EDGE_CURVE('',#483,#448,#87,.T.);
#614=EDGE_CURVE('',#484,#483,#413,.T.);
#615=EDGE_CURVE('',#485,#484,#350,.T.);
#616=EDGE_CURVE('',#486,#485,#414,.T.);
#617=EDGE_CURVE('',#447,#486,#88,.T.);
#618=EDGE_CURVE('',#487,#446,#89,.T.);
#619=EDGE_CURVE('',#488,#487,#415,.T.);
#620=EDGE_CURVE('',#489,#488,#351,.T.);
#621=EDGE_CURVE('',#490,#489,#416,.T.);
#622=EDGE_CURVE('',#445,#490,#90,.T.);
#623=EDGE_CURVE('',#440,#491,#91,.T.);
#624=EDGE_CURVE('',#492,#491,#352,.T.);
#625=EDGE_CURVE('',#491,#492,#353,.T.);
#626=EDGE_CURVE('',#493,#494,#417,.F.);
#627=EDGE_CURVE('',#490,#493,#354,.T.);
#628=EDGE_CURVE('',#494,#489,#355,.T.);
#629=EDGE_CURVE('',#495,#487,#356,.T.);
#630=EDGE_CURVE('',#496,#495,#418,.F.);
#631=EDGE_CURVE('',#488,#496,#357,.T.);
#632=EDGE_CURVE('',#446,#497,#358,.T.);
#633=EDGE_CURVE('',#497,#495,#92,.T.);
#634=EDGE_CURVE('',#445,#498,#359,.T.);
#635=EDGE_CURVE('',#498,#497,#419,.T.);
#636=EDGE_CURVE('',#493,#498,#93,.T.);
#637=EDGE_CURVE('',#495,#493,#360,.T.);
#638=EDGE_CURVE('',#494,#496,#361,.T.);
#639=EDGE_CURVE('',#496,#494,#362,.T.);
#640=EDGE_CURVE('',#499,#500,#420,.F.);
#641=EDGE_CURVE('',#486,#499,#363,.T.);
#642=EDGE_CURVE('',#500,#485,#364,.T.);
#643=EDGE_CURVE('',#501,#483,#365,.T.);
#644=EDGE_CURVE('',#502,#501,#421,.F.);
#645=EDGE_CURVE('',#484,#502,#366,.T.);
#646=EDGE_CURVE('',#448,#503,#367,.T.);
#647=EDGE_CURVE('',#503,#501,#94,.T.);
#648=EDGE_CURVE('',#447,#504,#368,.T.);
#649=EDGE_CURVE('',#504,#503,#422,.T.);
#650=EDGE_CURVE('',#499,#504,#95,.T.);
#651=EDGE_CURVE('',#501,#499,#369,.T.);
#652=EDGE_CURVE('',#500,#502,#370,.T.);
#653=EDGE_CURVE('',#502,#500,#371,.T.);
#654=EDGE_CURVE('',#505,#506,#372,.T.);
#655=EDGE_CURVE('',#506,#506,#423,.T.);
#656=EDGE_CURVE('',#505,#507,#424,.T.);
#657=EDGE_CURVE('',#507,#505,#425,.T.);
#658=EDGE_CURVE('',#508,#508,#373,.T.);
#659=EDGE_CURVE('',#492,#509,#374,.T.);
#660=EDGE_CURVE('',#509,#509,#375,.T.);
#661=EDGE_CURVE('',#507,#510,#376,.T.);
#662=EDGE_CURVE('',#510,#511,#377,.T.);
#663=EDGE_CURVE('',#511,#510,#378,.T.);
#664=EDGE_CURVE('',#508,#512,#96,.T.);
#665=EDGE_CURVE('',#512,#512,#379,.T.);
#666=EDGE_CURVE('',#509,#511,#380,.T.);
#667=EDGE_CURVE('',#513,#513,#381,.T.);
#668=EDGE_CURVE('',#513,#514,#97,.T.);
#669=EDGE_CURVE('',#514,#514,#382,.T.);
#670=EDGE_CURVE('',#515,#516,#426,.T.);
#671=EDGE_CURVE('',#516,#515,#98,.T.);
#672=EDGE_CURVE('',#516,#517,#383,.T.);
#673=EDGE_CURVE('',#517,#518,#99,.T.);
#674=EDGE_CURVE('',#518,#519,#384,.T.);
#675=EDGE_CURVE('',#519,#515,#385,.T.);
#676=EDGE_CURVE('',#518,#517,#427,.T.);
#677=EDGE_CURVE('',#519,#520,#100,.T.);
#678=EDGE_CURVE('',#520,#520,#386,.T.);
#679=ORIENTED_EDGE('',*,*,#521,.F.);
#680=ORIENTED_EDGE('',*,*,#522,.F.);
#681=ORIENTED_EDGE('',*,*,#523,.T.);
#682=ORIENTED_EDGE('',*,*,#524,.F.);
#683=ORIENTED_EDGE('',*,*,#525,.T.);
#684=ORIENTED_EDGE('',*,*,#526,.F.);
#685=ORIENTED_EDGE('',*,*,#527,.F.);
#686=ORIENTED_EDGE('',*,*,#528,.F.);
#687=ORIENTED_EDGE('',*,*,#529,.T.);
#688=ORIENTED_EDGE('',*,*,#530,.T.);
#689=ORIENTED_EDGE('',*,*,#526,.T.);
#690=ORIENTED_EDGE('',*,*,#531,.T.);
#691=ORIENTED_EDGE('',*,*,#529,.F.);
#692=ORIENTED_EDGE('',*,*,#532,.T.);
#693=ORIENTED_EDGE('',*,*,#533,.T.);
#694=ORIENTED_EDGE('',*,*,#534,.T.);
#695=ORIENTED_EDGE('',*,*,#522,.T.);
#696=ORIENTED_EDGE('',*,*,#535,.T.);
#697=ORIENTED_EDGE('',*,*,#533,.F.);
#698=ORIENTED_EDGE('',*,*,#536,.T.);
#699=ORIENTED_EDGE('',*,*,#527,.T.);
#700=ORIENTED_EDGE('',*,*,#537,.T.);
#701=ORIENTED_EDGE('',*,*,#521,.T.);
#702=ORIENTED_EDGE('',*,*,#538,.T.);
#703=ORIENTED_EDGE('',*,*,#528,.T.);
#704=ORIENTED_EDGE('',*,*,#539,.T.);
#705=ORIENTED_EDGE('',*,*,#524,.T.);
#706=ORIENTED_EDGE('',*,*,#540,.T.);
#707=ORIENTED_EDGE('',*,*,#541,.T.);
#708=ORIENTED_EDGE('',*,*,#542,.T.);
#709=ORIENTED_EDGE('',*,*,#543,.T.);
#710=ORIENTED_EDGE('',*,*,#544,.T.);
#711=ORIENTED_EDGE('',*,*,#545,.F.);
#712=ORIENTED_EDGE('',*,*,#546,.T.);
#713=ORIENTED_EDGE('',*,*,#532,.F.);
#714=ORIENTED_EDGE('',*,*,#547,.T.);
#715=ORIENTED_EDGE('',*,*,#548,.F.);
#716=ORIENTED_EDGE('',*,*,#549,.T.);
#717=ORIENTED_EDGE('',*,*,#550,.F.);
#718=ORIENTED_EDGE('',*,*,#551,.T.);
#719=ORIENTED_EDGE('',*,*,#552,.F.);
#720=ORIENTED_EDGE('',*,*,#553,.T.);
#721=ORIENTED_EDGE('',*,*,#554,.F.);
#722=ORIENTED_EDGE('',*,*,#555,.T.);
#723=ORIENTED_EDGE('',*,*,#543,.F.);
#724=ORIENTED_EDGE('',*,*,#530,.F.);
#725=ORIENTED_EDGE('',*,*,#534,.F.);
#726=ORIENTED_EDGE('',*,*,#535,.F.);
#727=ORIENTED_EDGE('',*,*,#537,.F.);
#728=ORIENTED_EDGE('',*,*,#538,.F.);
#729=ORIENTED_EDGE('',*,*,#539,.F.);
#730=ORIENTED_EDGE('',*,*,#556,.F.);
#731=ORIENTED_EDGE('',*,*,#557,.F.);
#732=ORIENTED_EDGE('',*,*,#558,.T.);
#733=ORIENTED_EDGE('',*,*,#559,.F.);
#734=ORIENTED_EDGE('',*,*,#560,.T.);
#735=ORIENTED_EDGE('',*,*,#561,.F.);
#736=ORIENTED_EDGE('',*,*,#562,.F.);
#737=ORIENTED_EDGE('',*,*,#563,.F.);
#738=ORIENTED_EDGE('',*,*,#564,.T.);
#739=ORIENTED_EDGE('',*,*,#565,.T.);
#740=ORIENTED_EDGE('',*,*,#561,.T.);
#741=ORIENTED_EDGE('',*,*,#566,.T.);
#742=ORIENTED_EDGE('',*,*,#564,.F.);
#743=ORIENTED_EDGE('',*,*,#545,.T.);
#744=ORIENTED_EDGE('',*,*,#567,.T.);
#745=ORIENTED_EDGE('',*,*,#568,.T.);
#746=ORIENTED_EDGE('',*,*,#557,.T.);
#747=ORIENTED_EDGE('',*,*,#569,.T.);
#748=ORIENTED_EDGE('',*,*,#567,.F.);
#749=ORIENTED_EDGE('',*,*,#570,.T.);
#750=ORIENTED_EDGE('',*,*,#562,.T.);
#751=ORIENTED_EDGE('',*,*,#571,.T.);
#752=ORIENTED_EDGE('',*,*,#556,.T.);
#753=ORIENTED_EDGE('',*,*,#572,.T.);
#754=ORIENTED_EDGE('',*,*,#563,.T.);
#755=ORIENTED_EDGE('',*,*,#573,.T.);
#756=ORIENTED_EDGE('',*,*,#559,.T.);
#757=ORIENTED_EDGE('',*,*,#574,.T.);
#758=ORIENTED_EDGE('',*,*,#565,.F.);
#759=ORIENTED_EDGE('',*,*,#568,.F.);
#760=ORIENTED_EDGE('',*,*,#569,.F.);
#761=ORIENTED_EDGE('',*,*,#571,.F.);
#762=ORIENTED_EDGE('',*,*,#572,.F.);
#763=ORIENTED_EDGE('',*,*,#573,.F.);
#764=ORIENTED_EDGE('',*,*,#575,.F.);
#765=ORIENTED_EDGE('',*,*,#576,.F.);
#766=ORIENTED_EDGE('',*,*,#577,.T.);
#767=ORIENTED_EDGE('',*,*,#578,.F.);
#768=ORIENTED_EDGE('',*,*,#579,.T.);
#769=ORIENTED_EDGE('',*,*,#580,.F.);
#770=ORIENTED_EDGE('',*,*,#581,.F.);
#771=ORIENTED_EDGE('',*,*,#582,.F.);
#772=ORIENTED_EDGE('',*,*,#583,.T.);
#773=ORIENTED_EDGE('',*,*,#584,.T.);
#774=ORIENTED_EDGE('',*,*,#580,.T.);
#775=ORIENTED_EDGE('',*,*,#585,.T.);
#776=ORIENTED_EDGE('',*,*,#583,.F.);
#777=ORIENTED_EDGE('',*,*,#554,.T.);
#778=ORIENTED_EDGE('',*,*,#586,.T.);
#779=ORIENTED_EDGE('',*,*,#587,.T.);
#780=ORIENTED_EDGE('',*,*,#576,.T.);
#781=ORIENTED_EDGE('',*,*,#588,.T.);
#782=ORIENTED_EDGE('',*,*,#586,.F.);
#783=ORIENTED_EDGE('',*,*,#589,.T.);
#784=ORIENTED_EDGE('',*,*,#581,.T.);
#785=ORIENTED_EDGE('',*,*,#590,.T.);
#786=ORIENTED_EDGE('',*,*,#575,.T.);
#787=ORIENTED_EDGE('',*,*,#591,.T.);
#788=ORIENTED_EDGE('',*,*,#582,.T.);
#789=ORIENTED_EDGE('',*,*,#592,.T.);
#790=ORIENTED_EDGE('',*,*,#578,.T.);
#791=ORIENTED_EDGE('',*,*,#593,.T.);
#792=ORIENTED_EDGE('',*,*,#584,.F.);
#793=ORIENTED_EDGE('',*,*,#587,.F.);
#794=ORIENTED_EDGE('',*,*,#588,.F.);
#795=ORIENTED_EDGE('',*,*,#590,.F.);
#796=ORIENTED_EDGE('',*,*,#591,.F.);
#797=ORIENTED_EDGE('',*,*,#592,.F.);
#798=ORIENTED_EDGE('',*,*,#594,.T.);
#799=ORIENTED_EDGE('',*,*,#595,.F.);
#800=ORIENTED_EDGE('',*,*,#596,.F.);
#801=ORIENTED_EDGE('',*,*,#597,.F.);
#802=ORIENTED_EDGE('',*,*,#598,.F.);
#803=ORIENTED_EDGE('',*,*,#599,.F.);
#804=ORIENTED_EDGE('',*,*,#600,.T.);
#805=ORIENTED_EDGE('',*,*,#601,.F.);
#806=ORIENTED_EDGE('',*,*,#602,.T.);
#807=ORIENTED_EDGE('',*,*,#603,.T.);
#808=ORIENTED_EDGE('',*,*,#599,.T.);
#809=ORIENTED_EDGE('',*,*,#604,.T.);
#810=ORIENTED_EDGE('',*,*,#605,.T.);
#811=ORIENTED_EDGE('',*,*,#552,.T.);
#812=ORIENTED_EDGE('',*,*,#602,.F.);
#813=ORIENTED_EDGE('',*,*,#606,.T.);
#814=ORIENTED_EDGE('',*,*,#595,.T.);
#815=ORIENTED_EDGE('',*,*,#607,.T.);
#816=ORIENTED_EDGE('',*,*,#605,.F.);
#817=ORIENTED_EDGE('',*,*,#608,.T.);
#818=ORIENTED_EDGE('',*,*,#601,.T.);
#819=ORIENTED_EDGE('',*,*,#609,.T.);
#820=ORIENTED_EDGE('',*,*,#597,.T.);
#821=ORIENTED_EDGE('',*,*,#610,.T.);
#822=ORIENTED_EDGE('',*,*,#596,.T.);
#823=ORIENTED_EDGE('',*,*,#611,.T.);
#824=ORIENTED_EDGE('',*,*,#598,.T.);
#825=ORIENTED_EDGE('',*,*,#612,.T.);
#826=ORIENTED_EDGE('',*,*,#536,.F.);
#827=ORIENTED_EDGE('',*,*,#546,.F.);
#828=ORIENTED_EDGE('',*,*,#566,.F.);
#829=ORIENTED_EDGE('',*,*,#560,.F.);
#830=ORIENTED_EDGE('',*,*,#574,.F.);
#831=ORIENTED_EDGE('',*,*,#558,.F.);
#832=ORIENTED_EDGE('',*,*,#570,.F.);
#833=ORIENTED_EDGE('',*,*,#544,.F.);
#834=ORIENTED_EDGE('',*,*,#555,.F.);
#835=ORIENTED_EDGE('',*,*,#585,.F.);
#836=ORIENTED_EDGE('',*,*,#579,.F.);
#837=ORIENTED_EDGE('',*,*,#593,.F.);
#838=ORIENTED_EDGE('',*,*,#577,.F.);
#839=ORIENTED_EDGE('',*,*,#589,.F.);
#840=ORIENTED_EDGE('',*,*,#553,.F.);
#841=ORIENTED_EDGE('',*,*,#607,.F.);
#842=ORIENTED_EDGE('',*,*,#594,.F.);
#843=ORIENTED_EDGE('',*,*,#609,.F.);
#844=ORIENTED_EDGE('',*,*,#600,.F.);
#845=ORIENTED_EDGE('',*,*,#603,.F.);
#846=ORIENTED_EDGE('',*,*,#551,.F.);
#847=ORIENTED_EDGE('',*,*,#613,.F.);
#848=ORIENTED_EDGE('',*,*,#614,.F.);
#849=ORIENTED_EDGE('',*,*,#615,.F.);
#850=ORIENTED_EDGE('',*,*,#616,.F.);
#851=ORIENTED_EDGE('',*,*,#617,.F.);
#852=ORIENTED_EDGE('',*,*,#549,.F.);
#853=ORIENTED_EDGE('',*,*,#618,.F.);
#854=ORIENTED_EDGE('',*,*,#619,.F.);
#855=ORIENTED_EDGE('',*,*,#620,.F.);
#856=ORIENTED_EDGE('',*,*,#621,.F.);
#857=ORIENTED_EDGE('',*,*,#622,.F.);
#858=ORIENTED_EDGE('',*,*,#547,.F.);
#859=ORIENTED_EDGE('',*,*,#531,.F.);
#860=ORIENTED_EDGE('',*,*,#525,.F.);
#861=ORIENTED_EDGE('',*,*,#541,.F.);
#862=ORIENTED_EDGE('',*,*,#623,.T.);
#863=ORIENTED_EDGE('',*,*,#624,.F.);
#864=ORIENTED_EDGE('',*,*,#625,.F.);
#865=ORIENTED_EDGE('',*,*,#623,.F.);
#866=ORIENTED_EDGE('',*,*,#540,.F.);
#867=ORIENTED_EDGE('',*,*,#523,.F.);
#868=ORIENTED_EDGE('',*,*,#604,.F.);
#869=ORIENTED_EDGE('',*,*,#611,.F.);
#870=ORIENTED_EDGE('',*,*,#608,.F.);
#871=ORIENTED_EDGE('',*,*,#606,.F.);
#872=ORIENTED_EDGE('',*,*,#610,.F.);
#873=ORIENTED_EDGE('',*,*,#612,.F.);
#874=ORIENTED_EDGE('',*,*,#626,.F.);
#875=ORIENTED_EDGE('',*,*,#627,.F.);
#876=ORIENTED_EDGE('',*,*,#621,.T.);
#877=ORIENTED_EDGE('',*,*,#628,.F.);
#878=ORIENTED_EDGE('',*,*,#619,.T.);
#879=ORIENTED_EDGE('',*,*,#629,.F.);
#880=ORIENTED_EDGE('',*,*,#630,.F.);
#881=ORIENTED_EDGE('',*,*,#631,.F.);
#882=ORIENTED_EDGE('',*,*,#632,.T.);
#883=ORIENTED_EDGE('',*,*,#633,.T.);
#884=ORIENTED_EDGE('',*,*,#629,.T.);
#885=ORIENTED_EDGE('',*,*,#618,.T.);
#886=ORIENTED_EDGE('',*,*,#632,.F.);
#887=ORIENTED_EDGE('',*,*,#548,.T.);
#888=ORIENTED_EDGE('',*,*,#634,.T.);
#889=ORIENTED_EDGE('',*,*,#635,.T.);
#890=ORIENTED_EDGE('',*,*,#627,.T.);
#891=ORIENTED_EDGE('',*,*,#636,.T.);
#892=ORIENTED_EDGE('',*,*,#634,.F.);
#893=ORIENTED_EDGE('',*,*,#622,.T.);
#894=ORIENTED_EDGE('',*,*,#630,.T.);
#895=ORIENTED_EDGE('',*,*,#637,.T.);
#896=ORIENTED_EDGE('',*,*,#626,.T.);
#897=ORIENTED_EDGE('',*,*,#638,.T.);
#898=ORIENTED_EDGE('',*,*,#631,.T.);
#899=ORIENTED_EDGE('',*,*,#639,.T.);
#900=ORIENTED_EDGE('',*,*,#628,.T.);
#901=ORIENTED_EDGE('',*,*,#620,.T.);
#902=ORIENTED_EDGE('',*,*,#633,.F.);
#903=ORIENTED_EDGE('',*,*,#635,.F.);
#904=ORIENTED_EDGE('',*,*,#636,.F.);
#905=ORIENTED_EDGE('',*,*,#637,.F.);
#906=ORIENTED_EDGE('',*,*,#638,.F.);
#907=ORIENTED_EDGE('',*,*,#639,.F.);
#908=ORIENTED_EDGE('',*,*,#640,.F.);
#909=ORIENTED_EDGE('',*,*,#641,.F.);
#910=ORIENTED_EDGE('',*,*,#616,.T.);
#911=ORIENTED_EDGE('',*,*,#642,.F.);
#912=ORIENTED_EDGE('',*,*,#614,.T.);
#913=ORIENTED_EDGE('',*,*,#643,.F.);
#914=ORIENTED_EDGE('',*,*,#644,.F.);
#915=ORIENTED_EDGE('',*,*,#645,.F.);
#916=ORIENTED_EDGE('',*,*,#646,.T.);
#917=ORIENTED_EDGE('',*,*,#647,.T.);
#918=ORIENTED_EDGE('',*,*,#643,.T.);
#919=ORIENTED_EDGE('',*,*,#613,.T.);
#920=ORIENTED_EDGE('',*,*,#646,.F.);
#921=ORIENTED_EDGE('',*,*,#550,.T.);
#922=ORIENTED_EDGE('',*,*,#648,.T.);
#923=ORIENTED_EDGE('',*,*,#649,.T.);
#924=ORIENTED_EDGE('',*,*,#641,.T.);
#925=ORIENTED_EDGE('',*,*,#650,.T.);
#926=ORIENTED_EDGE('',*,*,#648,.F.);
#927=ORIENTED_EDGE('',*,*,#617,.T.);
#928=ORIENTED_EDGE('',*,*,#644,.T.);
#929=ORIENTED_EDGE('',*,*,#651,.T.);
#930=ORIENTED_EDGE('',*,*,#640,.T.);
#931=ORIENTED_EDGE('',*,*,#652,.T.);
#932=ORIENTED_EDGE('',*,*,#645,.T.);
#933=ORIENTED_EDGE('',*,*,#653,.T.);
#934=ORIENTED_EDGE('',*,*,#642,.T.);
#935=ORIENTED_EDGE('',*,*,#615,.T.);
#936=ORIENTED_EDGE('',*,*,#647,.F.);
#937=ORIENTED_EDGE('',*,*,#649,.F.);
#938=ORIENTED_EDGE('',*,*,#650,.F.);
#939=ORIENTED_EDGE('',*,*,#651,.F.);
#940=ORIENTED_EDGE('',*,*,#652,.F.);
#941=ORIENTED_EDGE('',*,*,#653,.F.);
#942=ORIENTED_EDGE('',*,*,#542,.F.);
#943=ORIENTED_EDGE('',*,*,#654,.T.);
#944=ORIENTED_EDGE('',*,*,#655,.T.);
#945=ORIENTED_EDGE('',*,*,#654,.F.);
#946=ORIENTED_EDGE('',*,*,#656,.T.);
#947=ORIENTED_EDGE('',*,*,#657,.T.);
#948=ORIENTED_EDGE('',*,*,#655,.F.);
#949=ORIENTED_EDGE('',*,*,#658,.T.);
#950=ORIENTED_EDGE('',*,*,#624,.T.);
#951=ORIENTED_EDGE('',*,*,#625,.T.);
#952=ORIENTED_EDGE('',*,*,#659,.T.);
#953=ORIENTED_EDGE('',*,*,#660,.T.);
#954=ORIENTED_EDGE('',*,*,#659,.F.);
#955=ORIENTED_EDGE('',*,*,#656,.F.);
#956=ORIENTED_EDGE('',*,*,#657,.F.);
#957=ORIENTED_EDGE('',*,*,#661,.T.);
#958=ORIENTED_EDGE('',*,*,#662,.T.);
#959=ORIENTED_EDGE('',*,*,#663,.T.);
#960=ORIENTED_EDGE('',*,*,#661,.F.);
#961=ORIENTED_EDGE('',*,*,#658,.F.);
#962=ORIENTED_EDGE('',*,*,#664,.T.);
#963=ORIENTED_EDGE('',*,*,#665,.T.);
#964=ORIENTED_EDGE('',*,*,#664,.F.);
#965=ORIENTED_EDGE('',*,*,#665,.F.);
#966=ORIENTED_EDGE('',*,*,#660,.F.);
#967=ORIENTED_EDGE('',*,*,#666,.T.);
#968=ORIENTED_EDGE('',*,*,#662,.F.);
#969=ORIENTED_EDGE('',*,*,#663,.F.);
#970=ORIENTED_EDGE('',*,*,#666,.F.);
#971=ORIENTED_EDGE('',*,*,#667,.F.);
#972=ORIENTED_EDGE('',*,*,#668,.T.);
#973=ORIENTED_EDGE('',*,*,#669,.T.);
#974=ORIENTED_EDGE('',*,*,#668,.F.);
#975=ORIENTED_EDGE('',*,*,#667,.T.);
#976=ORIENTED_EDGE('',*,*,#669,.F.);
#977=ORIENTED_EDGE('',*,*,#670,.T.);
#978=ORIENTED_EDGE('',*,*,#671,.T.);
#979=ORIENTED_EDGE('',*,*,#671,.F.);
#980=ORIENTED_EDGE('',*,*,#672,.T.);
#981=ORIENTED_EDGE('',*,*,#673,.T.);
#982=ORIENTED_EDGE('',*,*,#674,.T.);
#983=ORIENTED_EDGE('',*,*,#675,.T.);
#984=ORIENTED_EDGE('',*,*,#676,.F.);
#985=ORIENTED_EDGE('',*,*,#673,.F.);
#986=ORIENTED_EDGE('',*,*,#670,.F.);
#987=ORIENTED_EDGE('',*,*,#675,.F.);
#988=ORIENTED_EDGE('',*,*,#677,.T.);
#989=ORIENTED_EDGE('',*,*,#678,.T.);
#990=ORIENTED_EDGE('',*,*,#677,.F.);
#991=ORIENTED_EDGE('',*,*,#674,.F.);
#992=ORIENTED_EDGE('',*,*,#676,.T.);
#993=ORIENTED_EDGE('',*,*,#672,.F.);
#994=ORIENTED_EDGE('',*,*,#678,.F.);
#995=B_SPLINE_SURFACE_WITH_KNOTS('',3,3,((#1593,#1594,#1595,#1596,#1597,
#1598,#1599,#1600,#1601),(#1602,#1603,#1604,#1605,#1606,#1607,#1608,#1609,
#1610),(#1611,#1612,#1613,#1614,#1615,#1616,#1617,#1618,#1619),(#1620,#1621,
#1622,#1623,#1624,#1625,#1626,#1627,#1628),(#1629,#1630,#1631,#1632,#1633,
#1634,#1635,#1636,#1637),(#1638,#1639,#1640,#1641,#1642,#1643,#1644,#1645,
#1646)),.UNSPECIFIED.,.F.,.F.,.F.,(4,1,1,4),(4,1,1,1,1,1,4),(0.,0.285714285714286,
0.571428571428571,1.),(-8.42354301539788E-16,0.142857142857142,0.214285714285714,
0.428571428571428,0.714285714285714,0.857142857142857,1.),.UNSPECIFIED.);
#996=B_SPLINE_SURFACE_WITH_KNOTS('',3,3,((#1671,#1672,#1673,#1674,#1675,
#1676,#1677,#1678,#1679,#1680,#1681,#1682,#1683,#1684),(#1685,#1686,#1687,
#1688,#1689,#1690,#1691,#1692,#1693,#1694,#1695,#1696,#1697,#1698),(#1699,
#1700,#1701,#1702,#1703,#1704,#1705,#1706,#1707,#1708,#1709,#1710,#1711,
#1712),(#1713,#1714,#1715,#1716,#1717,#1718,#1719,#1720,#1721,#1722,#1723,
#1724,#1725,#1726),(#1727,#1728,#1729,#1730,#1731,#1732,#1733,#1734,#1735,
#1736,#1737,#1738,#1739,#1740),(#1741,#1742,#1743,#1744,#1745,#1746,#1747,
#1748,#1749,#1750,#1751,#1752,#1753,#1754)),.UNSPECIFIED.,.F.,.F.,.F.,(4,
1,1,4),(4,1,1,1,1,1,1,1,1,1,1,4),(0.,0.285714285714286,0.571428571428571,
1.),(0.,0.0357142857142857,0.0714285714285714,0.142857142857143,0.285714285714286,
0.571428571428571,0.678571428571428,0.857142857142857,0.892857142857143,
0.928571428571429,0.964285714285714,1.),.UNSPECIFIED.);
#997=B_SPLINE_SURFACE_WITH_KNOTS('',3,3,((#1795,#1796,#1797,#1798,#1799,
#1800,#1801,#1802,#1803,#1804,#1805,#1806),(#1807,#1808,#1809,#1810,#1811,
#1812,#1813,#1814,#1815,#1816,#1817,#1818),(#1819,#1820,#1821,#1822,#1823,
#1824,#1825,#1826,#1827,#1828,#1829,#1830),(#1831,#1832,#1833,#1834,#1835,
#1836,#1837,#1838,#1839,#1840,#1841,#1842),(#1843,#1844,#1845,#1846,#1847,
#1848,#1849,#1850,#1851,#1852,#1853,#1854)),.UNSPECIFIED.,.F.,.F.,.F.,(4,
1,4),(4,1,1,1,1,1,1,1,1,4),(0.,0.571428571428571,1.),(0.,0.251972361414885,
0.50394472282977,0.629930903537213,0.755917084244655,0.881903264952098,
1.00788944565954,1.25986180707443,1.51183416848931,1.7638065299042),
 .UNSPECIFIED.);
#998=B_SPLINE_SURFACE_WITH_KNOTS('',3,3,((#2003,#2004,#2005,#2006,#2007,
#2008,#2009,#2010,#2011),(#2012,#2013,#2014,#2015,#2016,#2017,#2018,#2019,
#2020),(#2021,#2022,#2023,#2024,#2025,#2026,#2027,#2028,#2029),(#2030,#2031,
#2032,#2033,#2034,#2035,#2036,#2037,#2038),(#2039,#2040,#2041,#2042,#2043,
#2044,#2045,#2046,#2047),(#2048,#2049,#2050,#2051,#2052,#2053,#2054,#2055,
#2056)),.UNSPECIFIED.,.F.,.F.,.F.,(4,1,1,4),(4,1,1,1,1,1,4),(0.,0.285714285714286,
0.571428571428571,1.),(5.68386069742407E-16,0.142857142857143,0.214285714285715,
0.428571428571429,0.714285714285714,0.857142857142857,1.),.UNSPECIFIED.);
#999=B_SPLINE_SURFACE_WITH_KNOTS('',3,3,((#2081,#2082,#2083,#2084,#2085,
#2086,#2087,#2088,#2089),(#2090,#2091,#2092,#2093,#2094,#2095,#2096,#2097,
#2098),(#2099,#2100,#2101,#2102,#2103,#2104,#2105,#2106,#2107),(#2108,#2109,
#2110,#2111,#2112,#2113,#2114,#2115,#2116),(#2117,#2118,#2119,#2120,#2121,
#2122,#2123,#2124,#2125),(#2126,#2127,#2128,#2129,#2130,#2131,#2132,#2133,
#2134)),.UNSPECIFIED.,.F.,.F.,.F.,(4,1,1,4),(4,1,1,1,1,1,4),(0.,0.285714285714286,
0.571428571428571,1.),(0.,0.142857142857143,0.285714285714285,0.428571428571428,
0.714285714285714,0.857142857142856,0.999999999999999),.UNSPECIFIED.);
#1000=B_SPLINE_SURFACE_WITH_KNOTS('',3,3,((#2164,#2165,#2166,#2167,#2168,
#2169,#2170,#2171,#2172,#2173,#2174,#2175),(#2176,#2177,#2178,#2179,#2180,
#2181,#2182,#2183,#2184,#2185,#2186,#2187),(#2188,#2189,#2190,#2191,#2192,
#2193,#2194,#2195,#2196,#2197,#2198,#2199),(#2200,#2201,#2202,#2203,#2204,
#2205,#2206,#2207,#2208,#2209,#2210,#2211),(#2212,#2213,#2214,#2215,#2216,
#2217,#2218,#2219,#2220,#2221,#2222,#2223)),.UNSPECIFIED.,.F.,.F.,.F.,(4,
1,4),(4,1,1,1,1,1,1,1,1,4),(0.,0.571428571428571,1.),(0.,0.251972831769309,
0.503945663538618,0.629932079423272,0.755918495307927,0.881904911192581,
1.00789132707724,1.25986415884654,1.51183699061585,1.76380982238516),
 .UNSPECIFIED.);
#1001=B_SPLINE_SURFACE_WITH_KNOTS('',3,3,((#2249,#2250,#2251,#2252,#2253,
#2254,#2255,#2256,#2257),(#2258,#2259,#2260,#2261,#2262,#2263,#2264,#2265,
#2266),(#2267,#2268,#2269,#2270,#2271,#2272,#2273,#2274,#2275),(#2276,#2277,
#2278,#2279,#2280,#2281,#2282,#2283,#2284),(#2285,#2286,#2287,#2288,#2289,
#2290,#2291,#2292,#2293),(#2294,#2295,#2296,#2297,#2298,#2299,#2300,#2301,
#2302)),.UNSPECIFIED.,.F.,.F.,.F.,(4,1,1,4),(4,1,1,1,1,1,4),(0.,0.285714285714286,
0.571428571428571,1.),(-7.47425082868108E-16,0.142857142857142,0.285714285714285,
0.428571428571428,0.714285714285714,0.857142857142857,1.),.UNSPECIFIED.);
#1002=B_SPLINE_SURFACE_WITH_KNOTS('',3,3,((#2327,#2328,#2329,#2330,#2331,
#2332,#2333,#2334,#2335,#2336,#2337,#2338,#2339,#2340),(#2341,#2342,#2343,
#2344,#2345,#2346,#2347,#2348,#2349,#2350,#2351,#2352,#2353,#2354),(#2355,
#2356,#2357,#2358,#2359,#2360,#2361,#2362,#2363,#2364,#2365,#2366,#2367,
#2368),(#2369,#2370,#2371,#2372,#2373,#2374,#2375,#2376,#2377,#2378,#2379,
#2380,#2381,#2382),(#2383,#2384,#2385,#2386,#2387,#2388,#2389,#2390,#2391,
#2392,#2393,#2394,#2395,#2396),(#2397,#2398,#2399,#2400,#2401,#2402,#2403,
#2404,#2405,#2406,#2407,#2408,#2409,#2410)),.UNSPECIFIED.,.F.,.F.,.F.,(4,
1,1,4),(4,1,1,1,1,1,1,1,1,1,1,4),(0.,0.285714285714286,0.571428571428571,
1.),(0.,0.0357142857142857,0.0714285714285714,0.142857142857143,0.285714285714286,
0.571428571428571,0.678571428571428,0.857142857142857,0.892857142857143,
0.928571428571429,0.964285714285714,1.),.UNSPECIFIED.);
#1003=B_SPLINE_SURFACE_WITH_KNOTS('',3,3,((#2450,#2451,#2452,#2453,#2454,
#2455,#2456,#2457,#2458,#2459,#2460,#2461),(#2462,#2463,#2464,#2465,#2466,
#2467,#2468,#2469,#2470,#2471,#2472,#2473),(#2474,#2475,#2476,#2477,#2478,
#2479,#2480,#2481,#2482,#2483,#2484,#2485),(#2486,#2487,#2488,#2489,#2490,
#2491,#2492,#2493,#2494,#2495,#2496,#2497),(#2498,#2499,#2500,#2501,#2502,
#2503,#2504,#2505,#2506,#2507,#2508,#2509)),.UNSPECIFIED.,.F.,.F.,.F.,(4,
1,4),(4,1,1,1,1,1,1,1,1,4),(0.,0.571428571428571,1.),(0.,0.251972831769309,
0.503945663538618,0.755918495307927,0.881904911192581,1.00789132707724,
1.13387774296189,1.25986415884654,1.51183699061585,1.76380982238516),
 .UNSPECIFIED.);
#1004=B_SPLINE_SURFACE_WITH_KNOTS('',3,3,((#2535,#2536,#2537,#2538,#2539,
#2540,#2541,#2542,#2543,#2544,#2545,#2546,#2547,#2548),(#2549,#2550,#2551,
#2552,#2553,#2554,#2555,#2556,#2557,#2558,#2559,#2560,#2561,#2562),(#2563,
#2564,#2565,#2566,#2567,#2568,#2569,#2570,#2571,#2572,#2573,#2574,#2575,
#2576),(#2577,#2578,#2579,#2580,#2581,#2582,#2583,#2584,#2585,#2586,#2587,
#2588,#2589,#2590),(#2591,#2592,#2593,#2594,#2595,#2596,#2597,#2598,#2599,
#2600,#2601,#2602,#2603,#2604),(#2605,#2606,#2607,#2608,#2609,#2610,#2611,
#2612,#2613,#2614,#2615,#2616,#2617,#2618)),.UNSPECIFIED.,.F.,.F.,.F.,(4,
1,1,4),(4,1,1,1,1,1,1,1,1,1,1,4),(0.,0.285714285714286,0.571428571428571,
1.),(0.,0.0357142857142857,0.0714285714285714,0.142857142857143,0.285714285714286,
0.571428571428571,0.678571428571428,0.857142857142857,0.892857142857143,
0.928571428571429,0.964285714285714,1.),.UNSPECIFIED.);
#1005=B_SPLINE_SURFACE_WITH_KNOTS('',3,3,((#2653,#2654,#2655,#2656,#2657,
#2658,#2659,#2660,#2661),(#2662,#2663,#2664,#2665,#2666,#2667,#2668,#2669,
#2670),(#2671,#2672,#2673,#2674,#2675,#2676,#2677,#2678,#2679),(#2680,#2681,
#2682,#2683,#2684,#2685,#2686,#2687,#2688),(#2689,#2690,#2691,#2692,#2693,
#2694,#2695,#2696,#2697),(#2698,#2699,#2700,#2701,#2702,#2703,#2704,#2705,
#2706)),.UNSPECIFIED.,.F.,.F.,.F.,(4,1,1,4),(4,1,1,1,1,1,4),(0.,0.285714285714286,
0.571428571428571,1.),(-5.36973796702701E-16,0.142857142857142,0.214285714285714,
0.428571428571428,0.714285714285714,0.857142857142857,1.),.UNSPECIFIED.);
#1006=B_SPLINE_SURFACE_WITH_KNOTS('',3,3,((#2736,#2737,#2738,#2739,#2740,
#2741,#2742,#2743,#2744,#2745,#2746,#2747),(#2748,#2749,#2750,#2751,#2752,
#2753,#2754,#2755,#2756,#2757,#2758,#2759),(#2760,#2761,#2762,#2763,#2764,
#2765,#2766,#2767,#2768,#2769,#2770,#2771),(#2772,#2773,#2774,#2775,#2776,
#2777,#2778,#2779,#2780,#2781,#2782,#2783),(#2784,#2785,#2786,#2787,#2788,
#2789,#2790,#2791,#2792,#2793,#2794,#2795)),.UNSPECIFIED.,.F.,.F.,.F.,(4,
1,4),(4,1,1,1,1,1,1,1,1,4),(0.,0.571428571428571,1.),(1.35843969526524E-15,
0.251972361414886,0.503944722829771,0.629930903537214,0.755917084244656,
0.881903264952098,1.00788944565954,1.25986180707443,1.51183416848931,1.7638065299042),
 .UNSPECIFIED.);
#1007=B_SPLINE_SURFACE_WITH_KNOTS('',3,3,((#2886,#2887,#2888,#2889,#2890,
#2891,#2892,#2893,#2894),(#2895,#2896,#2897,#2898,#2899,#2900,#2901,#2902,
#2903),(#2904,#2905,#2906,#2907,#2908,#2909,#2910,#2911,#2912),(#2913,#2914,
#2915,#2916,#2917,#2918,#2919,#2920,#2921),(#2922,#2923,#2924,#2925,#2926,
#2927,#2928,#2929,#2930),(#2931,#2932,#2933,#2934,#2935,#2936,#2937,#2938,
#2939)),.UNSPECIFIED.,.F.,.F.,.F.,(4,1,1,4),(4,1,1,1,1,1,4),(0.,0.285714285714286,
0.571428571428571,1.),(-7.4742508286811E-16,0.142857142857142,0.285714285714285,
0.428571428571428,0.714285714285714,0.857142857142857,1.),.UNSPECIFIED.);
#1008=B_SPLINE_SURFACE_WITH_KNOTS('',3,3,((#2953,#2954,#2955,#2956,#2957,
#2958,#2959,#2960,#2961,#2962,#2963,#2964,#2965,#2966),(#2967,#2968,#2969,
#2970,#2971,#2972,#2973,#2974,#2975,#2976,#2977,#2978,#2979,#2980),(#2981,
#2982,#2983,#2984,#2985,#2986,#2987,#2988,#2989,#2990,#2991,#2992,#2993,
#2994),(#2995,#2996,#2997,#2998,#2999,#3000,#3001,#3002,#3003,#3004,#3005,
#3006,#3007,#3008),(#3009,#3010,#3011,#3012,#3013,#3014,#3015,#3016,#3017,
#3018,#3019,#3020,#3021,#3022),(#3023,#3024,#3025,#3026,#3027,#3028,#3029,
#3030,#3031,#3032,#3033,#3034,#3035,#3036)),.UNSPECIFIED.,.F.,.F.,.F.,(4,
1,1,4),(4,1,1,1,1,1,1,1,1,1,1,4),(0.,0.285714285714286,0.571428571428571,
1.),(0.,0.0357142857142857,0.0714285714285714,0.142857142857143,0.285714285714286,
0.571428571428571,0.678571428571428,0.857142857142857,0.892857142857143,
0.928571428571429,0.964285714285714,1.),.UNSPECIFIED.);
#1009=B_SPLINE_SURFACE_WITH_KNOTS('',3,3,((#3059,#3060,#3061,#3062,#3063,
#3064,#3065,#3066,#3067,#3068,#3069,#3070),(#3071,#3072,#3073,#3074,#3075,
#3076,#3077,#3078,#3079,#3080,#3081,#3082),(#3083,#3084,#3085,#3086,#3087,
#3088,#3089,#3090,#3091,#3092,#3093,#3094),(#3095,#3096,#3097,#3098,#3099,
#3100,#3101,#3102,#3103,#3104,#3105,#3106),(#3107,#3108,#3109,#3110,#3111,
#3112,#3113,#3114,#3115,#3116,#3117,#3118)),.UNSPECIFIED.,.F.,.F.,.F.,(4,
1,4),(4,1,1,1,1,1,1,1,1,4),(0.,0.571428571428571,1.),(0.,0.251972831769309,
0.503945663538618,0.629932079423273,0.755918495307927,0.881904911192582,
1.00789132707724,1.25986415884655,1.51183699061585,1.76380982238516),
 .UNSPECIFIED.);
#1010=B_SPLINE_SURFACE_WITH_KNOTS('',3,3,((#3142,#3143,#3144,#3145,#3146,
#3147,#3148,#3149),(#3150,#3151,#3152,#3153,#3154,#3155,#3156,#3157),(#3158,
#3159,#3160,#3161,#3162,#3163,#3164,#3165),(#3166,#3167,#3168,#3169,#3170,
#3171,#3172,#3173),(#3174,#3175,#3176,#3177,#3178,#3179,#3180,#3181),(#3182,
#3183,#3184,#3185,#3186,#3187,#3188,#3189)),.UNSPECIFIED.,.F.,.F.,.F.,(4,
1,1,4),(4,1,1,1,1,4),(0.,0.285714285714286,0.571428571428571,1.),(0.,0.142857142857143,
0.285714285714286,0.571428571428571,0.857142857142857,1.),.UNSPECIFIED.);
#1011=B_SPLINE_SURFACE_WITH_KNOTS('',3,3,((#3202,#3203,#3204,#3205,#3206,
#3207,#3208,#3209,#3210,#3211,#3212,#3213,#3214,#3215),(#3216,#3217,#3218,
#3219,#3220,#3221,#3222,#3223,#3224,#3225,#3226,#3227,#3228,#3229),(#3230,
#3231,#3232,#3233,#3234,#3235,#3236,#3237,#3238,#3239,#3240,#3241,#3242,
#3243),(#3244,#3245,#3246,#3247,#3248,#3249,#3250,#3251,#3252,#3253,#3254,
#3255,#3256,#3257),(#3258,#3259,#3260,#3261,#3262,#3263,#3264,#3265,#3266,
#3267,#3268,#3269,#3270,#3271),(#3272,#3273,#3274,#3275,#3276,#3277,#3278,
#3279,#3280,#3281,#3282,#3283,#3284,#3285)),.UNSPECIFIED.,.F.,.F.,.F.,(4,
1,1,4),(4,1,1,1,1,1,1,1,1,1,1,4),(0.,0.285714285714286,0.571428571428571,
1.),(0.,0.0357142857142857,0.0714285714285714,0.142857142857143,0.285714285714286,
0.571428571428571,0.678571428571428,0.857142857142857,0.892857142857143,
0.928571428571429,0.964285714285714,1.),.UNSPECIFIED.);
#1012=B_SPLINE_SURFACE_WITH_KNOTS('',3,3,((#3308,#3309,#3310,#3311,#3312,
#3313,#3314,#3315,#3316,#3317,#3318,#3319),(#3320,#3321,#3322,#3323,#3324,
#3325,#3326,#3327,#3328,#3329,#3330,#3331),(#3332,#3333,#3334,#3335,#3336,
#3337,#3338,#3339,#3340,#3341,#3342,#3343),(#3344,#3345,#3346,#3347,#3348,
#3349,#3350,#3351,#3352,#3353,#3354,#3355),(#3356,#3357,#3358,#3359,#3360,
#3361,#3362,#3363,#3364,#3365,#3366,#3367)),.UNSPECIFIED.,.F.,.F.,.F.,(4,
1,4),(4,1,1,1,1,1,1,1,1,4),(0.,0.571428571428571,1.),(0.,0.251972831769309,
0.503945663538618,0.629932079423272,0.755918495307926,0.881904911192581,
1.00789132707724,1.25986415884654,1.51183699061585,1.76380982238516),
 .UNSPECIFIED.);
#1013=B_SPLINE_SURFACE_WITH_KNOTS('',3,3,((#3392,#3393,#3394,#3395,#3396,
#3397,#3398,#3399,#3400,#3401,#3402,#3403,#3404,#3405,#3406,#3407,#3408),
(#3409,#3410,#3411,#3412,#3413,#3414,#3415,#3416,#3417,#3418,#3419,#3420,
#3421,#3422,#3423,#3424,#3425),(#3426,#3427,#3428,#3429,#3430,#3431,#3432,
#3433,#3434,#3435,#3436,#3437,#3438,#3439,#3440,#3441,#3442),(#3443,#3444,
#3445,#3446,#3447,#3448,#3449,#3450,#3451,#3452,#3453,#3454,#3455,#3456,
#3457,#3458,#3459),(#3460,#3461,#3462,#3463,#3464,#3465,#3466,#3467,#3468,
#3469,#3470,#3471,#3472,#3473,#3474,#3475,#3476)),.UNSPECIFIED.,.F.,.T.,
 .F.,(4,1,4),(4,1,1,1,1,1,1,1,1,1,1,1,1,1,4),(0.,0.571428571428571,1.),
(3.90306968980269,4.46065107406021,5.01823245831774,5.57581384257526,6.13339522683279,
6.87683707250949,7.24855799534784,7.6202789181862,8.3637207638629,9.1071626095396,
9.47888353237795,9.8506044552163,10.594046300893,11.1516276851505,11.7092090694081),
 .UNSPECIFIED.);
#1014=ADVANCED_FACE('',(#155),#995,.T.);
#1015=ADVANCED_FACE('',(#156),#996,.T.);
#1016=ADVANCED_FACE('',(#157),#131,.T.);
#1017=ADVANCED_FACE('',(#158),#997,.F.);
#1018=ADVANCED_FACE('',(#159),#132,.T.);
#1019=ADVANCED_FACE('',(#160),#56,.F.);
#1020=ADVANCED_FACE('',(#161),#57,.T.);
#1021=ADVANCED_FACE('',(#162),#55,.F.);
#1022=ADVANCED_FACE('',(#163),#133,.F.);
#1023=ADVANCED_FACE('',(#164),#33,.T.);
#1024=ADVANCED_FACE('',(#165),#998,.T.);
#1025=ADVANCED_FACE('',(#166),#999,.T.);
#1026=ADVANCED_FACE('',(#167),#134,.T.);
#1027=ADVANCED_FACE('',(#168),#1000,.F.);
#1028=ADVANCED_FACE('',(#169),#135,.T.);
#1029=ADVANCED_FACE('',(#170),#58,.F.);
#1030=ADVANCED_FACE('',(#171),#59,.T.);
#1031=ADVANCED_FACE('',(#172),#136,.F.);
#1032=ADVANCED_FACE('',(#173),#34,.T.);
#1033=ADVANCED_FACE('',(#174),#1001,.T.);
#1034=ADVANCED_FACE('',(#175),#1002,.T.);
#1035=ADVANCED_FACE('',(#176),#137,.T.);
#1036=ADVANCED_FACE('',(#177),#1003,.F.);
#1037=ADVANCED_FACE('',(#178),#138,.T.);
#1038=ADVANCED_FACE('',(#179),#60,.F.);
#1039=ADVANCED_FACE('',(#180),#61,.T.);
#1040=ADVANCED_FACE('',(#181),#139,.F.);
#1041=ADVANCED_FACE('',(#182),#35,.T.);
#1042=ADVANCED_FACE('',(#183),#1004,.T.);
#1043=ADVANCED_FACE('',(#184),#1005,.T.);
#1044=ADVANCED_FACE('',(#185),#140,.T.);
#1045=ADVANCED_FACE('',(#186),#1006,.F.);
#1046=ADVANCED_FACE('',(#187),#141,.T.);
#1047=ADVANCED_FACE('',(#188),#62,.T.);
#1048=ADVANCED_FACE('',(#189),#63,.F.);
#1049=ADVANCED_FACE('',(#190),#142,.T.);
#1050=ADVANCED_FACE('',(#191),#143,.F.);
#1051=ADVANCED_FACE('',(#192),#36,.T.);
#1052=ADVANCED_FACE('',(#193),#1007,.T.);
#1053=ADVANCED_FACE('',(#194),#1008,.T.);
#1054=ADVANCED_FACE('',(#195),#144,.T.);
#1055=ADVANCED_FACE('',(#196),#1009,.F.);
#1056=ADVANCED_FACE('',(#197),#145,.T.);
#1057=ADVANCED_FACE('',(#198),#64,.F.);
#1058=ADVANCED_FACE('',(#199),#65,.T.);
#1059=ADVANCED_FACE('',(#200),#146,.F.);
#1060=ADVANCED_FACE('',(#201),#37,.T.);
#1061=ADVANCED_FACE('',(#202),#1010,.T.);
#1062=ADVANCED_FACE('',(#203),#1011,.T.);
#1063=ADVANCED_FACE('',(#204),#147,.T.);
#1064=ADVANCED_FACE('',(#205),#1012,.F.);
#1065=ADVANCED_FACE('',(#206),#148,.T.);
#1066=ADVANCED_FACE('',(#207),#66,.F.);
#1067=ADVANCED_FACE('',(#208),#67,.T.);
#1068=ADVANCED_FACE('',(#209),#149,.F.);
#1069=ADVANCED_FACE('',(#210),#38,.T.);
#1070=ADVANCED_FACE('',(#211),#39,.T.);
#1071=ADVANCED_FACE('',(#212),#1013,.F.);
#1072=ADVANCED_FACE('',(#213,#32),#40,.F.);
#1073=ADVANCED_FACE('',(#214),#68,.T.);
#1074=ADVANCED_FACE('',(#215),#69,.T.);
#1075=ADVANCED_FACE('',(#216),#150,.F.);
#1076=ADVANCED_FACE('',(#217),#41,.T.);
#1077=ADVANCED_FACE('',(#218),#70,.F.);
#1078=ADVANCED_FACE('',(#219),#151,.T.);
#1079=ADVANCED_FACE('',(#220),#42,.T.);
#1080=ADVANCED_FACE('',(#221),#43,.F.);
#1081=ADVANCED_FACE('',(#222),#152,.F.);
#1082=ADVANCED_FACE('',(#223),#44,.T.);
#1083=ADVANCED_FACE('',(#224),#153,.F.);
#1084=ADVANCED_FACE('',(#225),#154,.T.);
#1085=ADVANCED_FACE('',(#226),#45,.F.);
#1086=CLOSED_SHELL('',(#1014,#1015,#1016,#1017,#1018,#1019,#1020,#1021,
#1022,#1023,#1024,#1025,#1026,#1027,#1028,#1029,#1030,#1031,#1032,#1033,
#1034,#1035,#1036,#1037,#1038,#1039,#1040,#1041,#1042,#1043,#1044,#1045,
#1046,#1047,#1048,#1049,#1050,#1051,#1052,#1053,#1054,#1055,#1056,#1057,
#1058,#1059,#1060,#1061,#1062,#1063,#1064,#1065,#1066,#1067,#1068,#1069,
#1070,#1071,#1072,#1073,#1074,#1075,#1076,#1077));
#1087=CLOSED_SHELL('',(#1078,#1079,#1080));
#1088=CLOSED_SHELL('',(#1081,#1082,#1083,#1084,#1085));
#1089=DERIVED_UNIT_ELEMENT(#1095,1.);
#1090=DERIVED_UNIT_ELEMENT(#3643,-3.);
#1091=DERIVED_UNIT_ELEMENT(#1095,1.);
#1092=DERIVED_UNIT_ELEMENT(#3643,-3.);
#1093=DERIVED_UNIT_ELEMENT(#1095,1.);
#1094=DERIVED_UNIT_ELEMENT(#3643,-3.);
#1095=(
MASS_UNIT()
NAMED_UNIT(*)
SI_UNIT(.KILO.,.GRAM.)
);
#1096=DERIVED_UNIT((#1089,#1090));
#1097=DERIVED_UNIT((#1091,#1092));
#1098=DERIVED_UNIT((#1093,#1094));
#1099=MEASURE_REPRESENTATION_ITEM('density measure',
POSITIVE_RATIO_MEASURE(7850.),#1096);
#1100=MEASURE_REPRESENTATION_ITEM('density measure',
POSITIVE_RATIO_MEASURE(7850.),#1097);
#1101=MEASURE_REPRESENTATION_ITEM('density measure',
POSITIVE_RATIO_MEASURE(7850.),#1098);
#1102=PROPERTY_DEFINITION_REPRESENTATION(#1117,#1108);
#1103=PROPERTY_DEFINITION_REPRESENTATION(#1118,#1109);
#1104=PROPERTY_DEFINITION_REPRESENTATION(#1119,#1110);
#1105=PROPERTY_DEFINITION_REPRESENTATION(#1120,#1111);
#1106=PROPERTY_DEFINITION_REPRESENTATION(#1121,#1112);
#1107=PROPERTY_DEFINITION_REPRESENTATION(#1122,#1113);
#1108=REPRESENTATION('material name',(#1114),#3638);
#1109=REPRESENTATION('density',(#1099),#3638);
#1110=REPRESENTATION('material name',(#1115),#3639);
#1111=REPRESENTATION('density',(#1100),#3639);
#1112=REPRESENTATION('material name',(#1116),#3640);
#1113=REPRESENTATION('density',(#1101),#3640);
#1114=DESCRIPTIVE_REPRESENTATION_ITEM('Steel','Steel');
#1115=DESCRIPTIVE_REPRESENTATION_ITEM('Steel','Steel');
#1116=DESCRIPTIVE_REPRESENTATION_ITEM('Steel','Steel');
#1117=PROPERTY_DEFINITION('material property','material name',#3663);
#1118=PROPERTY_DEFINITION('material property','density of part',#3663);
#1119=PROPERTY_DEFINITION('material property','material name',#3664);
#1120=PROPERTY_DEFINITION('material property','density of part',#3664);
#1121=PROPERTY_DEFINITION('material property','material name',#3665);
#1122=PROPERTY_DEFINITION('material property','density of part',#3665);
#1123=AXIS2_PLACEMENT_3D('',#1591,#1269,#1270);
#1124=AXIS2_PLACEMENT_3D('',#1592,#1271,#1272);
#1125=AXIS2_PLACEMENT_3D('',#1659,#1273,#1274);
#1126=AXIS2_PLACEMENT_3D('',#1670,#1275,#1276);
#1127=AXIS2_PLACEMENT_3D('',#1772,#1277,#1278);
#1128=AXIS2_PLACEMENT_3D('',#1788,#1279,#1280);
#1129=AXIS2_PLACEMENT_3D('',#1789,#1281,#1282);
#1130=AXIS2_PLACEMENT_3D('',#1792,#1283,#1284);
#1131=AXIS2_PLACEMENT_3D('',#1869,#1287,#1288);
#1132=AXIS2_PLACEMENT_3D('',#1882,#1289,#1290);
#1133=AXIS2_PLACEMENT_3D('',#1885,#1293,#1294);
#1134=AXIS2_PLACEMENT_3D('',#1886,#1295,#1296);
#1135=AXIS2_PLACEMENT_3D('',#1887,#1297,#1298);
#1136=AXIS2_PLACEMENT_3D('',#1888,#1299,#1300);
#1137=AXIS2_PLACEMENT_3D('',#1889,#1301,#1302);
#1138=AXIS2_PLACEMENT_3D('',#1891,#1303,#1304);
#1139=AXIS2_PLACEMENT_3D('',#1892,#1305,#1306);
#1140=AXIS2_PLACEMENT_3D('',#1921,#1307,#1308);
#1141=AXIS2_PLACEMENT_3D('',#1923,#1309,#1310);
#1142=AXIS2_PLACEMENT_3D('',#1925,#1311,#1312);
#1143=AXIS2_PLACEMENT_3D('',#1939,#1313,#1314);
#1144=AXIS2_PLACEMENT_3D('',#1941,#1315,#1316);
#1145=AXIS2_PLACEMENT_3D('',#1956,#1317,#1318);
#1146=AXIS2_PLACEMENT_3D('',#1971,#1319,#1320);
#1147=AXIS2_PLACEMENT_3D('',#1986,#1321,#1322);
#1148=AXIS2_PLACEMENT_3D('',#2000,#1323,#1324);
#1149=AXIS2_PLACEMENT_3D('',#2001,#1325,#1326);
#1150=AXIS2_PLACEMENT_3D('',#2002,#1327,#1328);
#1151=AXIS2_PLACEMENT_3D('',#2069,#1329,#1330);
#1152=AXIS2_PLACEMENT_3D('',#2080,#1331,#1332);
#1153=AXIS2_PLACEMENT_3D('',#2147,#1333,#1334);
#1154=AXIS2_PLACEMENT_3D('',#2158,#1335,#1336);
#1155=AXIS2_PLACEMENT_3D('',#2159,#1337,#1338);
#1156=AXIS2_PLACEMENT_3D('',#2161,#1339,#1340);
#1157=AXIS2_PLACEMENT_3D('',#2225,#1343,#1344);
#1158=AXIS2_PLACEMENT_3D('',#2238,#1345,#1346);
#1159=AXIS2_PLACEMENT_3D('',#2241,#1349,#1350);
#1160=AXIS2_PLACEMENT_3D('',#2242,#1351,#1352);
#1161=AXIS2_PLACEMENT_3D('',#2243,#1353,#1354);
#1162=AXIS2_PLACEMENT_3D('',#2244,#1355,#1356);
#1163=AXIS2_PLACEMENT_3D('',#2245,#1357,#1358);
#1164=AXIS2_PLACEMENT_3D('',#2246,#1359,#1360);
#1165=AXIS2_PLACEMENT_3D('',#2247,#1361,#1362);
#1166=AXIS2_PLACEMENT_3D('',#2248,#1363,#1364);
#1167=AXIS2_PLACEMENT_3D('',#2315,#1365,#1366);
#1168=AXIS2_PLACEMENT_3D('',#2326,#1367,#1368);
#1169=AXIS2_PLACEMENT_3D('',#2428,#1369,#1370);
#1170=AXIS2_PLACEMENT_3D('',#2444,#1371,#1372);
#1171=AXIS2_PLACEMENT_3D('',#2445,#1373,#1374);
#1172=AXIS2_PLACEMENT_3D('',#2447,#1375,#1376);
#1173=AXIS2_PLACEMENT_3D('',#2511,#1379,#1380);
#1174=AXIS2_PLACEMENT_3D('',#2524,#1381,#1382);
#1175=AXIS2_PLACEMENT_3D('',#2527,#1385,#1386);
#1176=AXIS2_PLACEMENT_3D('',#2528,#1387,#1388);
#1177=AXIS2_PLACEMENT_3D('',#2529,#1389,#1390);
#1178=AXIS2_PLACEMENT_3D('',#2530,#1391,#1392);
#1179=AXIS2_PLACEMENT_3D('',#2531,#1393,#1394);
#1180=AXIS2_PLACEMENT_3D('',#2532,#1395,#1396);
#1181=AXIS2_PLACEMENT_3D('',#2533,#1397,#1398);
#1182=AXIS2_PLACEMENT_3D('',#2534,#1399,#1400);
#1183=AXIS2_PLACEMENT_3D('',#2636,#1401,#1402);
#1184=AXIS2_PLACEMENT_3D('',#2652,#1403,#1404);
#1185=AXIS2_PLACEMENT_3D('',#2719,#1405,#1406);
#1186=AXIS2_PLACEMENT_3D('',#2730,#1407,#1408);
#1187=AXIS2_PLACEMENT_3D('',#2731,#1409,#1410);
#1188=AXIS2_PLACEMENT_3D('',#2733,#1411,#1412);
#1189=AXIS2_PLACEMENT_3D('',#2797,#1415,#1416);
#1190=AXIS2_PLACEMENT_3D('',#2810,#1417,#1418);
#1191=AXIS2_PLACEMENT_3D('',#2813,#1421,#1422);
#1192=AXIS2_PLACEMENT_3D('',#2814,#1423,#1424);
#1193=AXIS2_PLACEMENT_3D('',#2815,#1425,#1426);
#1194=AXIS2_PLACEMENT_3D('',#2816,#1427,#1428);
#1195=AXIS2_PLACEMENT_3D('',#2817,#1429,#1430);
#1196=AXIS2_PLACEMENT_3D('',#2818,#1431,#1432);
#1197=AXIS2_PLACEMENT_3D('',#2819,#1433,#1434);
#1198=AXIS2_PLACEMENT_3D('',#2838,#1436,#1437);
#1199=AXIS2_PLACEMENT_3D('',#2867,#1440,#1441);
#1200=AXIS2_PLACEMENT_3D('',#2882,#1444,#1445);
#1201=AXIS2_PLACEMENT_3D('',#2883,#1446,#1447);
#1202=AXIS2_PLACEMENT_3D('',#2884,#1448,#1449);
#1203=AXIS2_PLACEMENT_3D('',#2885,#1450,#1451);
#1204=AXIS2_PLACEMENT_3D('',#2951,#1452,#1453);
#1205=AXIS2_PLACEMENT_3D('',#2952,#1454,#1455);
#1206=AXIS2_PLACEMENT_3D('',#3038,#1456,#1457);
#1207=AXIS2_PLACEMENT_3D('',#3054,#1458,#1459);
#1208=AXIS2_PLACEMENT_3D('',#3055,#1460,#1461);
#1209=AXIS2_PLACEMENT_3D('',#3057,#1462,#1463);
#1210=AXIS2_PLACEMENT_3D('',#3120,#1465,#1466);
#1211=AXIS2_PLACEMENT_3D('',#3133,#1467,#1468);
#1212=AXIS2_PLACEMENT_3D('',#3135,#1470,#1471);
#1213=AXIS2_PLACEMENT_3D('',#3136,#1472,#1473);
#1214=AXIS2_PLACEMENT_3D('',#3137,#1474,#1475);
#1215=AXIS2_PLACEMENT_3D('',#3138,#1476,#1477);
#1216=AXIS2_PLACEMENT_3D('',#3139,#1478,#1479);
#1217=AXIS2_PLACEMENT_3D('',#3140,#1480,#1481);
#1218=AXIS2_PLACEMENT_3D('',#3141,#1482,#1483);
#1219=AXIS2_PLACEMENT_3D('',#3200,#1484,#1485);
#1220=AXIS2_PLACEMENT_3D('',#3201,#1486,#1487);
#1221=AXIS2_PLACEMENT_3D('',#3287,#1488,#1489);
#1222=AXIS2_PLACEMENT_3D('',#3303,#1490,#1491);
#1223=AXIS2_PLACEMENT_3D('',#3304,#1492,#1493);
#1224=AXIS2_PLACEMENT_3D('',#3306,#1494,#1495);
#1225=AXIS2_PLACEMENT_3D('',#3369,#1497,#1498);
#1226=AXIS2_PLACEMENT_3D('',#3382,#1499,#1500);
#1227=AXIS2_PLACEMENT_3D('',#3384,#1502,#1503);
#1228=AXIS2_PLACEMENT_3D('',#3385,#1504,#1505);
#1229=AXIS2_PLACEMENT_3D('',#3386,#1506,#1507);
#1230=AXIS2_PLACEMENT_3D('',#3387,#1508,#1509);
#1231=AXIS2_PLACEMENT_3D('',#3388,#1510,#1511);
#1232=AXIS2_PLACEMENT_3D('',#3389,#1512,#1513);
#1233=AXIS2_PLACEMENT_3D('',#3390,#1514,#1515);
#1234=AXIS2_PLACEMENT_3D('',#3391,#1516,#1517);
#1235=AXIS2_PLACEMENT_3D('',#3479,#1518,#1519);
#1236=AXIS2_PLACEMENT_3D('',#3519,#1520,#1521);
#1237=AXIS2_PLACEMENT_3D('',#3521,#1522,#1523);
#1238=AXIS2_PLACEMENT_3D('',#3522,#1524,#1525);
#1239=AXIS2_PLACEMENT_3D('',#3524,#1526,#1527);
#1240=AXIS2_PLACEMENT_3D('',#3525,#1528,#1529);
#1241=AXIS2_PLACEMENT_3D('',#3526,#1530,#1531);
#1242=AXIS2_PLACEMENT_3D('',#3528,#1532,#1533);
#1243=AXIS2_PLACEMENT_3D('',#3530,#1534,#1535);
#1244=AXIS2_PLACEMENT_3D('',#3531,#1536,#1537);
#1245=AXIS2_PLACEMENT_3D('',#3532,#1538,#1539);
#1246=AXIS2_PLACEMENT_3D('',#3535,#1541,#1542);
#1247=AXIS2_PLACEMENT_3D('',#3536,#1543,#1544);
#1248=AXIS2_PLACEMENT_3D('',#3537,#1545,#1546);
#1249=AXIS2_PLACEMENT_3D('',#3538,#1547,#1548);
#1250=AXIS2_PLACEMENT_3D('',#3539,#1549,#1550);
#1251=AXIS2_PLACEMENT_3D('',#3540,#1551,#1552);
#1252=AXIS2_PLACEMENT_3D('',#3542,#1553,#1554);
#1253=AXIS2_PLACEMENT_3D('',#3545,#1556,#1557);
#1254=AXIS2_PLACEMENT_3D('',#3546,#1558,#1559);
#1255=AXIS2_PLACEMENT_3D('',#3547,#1560,#1561);
#1256=AXIS2_PLACEMENT_3D('',#3548,#1562,#1563);
#1257=AXIS2_PLACEMENT_3D('',#3549,#1564,#1565);
#1258=AXIS2_PLACEMENT_3D('',#3584,#1567,#1568);
#1259=AXIS2_PLACEMENT_3D('',#3586,#1569,#1570);
#1260=AXIS2_PLACEMENT_3D('',#3590,#1572,#1573);
#1261=AXIS2_PLACEMENT_3D('',#3591,#1574,#1575);
#1262=AXIS2_PLACEMENT_3D('',#3592,#1576,#1577);
#1263=AXIS2_PLACEMENT_3D('',#3624,#1578,#1579);
#1264=AXIS2_PLACEMENT_3D('',#3627,#1581,#1582);
#1265=AXIS2_PLACEMENT_3D('',#3628,#1583,#1584);
#1266=AXIS2_PLACEMENT_3D('',#3629,#1585,#1586);
#1267=AXIS2_PLACEMENT_3D('',#3630,#1587,#1588);
#1268=AXIS2_PLACEMENT_3D('',#3631,#1589,#1590);
#1269=DIRECTION('axis',(0.,0.,1.));
#1270=DIRECTION('refdir',(1.,0.,0.));
#1271=DIRECTION('axis',(0.,0.,1.));
#1272=DIRECTION('refdir',(1.,0.,0.));
#1273=DIRECTION('center_axis',(0.,1.,0.));
#1274=DIRECTION('ref_axis',(-0.9375,0.,-0.347985272676878));
#1275=DIRECTION('center_axis',(-0.128123338641331,0.,0.991758241758242));
#1276=DIRECTION('ref_axis',(0.,1.,0.));
#1277=DIRECTION('center_axis',(0.,1.,0.));
#1278=DIRECTION('ref_axis',(-0.549999999999996,0.,-0.835164654424506));
#1279=DIRECTION('center_axis',(-0.128123338641331,0.,-0.991758241758242));
#1280=DIRECTION('ref_axis',(-0.991758241758242,0.,0.128123338641331));
#1281=DIRECTION('center_axis',(0.,1.,0.));
#1282=DIRECTION('ref_axis',(-0.95032889043741,0.,-0.31124748994972));
#1283=DIRECTION('center_axis',(0.,-1.,0.));
#1284=DIRECTION('ref_axis',(-0.9375,0.,0.347985272676877));
#1285=DIRECTION('',(0.,-1.,0.));
#1286=DIRECTION('',(0.,1.,0.));
#1287=DIRECTION('center_axis',(0.,1.,0.));
#1288=DIRECTION('ref_axis',(-0.937499999999999,0.,-0.347985272676878));
#1289=DIRECTION('center_axis',(0.,-1.,0.));
#1290=DIRECTION('ref_axis',(-0.95032889043741,0.,0.31124748994972));
#1291=DIRECTION('',(0.,1.,0.));
#1292=DIRECTION('',(0.,-1.,0.));
#1293=DIRECTION('center_axis',(0.,-1.,0.));
#1294=DIRECTION('ref_axis',(0.,0.,-1.));
#1295=DIRECTION('center_axis',(0.,1.,0.));
#1296=DIRECTION('ref_axis',(1.,0.,6.77576192227314E-16));
#1297=DIRECTION('center_axis',(0.,-1.,0.));
#1298=DIRECTION('ref_axis',(1.,0.,6.77576192227314E-16));
#1299=DIRECTION('center_axis',(0.,1.,0.));
#1300=DIRECTION('ref_axis',(0.,0.,1.));
#1301=DIRECTION('center_axis',(0.,-1.,0.));
#1302=DIRECTION('ref_axis',(-1.,0.,-1.22464679914735E-16));
#1303=DIRECTION('center_axis',(0.,1.,0.));
#1304=DIRECTION('ref_axis',(-1.,0.,-1.22464679914735E-16));
#1305=DIRECTION('center_axis',(0.,1.,0.));
#1306=DIRECTION('ref_axis',(-1.,0.,-1.22464679914735E-16));
#1307=DIRECTION('center_axis',(0.,-1.,0.));
#1308=DIRECTION('ref_axis',(-8.26946079742758E-16,0.,1.));
#1309=DIRECTION('center_axis',(-1.,0.,1.22464679914735E-16));
#1310=DIRECTION('ref_axis',(-1.22464679914735E-16,0.,-1.));
#1311=DIRECTION('center_axis',(0.,1.,0.));
#1312=DIRECTION('ref_axis',(-8.26946079742758E-16,0.,1.));
#1313=DIRECTION('center_axis',(0.,1.,0.));
#1314=DIRECTION('ref_axis',(-8.26946079742758E-16,0.,1.));
#1315=DIRECTION('center_axis',(0.,1.,0.));
#1316=DIRECTION('ref_axis',(-8.26946079742758E-16,0.,1.));
#1317=DIRECTION('center_axis',(0.,1.,0.));
#1318=DIRECTION('ref_axis',(-8.26946079742758E-16,0.,1.));
#1319=DIRECTION('center_axis',(0.,1.,0.));
#1320=DIRECTION('ref_axis',(-8.26946079742758E-16,0.,1.));
#1321=DIRECTION('center_axis',(0.,1.,0.));
#1322=DIRECTION('ref_axis',(-8.26946079742758E-16,0.,1.));
#1323=DIRECTION('center_axis',(0.,1.,0.));
#1324=DIRECTION('ref_axis',(-8.26946079742758E-16,0.,1.));
#1325=DIRECTION('center_axis',(0.,-1.,0.));
#1326=DIRECTION('ref_axis',(1.,0.,1.22464679914735E-16));
#1327=DIRECTION('center_axis',(0.,1.,0.));
#1328=DIRECTION('ref_axis',(1.,0.,1.22464679914735E-16));
#1329=DIRECTION('center_axis',(0.,1.,0.));
#1330=DIRECTION('ref_axis',(-0.167385913718968,0.,-0.98589145238635));
#1331=DIRECTION('center_axis',(-0.922949501095891,0.,0.384921054798052));
#1332=DIRECTION('ref_axis',(0.,1.,0.));
#1333=DIRECTION('center_axis',(0.,1.,0.));
#1334=DIRECTION('ref_axis',(0.448273807074476,0.,-0.893896299293691));
#1335=DIRECTION('center_axis',(0.79482616245456,2.22988354045544E-15,-0.606837186960191));
#1336=DIRECTION('ref_axis',(-0.606837186960191,0.,-0.79482616245456));
#1337=DIRECTION('center_axis',(0.,1.,0.));
#1338=DIRECTION('ref_axis',(-0.205616212058105,0.,-0.978632706043936));
#1339=DIRECTION('center_axis',(0.,-1.,0.));
#1340=DIRECTION('ref_axis',(-0.77011408628103,0.,-0.637906179709472));
#1341=DIRECTION('',(0.,-1.,0.));
#1342=DIRECTION('',(0.,1.,0.));
#1343=DIRECTION('center_axis',(-1.07073865357719E-15,1.,1.81995643825243E-14));
#1344=DIRECTION('ref_axis',(-0.167385913718969,1.77635683940025E-14,-0.98589145238635));
#1345=DIRECTION('center_axis',(0.,-1.,0.));
#1346=DIRECTION('ref_axis',(-0.744712678379304,0.,-0.667385216094216));
#1347=DIRECTION('',(0.,1.,0.));
#1348=DIRECTION('',(0.,-1.,0.));
#1349=DIRECTION('center_axis',(0.,-1.,0.));
#1350=DIRECTION('ref_axis',(0.495309144174169,0.,0.868716784514638));
#1351=DIRECTION('center_axis',(0.,1.,0.));
#1352=DIRECTION('ref_axis',(0.499999999999999,0.,0.866025403784439));
#1353=DIRECTION('center_axis',(0.,-1.,0.));
#1354=DIRECTION('ref_axis',(0.499999999999999,0.,0.866025403784439));
#1355=DIRECTION('center_axis',(0.,1.,0.));
#1356=DIRECTION('ref_axis',(0.,0.,1.));
#1357=DIRECTION('center_axis',(0.,-1.,0.));
#1358=DIRECTION('ref_axis',(-0.5,0.,-0.866025403784439));
#1359=DIRECTION('center_axis',(0.,1.,0.));
#1360=DIRECTION('ref_axis',(-0.5,0.,-0.866025403784439));
#1361=DIRECTION('center_axis',(0.,-1.,0.));
#1362=DIRECTION('ref_axis',(0.5,0.,0.866025403784439));
#1363=DIRECTION('center_axis',(0.,1.,0.));
#1364=DIRECTION('ref_axis',(0.5,0.,0.866025403784439));
#1365=DIRECTION('center_axis',(0.,1.,0.));
#1366=DIRECTION('ref_axis',(0.770114086281031,0.,-0.637906179709472));
#1367=DIRECTION('center_axis',(-0.794826162454561,0.,-0.60683718696019));
#1368=DIRECTION('ref_axis',(0.,1.,0.));
#1369=DIRECTION('center_axis',(0.,1.,0.));
#1370=DIRECTION('ref_axis',(0.998273807074472,0.,-0.0587316448691844));
#1371=DIRECTION('center_axis',(0.922949501095892,8.54696435399596E-16,0.384921054798051));
#1372=DIRECTION('ref_axis',(0.384921054798051,0.,-0.922949501095892));
#1373=DIRECTION('center_axis',(0.,1.,0.));
#1374=DIRECTION('ref_axis',(0.744712678379306,0.,-0.667385216094214));
#1375=DIRECTION('center_axis',(0.,-1.,0.));
#1376=DIRECTION('ref_axis',(0.167385913718969,0.,-0.98589145238635));
#1377=DIRECTION('',(0.,-1.,0.));
#1378=DIRECTION('',(0.,1.,0.));
#1379=DIRECTION('center_axis',(-8.14832720993253E-15,1.,4.08624765822517E-15));
#1380=DIRECTION('ref_axis',(0.770114086281031,8.88178419700125E-15,-0.637906179709472));
#1381=DIRECTION('center_axis',(0.,-1.,0.));
#1382=DIRECTION('ref_axis',(0.205616212058106,0.,-0.978632706043935));
#1383=DIRECTION('',(0.,1.,0.));
#1384=DIRECTION('',(0.,-1.,0.));
#1385=DIRECTION('center_axis',(0.,-1.,0.));
#1386=DIRECTION('ref_axis',(-0.504676231996492,0.,0.863308693838897));
#1387=DIRECTION('center_axis',(0.,1.,0.));
#1388=DIRECTION('ref_axis',(-0.500000000000001,0.,0.866025403784438));
#1389=DIRECTION('center_axis',(0.,-1.,0.));
#1390=DIRECTION('ref_axis',(-0.500000000000001,0.,0.866025403784438));
#1391=DIRECTION('center_axis',(0.,1.,0.));
#1392=DIRECTION('ref_axis',(0.,0.,1.));
#1393=DIRECTION('center_axis',(0.,-1.,0.));
#1394=DIRECTION('ref_axis',(0.5,0.,-0.866025403784439));
#1395=DIRECTION('center_axis',(0.,1.,0.));
#1396=DIRECTION('ref_axis',(0.5,0.,-0.866025403784439));
#1397=DIRECTION('center_axis',(0.,-1.,0.));
#1398=DIRECTION('ref_axis',(-0.5,0.,0.866025403784439));
#1399=DIRECTION('center_axis',(0.,1.,0.));
#1400=DIRECTION('ref_axis',(-0.5,0.,0.866025403784439));
#1401=DIRECTION('center_axis',(0.,1.,0.));
#1402=DIRECTION('ref_axis',(0.549999999999996,0.,0.835164654424506));
#1403=DIRECTION('center_axis',(0.128123338641331,-2.7526820871544E-16,0.991758241758242));
#1404=DIRECTION('ref_axis',(0.991758241758242,0.,-0.128123338641331));
#1405=DIRECTION('center_axis',(0.,1.,0.));
#1406=DIRECTION('ref_axis',(0.9375,0.,0.347985272676877));
#1407=DIRECTION('center_axis',(0.128123338641331,0.,-0.991758241758242));
#1408=DIRECTION('ref_axis',(0.,1.,0.));
#1409=DIRECTION('center_axis',(0.,1.,0.));
#1410=DIRECTION('ref_axis',(0.95032889043741,0.,-0.311247489949719));
#1411=DIRECTION('center_axis',(0.,-1.,0.));
#1412=DIRECTION('ref_axis',(0.549999999999996,0.,-0.835164654424506));
#1413=DIRECTION('',(0.,-1.,0.));
#1414=DIRECTION('',(0.,1.,0.));
#1415=DIRECTION('center_axis',(7.61295788314394E-15,1.,-5.01353453303696E-15));
#1416=DIRECTION('ref_axis',(0.549999999999996,0.,0.835164654424506));
#1417=DIRECTION('center_axis',(0.,-1.,0.));
#1418=DIRECTION('ref_axis',(0.95032889043741,0.,0.311247489949719));
#1419=DIRECTION('',(0.,1.,0.));
#1420=DIRECTION('',(0.,-1.,0.));
#1421=DIRECTION('center_axis',(0.,-1.,0.));
#1422=DIRECTION('ref_axis',(0.,0.,-1.));
#1423=DIRECTION('center_axis',(0.,1.,0.));
#1424=DIRECTION('ref_axis',(1.,0.,1.66533453693773E-16));
#1425=DIRECTION('center_axis',(0.,-1.,0.));
#1426=DIRECTION('ref_axis',(1.,0.,1.66533453693773E-16));
#1427=DIRECTION('center_axis',(0.,-1.,0.));
#1428=DIRECTION('ref_axis',(0.,0.,-1.));
#1429=DIRECTION('center_axis',(0.,1.,0.));
#1430=DIRECTION('ref_axis',(-1.,0.,-5.55111512312578E-16));
#1431=DIRECTION('center_axis',(0.,-1.,0.));
#1432=DIRECTION('ref_axis',(-1.,0.,-5.55111512312578E-16));
#1433=DIRECTION('center_axis',(0.,1.,0.));
#1434=DIRECTION('ref_axis',(1.,0.,0.));
#1435=DIRECTION('',(0.,1.,0.));
#1436=DIRECTION('center_axis',(0.,1.,0.));
#1437=DIRECTION('ref_axis',(0.499999999999999,0.,0.866025403784439));
#1438=DIRECTION('',(0.,-1.,0.));
#1439=DIRECTION('',(0.,1.,0.));
#1440=DIRECTION('center_axis',(0.,1.,0.));
#1441=DIRECTION('ref_axis',(-0.500000000000001,0.,0.866025403784438));
#1442=DIRECTION('',(0.,-1.,0.));
#1443=DIRECTION('',(0.,-1.,0.));
#1444=DIRECTION('center_axis',(0.,-1.,0.));
#1445=DIRECTION('ref_axis',(6.12323399573677E-17,0.,-1.));
#1446=DIRECTION('center_axis',(0.,-1.,0.));
#1447=DIRECTION('ref_axis',(6.12323399573677E-17,0.,-1.));
#1448=DIRECTION('center_axis',(0.,-1.,0.));
#1449=DIRECTION('ref_axis',(-1.,0.,0.));
#1450=DIRECTION('center_axis',(0.,1.,0.));
#1451=DIRECTION('ref_axis',(-1.,0.,0.));
#1452=DIRECTION('center_axis',(0.,1.,0.));
#1453=DIRECTION('ref_axis',(-0.770114086281031,0.,0.637906179709471));
#1454=DIRECTION('center_axis',(0.794826162454561,0.,0.60683718696019));
#1455=DIRECTION('ref_axis',(0.,1.,0.));
#1456=DIRECTION('center_axis',(0.,1.,0.));
#1457=DIRECTION('ref_axis',(-0.998273807074472,0.,0.0587316448691844));
#1458=DIRECTION('center_axis',(-0.922949501095891,0.,-0.384921054798052));
#1459=DIRECTION('ref_axis',(-0.384921054798052,0.,0.922949501095891));
#1460=DIRECTION('center_axis',(0.,1.,0.));
#1461=DIRECTION('ref_axis',(-0.744712678379304,0.,0.667385216094216));
#1462=DIRECTION('center_axis',(0.,-1.,0.));
#1463=DIRECTION('ref_axis',(-0.16738591371897,0.,0.985891452386349));
#1464=DIRECTION('',(0.,-1.,0.));
#1465=DIRECTION('center_axis',(8.14832720993254E-15,1.,-4.08624765822517E-15));
#1466=DIRECTION('ref_axis',(-0.770114086281031,8.88178419700125E-15,0.637906179709471));
#1467=DIRECTION('center_axis',(0.,-1.,0.));
#1468=DIRECTION('ref_axis',(-0.205616212058106,0.,0.978632706043935));
#1469=DIRECTION('',(0.,1.,0.));
#1470=DIRECTION('center_axis',(0.,-1.,0.));
#1471=DIRECTION('ref_axis',(0.,0.,-1.));
#1472=DIRECTION('center_axis',(0.,1.,0.));
#1473=DIRECTION('ref_axis',(0.500000000000001,0.,-0.866025403784438));
#1474=DIRECTION('center_axis',(0.,-1.,0.));
#1475=DIRECTION('ref_axis',(0.500000000000001,0.,-0.866025403784438));
#1476=DIRECTION('center_axis',(0.,1.,0.));
#1477=DIRECTION('ref_axis',(0.,0.,1.));
#1478=DIRECTION('center_axis',(0.,-1.,0.));
#1479=DIRECTION('ref_axis',(-0.5,0.,0.866025403784438));
#1480=DIRECTION('center_axis',(0.,-1.,0.));
#1481=DIRECTION('ref_axis',(0.500000000000001,0.,-0.866025403784438));
#1482=DIRECTION('center_axis',(0.,1.,0.));
#1483=DIRECTION('ref_axis',(0.5,0.,-0.866025403784438));
#1484=DIRECTION('center_axis',(0.,1.,0.));
#1485=DIRECTION('ref_axis',(0.167385913718968,0.,0.98589145238635));
#1486=DIRECTION('center_axis',(0.922949501095892,0.,-0.38492105479805));
#1487=DIRECTION('ref_axis',(0.,1.,0.));
#1488=DIRECTION('center_axis',(0.,1.,0.));
#1489=DIRECTION('ref_axis',(-0.448273807074477,0.,0.89389629929369));
#1490=DIRECTION('center_axis',(-0.794826162454561,0.,0.606837186960189));
#1491=DIRECTION('ref_axis',(0.606837186960189,0.,0.794826162454561));
#1492=DIRECTION('center_axis',(0.,1.,0.));
#1493=DIRECTION('ref_axis',(0.205616212058104,0.,0.978632706043936));
#1494=DIRECTION('center_axis',(0.,-1.,0.));
#1495=DIRECTION('ref_axis',(0.77011408628103,0.,0.637906179709472));
#1496=DIRECTION('',(0.,-1.,0.));
#1497=DIRECTION('center_axis',(0.,1.,0.));
#1498=DIRECTION('ref_axis',(0.167385913718968,0.,0.98589145238635));
#1499=DIRECTION('center_axis',(0.,-1.,0.));
#1500=DIRECTION('ref_axis',(0.744712678379304,0.,0.667385216094216));
#1501=DIRECTION('',(0.,1.,0.));
#1502=DIRECTION('center_axis',(0.,-1.,0.));
#1503=DIRECTION('ref_axis',(0.,0.,-1.));
#1504=DIRECTION('center_axis',(0.,1.,0.));
#1505=DIRECTION('ref_axis',(-0.499999999999999,0.,-0.866025403784439));
#1506=DIRECTION('center_axis',(0.,-1.,0.));
#1507=DIRECTION('ref_axis',(-0.499999999999999,0.,-0.866025403784439));
#1508=DIRECTION('center_axis',(0.,1.,0.));
#1509=DIRECTION('ref_axis',(0.,0.,1.));
#1510=DIRECTION('center_axis',(0.,-1.,0.));
#1511=DIRECTION('ref_axis',(0.499999999999999,0.,0.866025403784439));
#1512=DIRECTION('center_axis',(0.,-1.,0.));
#1513=DIRECTION('ref_axis',(-0.499999999999999,0.,-0.866025403784439));
#1514=DIRECTION('center_axis',(0.,1.,0.));
#1515=DIRECTION('ref_axis',(-0.499999999999999,0.,-0.866025403784439));
#1516=DIRECTION('center_axis',(0.,1.,0.));
#1517=DIRECTION('ref_axis',(1.,0.,0.));
#1518=DIRECTION('center_axis',(0.000811828910622072,0.,0.999999670466856));
#1519=DIRECTION('ref_axis',(-0.999692834813638,0.0247704937472025,0.000811579812485895));
#1520=DIRECTION('center_axis',(0.,1.,0.));
#1521=DIRECTION('ref_axis',(1.,0.,0.));
#1522=DIRECTION('center_axis',(0.,1.,0.));
#1523=DIRECTION('ref_axis',(1.,0.,0.));
#1524=DIRECTION('center_axis',(0.,1.,0.));
#1525=DIRECTION('ref_axis',(0.,0.,1.));
#1526=DIRECTION('center_axis',(-1.,0.,1.22464679914735E-16));
#1527=DIRECTION('ref_axis',(-1.22464679914735E-16,0.,-1.));
#1528=DIRECTION('center_axis',(0.,1.,0.));
#1529=DIRECTION('ref_axis',(6.12323399573677E-17,0.,-1.));
#1530=DIRECTION('center_axis',(0.,-1.,0.));
#1531=DIRECTION('ref_axis',(0.,0.,-1.));
#1532=DIRECTION('center_axis',(-1.,0.,-1.22464679914735E-16));
#1533=DIRECTION('ref_axis',(-1.22464679914735E-16,0.,1.));
#1534=DIRECTION('center_axis',(0.,-1.,0.));
#1535=DIRECTION('ref_axis',(-1.83697019872103E-16,0.,-1.));
#1536=DIRECTION('center_axis',(0.,-1.,0.));
#1537=DIRECTION('ref_axis',(-1.83697019872103E-16,0.,-1.));
#1538=DIRECTION('center_axis',(0.,1.,0.));
#1539=DIRECTION('ref_axis',(1.,0.,0.));
#1540=DIRECTION('',(0.,1.,0.));
#1541=DIRECTION('center_axis',(0.,1.,0.));
#1542=DIRECTION('ref_axis',(1.,0.,0.));
#1543=DIRECTION('center_axis',(0.,-1.,0.));
#1544=DIRECTION('ref_axis',(1.,0.,0.));
#1545=DIRECTION('center_axis',(0.,1.,0.));
#1546=DIRECTION('ref_axis',(0.,0.,1.));
#1547=DIRECTION('center_axis',(1.,0.,-1.22464679914735E-16));
#1548=DIRECTION('ref_axis',(-1.22464679914735E-16,0.,-1.));
#1549=DIRECTION('axis',(0.,0.,1.));
#1550=DIRECTION('refdir',(1.,0.,0.));
#1551=DIRECTION('center_axis',(0.,-1.,0.));
#1552=DIRECTION('ref_axis',(1.,0.,0.));
#1553=DIRECTION('center_axis',(0.,-1.,0.));
#1554=DIRECTION('ref_axis',(1.,0.,0.));
#1555=DIRECTION('',(0.,1.,0.));
#1556=DIRECTION('center_axis',(0.,-1.,0.));
#1557=DIRECTION('ref_axis',(1.,0.,0.));
#1558=DIRECTION('center_axis',(0.,-1.,0.));
#1559=DIRECTION('ref_axis',(1.,0.,0.));
#1560=DIRECTION('center_axis',(0.,-1.,0.));
#1561=DIRECTION('ref_axis',(1.,0.,0.));
#1562=DIRECTION('axis',(0.,0.,1.));
#1563=DIRECTION('refdir',(1.,0.,0.));
#1564=DIRECTION('center_axis',(-1.,0.,0.));
#1565=DIRECTION('ref_axis',(0.,0.0550500869620546,0.99848359421949));
#1566=DIRECTION('',(-1.,0.,0.));
#1567=DIRECTION('center_axis',(0.,-1.,0.));
#1568=DIRECTION('ref_axis',(1.,0.,0.));
#1569=DIRECTION('center_axis',(0.,-1.,0.));
#1570=DIRECTION('ref_axis',(1.,0.,0.));
#1571=DIRECTION('',(-1.,0.,0.));
#1572=DIRECTION('center_axis',(0.,-1.,0.));
#1573=DIRECTION('ref_axis',(1.,0.,0.));
#1574=DIRECTION('center_axis',(0.,-1.,0.));
#1575=DIRECTION('ref_axis',(1.,0.,0.));
#1576=DIRECTION('center_axis',(1.,0.,0.));
#1577=DIRECTION('ref_axis',(0.,0.0550500869620546,-0.99848359421949));
#1578=DIRECTION('center_axis',(0.,-1.,0.));
#1579=DIRECTION('ref_axis',(1.,0.,0.));
#1580=DIRECTION('',(0.,1.,0.));
#1581=DIRECTION('center_axis',(0.,-1.,0.));
#1582=DIRECTION('ref_axis',(1.,0.,0.));
#1583=DIRECTION('center_axis',(0.,-1.,0.));
#1584=DIRECTION('ref_axis',(1.,0.,0.));
#1585=DIRECTION('',(0.,0.,1.));
#1586=DIRECTION('',(1.,0.,0.));
#1587=DIRECTION('',(0.,0.,1.));
#1588=DIRECTION('',(1.,0.,0.));
#1589=DIRECTION('',(0.,0.,1.));
#1590=DIRECTION('',(1.,0.,0.));
#1591=CARTESIAN_POINT('',(0.,0.,0.));
#1592=CARTESIAN_POINT('',(0.,0.,0.));
#1593=CARTESIAN_POINT('Ctrl Pts',(-13.8846153846154,24.,-1.79372674097863));
#1594=CARTESIAN_POINT('Ctrl Pts',(-13.8609252038274,24.,-1.97710419815654));
#1595=CARTESIAN_POINT('Ctrl Pts',(-13.8181389375554,23.9978060395462,-2.26424099225079));
#1596=CARTESIAN_POINT('Ctrl Pts',(-13.7077588662676,24.0548864885338,-2.8715564518221));
#1597=CARTESIAN_POINT('Ctrl Pts',(-13.5147141351546,24.2906549643791,-3.70758772760858));
#1598=CARTESIAN_POINT('Ctrl Pts',(-13.2773810451134,24.8846572098617,-4.45047707708977));
#1599=CARTESIAN_POINT('Ctrl Pts',(-13.1503314799592,25.5014733988711,-4.8038307404098));
#1600=CARTESIAN_POINT('Ctrl Pts',(-13.125,25.8283058711187,-4.87179381747629));
#1601=CARTESIAN_POINT('Ctrl Pts',(-13.125,26.,-4.87179381747629));
#1602=CARTESIAN_POINT('Ctrl Pts',(-13.8846153846154,24.1346870059403,-1.79372674097863));
#1603=CARTESIAN_POINT('Ctrl Pts',(-13.8608193278057,24.1324458193498,-1.9784406416819));
#1604=CARTESIAN_POINT('Ctrl Pts',(-13.8187083680942,24.1315475686244,-2.25986609464535));
#1605=CARTESIAN_POINT('Ctrl Pts',(-13.7132493926565,24.1978259975859,-2.84344086420015));
#1606=CARTESIAN_POINT('Ctrl Pts',(-13.5339084103047,24.4481928614735,-3.62905851757678));
#1607=CARTESIAN_POINT('Ctrl Pts',(-13.3274511366094,25.0288680769721,-4.29748586718236));
#1608=CARTESIAN_POINT('Ctrl Pts',(-13.226160898776,25.5840105747307,-4.59594851786157));
#1609=CARTESIAN_POINT('Ctrl Pts',(-13.2075215563125,25.8571524502643,-4.64947418179792));
#1610=CARTESIAN_POINT('Ctrl Pts',(-13.2075215563125,26.,-4.64947418179792));
#1611=CARTESIAN_POINT('Ctrl Pts',(-13.8298461057903,24.4282934596824,-1.78665120324919));
#1612=CARTESIAN_POINT('Ctrl Pts',(-13.8080935014484,24.4197977303673,-1.96950190201051));
#1613=CARTESIAN_POINT('Ctrl Pts',(-13.769053530249,24.4213943917513,-2.23330688684984));
#1614=CARTESIAN_POINT('Ctrl Pts',(-13.6738447311941,24.5043917606811,-2.75601989828251));
#1615=CARTESIAN_POINT('Ctrl Pts',(-13.5191776809531,24.7789967218442,-3.42125769791134));
#1616=CARTESIAN_POINT('Ctrl Pts',(-13.3688676750394,25.3173980255469,-3.92472683676774));
#1617=CARTESIAN_POINT('Ctrl Pts',(-13.3107964981444,25.7411910177016,-4.11707868760813));
#1618=CARTESIAN_POINT('Ctrl Pts',(-13.3024050896724,25.9119532518105,-4.14606692567566));
#1619=CARTESIAN_POINT('Ctrl Pts',(-13.3024050896724,26.,-4.14606692567566));
#1620=CARTESIAN_POINT('Ctrl Pts',(-13.4779688688418,24.8840909766704,-1.74119286018586));
#1621=CARTESIAN_POINT('Ctrl Pts',(-13.4753157851334,24.8686421267711,-1.8981595670302));
#1622=CARTESIAN_POINT('Ctrl Pts',(-13.4507350267845,24.8745081028232,-2.10856188315332));
#1623=CARTESIAN_POINT('Ctrl Pts',(-13.3714060778004,24.9715411568425,-2.49221374300353));
#1624=CARTESIAN_POINT('Ctrl Pts',(-13.2320077311243,25.24752307398,-2.91644754797831));
#1625=CARTESIAN_POINT('Ctrl Pts',(-13.1240658818644,25.6665040254257,-3.14238248777105));
#1626=CARTESIAN_POINT('Ctrl Pts',(-13.099788249134,25.907987263756,-3.20117159300057));
#1627=CARTESIAN_POINT('Ctrl Pts',(-13.0996758792316,25.9694427531799,-3.20701158232709));
#1628=CARTESIAN_POINT('Ctrl Pts',(-13.0996758792316,26.,-3.20701158232709));
#1629=CARTESIAN_POINT('Ctrl Pts',(-13.0932225651557,25.,-1.69148822564632));
#1630=CARTESIAN_POINT('Ctrl Pts',(-13.1083867251558,24.9929014184312,-1.81562535604166));
#1631=CARTESIAN_POINT('Ctrl Pts',(-13.0956940500254,25.0048424081802,-1.98338582907676));
#1632=CARTESIAN_POINT('Ctrl Pts',(-13.0187106904244,25.0970659893468,-2.27646747706086));
#1633=CARTESIAN_POINT('Ctrl Pts',(-12.8575744255339,25.3355104329139,-2.57005391516146));
#1634=CARTESIAN_POINT('Ctrl Pts',(-12.7093243623465,25.6692917666778,-2.68102520832723));
#1635=CARTESIAN_POINT('Ctrl Pts',(-12.6545982910511,25.8833714120573,-2.69980547829776));
#1636=CARTESIAN_POINT('Ctrl Pts',(-12.647077602725,25.9608687337257,-2.70113524267049));
#1637=CARTESIAN_POINT('Ctrl Pts',(-12.647077602725,26.,-2.70113524267049));
#1638=CARTESIAN_POINT('Ctrl Pts',(-12.8928571428571,25.,-1.6656034023373));
#1639=CARTESIAN_POINT('Ctrl Pts',(-12.9134802913109,25.,-1.7717624954179));
#1640=CARTESIAN_POINT('Ctrl Pts',(-12.905941320401,25.0147271840845,-1.91761654414436));
#1641=CARTESIAN_POINT('Ctrl Pts',(-12.8265671371391,25.1005445935053,-2.17255189173874));
#1642=CARTESIAN_POINT('Ctrl Pts',(-12.6474797975116,25.3118376559456,-2.4186537486155));
#1643=CARTESIAN_POINT('Ctrl Pts',(-12.4606123342213,25.6059389439263,-2.49776453294839));
#1644=CARTESIAN_POINT('Ctrl Pts',(-12.3683005024572,25.8329235301465,-2.50623560482213));
#1645=CARTESIAN_POINT('Ctrl Pts',(-12.35,25.9427686237062,-2.50549396327352));
#1646=CARTESIAN_POINT('Ctrl Pts',(-12.35,26.,-2.50549396327352));
#1647=CARTESIAN_POINT('',(-12.35,26.,-2.50549396327352));
#1648=CARTESIAN_POINT('',(-12.8928571428571,25.,-1.66560340233731));
#1649=CARTESIAN_POINT('Ctrl Pts',(-12.8928571428571,25.,-1.6656034023373));
#1650=CARTESIAN_POINT('Ctrl Pts',(-12.9134802913109,25.,-1.7717624954179));
#1651=CARTESIAN_POINT('Ctrl Pts',(-12.905941320401,25.0147271840845,-1.91761654414436));
#1652=CARTESIAN_POINT('Ctrl Pts',(-12.8265671371391,25.1005445935053,-2.17255189173874));
#1653=CARTESIAN_POINT('Ctrl Pts',(-12.6474797975116,25.3118376559456,-2.4186537486155));
#1654=CARTESIAN_POINT('Ctrl Pts',(-12.4606123342213,25.6059389439263,-2.49776453294839));
#1655=CARTESIAN_POINT('Ctrl Pts',(-12.3683005024572,25.8329235301465,-2.50623560482213));
#1656=CARTESIAN_POINT('Ctrl Pts',(-12.35,25.9427686237062,-2.50549396327352));
#1657=CARTESIAN_POINT('Ctrl Pts',(-12.35,26.,-2.50549396327352));
#1658=CARTESIAN_POINT('',(-13.125,26.,-4.87179381747629));
#1659=CARTESIAN_POINT('Origin',(-11.25,26.,-4.17582327212253));
#1660=CARTESIAN_POINT('',(-13.8846153846154,24.,-1.79372674097863));
#1661=CARTESIAN_POINT('Ctrl Pts',(-13.125,26.,-4.87179381747629));
#1662=CARTESIAN_POINT('Ctrl Pts',(-13.125,25.8283058711187,-4.87179381747629));
#1663=CARTESIAN_POINT('Ctrl Pts',(-13.1503314799592,25.5014733988711,-4.8038307404098));
#1664=CARTESIAN_POINT('Ctrl Pts',(-13.2773810451134,24.8846572098617,-4.45047707708977));
#1665=CARTESIAN_POINT('Ctrl Pts',(-13.5147141351546,24.2906549643791,-3.70758772760858));
#1666=CARTESIAN_POINT('Ctrl Pts',(-13.7077588662676,24.0548864885338,-2.8715564518221));
#1667=CARTESIAN_POINT('Ctrl Pts',(-13.8181389375554,23.9978060395462,-2.26424099225079));
#1668=CARTESIAN_POINT('Ctrl Pts',(-13.8609252038274,24.,-1.97710419815654));
#1669=CARTESIAN_POINT('Ctrl Pts',(-13.8846153846154,24.,-1.79372674097863));
#1670=CARTESIAN_POINT('Origin',(-12.8928571428571,24.,-1.6656034023373));
#1671=CARTESIAN_POINT('Ctrl Pts',(-13.125,26.,4.87179381747628));
#1672=CARTESIAN_POINT('Ctrl Pts',(-13.125,25.9570764677797,4.87179381747628));
#1673=CARTESIAN_POINT('Ctrl Pts',(-13.1265918541692,25.872314473296,4.86746560171207));
#1674=CARTESIAN_POINT('Ctrl Pts',(-13.1356903060422,25.7061719161,4.84302513182943));
#1675=CARTESIAN_POINT('Ctrl Pts',(-13.1661640341188,25.4245692147191,4.75967906653287));
#1676=CARTESIAN_POINT('Ctrl Pts',(-13.2775712639409,24.8840334313222,4.45022476667907));
#1677=CARTESIAN_POINT('Ctrl Pts',(-13.4747542958988,24.3910033655351,3.83185199500752));
#1678=CARTESIAN_POINT('Ctrl Pts',(-13.6725653483764,24.0898886097322,3.03207170527977));
#1679=CARTESIAN_POINT('Ctrl Pts',(-13.7661488823274,24.0180438257989,2.56414175983311));
#1680=CARTESIAN_POINT('Ctrl Pts',(-13.8233308893298,24.0028914189379,2.21872981379266));
#1681=CARTESIAN_POINT('Ctrl Pts',(-13.8458282804251,23.9999367162146,2.07375702237449));
#1682=CARTESIAN_POINT('Ctrl Pts',(-13.8662871833967,23.9996749504097,1.9320317623722));
#1683=CARTESIAN_POINT('Ctrl Pts',(-13.8786928394184,24.,1.83957110527311));
#1684=CARTESIAN_POINT('Ctrl Pts',(-13.8846153846154,24.,1.79372674097863));
#1685=CARTESIAN_POINT('Ctrl Pts',(-13.2075215563125,26.,4.64947418179791));
#1686=CARTESIAN_POINT('Ctrl Pts',(-13.2075215563125,25.9642881125661,4.64947418179791));
#1687=CARTESIAN_POINT('Ctrl Pts',(-13.2087143716344,25.8937941828456,4.64602042638152));
#1688=CARTESIAN_POINT('Ctrl Pts',(-13.2155481725548,25.7546459719555,4.62637575738233));
#1689=CARTESIAN_POINT('Ctrl Pts',(-13.2387746905433,25.5148246141707,4.55863236103421));
#1690=CARTESIAN_POINT('Ctrl Pts',(-13.3276743059953,25.0284338561054,4.29713635894527));
#1691=CARTESIAN_POINT('Ctrl Pts',(-13.4991342447615,24.5462802072824,3.74091963488859));
#1692=CARTESIAN_POINT('Ctrl Pts',(-13.6802676271613,24.2364323337565,2.99491251799147));
#1693=CARTESIAN_POINT('Ctrl Pts',(-13.7687447386407,24.1556544748221,2.54946426374733));
#1694=CARTESIAN_POINT('Ctrl Pts',(-13.8241015460165,24.1369998158853,2.2142532335784));
#1695=CARTESIAN_POINT('Ctrl Pts',(-13.8460739305258,24.1332439343208,2.07239987392495));
#1696=CARTESIAN_POINT('Ctrl Pts',(-13.8662731534373,24.133056824684,1.93237014273819));
#1697=CARTESIAN_POINT('Ctrl Pts',(-13.878666370413,24.1341267092927,1.83990521615445));
#1698=CARTESIAN_POINT('Ctrl Pts',(-13.8846153846154,24.1346870059403,1.79372674097863));
#1699=CARTESIAN_POINT('Ctrl Pts',(-13.3024050896724,26.,4.14606692567565));
#1700=CARTESIAN_POINT('Ctrl Pts',(-13.3024050896724,25.9779883129526,4.14606692567565));
#1701=CARTESIAN_POINT('Ctrl Pts',(-13.3029814916166,25.9345238740391,4.14410869382933));
#1702=CARTESIAN_POINT('Ctrl Pts',(-13.3062439669165,25.8469770765742,4.13292218207328));
#1703=CARTESIAN_POINT('Ctrl Pts',(-13.3180071052487,25.688541019943,4.09304266139623));
#1704=CARTESIAN_POINT('Ctrl Pts',(-13.3690883482322,25.3171677512958,3.92432728563632));
#1705=CARTESIAN_POINT('Ctrl Pts',(-13.4938817960849,24.8697745590979,3.50545402091026));
#1706=CARTESIAN_POINT('Ctrl Pts',(-13.6447941652621,24.5494372041051,2.88570862550498));
#1707=CARTESIAN_POINT('Ctrl Pts',(-13.7237006072975,24.4523426728357,2.4955157607315));
#1708=CARTESIAN_POINT('Ctrl Pts',(-13.7743106588807,24.4273917985669,2.18830238514022));
#1709=CARTESIAN_POINT('Ctrl Pts',(-13.7944582560216,24.4224469298456,2.05597052238821));
#1710=CARTESIAN_POINT('Ctrl Pts',(-13.8130335947057,24.4229794601353,1.92261452707114));
#1711=CARTESIAN_POINT('Ctrl Pts',(-13.8244079547048,24.4261695273537,1.83236387793952));
#1712=CARTESIAN_POINT('Ctrl Pts',(-13.8298461057903,24.4282934596824,1.78665120324919));
#1713=CARTESIAN_POINT('Ctrl Pts',(-13.0996758792316,26.,3.20701158232708));
#1714=CARTESIAN_POINT('Ctrl Pts',(-13.0996758792316,25.992360688295,3.20701158232708));
#1715=CARTESIAN_POINT('Ctrl Pts',(-13.099745599002,25.9773225177757,3.20655775543004));
#1716=CARTESIAN_POINT('Ctrl Pts',(-13.1001556522279,25.9450493462604,3.20402684456147));
#1717=CARTESIAN_POINT('Ctrl Pts',(-13.1028663448964,25.8779857837133,3.19375772773081));
#1718=CARTESIAN_POINT('Ctrl Pts',(-13.124160845163,25.6665349976019,3.14224728667014));
#1719=CARTESIAN_POINT('Ctrl Pts',(-13.2140491456868,25.3181585194356,2.95413055830963));
#1720=CARTESIAN_POINT('Ctrl Pts',(-13.3442944022515,25.0199999363219,2.57742358521072));
#1721=CARTESIAN_POINT('Ctrl Pts',(-13.4147160686634,24.9121728996904,2.30569565125062));
#1722=CARTESIAN_POINT('Ctrl Pts',(-13.4522319250688,24.8805072617885,2.07003883039361));
#1723=CARTESIAN_POINT('Ctrl Pts',(-13.4650659204594,24.8740041543565,1.96538748882381));
#1724=CARTESIAN_POINT('Ctrl Pts',(-13.4742000862593,24.8748666516561,1.85654225002431));
#1725=CARTESIAN_POINT('Ctrl Pts',(-13.4773055979147,24.8802287641956,1.78043453689695));
#1726=CARTESIAN_POINT('Ctrl Pts',(-13.4779688688418,24.8840909766704,1.74119286018586));
#1727=CARTESIAN_POINT('Ctrl Pts',(-12.647077602725,26.,2.70113524267048));
#1728=CARTESIAN_POINT('Ctrl Pts',(-12.647077602725,25.9902171834314,2.70113524267048));
#1729=CARTESIAN_POINT('Ctrl Pts',(-12.647637191396,25.9707657161318,2.70097278609166));
#1730=CARTESIAN_POINT('Ctrl Pts',(-12.6505363490362,25.931340974777,2.70043010956107));
#1731=CARTESIAN_POINT('Ctrl Pts',(-12.6613969125432,25.8569855235615,2.6974739955233));
#1732=CARTESIAN_POINT('Ctrl Pts',(-12.7092888061156,25.6691479548242,2.68124410920626));
#1733=CARTESIAN_POINT('Ctrl Pts',(-12.8333962835829,25.3915333210428,2.58780458768873));
#1734=CARTESIAN_POINT('Ctrl Pts',(-12.9875231539217,25.1394114474489,2.33712749884514));
#1735=CARTESIAN_POINT('Ctrl Pts',(-13.0639102980403,25.0419792553476,2.1350583220162));
#1736=CARTESIAN_POINT('Ctrl Pts',(-13.0935765120194,25.008131082752,1.9512591008255));
#1737=CARTESIAN_POINT('Ctrl Pts',(-13.100713150018,24.9993899329844,1.86899918678254));
#1738=CARTESIAN_POINT('Ctrl Pts',(-13.1015354352731,24.9964736451387,1.78286507731154));
#1739=CARTESIAN_POINT('Ctrl Pts',(-13.0970136051557,24.9982253546078,1.72252250824515));
#1740=CARTESIAN_POINT('Ctrl Pts',(-13.0932225651557,25.,1.69148822564631));
#1741=CARTESIAN_POINT('Ctrl Pts',(-12.35,26.,2.50549396327351));
#1742=CARTESIAN_POINT('Ctrl Pts',(-12.35,25.9856921559266,2.50549396327351));
#1743=CARTESIAN_POINT('Ctrl Pts',(-12.3511679707672,25.9573981780106,2.50549125843207));
#1744=CARTESIAN_POINT('Ctrl Pts',(-12.3576322927276,25.9017212846698,2.50560342805458));
#1745=CARTESIAN_POINT('Ctrl Pts',(-12.3799010326903,25.8046472088774,2.5050702512518));
#1746=CARTESIAN_POINT('Ctrl Pts',(-12.4604379019945,25.6057713313431,2.49796235951777));
#1747=CARTESIAN_POINT('Ctrl Pts',(-12.6167267374947,25.3614792907735,2.43123299792981));
#1748=CARTESIAN_POINT('Ctrl Pts',(-12.7923704836698,25.1379203280562,2.22391991643901));
#1749=CARTESIAN_POINT('Ctrl Pts',(-12.8740185479347,25.0506444617699,2.05024485034658));
#1750=CARTESIAN_POINT('Ctrl Pts',(-12.9017153316339,25.0167234225185,1.89011974699862));
#1751=CARTESIAN_POINT('Ctrl Pts',(-12.9070562280387,25.0067173427988,1.81854719640158));
#1752=CARTESIAN_POINT('Ctrl Pts',(-12.9050652865469,25.0011196481582,1.74394905476438));
#1753=CARTESIAN_POINT('Ctrl Pts',(-12.8980129299706,25.,1.69214317560745));
#1754=CARTESIAN_POINT('Ctrl Pts',(-12.8928571428571,25.,1.6656034023373));
#1755=CARTESIAN_POINT('',(-13.8846153846154,24.,1.79372674097863));
#1756=CARTESIAN_POINT('',(-13.125,26.,4.87179381747628));
#1757=CARTESIAN_POINT('Ctrl Pts',(-13.8846153846154,24.,1.79372674097863));
#1758=CARTESIAN_POINT('Ctrl Pts',(-13.8786928394184,24.,1.83957110527311));
#1759=CARTESIAN_POINT('Ctrl Pts',(-13.8662871833967,23.9996749504097,1.9320317623722));
#1760=CARTESIAN_POINT('Ctrl Pts',(-13.8458282804251,23.9999367162146,2.07375702237449));
#1761=CARTESIAN_POINT('Ctrl Pts',(-13.8233308893298,24.0028914189379,2.21872981379266));
#1762=CARTESIAN_POINT('Ctrl Pts',(-13.7661488823274,24.0180438257989,2.56414175983311));
#1763=CARTESIAN_POINT('Ctrl Pts',(-13.6725653483764,24.0898886097322,3.03207170527977));
#1764=CARTESIAN_POINT('Ctrl Pts',(-13.4747542958988,24.3910033655351,3.83185199500752));
#1765=CARTESIAN_POINT('Ctrl Pts',(-13.2775712639409,24.8840334313222,4.45022476667907));
#1766=CARTESIAN_POINT('Ctrl Pts',(-13.1661640341188,25.4245692147191,4.75967906653287));
#1767=CARTESIAN_POINT('Ctrl Pts',(-13.1356903060422,25.7061719161,4.84302513182943));
#1768=CARTESIAN_POINT('Ctrl Pts',(-13.1265918541692,25.872314473296,4.86746560171207));
#1769=CARTESIAN_POINT('Ctrl Pts',(-13.125,25.9570764677797,4.87179381747628));
#1770=CARTESIAN_POINT('Ctrl Pts',(-13.125,26.,4.87179381747628));
#1771=CARTESIAN_POINT('',(-12.35,26.,2.50549396327352));
#1772=CARTESIAN_POINT('Origin',(-11.25,26.,4.17582327212253));
#1773=CARTESIAN_POINT('',(-12.8928571428571,25.,1.6656034023373));
#1774=CARTESIAN_POINT('Ctrl Pts',(-12.35,26.,2.50549396327351));
#1775=CARTESIAN_POINT('Ctrl Pts',(-12.35,25.9856921559266,2.50549396327351));
#1776=CARTESIAN_POINT('Ctrl Pts',(-12.3511679707672,25.9573981780106,2.50549125843207));
#1777=CARTESIAN_POINT('Ctrl Pts',(-12.3576322927276,25.9017212846698,2.50560342805458));
#1778=CARTESIAN_POINT('Ctrl Pts',(-12.3799010326903,25.8046472088774,2.5050702512518));
#1779=CARTESIAN_POINT('Ctrl Pts',(-12.4604379019945,25.6057713313431,2.49796235951777));
#1780=CARTESIAN_POINT('Ctrl Pts',(-12.6167267374947,25.3614792907735,2.43123299792981));
#1781=CARTESIAN_POINT('Ctrl Pts',(-12.7923704836698,25.1379203280562,2.22391991643901));
#1782=CARTESIAN_POINT('Ctrl Pts',(-12.8740185479347,25.0506444617699,2.05024485034658));
#1783=CARTESIAN_POINT('Ctrl Pts',(-12.9017153316339,25.0167234225185,1.89011974699862));
#1784=CARTESIAN_POINT('Ctrl Pts',(-12.9070562280387,25.0067173427988,1.81854719640158));
#1785=CARTESIAN_POINT('Ctrl Pts',(-12.9050652865469,25.0011196481582,1.74394905476438));
#1786=CARTESIAN_POINT('Ctrl Pts',(-12.8980129299706,25.,1.69214317560745));
#1787=CARTESIAN_POINT('Ctrl Pts',(-12.8928571428571,25.,1.6656034023373));
#1788=CARTESIAN_POINT('Origin',(-12.8928571428571,24.,1.6656034023373));
#1789=CARTESIAN_POINT('Origin',(-11.25,100.,4.17582327212253));
#1790=CARTESIAN_POINT('',(-13.125,90.,4.87179381747628));
#1791=CARTESIAN_POINT('',(-12.35,90.,2.50549396327352));
#1792=CARTESIAN_POINT('Origin',(-11.25,90.,4.17582327212253));
#1793=CARTESIAN_POINT('',(-12.35,100.,2.50549396327352));
#1794=CARTESIAN_POINT('',(-13.125,100.,4.87179381747628));
#1795=CARTESIAN_POINT('Ctrl Pts',(-12.35,90.,-2.50549396327352));
#1796=CARTESIAN_POINT('Ctrl Pts',(-12.35,90.8399078713829,-2.50549396327352));
#1797=CARTESIAN_POINT('Ctrl Pts',(-12.2112360201049,92.5189751925735,-2.42228428012678));
#1798=CARTESIAN_POINT('Ctrl Pts',(-11.7396124053494,94.3966656743657,-2.02198383193924));
#1799=CARTESIAN_POINT('Ctrl Pts',(-11.3193450975735,95.5392789446571,-1.39534333344662));
#1800=CARTESIAN_POINT('Ctrl Pts',(-11.0668204149594,96.1108444026352,-0.755208714151897));
#1801=CARTESIAN_POINT('Ctrl Pts',(-10.9669706316251,96.310434317939,-0.00248905970472511));
#1802=CARTESIAN_POINT('Ctrl Pts',(-11.0995842273346,96.0456688151281,1.01137433162077));
#1803=CARTESIAN_POINT('Ctrl Pts',(-11.6467624037274,94.7740476276754,1.95015912095766));
#1804=CARTESIAN_POINT('Ctrl Pts',(-12.2110158518114,92.517501720777,2.41806791592869));
#1805=CARTESIAN_POINT('Ctrl Pts',(-12.35,90.839907871383,2.50549396327352));
#1806=CARTESIAN_POINT('Ctrl Pts',(-12.35,90.,2.50549396327352));
#1807=CARTESIAN_POINT('Ctrl Pts',(-12.7775576263066,90.,-2.78706322416457));
#1808=CARTESIAN_POINT('Ctrl Pts',(-12.7775576263066,90.8951985136212,-2.78706322416457));
#1809=CARTESIAN_POINT('Ctrl Pts',(-12.5909612667242,92.6838878407646,-2.7087212161535));
#1810=CARTESIAN_POINT('Ctrl Pts',(-11.9628353648216,94.6582720270949,-2.29074495750983));
#1811=CARTESIAN_POINT('Ctrl Pts',(-11.4118005981283,95.8507806986809,-1.59046904759631));
#1812=CARTESIAN_POINT('Ctrl Pts',(-11.0846380812392,96.4463681101699,-0.862484819501676));
#1813=CARTESIAN_POINT('Ctrl Pts',(-10.957101835724,96.6546273380976,-0.00305700261065075));
#1814=CARTESIAN_POINT('Ctrl Pts',(-11.126427917632,96.3782065206083,1.15491707644322));
#1815=CARTESIAN_POINT('Ctrl Pts',(-11.8382841677513,95.0547374768271,2.2175276170054));
#1816=CARTESIAN_POINT('Ctrl Pts',(-12.5908915543304,92.6825806827835,2.70360525025885));
#1817=CARTESIAN_POINT('Ctrl Pts',(-12.7775576263066,90.8951985136214,2.78706322416457));
#1818=CARTESIAN_POINT('Ctrl Pts',(-12.7775576263066,90.,2.78706322416457));
#1819=CARTESIAN_POINT('Ctrl Pts',(-13.3224097468934,90.,-3.5789958059724));
#1820=CARTESIAN_POINT('Ctrl Pts',(-13.3224097468934,90.9909965499072,-3.5789958059724));
#1821=CARTESIAN_POINT('Ctrl Pts',(-13.0506285740185,92.9702313995944,-3.47322884176536));
#1822=CARTESIAN_POINT('Ctrl Pts',(-12.1654428330392,95.1143366861453,-2.91879478577017));
#1823=CARTESIAN_POINT('Ctrl Pts',(-11.4067833738485,96.3948621494087,-2.01555378375403));
#1824=CARTESIAN_POINT('Ctrl Pts',(-10.9599733425871,97.0327715030754,-1.08877921614216));
#1825=CARTESIAN_POINT('Ctrl Pts',(-10.7864882182832,97.2562689102418,-0.00369113520328605));
#1826=CARTESIAN_POINT('Ctrl Pts',(-11.0167796673874,96.9593817850858,1.45813888416395));
#1827=CARTESIAN_POINT('Ctrl Pts',(-11.9899760937196,95.5443050430692,2.82020817573857));
#1828=CARTESIAN_POINT('Ctrl Pts',(-13.0506312912153,92.9691724355969,3.46698621401024));
#1829=CARTESIAN_POINT('Ctrl Pts',(-13.3224097468934,90.9909965499075,3.57899580597239));
#1830=CARTESIAN_POINT('Ctrl Pts',(-13.3224097468934,90.,3.57899580597239));
#1831=CARTESIAN_POINT('Ctrl Pts',(-13.2586117582208,90.,-4.51183311463262));
#1832=CARTESIAN_POINT('Ctrl Pts',(-13.2586117582208,91.0406663691521,-4.51183311463262));
#1833=CARTESIAN_POINT('Ctrl Pts',(-12.9648434728009,93.1201573895551,-4.35772252615235));
#1834=CARTESIAN_POINT('Ctrl Pts',(-11.980848259941,95.4122585989718,-3.61759900513064));
#1835=CARTESIAN_POINT('Ctrl Pts',(-11.1111317767046,96.794416400788,-2.47895784650352));
#1836=CARTESIAN_POINT('Ctrl Pts',(-10.5882208219873,97.4843452383612,-1.33339485246866));
#1837=CARTESIAN_POINT('Ctrl Pts',(-10.3807545327109,97.7256109065665,-0.00421251039787845));
#1838=CARTESIAN_POINT('Ctrl Pts',(-10.6564826670704,97.4053520937953,1.7852656683654));
#1839=CARTESIAN_POINT('Ctrl Pts',(-11.7873962903056,95.8724732018901,3.48359083934293));
#1840=CARTESIAN_POINT('Ctrl Pts',(-12.9641104080094,93.1186793167791,4.35058399213154));
#1841=CARTESIAN_POINT('Ctrl Pts',(-13.2586117582208,91.0406663691525,4.51183311463261));
#1842=CARTESIAN_POINT('Ctrl Pts',(-13.2586117582208,90.,4.51183311463261));
#1843=CARTESIAN_POINT('Ctrl Pts',(-13.125,90.,-4.87179381747629));
#1844=CARTESIAN_POINT('Ctrl Pts',(-13.125,91.0498848392283,-4.87179381747629));
#1845=CARTESIAN_POINT('Ctrl Pts',(-12.8345438661277,93.1487189907169,-4.70225073767231));
#1846=CARTESIAN_POINT('Ctrl Pts',(-11.8411000514925,95.4958320929571,-3.89744405715275));
#1847=CARTESIAN_POINT('Ctrl Pts',(-10.9432084738771,96.9240986808214,-2.66772979517272));
#1848=CARTESIAN_POINT('Ctrl Pts',(-10.3965402551488,97.638555503294,-1.43393447213896));
#1849=CARTESIAN_POINT('Ctrl Pts',(-10.1771010332411,97.8880428974237,-0.00448736744772136));
#1850=CARTESIAN_POINT('Ctrl Pts',(-10.4688605731828,97.55708601891,1.91968118766059));
#1851=CARTESIAN_POINT('Ctrl Pts',(-11.6468852221908,95.9675595345942,3.75147947608262));
#1852=CARTESIAN_POINT('Ctrl Pts',(-12.8334318359474,93.1468771509713,4.69466145969034));
#1853=CARTESIAN_POINT('Ctrl Pts',(-13.125,91.0498848392287,4.87179381747628));
#1854=CARTESIAN_POINT('Ctrl Pts',(-13.125,90.,4.87179381747628));
#1855=CARTESIAN_POINT('',(-13.125,90.,-4.87179381747629));
#1856=CARTESIAN_POINT('Ctrl Pts',(-13.125,90.,4.87179381747628));
#1857=CARTESIAN_POINT('Ctrl Pts',(-13.125,91.0498848392287,4.87179381747628));
#1858=CARTESIAN_POINT('Ctrl Pts',(-12.8334318359474,93.1468771509713,4.69466145969034));
#1859=CARTESIAN_POINT('Ctrl Pts',(-11.6468852221908,95.9675595345942,3.75147947608262));
#1860=CARTESIAN_POINT('Ctrl Pts',(-10.4688605731828,97.55708601891,1.91968118766059));
#1861=CARTESIAN_POINT('Ctrl Pts',(-10.1771010332411,97.8880428974237,-0.00448736744772136));
#1862=CARTESIAN_POINT('Ctrl Pts',(-10.3965402551488,97.638555503294,-1.43393447213896));
#1863=CARTESIAN_POINT('Ctrl Pts',(-10.9432084738771,96.9240986808214,-2.66772979517272));
#1864=CARTESIAN_POINT('Ctrl Pts',(-11.8411000514925,95.4958320929571,-3.89744405715275));
#1865=CARTESIAN_POINT('Ctrl Pts',(-12.8345438661277,93.1487189907169,-4.70225073767231));
#1866=CARTESIAN_POINT('Ctrl Pts',(-13.125,91.0498848392283,-4.87179381747629));
#1867=CARTESIAN_POINT('Ctrl Pts',(-13.125,90.,-4.87179381747629));
#1868=CARTESIAN_POINT('',(-12.35,90.,-2.50549396327352));
#1869=CARTESIAN_POINT('Origin',(-11.25,90.,-4.17582327212253));
#1870=CARTESIAN_POINT('Ctrl Pts',(-12.35,90.,-2.50549396327352));
#1871=CARTESIAN_POINT('Ctrl Pts',(-12.35,90.8399078713829,-2.50549396327352));
#1872=CARTESIAN_POINT('Ctrl Pts',(-12.2112360201049,92.5189751925735,-2.42228428012678));
#1873=CARTESIAN_POINT('Ctrl Pts',(-11.7396124053494,94.3966656743657,-2.02198383193924));
#1874=CARTESIAN_POINT('Ctrl Pts',(-11.3193450975735,95.5392789446571,-1.39534333344662));
#1875=CARTESIAN_POINT('Ctrl Pts',(-11.0668204149594,96.1108444026352,-0.755208714151897));
#1876=CARTESIAN_POINT('Ctrl Pts',(-10.9669706316251,96.310434317939,-0.00248905970472511));
#1877=CARTESIAN_POINT('Ctrl Pts',(-11.0995842273346,96.0456688151281,1.01137433162077));
#1878=CARTESIAN_POINT('Ctrl Pts',(-11.6467624037274,94.7740476276754,1.95015912095766));
#1879=CARTESIAN_POINT('Ctrl Pts',(-12.2110158518114,92.517501720777,2.41806791592869));
#1880=CARTESIAN_POINT('Ctrl Pts',(-12.35,90.839907871383,2.50549396327352));
#1881=CARTESIAN_POINT('Ctrl Pts',(-12.35,90.,2.50549396327352));
#1882=CARTESIAN_POINT('Origin',(-11.25,100.,-4.17582327212253));
#1883=CARTESIAN_POINT('',(-12.35,100.,-2.50549396327352));
#1884=CARTESIAN_POINT('',(-13.125,100.,-4.87179381747629));
#1885=CARTESIAN_POINT('Origin',(-14.,26.,-3.93495156805661E-15));
#1886=CARTESIAN_POINT('Origin',(-14.,26.,-3.93495156805661E-15));
#1887=CARTESIAN_POINT('Origin',(-14.,25.,-3.93495156805661E-15));
#1888=CARTESIAN_POINT('Origin',(0.,24.,0.));
#1889=CARTESIAN_POINT('Origin',(0.,25.,0.));
#1890=CARTESIAN_POINT('',(-14.,24.,1.71450551880629E-15));
#1891=CARTESIAN_POINT('Origin',(0.,24.,0.));
#1892=CARTESIAN_POINT('Origin',(0.,24.,0.));
#1893=CARTESIAN_POINT('Ctrl Pts',(0.,90.,-14.));
#1894=CARTESIAN_POINT('Ctrl Pts',(-14.,90.,-14.));
#1895=CARTESIAN_POINT('Ctrl Pts',(-14.,90.,0.));
#1896=CARTESIAN_POINT('Ctrl Pts',(-14.,90.,14.));
#1897=CARTESIAN_POINT('Ctrl Pts',(0.,90.,14.));
#1898=CARTESIAN_POINT('Ctrl Pts',(14.,90.,14.));
#1899=CARTESIAN_POINT('Ctrl Pts',(14.,90.,0.));
#1900=CARTESIAN_POINT('Ctrl Pts',(14.,90.,-14.));
#1901=CARTESIAN_POINT('Ctrl Pts',(0.,90.,-14.));
#1902=CARTESIAN_POINT('Ctrl Pts',(0.,100.,-14.));
#1903=CARTESIAN_POINT('Ctrl Pts',(-14.,100.,-14.));
#1904=CARTESIAN_POINT('Ctrl Pts',(-14.,100.,0.));
#1905=CARTESIAN_POINT('Ctrl Pts',(-14.,100.,14.));
#1906=CARTESIAN_POINT('Ctrl Pts',(0.,100.,14.));
#1907=CARTESIAN_POINT('Ctrl Pts',(14.,100.,14.));
#1908=CARTESIAN_POINT('Ctrl Pts',(14.,100.,0.));
#1909=CARTESIAN_POINT('Ctrl Pts',(14.,100.,-14.));
#1910=CARTESIAN_POINT('Ctrl Pts',(0.,100.,-14.));
#1911=CARTESIAN_POINT('Ctrl Pts',(0.,100.,-4.));
#1912=CARTESIAN_POINT('Ctrl Pts',(-4.,100.,-4.));
#1913=CARTESIAN_POINT('Ctrl Pts',(-4.,100.,0.));
#1914=CARTESIAN_POINT('Ctrl Pts',(-4.,100.,4.));
#1915=CARTESIAN_POINT('Ctrl Pts',(0.,100.,4.));
#1916=CARTESIAN_POINT('Ctrl Pts',(4.,100.,4.));
#1917=CARTESIAN_POINT('Ctrl Pts',(4.,100.,0.));
#1918=CARTESIAN_POINT('Ctrl Pts',(4.,100.,-4.));
#1919=CARTESIAN_POINT('Ctrl Pts',(0.,100.,-4.));
#1920=CARTESIAN_POINT('',(3.79764303862997E-15,100.,-4.));
#1921=CARTESIAN_POINT('Origin',(0.,100.,0.));
#1922=CARTESIAN_POINT('',(-1.71450551880629E-15,90.,-14.));
#1923=CARTESIAN_POINT('Origin',(-4.89858719658941E-16,90.,-4.));
#1924=CARTESIAN_POINT('',(-2.34340279206556,90.,-13.8024803334089));
#1925=CARTESIAN_POINT('Origin',(0.,90.,0.));
#1926=CARTESIAN_POINT('',(-10.7815972079344,90.,-8.93068651593261));
#1927=CARTESIAN_POINT('Ctrl Pts',(-10.7815972079344,90.,-8.93068651593261));
#1928=CARTESIAN_POINT('Ctrl Pts',(-10.7815972079344,91.0498867990387,-8.93068651593261));
#1929=CARTESIAN_POINT('Ctrl Pts',(-10.4824013153941,93.1468683203515,-8.76675886200522));
#1930=CARTESIAN_POINT('Ctrl Pts',(-9.07229384240954,95.9675853537127,-8.21075921572251));
#1931=CARTESIAN_POINT('Ctrl Pts',(-6.89680108689344,97.5570980432587,-8.10650668410182));
#1932=CARTESIAN_POINT('Ctrl Pts',(-5.08467739080804,97.8880081193186,-8.81589142626025));
#1933=CARTESIAN_POINT('Ctrl Pts',(-3.95651498224098,97.6385857855708,-9.72056741462483));
#1934=CARTESIAN_POINT('Ctrl Pts',(-3.16131006464294,96.9241335725364,-10.8109172057386));
#1935=CARTESIAN_POINT('Ctrl Pts',(-2.54523415907368,95.4958098089276,-12.2034626130563));
#1936=CARTESIAN_POINT('Ctrl Pts',(-2.34500602621099,93.1487242955241,-13.4661468738878));
#1937=CARTESIAN_POINT('Ctrl Pts',(-2.34340279206556,91.0498867990379,-13.8024803334089));
#1938=CARTESIAN_POINT('Ctrl Pts',(-2.34340279206556,90.,-13.8024803334089));
#1939=CARTESIAN_POINT('Origin',(0.,90.,0.));
#1940=CARTESIAN_POINT('',(-10.7815972079344,90.,8.9306865159326));
#1941=CARTESIAN_POINT('Origin',(0.,90.,0.));
#1942=CARTESIAN_POINT('',(-2.34340279206558,90.,13.8024803334089));
#1943=CARTESIAN_POINT('Ctrl Pts',(-2.34340279206557,90.,13.8024803334089));
#1944=CARTESIAN_POINT('Ctrl Pts',(-2.34340279206557,91.0498867990388,13.8024803334089));
#1945=CARTESIAN_POINT('Ctrl Pts',(-2.35093326569681,93.1470066794506,13.4612361445673));
#1946=CARTESIAN_POINT('Ctrl Pts',(-2.57442576159523,95.9677888025416,11.961970455997));
#1947=CARTESIAN_POINT('Ctrl Pts',(-3.5716936964327,97.5575689947554,10.0254822244632));
#1948=CARTESIAN_POINT('Ctrl Pts',(-5.09208730571004,97.8884850755418,8.81082888014421));
#1949=CARTESIAN_POINT('Ctrl Pts',(-6.43945670660019,97.6393347302164,8.2858049963515));
#1950=CARTESIAN_POINT('Ctrl Pts',(-7.78129444303724,96.9248739319123,8.14235397889909));
#1951=CARTESIAN_POINT('Ctrl Pts',(-9.29483241658249,95.4973086887286,8.30410252555289));
#1952=CARTESIAN_POINT('Ctrl Pts',(-10.4915704571648,93.1460702852067,8.76709745054105));
#1953=CARTESIAN_POINT('Ctrl Pts',(-10.7815972079344,91.0498867990381,8.9306865159326));
#1954=CARTESIAN_POINT('Ctrl Pts',(-10.7815972079344,90.,8.9306865159326));
#1955=CARTESIAN_POINT('',(2.34340279206555,90.,13.8024803334089));
#1956=CARTESIAN_POINT('Origin',(0.,90.,0.));
#1957=CARTESIAN_POINT('',(10.7815972079344,90.,8.93068651593262));
#1958=CARTESIAN_POINT('Ctrl Pts',(10.7815972079344,90.,8.93068651593262));
#1959=CARTESIAN_POINT('Ctrl Pts',(10.7815972079344,91.0498867990387,8.93068651593261));
#1960=CARTESIAN_POINT('Ctrl Pts',(10.4823058534422,93.1470066930577,8.76658599718603));
#1961=CARTESIAN_POINT('Ctrl Pts',(9.07215746162805,95.9677888328513,8.21050330662858));
#1962=CARTESIAN_POINT('Ctrl Pts',(6.89647555754705,97.5575690379877,8.10591853893827));
#1963=CARTESIAN_POINT('Ctrl Pts',(5.08435807601555,97.8884851125678,8.81529136180316));
#1964=CARTESIAN_POINT('Ctrl Pts',(3.9559893512377,97.6393347638404,9.7196355509208));
#1965=CARTESIAN_POINT('Ctrl Pts',(3.16083824376862,96.9248739607163,10.8099756129631));
#1966=CARTESIAN_POINT('Ctrl Pts',(2.54414760395815,95.4973087113544,12.2016122274238));
#1967=CARTESIAN_POINT('Ctrl Pts',(2.34674392426791,93.1460703101315,13.4695152316542));
#1968=CARTESIAN_POINT('Ctrl Pts',(2.34340279206555,91.0498867990385,13.8024803334089));
#1969=CARTESIAN_POINT('Ctrl Pts',(2.34340279206555,90.,13.8024803334089));
#1970=CARTESIAN_POINT('',(13.125,90.,4.87179381747628));
#1971=CARTESIAN_POINT('Origin',(0.,90.,0.));
#1972=CARTESIAN_POINT('',(13.125,90.,-4.87179381747629));
#1973=CARTESIAN_POINT('Ctrl Pts',(13.125,90.,-4.87179381747628));
#1974=CARTESIAN_POINT('Ctrl Pts',(13.125,91.0498848392291,-4.87179381747628));
#1975=CARTESIAN_POINT('Ctrl Pts',(12.8332392183196,93.1470506639712,-4.69466680444846));
#1976=CARTESIAN_POINT('Ctrl Pts',(11.6465966760767,95.9677297841497,-3.75149145718903));
#1977=CARTESIAN_POINT('Ctrl Pts',(10.4681501853041,97.5576276549072,-1.91955821340886));
#1978=CARTESIAN_POINT('Ctrl Pts',(10.1764357933522,97.8885109824047,0.00451396472338046));
#1979=CARTESIAN_POINT('Ctrl Pts',(10.3954953158769,97.6393040810744,1.43397139723485));
#1980=CARTESIAN_POINT('Ctrl Pts',(10.9422010395951,96.9247963325202,2.66770427693025));
#1981=CARTESIAN_POINT('Ctrl Pts',(11.8390129776828,95.497279897723,3.89751164404782));
#1982=CARTESIAN_POINT('Ctrl Pts',(12.8383211969859,93.1460316383339,4.70240227503492));
#1983=CARTESIAN_POINT('Ctrl Pts',(13.125,91.049884839228,4.87179381747629));
#1984=CARTESIAN_POINT('Ctrl Pts',(13.125,90.,4.87179381747629));
#1985=CARTESIAN_POINT('',(10.7815972079344,90.,-8.9306865159326));
#1986=CARTESIAN_POINT('Origin',(0.,90.,0.));
#1987=CARTESIAN_POINT('',(2.34340279206557,90.,-13.8024803334089));
#1988=CARTESIAN_POINT('Ctrl Pts',(2.34340279206557,90.,-13.8024803334089));
#1989=CARTESIAN_POINT('Ctrl Pts',(2.34340279206557,91.0498867990386,-13.8024803334089));
#1990=CARTESIAN_POINT('Ctrl Pts',(2.34674838093354,93.1460265088106,-13.4695212298409));
#1991=CARTESIAN_POINT('Ctrl Pts',(2.54413076684034,95.4972877555945,-12.2016502149728));
#1992=CARTESIAN_POINT('Ctrl Pts',(3.16079978859872,96.9248295312988,-10.8100394231096));
#1993=CARTESIAN_POINT('Ctrl Pts',(3.95589365421286,97.6393019623849,-9.71973099456587));
#1994=CARTESIAN_POINT('Ctrl Pts',(5.084260733778,97.8884838603632,-8.8153465992996));
#1995=CARTESIAN_POINT('Ctrl Pts',(6.89633228278735,97.5576412837586,-8.10593721136548));
#1996=CARTESIAN_POINT('Ctrl Pts',(9.07216339051233,95.9677766026199,-8.21049077041131));
#1997=CARTESIAN_POINT('Ctrl Pts',(10.4822842951105,93.1470644880382,-8.76657598937417));
#1998=CARTESIAN_POINT('Ctrl Pts',(10.7815972079344,91.0498867990383,-8.9306865159326));
#1999=CARTESIAN_POINT('Ctrl Pts',(10.7815972079344,90.,-8.9306865159326));
#2000=CARTESIAN_POINT('Origin',(0.,90.,0.));
#2001=CARTESIAN_POINT('Origin',(-14.,100.,-3.93495156805661E-15));
#2002=CARTESIAN_POINT('Origin',(-12.5,25.,-3.7512545481845E-15));
#2003=CARTESIAN_POINT('Ctrl Pts',(-5.38889476717272,24.,-12.9212930153425));
#2004=CARTESIAN_POINT('Ctrl Pts',(-5.21824014038128,24.,-12.9924654455488));
#2005=CARTESIAN_POINT('Ctrl Pts',(-4.94817988296024,23.9978048362659,-13.0989797534375));
#2006=CARTESIAN_POINT('Ctrl Pts',(-4.36703969530279,24.0548847461782,-13.3070455110755));
#2007=CARTESIAN_POINT('Ctrl Pts',(-3.54649222045408,24.2906530922097,-13.5578797429079));
#2008=CARTESIAN_POINT('Ctrl Pts',(-2.78446389743664,24.8846558894797,-13.7237881092312));
#2009=CARTESIAN_POINT('Ctrl Pts',(-2.41492646880284,25.5014725292034,-13.7904365458364));
#2010=CARTESIAN_POINT('Ctrl Pts',(-2.34340279206556,25.8283058711187,-13.8024803334089));
#2011=CARTESIAN_POINT('Ctrl Pts',(-2.34340279206556,26.,-13.8024803334089));
#2012=CARTESIAN_POINT('Ctrl Pts',(-5.38889476717272,24.1346870059403,-12.9212930153425));
#2013=CARTESIAN_POINT('Ctrl Pts',(-5.21702980832672,24.1324458193498,-12.993041975987));
#2014=CARTESIAN_POINT('Ctrl Pts',(-4.95225333336179,24.1315471077205,-13.0972854062751));
#2015=CARTESIAN_POINT('Ctrl Pts',(-4.39413377298207,24.197825303795,-13.297742670966));
#2016=CARTESIAN_POINT('Ctrl Pts',(-3.62409808990251,24.448192906693,-13.5352380392354));
#2017=CARTESIAN_POINT('Ctrl Pts',(-2.94199397712052,25.0288683398079,-13.6906546359402));
#2018=CARTESIAN_POINT('Ctrl Pts',(-2.63287320136791,25.5840110484197,-13.7521656890236));
#2019=CARTESIAN_POINT('Ctrl Pts',(-2.57719802247938,25.8571524502643,-13.7627862796962));
#2020=CARTESIAN_POINT('Ctrl Pts',(-2.57719802247938,26.,-13.7627862796962));
#2021=CARTESIAN_POINT('Ctrl Pts',(-5.36763660211652,24.4282970610963,-12.8703209716253));
#2022=CARTESIAN_POINT('Ctrl Pts',(-5.19840694971855,24.4198013317812,-12.9429080130474));
#2023=CARTESIAN_POINT('Ctrl Pts',(-4.95042826024783,24.421395459434,-13.0410008073521));
#2024=CARTESIAN_POINT('Ctrl Pts',(-4.45014220082122,24.5043918697854,-13.2199042581313));
#2025=CARTESIAN_POINT('Ctrl Pts',(-3.79669608901487,24.7789954898408,-13.4185781884698));
#2026=CARTESIAN_POINT('Ctrl Pts',(-3.285523935288,25.317396896097,-13.5401409570119));
#2027=CARTESIAN_POINT('Ctrl Pts',(-3.0899079185932,25.741190854756,-13.5860256096302));
#2028=CARTESIAN_POINT('Ctrl Pts',(-3.06060768970818,25.9119532518105,-13.5932526216509));
#2029=CARTESIAN_POINT('Ctrl Pts',(-3.06060768970818,26.,-13.5932526216509));
#2030=CARTESIAN_POINT('Ctrl Pts',(-5.23106451394421,24.8841018430556,-12.5428534582974));
#2031=CARTESIAN_POINT('Ctrl Pts',(-5.09380081641445,24.8686529931563,-12.6190391738298));
#2032=CARTESIAN_POINT('Ctrl Pts',(-4.89930116919746,24.8745185654672,-12.7029522540048));
#2033=CARTESIAN_POINT('Ctrl Pts',(-4.52738619997502,24.9715510319858,-12.8260773428638));
#2034=CARTESIAN_POINT('Ctrl Pts',(-4.09029307266171,25.2475334109984,-12.9174713251057));
#2035=CARTESIAN_POINT('Ctrl Pts',(-3.8406598675896,25.6665107751068,-12.9369592349955));
#2036=CARTESIAN_POINT('Ctrl Pts',(-3.77761015623395,25.9079921385655,-12.9453294552359));
#2037=CARTESIAN_POINT('Ctrl Pts',(-3.77249667579269,25.9694427531798,-12.9481530256875));
#2038=CARTESIAN_POINT('Ctrl Pts',(-3.77249667579269,26.,-12.9481530256875));
#2039=CARTESIAN_POINT('Ctrl Pts',(-5.08173950896586,25.,-12.1848074716516));
#2040=CARTESIAN_POINT('Ctrl Pts',(-4.98181568049066,24.9929014184312,-12.2600085846365));
#2041=CARTESIAN_POINT('Ctrl Pts',(-4.83018512378944,25.00483695267,-12.3328968867493));
#2042=CARTESIAN_POINT('Ctrl Pts',(-4.53787693578227,25.0970586322712,-12.4127688673359));
#2043=CARTESIAN_POINT('Ctrl Pts',(-4.20305270056716,25.3354993528688,-12.4200166619081));
#2044=CARTESIAN_POINT('Ctrl Pts',(-4.03282231678544,25.6692841061764,-12.3471140359094));
#2045=CARTESIAN_POINT('Ctrl Pts',(-3.98919601770293,25.8833664938356,-12.3091087263157));
#2046=CARTESIAN_POINT('Ctrl Pts',(-3.98428706215239,25.9608687337257,-12.3032581089283));
#2047=CARTESIAN_POINT('Ctrl Pts',(-3.98428706215239,26.,-12.3032581089283));
#2048=CARTESIAN_POINT('Ctrl Pts',(-5.00397371237466,25.,-11.9983435142466));
#2049=CARTESIAN_POINT('Ctrl Pts',(-4.92234881515105,25.,-12.0692832312539));
#2050=CARTESIAN_POINT('Ctrl Pts',(-4.79226611973145,25.014727203153,-12.1356806810985));
#2051=CARTESIAN_POINT('Ctrl Pts',(-4.5317983589663,25.1005442853082,-12.194408317999));
#2052=CARTESIAN_POINT('Ctrl Pts',(-4.22912417269352,25.3118382726242,-12.162364759323));
#2053=CARTESIAN_POINT('Ctrl Pts',(-4.06717836314823,25.6059399208748,-12.0400884117249));
#2054=CARTESIAN_POINT('Ctrl Pts',(-4.01368653996446,25.8329240798428,-11.9643798312547));
#2055=CARTESIAN_POINT('Ctrl Pts',(-4.00517857877657,25.9427686237062,-11.9481607183746));
#2056=CARTESIAN_POINT('Ctrl Pts',(-4.00517857877657,26.,-11.9481607183746));
#2057=CARTESIAN_POINT('',(-4.00517857877657,26.,-11.9481607183746));
#2058=CARTESIAN_POINT('',(-5.00397371237467,25.,-11.9983435142466));
#2059=CARTESIAN_POINT('Ctrl Pts',(-5.00397371237466,25.,-11.9983435142466));
#2060=CARTESIAN_POINT('Ctrl Pts',(-4.92234881515105,25.,-12.0692832312539));
#2061=CARTESIAN_POINT('Ctrl Pts',(-4.79226611973145,25.014727203153,-12.1356806810985));
#2062=CARTESIAN_POINT('Ctrl Pts',(-4.5317983589663,25.1005442853082,-12.194408317999));
#2063=CARTESIAN_POINT('Ctrl Pts',(-4.22912417269352,25.3118382726242,-12.162364759323));
#2064=CARTESIAN_POINT('Ctrl Pts',(-4.06717836314823,25.6059399208748,-12.0400884117249));
#2065=CARTESIAN_POINT('Ctrl Pts',(-4.01368653996446,25.8329240798428,-11.9643798312547));
#2066=CARTESIAN_POINT('Ctrl Pts',(-4.00517857877657,25.9427686237062,-11.9481607183746));
#2067=CARTESIAN_POINT('Ctrl Pts',(-4.00517857877657,26.,-11.9481607183746));
#2068=CARTESIAN_POINT('',(-2.34340279206556,26.,-13.8024803334089));
#2069=CARTESIAN_POINT('Origin',(-2.00863096462762,26.,-11.8306974286362));
#2070=CARTESIAN_POINT('',(-5.38889476717272,24.,-12.9212930153425));
#2071=CARTESIAN_POINT('Ctrl Pts',(-2.34340279206556,26.,-13.8024803334089));
#2072=CARTESIAN_POINT('Ctrl Pts',(-2.34340279206556,25.8283058711187,-13.8024803334089));
#2073=CARTESIAN_POINT('Ctrl Pts',(-2.41492646880284,25.5014725292034,-13.7904365458364));
#2074=CARTESIAN_POINT('Ctrl Pts',(-2.78446389743664,24.8846558894797,-13.7237881092312));
#2075=CARTESIAN_POINT('Ctrl Pts',(-3.54649222045408,24.2906530922097,-13.5578797429079));
#2076=CARTESIAN_POINT('Ctrl Pts',(-4.36703969530279,24.0548847461782,-13.3070455110755));
#2077=CARTESIAN_POINT('Ctrl Pts',(-4.94817988296024,23.9978048362659,-13.0989797534375));
#2078=CARTESIAN_POINT('Ctrl Pts',(-5.21824014038128,24.,-12.9924654455488));
#2079=CARTESIAN_POINT('Ctrl Pts',(-5.38889476717272,24.,-12.9212930153425));
#2080=CARTESIAN_POINT('Origin',(-5.00397371237466,24.,-11.9983435142466));
#2081=CARTESIAN_POINT('Ctrl Pts',(-10.7815972079344,26.,-8.93068651593261));
#2082=CARTESIAN_POINT('Ctrl Pts',(-10.7815972079344,25.8283058711187,-8.93068651593261));
#2083=CARTESIAN_POINT('Ctrl Pts',(-10.7362819898702,25.5008011952032,-8.98606776650243));
#2084=CARTESIAN_POINT('Ctrl Pts',(-10.5524734884723,25.0395430398407,-9.20234846313339));
#2085=CARTESIAN_POINT('Ctrl Pts',(-10.1648072032221,24.4786821690541,-9.63734332830783));
#2086=CARTESIAN_POINT('Ctrl Pts',(-9.58229877097479,24.1022988185209,-10.2234001240426));
#2087=CARTESIAN_POINT('Ctrl Pts',(-8.94527093857759,23.9970796911291,-10.7749031407463));
#2088=CARTESIAN_POINT('Ctrl Pts',(-8.64268506344614,24.,-11.0153612473923));
#2089=CARTESIAN_POINT('Ctrl Pts',(-8.49572061744266,24.,-11.1275662743638));
#2090=CARTESIAN_POINT('Ctrl Pts',(-10.6303235338331,26.,-9.11331209789824));
#2091=CARTESIAN_POINT('Ctrl Pts',(-10.6303235338331,25.8571524502643,-9.11331209789824));
#2092=CARTESIAN_POINT('Ctrl Pts',(-10.5941332317044,25.5833532109672,-9.15559581221645));
#2093=CARTESIAN_POINT('Ctrl Pts',(-10.4364049601809,25.1683988236499,-9.33476357067863));
#2094=CARTESIAN_POINT('Ctrl Pts',(-10.0891727642536,24.6358967822581,-9.71482245042399));
#2095=CARTESIAN_POINT('Ctrl Pts',(-9.54919444231288,24.2515068872122,-10.2526186626311));
#2096=CARTESIAN_POINT('Ctrl Pts',(-8.94026622607468,24.1313179220649,-10.7788503292992));
#2097=CARTESIAN_POINT('Ctrl Pts',(-8.64378951947896,24.1324458193498,-11.0146013343051));
#2098=CARTESIAN_POINT('Ctrl Pts',(-8.49572061744266,24.1346870059403,-11.1275662743638));
#2099=CARTESIAN_POINT('Ctrl Pts',(-10.2418063053192,26.,-9.44718347568232));
#2100=CARTESIAN_POINT('Ctrl Pts',(-10.2418063053192,25.9119532518105,-9.44718347568232));
#2101=CARTESIAN_POINT('Ctrl Pts',(-10.2216446711099,25.7406100895833,-9.46813980410802));
#2102=CARTESIAN_POINT('Ctrl Pts',(-10.1168315123011,25.4239297599841,-9.5798906068872));
#2103=CARTESIAN_POINT('Ctrl Pts',(-9.8606916623725,24.960866911144,-9.85105614369403));
#2104=CARTESIAN_POINT('Ctrl Pts',(-9.42433046765862,24.5696365393601,-10.2860773208071));
#2105=CARTESIAN_POINT('Ctrl Pts',(-8.8878307368792,24.4217917927136,-10.7532469079564));
#2106=CARTESIAN_POINT('Ctrl Pts',(-8.60968763283242,24.4197932264018,-10.9734116834427));
#2107=CARTESIAN_POINT('Ctrl Pts',(-8.46221058477631,24.4282889557169,-11.0836753407819));
#2108=CARTESIAN_POINT('Ctrl Pts',(-9.32720418303362,26.,-9.74113621932205));
#2109=CARTESIAN_POINT('Ctrl Pts',(-9.32720418303362,25.9694427531799,-9.74113621932205));
#2110=CARTESIAN_POINT('Ctrl Pts',(-9.322708601678,25.9080850586586,-9.74314133563133));
#2111=CARTESIAN_POINT('Ctrl Pts',(-9.29259911114493,25.7267789356837,-9.78320948161295));
#2112=CARTESIAN_POINT('Ctrl Pts',(-9.1979786049754,25.3981437202458,-9.9175521159354));
#2113=CARTESIAN_POINT('Ctrl Pts',(-8.97782986072473,25.0458647542859,-10.1996795055372));
#2114=CARTESIAN_POINT('Ctrl Pts',(-8.6081580097632,24.8759282946552,-10.5529260607094));
#2115=CARTESIAN_POINT('Ctrl Pts',(-8.38151749690874,24.8686287182063,-10.7208928198126));
#2116=CARTESIAN_POINT('Ctrl Pts',(-8.24690688308733,24.8840775681056,-10.8016738111246));
#2117=CARTESIAN_POINT('Ctrl Pts',(-8.66279054057256,26.,-9.60212286625778));
#2118=CARTESIAN_POINT('Ctrl Pts',(-8.66279054057256,25.9608687337257,-9.60212286625778));
#2119=CARTESIAN_POINT('Ctrl Pts',(-8.66563304329533,25.8837509333871,-9.60855757261019));
#2120=CARTESIAN_POINT('Ctrl Pts',(-8.6735176377492,25.7220223289126,-9.65296512272331));
#2121=CARTESIAN_POINT('Ctrl Pts',(-8.66535650463049,25.4553217208055,-9.77666724094012));
#2122=CARTESIAN_POINT('Ctrl Pts',(-8.57090139636971,25.1647413616636,-10.0224827579673));
#2123=CARTESIAN_POINT('Ctrl Pts',(-8.31179520582014,25.0077913672737,-10.3188650332786));
#2124=CARTESIAN_POINT('Ctrl Pts',(-8.12657104466515,24.9929014184312,-10.4443832285948));
#2125=CARTESIAN_POINT('Ctrl Pts',(-8.01148305618981,25.,-10.4933192460053));
#2126=CARTESIAN_POINT('Ctrl Pts',(-8.34482142122341,26.,-9.44266675510105));
#2127=CARTESIAN_POINT('Ctrl Pts',(-8.34482142122341,25.9427686237062,-9.44266675510105));
#2128=CARTESIAN_POINT('Ctrl Pts',(-8.35472567772377,25.8336839626658,-9.45741327145591));
#2129=CARTESIAN_POINT('Ctrl Pts',(-8.38368122362906,25.6617085640905,-9.52210588017152));
#2130=CARTESIAN_POINT('Ctrl Pts',(-8.41189023523589,25.4152806202221,-9.66598802306802));
#2131=CARTESIAN_POINT('Ctrl Pts',(-8.36669136960576,25.1619712756749,-9.91366303685289));
#2132=CARTESIAN_POINT('Ctrl Pts',(-8.15491978148911,25.0187810886878,-10.1917218713372));
#2133=CARTESIAN_POINT('Ctrl Pts',(-7.99113147615988,25.,-10.297520735836));
#2134=CARTESIAN_POINT('Ctrl Pts',(-7.88888343048246,25.,-10.3327401119093));
#2135=CARTESIAN_POINT('',(-8.49572061744265,24.,-11.1275662743639));
#2136=CARTESIAN_POINT('',(-10.7815972079344,26.,-8.93068651593261));
#2137=CARTESIAN_POINT('Ctrl Pts',(-8.49572061744266,24.,-11.1275662743638));
#2138=CARTESIAN_POINT('Ctrl Pts',(-8.64268506344614,24.,-11.0153612473923));
#2139=CARTESIAN_POINT('Ctrl Pts',(-8.94527093857759,23.9970796911291,-10.7749031407463));
#2140=CARTESIAN_POINT('Ctrl Pts',(-9.58229877097479,24.1022988185209,-10.2234001240426));
#2141=CARTESIAN_POINT('Ctrl Pts',(-10.1648072032221,24.4786821690541,-9.63734332830783));
#2142=CARTESIAN_POINT('Ctrl Pts',(-10.5524734884723,25.0395430398407,-9.20234846313339));
#2143=CARTESIAN_POINT('Ctrl Pts',(-10.7362819898702,25.5008011952032,-8.98606776650243));
#2144=CARTESIAN_POINT('Ctrl Pts',(-10.7815972079344,25.8283058711187,-8.93068651593261));
#2145=CARTESIAN_POINT('Ctrl Pts',(-10.7815972079344,26.,-8.93068651593261));
#2146=CARTESIAN_POINT('',(-8.34482142122341,26.,-9.44266675510105));
#2147=CARTESIAN_POINT('Origin',(-9.24136903537237,26.,-7.65487415651367));
#2148=CARTESIAN_POINT('',(-7.88888343048246,25.,-10.3327401119093));
#2149=CARTESIAN_POINT('Ctrl Pts',(-8.34482142122341,26.,-9.44266675510105));
#2150=CARTESIAN_POINT('Ctrl Pts',(-8.34482142122341,25.9427686237062,-9.44266675510105));
#2151=CARTESIAN_POINT('Ctrl Pts',(-8.35472567772377,25.8336839626658,-9.45741327145591));
#2152=CARTESIAN_POINT('Ctrl Pts',(-8.38368122362906,25.6617085640905,-9.52210588017152));
#2153=CARTESIAN_POINT('Ctrl Pts',(-8.41189023523589,25.4152806202221,-9.66598802306802));
#2154=CARTESIAN_POINT('Ctrl Pts',(-8.36669136960576,25.1619712756749,-9.91366303685289));
#2155=CARTESIAN_POINT('Ctrl Pts',(-8.15491978148911,25.0187810886878,-10.1917218713372));
#2156=CARTESIAN_POINT('Ctrl Pts',(-7.99113147615988,25.,-10.297520735836));
#2157=CARTESIAN_POINT('Ctrl Pts',(-7.88888343048246,25.,-10.3327401119093));
#2158=CARTESIAN_POINT('Origin',(-7.88888343048246,24.,-10.3327401119093));
#2159=CARTESIAN_POINT('Origin',(-9.24136903537237,100.,-7.65487415651367));
#2160=CARTESIAN_POINT('',(-8.34482142122341,90.,-9.44266675510105));
#2161=CARTESIAN_POINT('Origin',(-9.24136903537237,90.,-7.65487415651367));
#2162=CARTESIAN_POINT('',(-8.34482142122341,100.,-9.44266675510105));
#2163=CARTESIAN_POINT('',(-10.7815972079344,100.,-8.93068651593261));
#2164=CARTESIAN_POINT('Ctrl Pts',(-4.00517857877657,90.,-11.9481607183746));
#2165=CARTESIAN_POINT('Ctrl Pts',(-4.00517857877657,90.839909439231,-11.9481607183746));
#2166=CARTESIAN_POINT('Ctrl Pts',(-4.00785962089105,92.5189794364192,-11.7863741113192));
#2167=CARTESIAN_POINT('Ctrl Pts',(-4.11870046411241,94.3966478471422,-11.1778186508879));
#2168=CARTESIAN_POINT('Ctrl Pts',(-4.45128457727765,95.5393068580292,-10.5004917144767));
#2169=CARTESIAN_POINT('Ctrl Pts',(-4.87941707704279,96.1108686284568,-9.96171945704076));
#2170=CARTESIAN_POINT('Ctrl Pts',(-5.4813360123525,96.310406495455,-9.49893054266504));
#2171=CARTESIAN_POINT('Ctrl Pts',(-6.4256047348963,96.0456784346071,-9.10686346787796));
#2172=CARTESIAN_POINT('Ctrl Pts',(-7.51225613995397,94.7740682829703,-9.11131420554598));
#2173=CARTESIAN_POINT('Ctrl Pts',(-8.19961039309367,92.5174946562812,-9.36602247137757));
#2174=CARTESIAN_POINT('Ctrl Pts',(-8.34482142122341,90.8399094392311,-9.44266675510105));
#2175=CARTESIAN_POINT('Ctrl Pts',(-8.34482142122341,90.,-9.44266675510105));
#2176=CARTESIAN_POINT('Ctrl Pts',(-3.97511125907342,90.,-12.4592211147834));
#2177=CARTESIAN_POINT('Ctrl Pts',(-3.97511125907342,90.8952001846797,-12.4592211147834));
#2178=CARTESIAN_POINT('Ctrl Pts',(-3.94965681106887,92.6838949949132,-12.2584371285834));
#2179=CARTESIAN_POINT('Ctrl Pts',(-3.99754870317165,94.658256803535,-11.5055130046615));
#2180=CARTESIAN_POINT('Ctrl Pts',(-4.32851945784029,95.8508133337208,-10.6781091431686));
#2181=CARTESIAN_POINT('Ctrl Pts',(-4.7954159664283,96.4463969813794,-10.030771486069));
#2182=CARTESIAN_POINT('Ctrl Pts',(-5.47590111549326,96.6546019587922,-9.4906596423147));
#2183=CARTESIAN_POINT('Ctrl Pts',(-6.56331825939377,96.3782205180745,-9.05833155030555));
#2184=CARTESIAN_POINT('Ctrl Pts',(-7.83955725216972,95.0547623168257,-9.14348369564567));
#2185=CARTESIAN_POINT('Ctrl Pts',(-8.63682600305967,92.6825765386205,-9.55223253488046));
#2186=CARTESIAN_POINT('Ctrl Pts',(-8.80244636723318,90.89520018468,-9.67215789061882));
#2187=CARTESIAN_POINT('Ctrl Pts',(-8.80244636723318,90.,-9.67215789061883));
#2188=CARTESIAN_POINT('Ctrl Pts',(-3.5617019326925,90.,-13.3270414578239));
#2189=CARTESIAN_POINT('Ctrl Pts',(-3.5617019326925,90.9909983997907,-13.3270414578239));
#2190=CARTESIAN_POINT('Ctrl Pts',(-3.51740844806549,92.970236025693,-13.0387750285673));
#2191=CARTESIAN_POINT('Ctrl Pts',(-3.55494747420513,95.1143206849476,-11.9950186528387));
#2192=CARTESIAN_POINT('Ctrl Pts',(-3.95788930663196,96.3948975355271,-10.8863093470587));
#2193=CARTESIAN_POINT('Ctrl Pts',(-4.53712696248972,97.0328036411861,-10.0359567721506));
#2194=CARTESIAN_POINT('Ctrl Pts',(-5.39005815618911,97.2562431662056,-9.34323925925936));
#2195=CARTESIAN_POINT('Ctrl Pts',(-6.77108265764455,96.9593985037329,-8.81178371120038));
#2196=CARTESIAN_POINT('Ctrl Pts',(-8.43734078917796,95.5443319461929,-8.97351981925168));
#2197=CARTESIAN_POINT('Ctrl Pts',(-9.52780557631593,92.9691657272045,-9.56869303649441));
#2198=CARTESIAN_POINT('Ctrl Pts',(-9.7607054934176,90.9909983997913,-9.74804508333177));
#2199=CARTESIAN_POINT('Ctrl Pts',(-9.7607054934176,90.,-9.74804508333177));
#2200=CARTESIAN_POINT('Ctrl Pts',(-2.72194378420269,90.,-13.7382111588506));
#2201=CARTESIAN_POINT('Ctrl Pts',(-2.72194378420269,91.0406683117537,-13.7382111588506));
#2202=CARTESIAN_POINT('Ctrl Pts',(-2.70852377268385,93.1201648266832,-13.4067246247185));
#2203=CARTESIAN_POINT('Ctrl Pts',(-2.85746185459191,95.4122408134644,-12.1845596188696));
#2204=CARTESIAN_POINT('Ctrl Pts',(-3.40874851460353,96.79445410764,-10.861955731544));
#2205=CARTESIAN_POINT('Ctrl Pts',(-4.13941799940492,97.4843787308198,-9.83629849272428));
#2206=CARTESIAN_POINT('Ctrl Pts',(-5.18673953929315,97.7255816068695,-8.99211870037057));
#2207=CARTESIAN_POINT('Ctrl Pts',(-6.87421134968207,97.4053684131958,-8.3361931884232));
#2208=CARTESIAN_POINT('Ctrl Pts',(-8.91055087495849,95.8725018266935,-8.46638624986665));
#2209=CARTESIAN_POINT('Ctrl Pts',(-10.2497605627051,93.1186737701874,-9.05196543486574));
#2210=CARTESIAN_POINT('Ctrl Pts',(-10.5366679740181,91.0406683117544,-9.22637804421798));
#2211=CARTESIAN_POINT('Ctrl Pts',(-10.5366679740181,90.,-9.22637804421798));
#2212=CARTESIAN_POINT('Ctrl Pts',(-2.34340279206556,90.,-13.8024803334089));
#2213=CARTESIAN_POINT('Ctrl Pts',(-2.34340279206556,91.0498867990379,-13.8024803334089));
#2214=CARTESIAN_POINT('Ctrl Pts',(-2.34500602621099,93.1487242955241,-13.4661468738878));
#2215=CARTESIAN_POINT('Ctrl Pts',(-2.54523415907368,95.4958098089276,-12.2034626130563));
#2216=CARTESIAN_POINT('Ctrl Pts',(-3.16131006464294,96.9241335725364,-10.8109172057386));
#2217=CARTESIAN_POINT('Ctrl Pts',(-3.95651498224098,97.6385857855708,-9.72056741462483));
#2218=CARTESIAN_POINT('Ctrl Pts',(-5.08467739080804,97.8880081193186,-8.81589142626025));
#2219=CARTESIAN_POINT('Ctrl Pts',(-6.89680108689344,97.5570980432587,-8.10650668410182));
#2220=CARTESIAN_POINT('Ctrl Pts',(-9.07229384240954,95.9675853537127,-8.21075921572251));
#2221=CARTESIAN_POINT('Ctrl Pts',(-10.4824013153941,93.1468683203515,-8.76675886200522));
#2222=CARTESIAN_POINT('Ctrl Pts',(-10.7815972079344,91.0498867990387,-8.93068651593261));
#2223=CARTESIAN_POINT('Ctrl Pts',(-10.7815972079344,90.,-8.93068651593261));
#2224=CARTESIAN_POINT('',(-4.00517857877657,90.,-11.9481607183746));
#2225=CARTESIAN_POINT('Origin',(-2.00863096462762,90.,-11.8306974286362));
#2226=CARTESIAN_POINT('Ctrl Pts',(-4.00517857877657,90.,-11.9481607183746));
#2227=CARTESIAN_POINT('Ctrl Pts',(-4.00517857877657,90.839909439231,-11.9481607183746));
#2228=CARTESIAN_POINT('Ctrl Pts',(-4.00785962089105,92.5189794364192,-11.7863741113192));
#2229=CARTESIAN_POINT('Ctrl Pts',(-4.11870046411241,94.3966478471422,-11.1778186508879));
#2230=CARTESIAN_POINT('Ctrl Pts',(-4.45128457727765,95.5393068580292,-10.5004917144767));
#2231=CARTESIAN_POINT('Ctrl Pts',(-4.87941707704279,96.1108686284568,-9.96171945704076));
#2232=CARTESIAN_POINT('Ctrl Pts',(-5.4813360123525,96.310406495455,-9.49893054266504));
#2233=CARTESIAN_POINT('Ctrl Pts',(-6.4256047348963,96.0456784346071,-9.10686346787796));
#2234=CARTESIAN_POINT('Ctrl Pts',(-7.51225613995397,94.7740682829703,-9.11131420554598));
#2235=CARTESIAN_POINT('Ctrl Pts',(-8.19961039309367,92.5174946562812,-9.36602247137757));
#2236=CARTESIAN_POINT('Ctrl Pts',(-8.34482142122341,90.8399094392311,-9.44266675510105));
#2237=CARTESIAN_POINT('Ctrl Pts',(-8.34482142122341,90.,-9.44266675510105));
#2238=CARTESIAN_POINT('Origin',(-2.00863096462762,100.,-11.8306974286362));
#2239=CARTESIAN_POINT('',(-4.00517857877657,100.,-11.9481607183746));
#2240=CARTESIAN_POINT('',(-2.34340279206556,100.,-13.8024803334089));
#2241=CARTESIAN_POINT('Origin',(-6.99999999999998,26.,-12.1243556529821));
#2242=CARTESIAN_POINT('Origin',(-6.99999999999998,26.,-12.1243556529821));
#2243=CARTESIAN_POINT('Origin',(-6.99999999999998,25.,-12.1243556529821));
#2244=CARTESIAN_POINT('Origin',(0.,24.,0.));
#2245=CARTESIAN_POINT('Origin',(0.,25.,0.));
#2246=CARTESIAN_POINT('Origin',(0.,24.,0.));
#2247=CARTESIAN_POINT('Origin',(-6.99999999999998,100.,-12.1243556529821));
#2248=CARTESIAN_POINT('Origin',(-6.24999999999999,25.,-10.8253175473055));
#2249=CARTESIAN_POINT('Ctrl Pts',(8.49572061744266,24.,-11.1275662743638));
#2250=CARTESIAN_POINT('Ctrl Pts',(8.64268506344614,24.,-11.0153612473923));
#2251=CARTESIAN_POINT('Ctrl Pts',(8.94608355994382,23.995814078793,-10.7746594221571));
#2252=CARTESIAN_POINT('Ctrl Pts',(9.42203205497913,24.0775847948974,-10.361562486471));
#2253=CARTESIAN_POINT('Ctrl Pts',(10.0266113331436,24.3575870778343,-9.78584156985892));
#2254=CARTESIAN_POINT('Ctrl Pts',(10.4928915920984,24.8841969723222,-9.27348367499734));
#2255=CARTESIAN_POINT('Ctrl Pts',(10.7354260492985,25.5016647360142,-8.98653381540717));
#2256=CARTESIAN_POINT('Ctrl Pts',(10.7815972079344,25.8283058711187,-8.9306865159326));
#2257=CARTESIAN_POINT('Ctrl Pts',(10.7815972079344,26.,-8.9306865159326));
#2258=CARTESIAN_POINT('Ctrl Pts',(8.49572061744266,24.1346870059403,-11.1275662743638));
#2259=CARTESIAN_POINT('Ctrl Pts',(8.64378951947896,24.1324458193498,-11.0146013343051));
#2260=CARTESIAN_POINT('Ctrl Pts',(8.9410683344525,24.1301198945268,-10.7784608773614));
#2261=CARTESIAN_POINT('Ctrl Pts',(9.39595854601665,24.2229609792169,-10.3846373007349));
#2262=CARTESIAN_POINT('Ctrl Pts',(9.9627902831406,24.5136323925661,-9.8488557001177));
#2263=CARTESIAN_POINT('Ctrl Pts',(10.3854348694721,25.0284532992532,-9.39333880705286));
#2264=CARTESIAN_POINT('Ctrl Pts',(10.5933171387293,25.5842032277245,-9.15615093428607));
#2265=CARTESIAN_POINT('Ctrl Pts',(10.6303235338331,25.8571524502643,-9.11331209789824));
#2266=CARTESIAN_POINT('Ctrl Pts',(10.6303235338331,26.,-9.11331209789824));
#2267=CARTESIAN_POINT('Ctrl Pts',(8.46221058477631,24.4282889557169,-11.0836753407819));
#2268=CARTESIAN_POINT('Ctrl Pts',(8.60968763283242,24.4197932264018,-10.9734116834427));
#2269=CARTESIAN_POINT('Ctrl Pts',(8.88861730633496,24.4208820888367,-10.7525258193313));
#2270=CARTESIAN_POINT('Ctrl Pts',(9.28922586748904,24.5338242802541,-10.4037291380946));
#2271=CARTESIAN_POINT('Ctrl Pts',(9.76265894016814,24.8395189013064,-9.95472759836842));
#2272=CARTESIAN_POINT('Ctrl Pts',(10.0833295331546,25.317026498769,-9.61556365180709));
#2273=CARTESIAN_POINT('Ctrl Pts',(10.2209147996165,25.7413339790278,-9.46891305296456));
#2274=CARTESIAN_POINT('Ctrl Pts',(10.2418063053192,25.9119532518105,-9.44718347568232));
#2275=CARTESIAN_POINT('Ctrl Pts',(10.2418063053192,26.,-9.44718347568232));
#2276=CARTESIAN_POINT('Ctrl Pts',(8.24690688308733,24.8840775681056,-10.8016738111246));
#2277=CARTESIAN_POINT('Ctrl Pts',(8.38151749690874,24.8686287182063,-10.7208928198126));
#2278=CARTESIAN_POINT('Ctrl Pts',(8.6087438811396,24.8758490392479,-10.5517871753783));
#2279=CARTESIAN_POINT('Ctrl Pts',(8.88462750759599,25.0035123242747,-10.2894075163866));
#2280=CARTESIAN_POINT('Ctrl Pts',(9.1575817295734,25.2945773179645,-9.97814556259917));
#2281=CARTESIAN_POINT('Ctrl Pts',(9.28350087433297,25.6662661219032,-9.79454352209125));
#2282=CARTESIAN_POINT('Ctrl Pts',(9.32222670410883,25.9080957412401,-9.74416777291132));
#2283=CARTESIAN_POINT('Ctrl Pts',(9.32720418303363,25.9694427531799,-9.74113621932204));
#2284=CARTESIAN_POINT('Ctrl Pts',(9.32720418303363,26.,-9.74113621932204));
#2285=CARTESIAN_POINT('Ctrl Pts',(8.01148305618982,25.,-10.4933192460053));
#2286=CARTESIAN_POINT('Ctrl Pts',(8.12657104466516,24.9929014184312,-10.4443832285948));
#2287=CARTESIAN_POINT('Ctrl Pts',(8.31220745408164,25.0081995171207,-10.3176855162146));
#2288=CARTESIAN_POINT('Ctrl Pts',(8.50562349084243,25.1250320317562,-10.0979573932475));
#2289=CARTESIAN_POINT('Ctrl Pts',(8.65670984753702,25.3727111521325,-9.83024412069748));
#2290=CARTESIAN_POINT('Ctrl Pts',(8.67660531874567,25.6690311932614,-9.66597726377062));
#2291=CARTESIAN_POINT('Ctrl Pts',(8.66535552130815,25.8833835144155,-9.60944941843995));
#2292=CARTESIAN_POINT('Ctrl Pts',(8.66279054057257,25.9608687337257,-9.60212286625777));
#2293=CARTESIAN_POINT('Ctrl Pts',(8.66279054057257,26.,-9.60212286625777));
#2294=CARTESIAN_POINT('Ctrl Pts',(7.88888343048247,25.,-10.3327401119093));
#2295=CARTESIAN_POINT('Ctrl Pts',(7.99113147615988,25.,-10.297520735836));
#2296=CARTESIAN_POINT('Ctrl Pts',(8.15517710512246,25.019376051726,-10.1907025725984));
#2297=CARTESIAN_POINT('Ctrl Pts',(8.31338069357446,25.1254622991517,-9.98446527203438));
#2298=CARTESIAN_POINT('Ctrl Pts',(8.415442665998,25.344857921445,-9.72178510424487));
#2299=CARTESIAN_POINT('Ctrl Pts',(8.39359228318072,25.6057454285361,-9.54208365051695));
#2300=CARTESIAN_POINT('Ctrl Pts',(8.35458579921129,25.8329968111363,-9.4582360803499));
#2301=CARTESIAN_POINT('Ctrl Pts',(8.34482142122342,25.9427686237062,-9.44266675510104));
#2302=CARTESIAN_POINT('Ctrl Pts',(8.34482142122342,26.,-9.44266675510104));
#2303=CARTESIAN_POINT('',(8.34482142122342,26.,-9.44266675510104));
#2304=CARTESIAN_POINT('',(7.88888343048247,25.,-10.3327401119093));
#2305=CARTESIAN_POINT('Ctrl Pts',(7.88888343048247,25.,-10.3327401119093));
#2306=CARTESIAN_POINT('Ctrl Pts',(7.99113147615988,25.,-10.297520735836));
#2307=CARTESIAN_POINT('Ctrl Pts',(8.15517710512246,25.019376051726,-10.1907025725984));
#2308=CARTESIAN_POINT('Ctrl Pts',(8.31338069357446,25.1254622991517,-9.98446527203438));
#2309=CARTESIAN_POINT('Ctrl Pts',(8.415442665998,25.344857921445,-9.72178510424487));
#2310=CARTESIAN_POINT('Ctrl Pts',(8.39359228318072,25.6057454285361,-9.54208365051695));
#2311=CARTESIAN_POINT('Ctrl Pts',(8.35458579921129,25.8329968111363,-9.4582360803499));
#2312=CARTESIAN_POINT('Ctrl Pts',(8.34482142122342,25.9427686237062,-9.44266675510104));
#2313=CARTESIAN_POINT('Ctrl Pts',(8.34482142122342,26.,-9.44266675510104));
#2314=CARTESIAN_POINT('',(10.7815972079344,26.,-8.9306865159326));
#2315=CARTESIAN_POINT('Origin',(9.24136903537237,26.,-7.65487415651366));
#2316=CARTESIAN_POINT('',(8.49572061744266,24.,-11.1275662743638));
#2317=CARTESIAN_POINT('Ctrl Pts',(10.7815972079344,26.,-8.9306865159326));
#2318=CARTESIAN_POINT('Ctrl Pts',(10.7815972079344,25.8283058711187,-8.9306865159326));
#2319=CARTESIAN_POINT('Ctrl Pts',(10.7354260492985,25.5016647360142,-8.98653381540717));
#2320=CARTESIAN_POINT('Ctrl Pts',(10.4928915920984,24.8841969723222,-9.27348367499734));
#2321=CARTESIAN_POINT('Ctrl Pts',(10.0266113331436,24.3575870778343,-9.78584156985892));
#2322=CARTESIAN_POINT('Ctrl Pts',(9.42203205497913,24.0775847948974,-10.361562486471));
#2323=CARTESIAN_POINT('Ctrl Pts',(8.94608355994382,23.995814078793,-10.7746594221571));
#2324=CARTESIAN_POINT('Ctrl Pts',(8.64268506344614,24.,-11.0153612473923));
#2325=CARTESIAN_POINT('Ctrl Pts',(8.49572061744266,24.,-11.1275662743638));
#2326=CARTESIAN_POINT('Origin',(7.88888343048247,24.,-10.3327401119093));
#2327=CARTESIAN_POINT('Ctrl Pts',(2.34340279206557,26.,-13.8024803334089));
#2328=CARTESIAN_POINT('Ctrl Pts',(2.34340279206557,25.9570764677797,-13.8024803334089));
#2329=CARTESIAN_POINT('Ctrl Pts',(2.34794704202644,25.8723142956037,-13.8016948508682));
#2330=CARTESIAN_POINT('Ctrl Pts',(2.37366221895595,25.7061714609744,-13.7973541953537));
#2331=CARTESIAN_POINT('Ctrl Pts',(2.46107900404685,25.4245684105323,-13.7820722091343));
#2332=CARTESIAN_POINT('Ctrl Pts',(2.78477696023011,24.8840303929321,-13.7238272717861));
#2333=CARTESIAN_POINT('Ctrl Pts',(3.41889504752433,24.3909997068118,-13.5854065228443));
#2334=CARTESIAN_POINT('Ctrl Pts',(4.21043131676508,24.0898849757004,-13.3568255293044));
#2335=CARTESIAN_POINT('Ctrl Pts',(4.66246235572295,24.0180425592964,-13.2039058200725));
#2336=CARTESIAN_POINT('Ctrl Pts',(4.99018903068874,24.0028910541754,-13.0807206983699));
#2337=CARTESIAN_POINT('Ctrl Pts',(5.12698784432397,23.9999364258349,-13.0277176025331));
#2338=CARTESIAN_POINT('Ctrl Pts',(5.25995499460723,23.9996748311513,-12.9745728629376));
#2339=CARTESIAN_POINT('Ctrl Pts',(5.34623111047487,24.,-12.9390861228941));
#2340=CARTESIAN_POINT('Ctrl Pts',(5.38889476717273,24.,-12.9212930153425));
#2341=CARTESIAN_POINT('Ctrl Pts',(2.57719802247939,26.,-13.7627862796962));
#2342=CARTESIAN_POINT('Ctrl Pts',(2.57719802247939,25.9642881125661,-13.7627862796962));
#2343=CARTESIAN_POINT('Ctrl Pts',(2.58078548245552,25.8937941000129,-13.7620924688906));
#2344=CARTESIAN_POINT('Ctrl Pts',(2.60121508436352,25.7546457019136,-13.7581884822552));
#2345=CARTESIAN_POINT('Ctrl Pts',(2.67149605105435,25.5148242457322,-13.7444316406471));
#2346=CARTESIAN_POINT('Ctrl Pts',(2.94240721525657,25.0284317609585,-13.6906737672424));
#2347=CARTESIAN_POINT('Ctrl Pts',(3.50983464366625,24.5462773341804,-13.5610539950497));
#2348=CARTESIAN_POINT('Ctrl Pts',(4.24646286947711,24.2364293433081,-13.3449162025727));
#2349=CARTESIAN_POINT('Ctrl Pts',(4.67647114027522,24.1556533369078,-13.1988150234418));
#2350=CARTESIAN_POINT('Ctrl Pts',(4.99445102041881,24.1369994468001,-13.0791497197876));
#2351=CARTESIAN_POINT('Ctrl Pts',(5.12828587532042,24.133243641408,-13.0272516974004));
#2352=CARTESIAN_POINT('Ctrl Pts',(5.25965486232825,24.1330566937126,-12.9747298603534));
#2353=CARTESIAN_POINT('Ctrl Pts',(5.34592852746123,24.1341267092927,-12.9392302555036));
#2354=CARTESIAN_POINT('Ctrl Pts',(5.38889476717273,24.1346870059403,-12.9212930153425));
#2355=CARTESIAN_POINT('Ctrl Pts',(3.06060768970819,26.,-13.5932526216509));
#2356=CARTESIAN_POINT('Ctrl Pts',(3.06060768970819,25.9779883129526,-13.5932526216509));
#2357=CARTESIAN_POINT('Ctrl Pts',(3.06259152989424,25.9345234979875,-13.5927727316677));
#2358=CARTESIAN_POINT('Ctrl Pts',(3.07391024394648,25.8469761979677,-13.5900049361774));
#2359=CARTESIAN_POINT('Ctrl Pts',(3.11432798157421,25.6885393796014,-13.5802524473025));
#2360=CARTESIAN_POINT('Ctrl Pts',(3.28597815340245,25.3171629405762,-13.5401329319485));
#2361=CARTESIAN_POINT('Ctrl Pts',(3.71112841223963,24.8697708780524,-13.4387700734953));
#2362=CARTESIAN_POINT('Ctrl Pts',(4.3233007284478,24.5494341463599,-13.2595908479389));
#2363=CARTESIAN_POINT('Ctrl Pts',(4.70066954417999,24.4523440292234,-13.1328288019569));
#2364=CARTESIAN_POINT('Ctrl Pts',(4.99202895109058,24.4273946747346,-13.0230514921057));
#2365=CARTESIAN_POINT('Ctrl Pts',(5.11670543492238,24.4224499843838,-12.9743338849706));
#2366=CARTESIAN_POINT('Ctrl Pts',(5.24148272133978,24.4229828262006,-12.923742575142));
#2367=CARTESIAN_POINT('Ctrl Pts',(5.32532918901704,24.4261731287675,-12.8884677319808));
#2368=CARTESIAN_POINT('Ctrl Pts',(5.36763660211654,24.4282970610963,-12.8703209716253));
#2369=CARTESIAN_POINT('Ctrl Pts',(3.7724966757927,26.,-12.9481530256875));
#2370=CARTESIAN_POINT('Ctrl Pts',(3.7724966757927,25.992360688295,-12.9481530256875));
#2371=CARTESIAN_POINT('Ctrl Pts',(3.77292436212007,25.9773229664271,-12.9479863306875));
#2372=CARTESIAN_POINT('Ctrl Pts',(3.77532095538886,25.9450501967131,-12.9470758030336));
#2373=CARTESIAN_POINT('Ctrl Pts',(3.78556909064692,25.8779879007865,-12.9442883544526));
#2374=CARTESIAN_POINT('Ctrl Pts',(3.84082329115344,25.6665394050302,-12.9369733453926));
#2375=CARTESIAN_POINT('Ctrl Pts',(4.04867638329746,25.318165756879,-12.9207601120793));
#2376=CARTESIAN_POINT('Ctrl Pts',(4.44003579185043,25.0200078001228,-12.8452025164729));
#2377=CARTESIAN_POINT('Ctrl Pts',(4.71056637616066,24.9121825905532,-12.7703260962851));
#2378=CARTESIAN_POINT('Ctrl Pts',(4.93340801325725,24.8805176574309,-12.684987589128));
#2379=CARTESIAN_POINT('Ctrl Pts',(5.03045545474154,24.874014667937,-12.6437764792058));
#2380=CARTESIAN_POINT('Ctrl Pts',(5.12928495676688,24.8748773451667,-12.5972643000501));
#2381=CARTESIAN_POINT('Ctrl Pts',(5.19674858956178,24.8802396305808,-12.5618998871805));
#2382=CARTESIAN_POINT('Ctrl Pts',(5.23106451394422,24.8841018430556,-12.5428534582974));
#2383=CARTESIAN_POINT('Ctrl Pts',(3.9842870621524,26.,-12.3032581089283));
#2384=CARTESIAN_POINT('Ctrl Pts',(3.9842870621524,25.9902171834314,-12.3032581089283));
#2385=CARTESIAN_POINT('Ctrl Pts',(3.98470691873181,25.9707645817843,-12.3036618408626));
#2386=CARTESIAN_POINT('Ctrl Pts',(3.98662572210822,25.9313386914811,-12.3059016137796));
#2387=CARTESIAN_POINT('Ctrl Pts',(3.99461458421468,25.8569804249379,-12.3138300837243));
#2388=CARTESIAN_POINT('Ctrl Pts',(4.03261139283812,25.6691370164288,-12.3471931459423));
#2389=CARTESIAN_POINT('Ctrl Pts',(4.17558691325759,25.3915237627992,-12.4079522372634));
#2390=CARTESIAN_POINT('Ctrl Pts',(4.46974538323068,25.1394020531272,-12.4160901979612));
#2391=CARTESIAN_POINT('Ctrl Pts',(4.68293820570459,25.0419764154327,-12.3812074654945));
#2392=CARTESIAN_POINT('Ctrl Pts',(4.85694730262912,25.0081301056084,-12.314999221409));
#2393=CARTESIAN_POINT('Ctrl Pts',(4.9317550586212,24.9993892373554,-12.2800498338894));
#2394=CARTESIAN_POINT('Ctrl Pts',(5.0067608890438,24.9964733438573,-12.2376949291039));
#2395=CARTESIAN_POINT('Ctrl Pts',(5.05675855184707,24.9982253546078,-12.2036077498978));
#2396=CARTESIAN_POINT('Ctrl Pts',(5.08173950896587,25.,-12.1848074716516));
#2397=CARTESIAN_POINT('Ctrl Pts',(4.00517857877657,26.,-11.9481607183746));
#2398=CARTESIAN_POINT('Ctrl Pts',(4.00517857877657,25.9856921559266,-11.9481607183746));
#2399=CARTESIAN_POINT('Ctrl Pts',(4.00576481210967,25.9573981643351,-11.9491708242852));
#2400=CARTESIAN_POINT('Ctrl Pts',(4.00889965891001,25.9017213160992,-11.9548251070247));
#2401=CARTESIAN_POINT('Ctrl Pts',(4.02049563935203,25.8046470821917,-11.9738437805421));
#2402=CARTESIAN_POINT('Ctrl Pts',(4.06691828619117,25.6057715857013,-12.0400362423782));
#2403=CARTESIAN_POINT('Ctrl Pts',(4.20285164907733,25.3614794974137,-12.142021505692));
#2404=CARTESIAN_POINT('Ctrl Pts',(4.47021214435587,25.1379199739126,-12.1904770448302));
#2405=CARTESIAN_POINT('Ctrl Pts',(4.66144443937645,25.0506444231361,-12.1743492600905));
#2406=CARTESIAN_POINT('Ctrl Pts',(4.81396575610082,25.0167233905373,-12.1182730293552));
#2407=CARTESIAN_POINT('Ctrl Pts',(4.87861988680929,25.0067173252937,-12.0871121187348));
#2408=CARTESIAN_POINT('Ctrl Pts',(4.94222839661328,25.0011196374432,-12.0480888788612));
#2409=CARTESIAN_POINT('Ctrl Pts',(4.98356748806877,25.,-12.0160784434984));
#2410=CARTESIAN_POINT('Ctrl Pts',(5.00397371237467,25.,-11.9983435142466));
#2411=CARTESIAN_POINT('',(5.38889476717273,24.,-12.9212930153425));
#2412=CARTESIAN_POINT('',(2.34340279206557,26.,-13.8024803334089));
#2413=CARTESIAN_POINT('Ctrl Pts',(5.38889476717273,24.,-12.9212930153425));
#2414=CARTESIAN_POINT('Ctrl Pts',(5.34623111047487,24.,-12.9390861228941));
#2415=CARTESIAN_POINT('Ctrl Pts',(5.25995499460723,23.9996748311513,-12.9745728629376));
#2416=CARTESIAN_POINT('Ctrl Pts',(5.12698784432397,23.9999364258349,-13.0277176025331));
#2417=CARTESIAN_POINT('Ctrl Pts',(4.99018903068874,24.0028910541754,-13.0807206983699));
#2418=CARTESIAN_POINT('Ctrl Pts',(4.66246235572295,24.0180425592964,-13.2039058200725));
#2419=CARTESIAN_POINT('Ctrl Pts',(4.21043131676508,24.0898849757004,-13.3568255293044));
#2420=CARTESIAN_POINT('Ctrl Pts',(3.41889504752433,24.3909997068118,-13.5854065228443));
#2421=CARTESIAN_POINT('Ctrl Pts',(2.78477696023011,24.8840303929321,-13.7238272717861));
#2422=CARTESIAN_POINT('Ctrl Pts',(2.46107900404685,25.4245684105323,-13.7820722091343));
#2423=CARTESIAN_POINT('Ctrl Pts',(2.37366221895595,25.7061714609744,-13.7973541953537));
#2424=CARTESIAN_POINT('Ctrl Pts',(2.34794704202644,25.8723142956037,-13.8016948508682));
#2425=CARTESIAN_POINT('Ctrl Pts',(2.34340279206557,25.9570764677797,-13.8024803334089));
#2426=CARTESIAN_POINT('Ctrl Pts',(2.34340279206557,26.,-13.8024803334089));
#2427=CARTESIAN_POINT('',(4.00517857877657,26.,-11.9481607183746));
#2428=CARTESIAN_POINT('Origin',(2.00863096462763,26.,-11.8306974286362));
#2429=CARTESIAN_POINT('',(5.00397371237467,25.,-11.9983435142466));
#2430=CARTESIAN_POINT('Ctrl Pts',(4.00517857877657,26.,-11.9481607183746));
#2431=CARTESIAN_POINT('Ctrl Pts',(4.00517857877657,25.9856921559266,-11.9481607183746));
#2432=CARTESIAN_POINT('Ctrl Pts',(4.00576481210967,25.9573981643351,-11.9491708242852));
#2433=CARTESIAN_POINT('Ctrl Pts',(4.00889965891001,25.9017213160992,-11.9548251070247));
#2434=CARTESIAN_POINT('Ctrl Pts',(4.02049563935203,25.8046470821917,-11.9738437805421));
#2435=CARTESIAN_POINT('Ctrl Pts',(4.06691828619117,25.6057715857013,-12.0400362423782));
#2436=CARTESIAN_POINT('Ctrl Pts',(4.20285164907733,25.3614794974137,-12.142021505692));
#2437=CARTESIAN_POINT('Ctrl Pts',(4.47021214435587,25.1379199739126,-12.1904770448302));
#2438=CARTESIAN_POINT('Ctrl Pts',(4.66144443937645,25.0506444231361,-12.1743492600905));
#2439=CARTESIAN_POINT('Ctrl Pts',(4.81396575610082,25.0167233905373,-12.1182730293552));
#2440=CARTESIAN_POINT('Ctrl Pts',(4.87861988680929,25.0067173252937,-12.0871121187348));
#2441=CARTESIAN_POINT('Ctrl Pts',(4.94222839661328,25.0011196374432,-12.0480888788612));
#2442=CARTESIAN_POINT('Ctrl Pts',(4.98356748806877,25.,-12.0160784434984));
#2443=CARTESIAN_POINT('Ctrl Pts',(5.00397371237467,25.,-11.9983435142466));
#2444=CARTESIAN_POINT('Origin',(5.00397371237467,24.,-11.9983435142466));
#2445=CARTESIAN_POINT('Origin',(2.00863096462763,100.,-11.8306974286362));
#2446=CARTESIAN_POINT('',(4.00517857877657,90.,-11.9481607183746));
#2447=CARTESIAN_POINT('Origin',(2.00863096462763,90.,-11.8306974286362));
#2448=CARTESIAN_POINT('',(4.00517857877657,100.,-11.9481607183746));
#2449=CARTESIAN_POINT('',(2.34340279206557,100.,-13.8024803334089));
#2450=CARTESIAN_POINT('Ctrl Pts',(8.34482142122342,90.,-9.44266675510104));
#2451=CARTESIAN_POINT('Ctrl Pts',(8.34482142122342,90.839909439231,-9.44266675510104));
#2452=CARTESIAN_POINT('Ctrl Pts',(8.19954537023276,92.5176515904305,-9.36594048314184));
#2453=CARTESIAN_POINT('Ctrl Pts',(7.51218185180399,94.7742212820961,-9.1111930533214));
#2454=CARTESIAN_POINT('Ctrl Pts',(6.42534622473884,96.046113027007,-9.10661290571793));
#2455=CARTESIAN_POINT('Ctrl Pts',(5.48110219156717,96.3107870882906,-9.49869111887954));
#2456=CARTESIAN_POINT('Ctrl Pts',(4.8790662124161,96.111441569908,-9.96135070405604));
#2457=CARTESIAN_POINT('Ctrl Pts',(4.45099422861097,95.5398636250391,-10.5001006110972));
#2458=CARTESIAN_POINT('Ctrl Pts',(4.11807217076412,94.3978302044756,-11.1770108208274));
#2459=CARTESIAN_POINT('Ctrl Pts',(4.00885430648598,92.5168212070486,-11.7878877733288));
#2460=CARTESIAN_POINT('Ctrl Pts',(4.00517857877657,90.8399094392311,-11.9481607183746));
#2461=CARTESIAN_POINT('Ctrl Pts',(4.00517857877657,90.,-11.9481607183746));
#2462=CARTESIAN_POINT('Ctrl Pts',(8.80244636723318,90.,-9.67215789061882));
#2463=CARTESIAN_POINT('Ctrl Pts',(8.80244636723318,90.8952001846798,-9.67215789061882));
#2464=CARTESIAN_POINT('Ctrl Pts',(8.63676334219639,92.6827279884614,-9.552123011409));
#2465=CARTESIAN_POINT('Ctrl Pts',(7.8394844244986,95.0549025605173,-9.14332409026898));
#2466=CARTESIAN_POINT('Ctrl Pts',(6.56306103662742,96.3786290730143,-9.05799591634148));
#2467=CARTESIAN_POINT('Ctrl Pts',(5.4756620657745,96.6549552352076,-9.4903385037216));
#2468=CARTESIAN_POINT('Ctrl Pts',(4.79508895701764,96.4469222873507,-10.0302799020493));
#2469=CARTESIAN_POINT('Ctrl Pts',(4.32820545278154,95.8513303392115,-10.6775880619771));
#2470=CARTESIAN_POINT('Ctrl Pts',(3.99701497060907,94.6593395573934,-11.5044499310385));
#2471=CARTESIAN_POINT('Ctrl Pts',(3.95083125762855,92.6818849914377,-12.2604747406387));
#2472=CARTESIAN_POINT('Ctrl Pts',(3.97511125907342,90.8952001846799,-12.4592211147834));
#2473=CARTESIAN_POINT('Ctrl Pts',(3.97511125907342,90.,-12.4592211147834));
#2474=CARTESIAN_POINT('Ctrl Pts',(9.76070549341729,90.,-9.74804508333067));
#2475=CARTESIAN_POINT('Ctrl Pts',(9.76070549341729,90.990998399791,-9.74804508333067));
#2476=CARTESIAN_POINT('Ctrl Pts',(9.52771679727274,92.9693112183543,-9.56855022221913));
#2477=CARTESIAN_POINT('Ctrl Pts',(8.43724399912777,95.5444543407777,-8.97331502152923));
#2478=CARTESIAN_POINT('Ctrl Pts',(6.77072739018053,96.9597741694498,-8.81134815742179));
#2479=CARTESIAN_POINT('Ctrl Pts',(5.38974738183091,97.256558930775,-9.34282690782026));
#2480=CARTESIAN_POINT('Ctrl Pts',(4.53665497138825,97.03326763819,-10.0353213128155));
#2481=CARTESIAN_POINT('Ctrl Pts',(3.95752356146283,96.3953550848843,-10.8856493188062));
#2482=CARTESIAN_POINT('Ctrl Pts',(3.55409445916638,95.1152820532718,-11.9936371678519));
#2483=CARTESIAN_POINT('Ctrl Pts',(3.51865404040951,92.9684227605423,-13.0413220973885));
#2484=CARTESIAN_POINT('Ctrl Pts',(3.56170193269172,90.9909983997913,-13.327041457823));
#2485=CARTESIAN_POINT('Ctrl Pts',(3.56170193269172,90.,-13.327041457823));
#2486=CARTESIAN_POINT('Ctrl Pts',(10.5366679740181,90.,-9.22637804421797));
#2487=CARTESIAN_POINT('Ctrl Pts',(10.5366679740181,91.040668311754,-9.22637804421797));
#2488=CARTESIAN_POINT('Ctrl Pts',(10.2496514018175,93.1188467558502,-9.05179950195203));
#2489=CARTESIAN_POINT('Ctrl Pts',(8.91043069314607,95.8726601613316,-8.46614342080604));
#2490=CARTESIAN_POINT('Ctrl Pts',(6.87377577956146,97.4058326475285,-8.3356819503426));
#2491=CARTESIAN_POINT('Ctrl Pts',(5.18635526702091,97.7259814143411,-8.99162921857201));
#2492=CARTESIAN_POINT('Ctrl Pts',(4.13884030086274,97.4849730919429,-9.83555442555081));
#2493=CARTESIAN_POINT('Ctrl Pts',(3.40828505230265,96.7950378076743,-10.861160784537));
#2494=CARTESIAN_POINT('Ctrl Pts',(2.856428384862,95.4134676596986,-12.1829496821517));
#2495=CARTESIAN_POINT('Ctrl Pts',(2.71010462328642,93.1178857977054,-13.4098205647062));
#2496=CARTESIAN_POINT('Ctrl Pts',(2.7219437842027,91.0406683117544,-13.7382111588506));
#2497=CARTESIAN_POINT('Ctrl Pts',(2.7219437842027,90.,-13.7382111588506));
#2498=CARTESIAN_POINT('Ctrl Pts',(10.7815972079344,90.,-8.9306865159326));
#2499=CARTESIAN_POINT('Ctrl Pts',(10.7815972079344,91.0498867990383,-8.9306865159326));
#2500=CARTESIAN_POINT('Ctrl Pts',(10.4822842951105,93.1470644880382,-8.76657598937417));
#2501=CARTESIAN_POINT('Ctrl Pts',(9.07216339051233,95.9677766026199,-8.21049077041131));
#2502=CARTESIAN_POINT('Ctrl Pts',(6.89633228278735,97.5576412837586,-8.10593721136548));
#2503=CARTESIAN_POINT('Ctrl Pts',(5.084260733778,97.8884838603632,-8.8153465992996));
#2504=CARTESIAN_POINT('Ctrl Pts',(3.95589365421286,97.6393019623849,-9.71973099456587));
#2505=CARTESIAN_POINT('Ctrl Pts',(3.16079978859872,96.9248295312988,-10.8100394231096));
#2506=CARTESIAN_POINT('Ctrl Pts',(2.54413076684034,95.4972877555945,-12.2016502149728));
#2507=CARTESIAN_POINT('Ctrl Pts',(2.34674838093354,93.1460265088106,-13.4695212298409));
#2508=CARTESIAN_POINT('Ctrl Pts',(2.34340279206557,91.0498867990386,-13.8024803334089));
#2509=CARTESIAN_POINT('Ctrl Pts',(2.34340279206557,90.,-13.8024803334089));
#2510=CARTESIAN_POINT('',(8.34482142122342,90.,-9.44266675510104));
#2511=CARTESIAN_POINT('Origin',(9.24136903537237,90.,-7.65487415651366));
#2512=CARTESIAN_POINT('Ctrl Pts',(8.34482142122342,90.,-9.44266675510104));
#2513=CARTESIAN_POINT('Ctrl Pts',(8.34482142122342,90.839909439231,-9.44266675510104));
#2514=CARTESIAN_POINT('Ctrl Pts',(8.19954537023276,92.5176515904305,-9.36594048314184));
#2515=CARTESIAN_POINT('Ctrl Pts',(7.51218185180399,94.7742212820961,-9.1111930533214));
#2516=CARTESIAN_POINT('Ctrl Pts',(6.42534622473884,96.046113027007,-9.10661290571793));
#2517=CARTESIAN_POINT('Ctrl Pts',(5.48110219156717,96.3107870882906,-9.49869111887954));
#2518=CARTESIAN_POINT('Ctrl Pts',(4.8790662124161,96.111441569908,-9.96135070405604));
#2519=CARTESIAN_POINT('Ctrl Pts',(4.45099422861097,95.5398636250391,-10.5001006110972));
#2520=CARTESIAN_POINT('Ctrl Pts',(4.11807217076412,94.3978302044756,-11.1770108208274));
#2521=CARTESIAN_POINT('Ctrl Pts',(4.00885430648598,92.5168212070486,-11.7878877733288));
#2522=CARTESIAN_POINT('Ctrl Pts',(4.00517857877657,90.8399094392311,-11.9481607183746));
#2523=CARTESIAN_POINT('Ctrl Pts',(4.00517857877657,90.,-11.9481607183746));
#2524=CARTESIAN_POINT('Origin',(9.24136903537237,100.,-7.65487415651366));
#2525=CARTESIAN_POINT('',(8.34482142122342,100.,-9.44266675510104));
#2526=CARTESIAN_POINT('',(10.7815972079344,100.,-8.9306865159326));
#2527=CARTESIAN_POINT('Origin',(6.99999999999999,26.,-12.1243556529821));
#2528=CARTESIAN_POINT('Origin',(6.99999999999999,26.,-12.1243556529821));
#2529=CARTESIAN_POINT('Origin',(6.99999999999999,25.,-12.1243556529821));
#2530=CARTESIAN_POINT('Origin',(0.,24.,0.));
#2531=CARTESIAN_POINT('Origin',(0.,25.,0.));
#2532=CARTESIAN_POINT('Origin',(0.,24.,0.));
#2533=CARTESIAN_POINT('Origin',(6.99999999999999,100.,-12.1243556529821));
#2534=CARTESIAN_POINT('Origin',(6.25,25.,-10.8253175473055));
#2535=CARTESIAN_POINT('Ctrl Pts',(13.125,26.,-4.87179381747628));
#2536=CARTESIAN_POINT('Ctrl Pts',(13.125,25.9570764677797,-4.87179381747628));
#2537=CARTESIAN_POINT('Ctrl Pts',(13.1265918541692,25.872314473296,-4.86746560171206));
#2538=CARTESIAN_POINT('Ctrl Pts',(13.1356903060422,25.7061719161,-4.84302513182943));
#2539=CARTESIAN_POINT('Ctrl Pts',(13.1661640341188,25.4245692147191,-4.75967906653287));
#2540=CARTESIAN_POINT('Ctrl Pts',(13.2775712639409,24.8840334313222,-4.45022476667907));
#2541=CARTESIAN_POINT('Ctrl Pts',(13.4747542958988,24.3910033655351,-3.83185199500752));
#2542=CARTESIAN_POINT('Ctrl Pts',(13.6725653483764,24.0898886097322,-3.03207170527977));
#2543=CARTESIAN_POINT('Ctrl Pts',(13.7661488823274,24.0180438257989,-2.56414175983311));
#2544=CARTESIAN_POINT('Ctrl Pts',(13.8233308893298,24.0028914189379,-2.21872981379267));
#2545=CARTESIAN_POINT('Ctrl Pts',(13.8458282804251,23.9999367162146,-2.07375702237449));
#2546=CARTESIAN_POINT('Ctrl Pts',(13.8662871833967,23.9996749504097,-1.9320317623722));
#2547=CARTESIAN_POINT('Ctrl Pts',(13.8786928394184,24.,-1.83957110527311));
#2548=CARTESIAN_POINT('Ctrl Pts',(13.8846153846154,24.,-1.79372674097863));
#2549=CARTESIAN_POINT('Ctrl Pts',(13.2075215563125,26.,-4.64947418179791));
#2550=CARTESIAN_POINT('Ctrl Pts',(13.2075215563125,25.9642881125661,-4.64947418179791));
#2551=CARTESIAN_POINT('Ctrl Pts',(13.2087143716344,25.8937941828456,-4.64602042638152));
#2552=CARTESIAN_POINT('Ctrl Pts',(13.2155481725548,25.7546459719555,-4.62637575738233));
#2553=CARTESIAN_POINT('Ctrl Pts',(13.2387746905433,25.5148246141707,-4.55863236103421));
#2554=CARTESIAN_POINT('Ctrl Pts',(13.3276743059953,25.0284338561054,-4.29713635894526));
#2555=CARTESIAN_POINT('Ctrl Pts',(13.4991342447615,24.5462802072824,-3.74091963488859));
#2556=CARTESIAN_POINT('Ctrl Pts',(13.6802676271613,24.2364323337565,-2.99491251799148));
#2557=CARTESIAN_POINT('Ctrl Pts',(13.7687447386407,24.1556544748221,-2.54946426374733));
#2558=CARTESIAN_POINT('Ctrl Pts',(13.8241015460165,24.1369998158853,-2.2142532335784));
#2559=CARTESIAN_POINT('Ctrl Pts',(13.8460739305258,24.1332439343208,-2.07239987392495));
#2560=CARTESIAN_POINT('Ctrl Pts',(13.8662731534373,24.133056824684,-1.93237014273819));
#2561=CARTESIAN_POINT('Ctrl Pts',(13.878666370413,24.1341267092927,-1.83990521615445));
#2562=CARTESIAN_POINT('Ctrl Pts',(13.8846153846154,24.1346870059403,-1.79372674097863));
#2563=CARTESIAN_POINT('Ctrl Pts',(13.3024050896724,26.,-4.14606692567565));
#2564=CARTESIAN_POINT('Ctrl Pts',(13.3024050896724,25.9779883129526,-4.14606692567565));
#2565=CARTESIAN_POINT('Ctrl Pts',(13.3029814916166,25.9345238740391,-4.14410869382933));
#2566=CARTESIAN_POINT('Ctrl Pts',(13.3062439669165,25.8469770765742,-4.13292218207328));
#2567=CARTESIAN_POINT('Ctrl Pts',(13.3180071052487,25.688541019943,-4.09304266139623));
#2568=CARTESIAN_POINT('Ctrl Pts',(13.3690883482322,25.3171677512958,-3.92432728563632));
#2569=CARTESIAN_POINT('Ctrl Pts',(13.4938817960849,24.8697745590979,-3.50545402091026));
#2570=CARTESIAN_POINT('Ctrl Pts',(13.6447941652621,24.5494372041051,-2.88570862550498));
#2571=CARTESIAN_POINT('Ctrl Pts',(13.7237006072975,24.4523426728357,-2.4955157607315));
#2572=CARTESIAN_POINT('Ctrl Pts',(13.7743106588807,24.4273917985669,-2.18830238514022));
#2573=CARTESIAN_POINT('Ctrl Pts',(13.7944582560216,24.4224469298456,-2.05597052238822));
#2574=CARTESIAN_POINT('Ctrl Pts',(13.8130335947057,24.4229794601353,-1.92261452707114));
#2575=CARTESIAN_POINT('Ctrl Pts',(13.8244079547048,24.4261695273536,-1.83236387793952));
#2576=CARTESIAN_POINT('Ctrl Pts',(13.8298461057903,24.4282934596824,-1.78665120324919));
#2577=CARTESIAN_POINT('Ctrl Pts',(13.0996758792316,26.,-3.20701158232708));
#2578=CARTESIAN_POINT('Ctrl Pts',(13.0996758792316,25.992360688295,-3.20701158232708));
#2579=CARTESIAN_POINT('Ctrl Pts',(13.099745599002,25.9773225177757,-3.20655775543005));
#2580=CARTESIAN_POINT('Ctrl Pts',(13.1001556522279,25.9450493462604,-3.20402684456147));
#2581=CARTESIAN_POINT('Ctrl Pts',(13.1028663448964,25.8779857837133,-3.19375772773081));
#2582=CARTESIAN_POINT('Ctrl Pts',(13.124160845163,25.6665349976019,-3.14224728667014));
#2583=CARTESIAN_POINT('Ctrl Pts',(13.2140491456868,25.3181585194356,-2.95413055830963));
#2584=CARTESIAN_POINT('Ctrl Pts',(13.3442944022515,25.0199999363219,-2.57742358521073));
#2585=CARTESIAN_POINT('Ctrl Pts',(13.4147160686634,24.9121728996904,-2.30569565125062));
#2586=CARTESIAN_POINT('Ctrl Pts',(13.4522319250688,24.8805072617885,-2.07003883039361));
#2587=CARTESIAN_POINT('Ctrl Pts',(13.4650659204594,24.8740041543565,-1.96538748882381));
#2588=CARTESIAN_POINT('Ctrl Pts',(13.4742000862593,24.8748666516561,-1.85654225002431));
#2589=CARTESIAN_POINT('Ctrl Pts',(13.4773055979147,24.8802287641956,-1.78043453689695));
#2590=CARTESIAN_POINT('Ctrl Pts',(13.4779688688418,24.8840909766704,-1.74119286018586));
#2591=CARTESIAN_POINT('Ctrl Pts',(12.647077602725,26.,-2.70113524267048));
#2592=CARTESIAN_POINT('Ctrl Pts',(12.647077602725,25.9902171834314,-2.70113524267048));
#2593=CARTESIAN_POINT('Ctrl Pts',(12.647637191396,25.9707657161318,-2.70097278609166));
#2594=CARTESIAN_POINT('Ctrl Pts',(12.6505363490362,25.931340974777,-2.70043010956107));
#2595=CARTESIAN_POINT('Ctrl Pts',(12.6613969125432,25.8569855235615,-2.69747399552331));
#2596=CARTESIAN_POINT('Ctrl Pts',(12.7092888061156,25.6691479548242,-2.68124410920626));
#2597=CARTESIAN_POINT('Ctrl Pts',(12.8333962835829,25.3915333210428,-2.58780458768873));
#2598=CARTESIAN_POINT('Ctrl Pts',(12.9875231539217,25.1394114474489,-2.33712749884514));
#2599=CARTESIAN_POINT('Ctrl Pts',(13.0639102980403,25.0419792553476,-2.13505832201621));
#2600=CARTESIAN_POINT('Ctrl Pts',(13.0935765120194,25.008131082752,-1.9512591008255));
#2601=CARTESIAN_POINT('Ctrl Pts',(13.100713150018,24.9993899329844,-1.86899918678254));
#2602=CARTESIAN_POINT('Ctrl Pts',(13.1015354352731,24.9964736451387,-1.78286507731154));
#2603=CARTESIAN_POINT('Ctrl Pts',(13.0970136051557,24.9982253546078,-1.72252250824515));
#2604=CARTESIAN_POINT('Ctrl Pts',(13.0932225651557,25.,-1.69148822564632));
#2605=CARTESIAN_POINT('Ctrl Pts',(12.35,26.,-2.50549396327352));
#2606=CARTESIAN_POINT('Ctrl Pts',(12.35,25.9856921559266,-2.50549396327352));
#2607=CARTESIAN_POINT('Ctrl Pts',(12.3511679707672,25.9573981780106,-2.50549125843207));
#2608=CARTESIAN_POINT('Ctrl Pts',(12.3576322927276,25.9017212846698,-2.50560342805458));
#2609=CARTESIAN_POINT('Ctrl Pts',(12.3799010326903,25.8046472088774,-2.5050702512518));
#2610=CARTESIAN_POINT('Ctrl Pts',(12.4604379019945,25.6057713313431,-2.49796235951778));
#2611=CARTESIAN_POINT('Ctrl Pts',(12.6167267374947,25.3614792907736,-2.43123299792981));
#2612=CARTESIAN_POINT('Ctrl Pts',(12.7923704836698,25.1379203280562,-2.22391991643901));
#2613=CARTESIAN_POINT('Ctrl Pts',(12.8740185479347,25.0506444617699,-2.05024485034658));
#2614=CARTESIAN_POINT('Ctrl Pts',(12.9017153316339,25.0167234225185,-1.89011974699863));
#2615=CARTESIAN_POINT('Ctrl Pts',(12.9070562280387,25.0067173427988,-1.81854719640158));
#2616=CARTESIAN_POINT('Ctrl Pts',(12.9050652865469,25.0011196481582,-1.74394905476438));
#2617=CARTESIAN_POINT('Ctrl Pts',(12.8980129299706,25.,-1.69214317560745));
#2618=CARTESIAN_POINT('Ctrl Pts',(12.8928571428571,25.,-1.6656034023373));
#2619=CARTESIAN_POINT('',(13.8846153846154,24.,-1.79372674097863));
#2620=CARTESIAN_POINT('',(13.125,26.,-4.87179381747628));
#2621=CARTESIAN_POINT('Ctrl Pts',(13.8846153846154,24.,-1.79372674097863));
#2622=CARTESIAN_POINT('Ctrl Pts',(13.8786928394184,24.,-1.83957110527311));
#2623=CARTESIAN_POINT('Ctrl Pts',(13.8662871833967,23.9996749504097,-1.9320317623722));
#2624=CARTESIAN_POINT('Ctrl Pts',(13.8458282804251,23.9999367162146,-2.07375702237449));
#2625=CARTESIAN_POINT('Ctrl Pts',(13.8233308893298,24.0028914189379,-2.21872981379267));
#2626=CARTESIAN_POINT('Ctrl Pts',(13.7661488823274,24.0180438257989,-2.56414175983311));
#2627=CARTESIAN_POINT('Ctrl Pts',(13.6725653483764,24.0898886097322,-3.03207170527977));
#2628=CARTESIAN_POINT('Ctrl Pts',(13.4747542958988,24.3910033655351,-3.83185199500752));
#2629=CARTESIAN_POINT('Ctrl Pts',(13.2775712639409,24.8840334313222,-4.45022476667907));
#2630=CARTESIAN_POINT('Ctrl Pts',(13.1661640341188,25.4245692147191,-4.75967906653287));
#2631=CARTESIAN_POINT('Ctrl Pts',(13.1356903060422,25.7061719161,-4.84302513182943));
#2632=CARTESIAN_POINT('Ctrl Pts',(13.1265918541692,25.872314473296,-4.86746560171206));
#2633=CARTESIAN_POINT('Ctrl Pts',(13.125,25.9570764677797,-4.87179381747628));
#2634=CARTESIAN_POINT('Ctrl Pts',(13.125,26.,-4.87179381747628));
#2635=CARTESIAN_POINT('',(12.35,26.,-2.50549396327352));
#2636=CARTESIAN_POINT('Origin',(11.25,26.,-4.17582327212252));
#2637=CARTESIAN_POINT('',(12.8928571428571,25.,-1.6656034023373));
#2638=CARTESIAN_POINT('Ctrl Pts',(12.35,26.,-2.50549396327352));
#2639=CARTESIAN_POINT('Ctrl Pts',(12.35,25.9856921559266,-2.50549396327352));
#2640=CARTESIAN_POINT('Ctrl Pts',(12.3511679707672,25.9573981780106,-2.50549125843207));
#2641=CARTESIAN_POINT('Ctrl Pts',(12.3576322927276,25.9017212846698,-2.50560342805458));
#2642=CARTESIAN_POINT('Ctrl Pts',(12.3799010326903,25.8046472088774,-2.5050702512518));
#2643=CARTESIAN_POINT('Ctrl Pts',(12.4604379019945,25.6057713313431,-2.49796235951778));
#2644=CARTESIAN_POINT('Ctrl Pts',(12.6167267374947,25.3614792907736,-2.43123299792981));
#2645=CARTESIAN_POINT('Ctrl Pts',(12.7923704836698,25.1379203280562,-2.22391991643901));
#2646=CARTESIAN_POINT('Ctrl Pts',(12.8740185479347,25.0506444617699,-2.05024485034658));
#2647=CARTESIAN_POINT('Ctrl Pts',(12.9017153316339,25.0167234225185,-1.89011974699863));
#2648=CARTESIAN_POINT('Ctrl Pts',(12.9070562280387,25.0067173427988,-1.81854719640158));
#2649=CARTESIAN_POINT('Ctrl Pts',(12.9050652865469,25.0011196481582,-1.74394905476438));
#2650=CARTESIAN_POINT('Ctrl Pts',(12.8980129299706,25.,-1.69214317560745));
#2651=CARTESIAN_POINT('Ctrl Pts',(12.8928571428571,25.,-1.6656034023373));
#2652=CARTESIAN_POINT('Origin',(12.8928571428571,24.,-1.6656034023373));
#2653=CARTESIAN_POINT('Ctrl Pts',(13.8846153846154,24.,1.79372674097863));
#2654=CARTESIAN_POINT('Ctrl Pts',(13.8609252038274,24.,1.97710419815654));
#2655=CARTESIAN_POINT('Ctrl Pts',(13.8181389375554,23.9978060395462,2.26424099225079));
#2656=CARTESIAN_POINT('Ctrl Pts',(13.7077588662676,24.0548864885338,2.8715564518221));
#2657=CARTESIAN_POINT('Ctrl Pts',(13.5147141351545,24.2906549643791,3.70758772760858));
#2658=CARTESIAN_POINT('Ctrl Pts',(13.2773810451134,24.8846572098617,4.45047707708977));
#2659=CARTESIAN_POINT('Ctrl Pts',(13.1503314799592,25.5014733988711,4.80383074040979));
#2660=CARTESIAN_POINT('Ctrl Pts',(13.125,25.8283058711187,4.87179381747629));
#2661=CARTESIAN_POINT('Ctrl Pts',(13.125,26.,4.87179381747629));
#2662=CARTESIAN_POINT('Ctrl Pts',(13.8846153846154,24.1346870059403,1.79372674097863));
#2663=CARTESIAN_POINT('Ctrl Pts',(13.8608193278057,24.1324458193498,1.9784406416819));
#2664=CARTESIAN_POINT('Ctrl Pts',(13.8187083680942,24.1315475686244,2.25986609464534));
#2665=CARTESIAN_POINT('Ctrl Pts',(13.7132493926565,24.1978259975859,2.84344086420015));
#2666=CARTESIAN_POINT('Ctrl Pts',(13.5339084103047,24.4481928614735,3.62905851757677));
#2667=CARTESIAN_POINT('Ctrl Pts',(13.3274511366094,25.0288680769721,4.29748586718236));
#2668=CARTESIAN_POINT('Ctrl Pts',(13.226160898776,25.5840105747307,4.59594851786157));
#2669=CARTESIAN_POINT('Ctrl Pts',(13.2075215563125,25.8571524502643,4.64947418179792));
#2670=CARTESIAN_POINT('Ctrl Pts',(13.2075215563125,26.,4.64947418179792));
#2671=CARTESIAN_POINT('Ctrl Pts',(13.8298461057903,24.4282934596824,1.78665120324919));
#2672=CARTESIAN_POINT('Ctrl Pts',(13.8080935014484,24.4197977303673,1.96950190201051));
#2673=CARTESIAN_POINT('Ctrl Pts',(13.769053530249,24.4213943917512,2.23330688684984));
#2674=CARTESIAN_POINT('Ctrl Pts',(13.6738447311941,24.5043917606811,2.75601989828251));
#2675=CARTESIAN_POINT('Ctrl Pts',(13.5191776809531,24.7789967218442,3.42125769791133));
#2676=CARTESIAN_POINT('Ctrl Pts',(13.3688676750394,25.3173980255469,3.92472683676774));
#2677=CARTESIAN_POINT('Ctrl Pts',(13.3107964981444,25.7411910177016,4.11707868760813));
#2678=CARTESIAN_POINT('Ctrl Pts',(13.3024050896724,25.9119532518105,4.14606692567566));
#2679=CARTESIAN_POINT('Ctrl Pts',(13.3024050896724,26.,4.14606692567566));
#2680=CARTESIAN_POINT('Ctrl Pts',(13.4779688688418,24.8840909766704,1.74119286018586));
#2681=CARTESIAN_POINT('Ctrl Pts',(13.4753157851334,24.8686421267711,1.8981595670302));
#2682=CARTESIAN_POINT('Ctrl Pts',(13.4507350267845,24.8745081028232,2.10856188315332));
#2683=CARTESIAN_POINT('Ctrl Pts',(13.3714060778004,24.9715411568425,2.49221374300352));
#2684=CARTESIAN_POINT('Ctrl Pts',(13.2320077311243,25.24752307398,2.91644754797831));
#2685=CARTESIAN_POINT('Ctrl Pts',(13.1240658818644,25.6665040254257,3.14238248777105));
#2686=CARTESIAN_POINT('Ctrl Pts',(13.099788249134,25.9079872637559,3.20117159300057));
#2687=CARTESIAN_POINT('Ctrl Pts',(13.0996758792316,25.9694427531798,3.20701158232709));
#2688=CARTESIAN_POINT('Ctrl Pts',(13.0996758792316,26.,3.20701158232709));
#2689=CARTESIAN_POINT('Ctrl Pts',(13.0932225651557,25.,1.69148822564631));
#2690=CARTESIAN_POINT('Ctrl Pts',(13.1083867251558,24.9929014184312,1.81562535604166));
#2691=CARTESIAN_POINT('Ctrl Pts',(13.0956940500254,25.0048424081802,1.98338582907676));
#2692=CARTESIAN_POINT('Ctrl Pts',(13.0187106904244,25.0970659893468,2.27646747706086));
#2693=CARTESIAN_POINT('Ctrl Pts',(12.8575744255339,25.3355104329139,2.57005391516145));
#2694=CARTESIAN_POINT('Ctrl Pts',(12.7093243623465,25.6692917666778,2.68102520832724));
#2695=CARTESIAN_POINT('Ctrl Pts',(12.6545982910511,25.8833714120572,2.69980547829776));
#2696=CARTESIAN_POINT('Ctrl Pts',(12.647077602725,25.9608687337257,2.70113524267049));
#2697=CARTESIAN_POINT('Ctrl Pts',(12.647077602725,26.,2.70113524267049));
#2698=CARTESIAN_POINT('Ctrl Pts',(12.8928571428571,25.,1.6656034023373));
#2699=CARTESIAN_POINT('Ctrl Pts',(12.9134802913109,25.,1.7717624954179));
#2700=CARTESIAN_POINT('Ctrl Pts',(12.905941320401,25.0147271840845,1.91761654414436));
#2701=CARTESIAN_POINT('Ctrl Pts',(12.8265671371391,25.1005445935053,2.17255189173874));
#2702=CARTESIAN_POINT('Ctrl Pts',(12.6474797975116,25.3118376559456,2.4186537486155));
#2703=CARTESIAN_POINT('Ctrl Pts',(12.4606123342213,25.6059389439263,2.49776453294839));
#2704=CARTESIAN_POINT('Ctrl Pts',(12.3683005024572,25.8329235301465,2.50623560482213));
#2705=CARTESIAN_POINT('Ctrl Pts',(12.35,25.9427686237062,2.50549396327352));
#2706=CARTESIAN_POINT('Ctrl Pts',(12.35,26.,2.50549396327352));
#2707=CARTESIAN_POINT('',(12.35,26.,2.50549396327352));
#2708=CARTESIAN_POINT('',(12.8928571428571,25.,1.66560340233731));
#2709=CARTESIAN_POINT('Ctrl Pts',(12.8928571428571,25.,1.6656034023373));
#2710=CARTESIAN_POINT('Ctrl Pts',(12.9134802913109,25.,1.7717624954179));
#2711=CARTESIAN_POINT('Ctrl Pts',(12.905941320401,25.0147271840845,1.91761654414436));
#2712=CARTESIAN_POINT('Ctrl Pts',(12.8265671371391,25.1005445935053,2.17255189173874));
#2713=CARTESIAN_POINT('Ctrl Pts',(12.6474797975116,25.3118376559456,2.4186537486155));
#2714=CARTESIAN_POINT('Ctrl Pts',(12.4606123342213,25.6059389439263,2.49776453294839));
#2715=CARTESIAN_POINT('Ctrl Pts',(12.3683005024572,25.8329235301465,2.50623560482213));
#2716=CARTESIAN_POINT('Ctrl Pts',(12.35,25.9427686237062,2.50549396327352));
#2717=CARTESIAN_POINT('Ctrl Pts',(12.35,26.,2.50549396327352));
#2718=CARTESIAN_POINT('',(13.125,26.,4.87179381747628));
#2719=CARTESIAN_POINT('Origin',(11.25,26.,4.17582327212253));
#2720=CARTESIAN_POINT('',(13.8846153846154,24.,1.79372674097863));
#2721=CARTESIAN_POINT('Ctrl Pts',(13.125,26.,4.87179381747629));
#2722=CARTESIAN_POINT('Ctrl Pts',(13.125,25.8283058711187,4.87179381747629));
#2723=CARTESIAN_POINT('Ctrl Pts',(13.1503314799592,25.5014733988711,4.80383074040979));
#2724=CARTESIAN_POINT('Ctrl Pts',(13.2773810451134,24.8846572098617,4.45047707708977));
#2725=CARTESIAN_POINT('Ctrl Pts',(13.5147141351545,24.2906549643791,3.70758772760858));
#2726=CARTESIAN_POINT('Ctrl Pts',(13.7077588662676,24.0548864885338,2.8715564518221));
#2727=CARTESIAN_POINT('Ctrl Pts',(13.8181389375554,23.9978060395462,2.26424099225079));
#2728=CARTESIAN_POINT('Ctrl Pts',(13.8609252038274,24.,1.97710419815654));
#2729=CARTESIAN_POINT('Ctrl Pts',(13.8846153846154,24.,1.79372674097863));
#2730=CARTESIAN_POINT('Origin',(12.8928571428571,24.,1.6656034023373));
#2731=CARTESIAN_POINT('Origin',(11.25,0.,4.17582327212253));
#2732=CARTESIAN_POINT('',(12.35,90.,2.50549396327352));
#2733=CARTESIAN_POINT('Origin',(11.25,90.,4.17582327212253));
#2734=CARTESIAN_POINT('',(13.125,0.,4.87179381747628));
#2735=CARTESIAN_POINT('',(12.35,0.,2.50549396327352));
#2736=CARTESIAN_POINT('Ctrl Pts',(12.35,90.,2.50549396327352));
#2737=CARTESIAN_POINT('Ctrl Pts',(12.35,90.839907871383,2.50549396327352));
#2738=CARTESIAN_POINT('Ctrl Pts',(12.2130366573929,92.5168253106671,2.42216600765938));
#2739=CARTESIAN_POINT('Ctrl Pts',(11.7386146848583,94.3978239181785,2.02213234262771));
#2740=CARTESIAN_POINT('Ctrl Pts',(11.3188651132567,95.5398370660162,1.39538351368655));
#2741=CARTESIAN_POINT('Ctrl Pts',(11.0663212304669,96.1114432648595,0.755284070550389));
#2742=CARTESIAN_POINT('Ctrl Pts',(10.9666535098788,96.3108087859238,0.00253841211205548));
#2743=CARTESIAN_POINT('Ctrl Pts',(11.0992460553287,96.0461021239257,-1.01127535698565));
#2744=CARTESIAN_POINT('Ctrl Pts',(11.6466248989177,94.7741838273197,-1.95015085864106));
#2745=CARTESIAN_POINT('Ctrl Pts',(12.21092381008,92.517640531177,-2.4180604891244));
#2746=CARTESIAN_POINT('Ctrl Pts',(12.35,90.839907871383,-2.50549396327352));
#2747=CARTESIAN_POINT('Ctrl Pts',(12.35,90.,-2.50549396327352));
#2748=CARTESIAN_POINT('Ctrl Pts',(12.7775576263066,90.,2.78706322416457));
#2749=CARTESIAN_POINT('Ctrl Pts',(12.7775576263066,90.8951985136212,2.78706322416457));
#2750=CARTESIAN_POINT('Ctrl Pts',(12.5933033364854,92.6818868268225,2.70870768797177));
#2751=CARTESIAN_POINT('Ctrl Pts',(11.9616688414666,94.6593306842109,2.2906863648898));
#2752=CARTESIAN_POINT('Ctrl Pts',(11.4111963448819,95.8513003420169,1.59046434771352));
#2753=CARTESIAN_POINT('Ctrl Pts',(11.0840424831424,96.4469217203107,0.862473768512604));
#2754=CARTESIAN_POINT('Ctrl Pts',(10.9567126435437,96.6549753822841,0.00306691148790395));
#2755=CARTESIAN_POINT('Ctrl Pts',(11.1260182821527,96.3786150013521,-1.15486016707129));
#2756=CARTESIAN_POINT('Ctrl Pts',(11.8381152035597,95.054860626009,-2.21753785613667));
#2757=CARTESIAN_POINT('Ctrl Pts',(12.590780153021,92.6827138549395,-2.70361357009593));
#2758=CARTESIAN_POINT('Ctrl Pts',(12.7775576263066,90.8951985136215,-2.78706322416457));
#2759=CARTESIAN_POINT('Ctrl Pts',(12.7775576263066,90.,-2.78706322416457));
#2760=CARTESIAN_POINT('Ctrl Pts',(13.3224096871761,90.,3.57899582060126));
#2761=CARTESIAN_POINT('Ctrl Pts',(13.3224096871761,90.990996549907,3.57899582060126));
#2762=CARTESIAN_POINT('Ctrl Pts',(13.0534433591663,92.9684267113806,3.47340395061276));
#2763=CARTESIAN_POINT('Ctrl Pts',(12.1638466896071,95.1152741594213,2.91885607818448));
#2764=CARTESIAN_POINT('Ctrl Pts',(11.4060341746594,96.3953243327369,2.01551916313484));
#2765=CARTESIAN_POINT('Ctrl Pts',(10.9591772487695,97.0332678387929,1.08880798224863));
#2766=CARTESIAN_POINT('Ctrl Pts',(10.7859867750548,97.2565807652163,0.00370732094942354));
#2767=CARTESIAN_POINT('Ctrl Pts',(11.0162372005278,96.959759273793,-1.45804730597815));
#2768=CARTESIAN_POINT('Ctrl Pts',(11.9897581470563,95.5444096501017,-2.82021909183698));
#2769=CARTESIAN_POINT('Ctrl Pts',(13.0504834188837,92.96929919688,-3.46699135498505));
#2770=CARTESIAN_POINT('Ctrl Pts',(13.3224096871761,90.9909965499078,-3.57899582060126));
#2771=CARTESIAN_POINT('Ctrl Pts',(13.3224096871761,90.,-3.57899582060126));
#2772=CARTESIAN_POINT('Ctrl Pts',(13.2586117582208,90.,4.51183311463261));
#2773=CARTESIAN_POINT('Ctrl Pts',(13.2586117582208,91.0406663691519,4.51183311463261));
#2774=CARTESIAN_POINT('Ctrl Pts',(12.9682993662641,93.1178885052422,4.35787665754717));
#2775=CARTESIAN_POINT('Ctrl Pts',(11.9789695009473,95.4134578072061,3.61770564955741));
#2776=CARTESIAN_POINT('Ctrl Pts',(11.1102181129729,96.7950034196143,2.47893496299088));
#2777=CARTESIAN_POINT('Ctrl Pts',(10.5872770291475,97.4849726866181,1.33344583500516));
#2778=CARTESIAN_POINT('Ctrl Pts',(10.3801518311016,97.7260049019477,0.00424284336621059));
#2779=CARTESIAN_POINT('Ctrl Pts',(10.6558374476308,97.4058165245301,-1.78514264438197));
#2780=CARTESIAN_POINT('Ctrl Pts',(11.7871345678077,95.8726118060615,-3.4835996060429));
#2781=CARTESIAN_POINT('Ctrl Pts',(12.9639353497449,93.118831228701,-4.35058655437084));
#2782=CARTESIAN_POINT('Ctrl Pts',(13.2586117582208,91.0406663691529,-4.51183311463261));
#2783=CARTESIAN_POINT('Ctrl Pts',(13.2586117582208,90.,-4.51183311463261));
#2784=CARTESIAN_POINT('Ctrl Pts',(13.125,90.,4.87179381747629));
#2785=CARTESIAN_POINT('Ctrl Pts',(13.125,91.049884839228,4.87179381747629));
#2786=CARTESIAN_POINT('Ctrl Pts',(12.8383211969859,93.1460316383339,4.70240227503492));
#2787=CARTESIAN_POINT('Ctrl Pts',(11.8390129776828,95.497279897723,3.89751164404782));
#2788=CARTESIAN_POINT('Ctrl Pts',(10.9422010395951,96.9247963325202,2.66770427693025));
#2789=CARTESIAN_POINT('Ctrl Pts',(10.3954953158769,97.6393040810744,1.43397139723485));
#2790=CARTESIAN_POINT('Ctrl Pts',(10.1764357933522,97.8885109824047,0.00451396472338046));
#2791=CARTESIAN_POINT('Ctrl Pts',(10.4681501853041,97.5576276549072,-1.91955821340886));
#2792=CARTESIAN_POINT('Ctrl Pts',(11.6465966760767,95.9677297841497,-3.75149145718903));
#2793=CARTESIAN_POINT('Ctrl Pts',(12.8332392183196,93.1470506639712,-4.69466680444846));
#2794=CARTESIAN_POINT('Ctrl Pts',(13.125,91.0498848392291,-4.87179381747628));
#2795=CARTESIAN_POINT('Ctrl Pts',(13.125,90.,-4.87179381747628));
#2796=CARTESIAN_POINT('',(12.35,90.,-2.50549396327352));
#2797=CARTESIAN_POINT('Origin',(11.25,90.,-4.17582327212253));
#2798=CARTESIAN_POINT('Ctrl Pts',(12.35,90.,2.50549396327352));
#2799=CARTESIAN_POINT('Ctrl Pts',(12.35,90.839907871383,2.50549396327352));
#2800=CARTESIAN_POINT('Ctrl Pts',(12.2130366573929,92.5168253106671,2.42216600765938));
#2801=CARTESIAN_POINT('Ctrl Pts',(11.7386146848583,94.3978239181785,2.02213234262771));
#2802=CARTESIAN_POINT('Ctrl Pts',(11.3188651132567,95.5398370660162,1.39538351368655));
#2803=CARTESIAN_POINT('Ctrl Pts',(11.0663212304669,96.1114432648595,0.755284070550389));
#2804=CARTESIAN_POINT('Ctrl Pts',(10.9666535098788,96.3108087859238,0.00253841211205548));
#2805=CARTESIAN_POINT('Ctrl Pts',(11.0992460553287,96.0461021239257,-1.01127535698565));
#2806=CARTESIAN_POINT('Ctrl Pts',(11.6466248989177,94.7741838273197,-1.95015085864106));
#2807=CARTESIAN_POINT('Ctrl Pts',(12.21092381008,92.517640531177,-2.4180604891244));
#2808=CARTESIAN_POINT('Ctrl Pts',(12.35,90.839907871383,-2.50549396327352));
#2809=CARTESIAN_POINT('Ctrl Pts',(12.35,90.,-2.50549396327352));
#2810=CARTESIAN_POINT('Origin',(11.25,0.,-4.17582327212252));
#2811=CARTESIAN_POINT('',(13.125,0.,-4.87179381747628));
#2812=CARTESIAN_POINT('',(12.35,0.,-2.50549396327352));
#2813=CARTESIAN_POINT('Origin',(0.,24.,0.));
#2814=CARTESIAN_POINT('Origin',(0.,24.,0.));
#2815=CARTESIAN_POINT('Origin',(0.,25.,0.));
#2816=CARTESIAN_POINT('Origin',(14.,26.,2.22044604925031E-15));
#2817=CARTESIAN_POINT('Origin',(14.,26.,2.22044604925031E-15));
#2818=CARTESIAN_POINT('Origin',(14.,25.,2.22044604925031E-15));
#2819=CARTESIAN_POINT('Origin',(0.,0.,0.));
#2820=CARTESIAN_POINT('',(10.7815972079344,26.,8.93068651593262));
#2821=CARTESIAN_POINT('',(10.7815972079344,100.,8.93068651593262));
#2822=CARTESIAN_POINT('',(8.49572061744265,24.,11.1275662743639));
#2823=CARTESIAN_POINT('Ctrl Pts',(8.49572061744265,24.,11.1275662743639));
#2824=CARTESIAN_POINT('Ctrl Pts',(8.53246172894352,24.,11.099515017621));
#2825=CARTESIAN_POINT('Ctrl Pts',(8.60633214474792,23.9996751022258,11.0425410713776));
#2826=CARTESIAN_POINT('Ctrl Pts',(8.71884031129639,23.9999370827706,10.9539605124514));
#2827=CARTESIAN_POINT('Ctrl Pts',(8.83314172264024,24.0028918817189,10.8619907948849));
#2828=CARTESIAN_POINT('Ctrl Pts',(9.10368590914843,24.0180454081992,10.6397637779692));
#2829=CARTESIAN_POINT('Ctrl Pts',(9.46213282804576,24.0898931539168,10.3247528679015));
#2830=CARTESIAN_POINT('Ctrl Pts',(10.0558566707651,24.3910079269241,9.75355391080121));
#2831=CARTESIAN_POINT('Ctrl Pts',(10.4927917891953,24.8840372255961,9.27360212970834));
#2832=CARTESIAN_POINT('Ctrl Pts',(10.7050848142541,25.4245702272999,9.02239292948372));
#2833=CARTESIAN_POINT('Ctrl Pts',(10.7620277238825,25.706172485367,8.95432900443054));
#2834=CARTESIAN_POINT('Ctrl Pts',(10.7786447331728,25.8723146967254,8.93422920968246));
#2835=CARTESIAN_POINT('Ctrl Pts',(10.7815972079344,25.9570764677797,8.93068651593262));
#2836=CARTESIAN_POINT('Ctrl Pts',(10.7815972079344,26.,8.93068651593262));
#2837=CARTESIAN_POINT('',(5.38889476717271,24.,12.9212930153425));
#2838=CARTESIAN_POINT('Origin',(0.,24.,0.));
#2839=CARTESIAN_POINT('',(2.34340279206555,26.,13.8024803334089));
#2840=CARTESIAN_POINT('Ctrl Pts',(2.34340279206555,26.,13.8024803334089));
#2841=CARTESIAN_POINT('Ctrl Pts',(2.34340279206555,25.8283058711187,13.8024803334089));
#2842=CARTESIAN_POINT('Ctrl Pts',(2.44792017181992,25.3437462407477,13.7842089953949));
#2843=CARTESIAN_POINT('Ctrl Pts',(3.06310329307342,24.5770930115881,13.6739399818797));
#2844=CARTESIAN_POINT('Ctrl Pts',(4.06284028678611,24.1009945255894,13.4104055036844));
#2845=CARTESIAN_POINT('Ctrl Pts',(4.85853320866477,23.9976106101193,13.1342399206611));
#2846=CARTESIAN_POINT('Ctrl Pts',(5.21824014038127,24.,12.9924654455488));
#2847=CARTESIAN_POINT('Ctrl Pts',(5.38889476717271,24.,12.9212930153425));
#2848=CARTESIAN_POINT('',(2.34340279206555,100.,13.8024803334089));
#2849=CARTESIAN_POINT('',(-2.34340279206558,26.,13.8024803334089));
#2850=CARTESIAN_POINT('',(-2.34340279206558,100.,13.8024803334089));
#2851=CARTESIAN_POINT('',(-5.38889476717273,24.,12.9212930153425));
#2852=CARTESIAN_POINT('Ctrl Pts',(-5.38889476717273,24.,12.9212930153425));
#2853=CARTESIAN_POINT('Ctrl Pts',(-5.34623111047487,24.,12.9390861228941));
#2854=CARTESIAN_POINT('Ctrl Pts',(-5.25995499460723,23.9996748311513,12.9745728629376));
#2855=CARTESIAN_POINT('Ctrl Pts',(-5.12698784432397,23.999936425835,13.0277176025331));
#2856=CARTESIAN_POINT('Ctrl Pts',(-4.99018903068874,24.0028910541754,13.0807206983699));
#2857=CARTESIAN_POINT('Ctrl Pts',(-4.66246235572295,24.0180425592964,13.2039058200725));
#2858=CARTESIAN_POINT('Ctrl Pts',(-4.21043131676509,24.0898849757004,13.3568255293044));
#2859=CARTESIAN_POINT('Ctrl Pts',(-3.41889504752433,24.3909997068118,13.5854065228443));
#2860=CARTESIAN_POINT('Ctrl Pts',(-2.78477696023012,24.8840303929321,13.7238272717861));
#2861=CARTESIAN_POINT('Ctrl Pts',(-2.46107900404686,25.4245684105323,13.7820722091343));
#2862=CARTESIAN_POINT('Ctrl Pts',(-2.37366221895596,25.7061714609744,13.7973541953537));
#2863=CARTESIAN_POINT('Ctrl Pts',(-2.34794704202645,25.8723142956037,13.8016948508682));
#2864=CARTESIAN_POINT('Ctrl Pts',(-2.34340279206558,25.9570764677797,13.8024803334089));
#2865=CARTESIAN_POINT('Ctrl Pts',(-2.34340279206558,26.,13.8024803334089));
#2866=CARTESIAN_POINT('',(-8.49572061744266,24.,11.1275662743638));
#2867=CARTESIAN_POINT('Origin',(0.,24.,0.));
#2868=CARTESIAN_POINT('',(-10.7815972079344,26.,8.9306865159326));
#2869=CARTESIAN_POINT('Ctrl Pts',(-10.7815972079344,26.,8.9306865159326));
#2870=CARTESIAN_POINT('Ctrl Pts',(-10.7815972079344,25.8283058711187,8.9306865159326));
#2871=CARTESIAN_POINT('Ctrl Pts',(-10.7354260492985,25.5016647360142,8.98653381540717));
#2872=CARTESIAN_POINT('Ctrl Pts',(-10.4928915920984,24.8841969723222,9.27348367499733));
#2873=CARTESIAN_POINT('Ctrl Pts',(-10.0266113331436,24.3575870778343,9.78584156985891));
#2874=CARTESIAN_POINT('Ctrl Pts',(-9.42203205497913,24.0775847948974,10.361562486471));
#2875=CARTESIAN_POINT('Ctrl Pts',(-8.94608355994383,23.995814078793,10.7746594221571));
#2876=CARTESIAN_POINT('Ctrl Pts',(-8.64268506344615,24.,11.0153612473923));
#2877=CARTESIAN_POINT('Ctrl Pts',(-8.49572061744266,24.,11.1275662743638));
#2878=CARTESIAN_POINT('',(-10.7815972079344,100.,8.9306865159326));
#2879=CARTESIAN_POINT('',(-14.,21.907204803804,1.71450551880629E-15));
#2880=CARTESIAN_POINT('',(-14.,0.,1.71450551880629E-15));
#2881=CARTESIAN_POINT('',(-1.71450551880629E-15,21.907204803804,-14.));
#2882=CARTESIAN_POINT('Origin',(0.,21.907204803804,0.));
#2883=CARTESIAN_POINT('Origin',(0.,21.907204803804,0.));
#2884=CARTESIAN_POINT('Origin',(14.,100.,2.22044604925031E-15));
#2885=CARTESIAN_POINT('Origin',(12.5,25.,2.22044604925031E-15));
#2886=CARTESIAN_POINT('Ctrl Pts',(-8.49572061744266,24.,11.1275662743638));
#2887=CARTESIAN_POINT('Ctrl Pts',(-8.64268506344615,24.,11.0153612473923));
#2888=CARTESIAN_POINT('Ctrl Pts',(-8.94608355994383,23.995814078793,10.7746594221571));
#2889=CARTESIAN_POINT('Ctrl Pts',(-9.42203205497913,24.0775847948974,10.361562486471));
#2890=CARTESIAN_POINT('Ctrl Pts',(-10.0266113331436,24.3575870778343,9.78584156985891));
#2891=CARTESIAN_POINT('Ctrl Pts',(-10.4928915920984,24.8841969723222,9.27348367499733));
#2892=CARTESIAN_POINT('Ctrl Pts',(-10.7354260492985,25.5016647360142,8.98653381540717));
#2893=CARTESIAN_POINT('Ctrl Pts',(-10.7815972079344,25.8283058711187,8.9306865159326));
#2894=CARTESIAN_POINT('Ctrl Pts',(-10.7815972079344,26.,8.9306865159326));
#2895=CARTESIAN_POINT('Ctrl Pts',(-8.49572061744266,24.1346870059403,11.1275662743638));
#2896=CARTESIAN_POINT('Ctrl Pts',(-8.64378951947896,24.1324458193498,11.0146013343051));
#2897=CARTESIAN_POINT('Ctrl Pts',(-8.9410683344525,24.1301198945268,10.7784608773614));
#2898=CARTESIAN_POINT('Ctrl Pts',(-9.39595854601665,24.2229609792169,10.3846373007349));
#2899=CARTESIAN_POINT('Ctrl Pts',(-9.96279028314061,24.5136323925661,9.84885570011769));
#2900=CARTESIAN_POINT('Ctrl Pts',(-10.3854348694721,25.0284532992532,9.39333880705285));
#2901=CARTESIAN_POINT('Ctrl Pts',(-10.5933171387293,25.5842032277245,9.15615093428606));
#2902=CARTESIAN_POINT('Ctrl Pts',(-10.6303235338331,25.8571524502643,9.11331209789823));
#2903=CARTESIAN_POINT('Ctrl Pts',(-10.6303235338331,26.,9.11331209789823));
#2904=CARTESIAN_POINT('Ctrl Pts',(-8.46221058477632,24.4282889557169,11.0836753407819));
#2905=CARTESIAN_POINT('Ctrl Pts',(-8.60968763283242,24.4197932264018,10.9734116834427));
#2906=CARTESIAN_POINT('Ctrl Pts',(-8.88861730633497,24.4208820888367,10.7525258193313));
#2907=CARTESIAN_POINT('Ctrl Pts',(-9.28922586748905,24.5338242802541,10.4037291380946));
#2908=CARTESIAN_POINT('Ctrl Pts',(-9.76265894016815,24.8395189013064,9.95472759836842));
#2909=CARTESIAN_POINT('Ctrl Pts',(-10.0833295331546,25.317026498769,9.61556365180709));
#2910=CARTESIAN_POINT('Ctrl Pts',(-10.2209147996165,25.7413339790278,9.46891305296455));
#2911=CARTESIAN_POINT('Ctrl Pts',(-10.2418063053193,25.9119532518105,9.44718347568231));
#2912=CARTESIAN_POINT('Ctrl Pts',(-10.2418063053193,26.,9.44718347568231));
#2913=CARTESIAN_POINT('Ctrl Pts',(-8.24690688308733,24.8840775681057,10.8016738111246));
#2914=CARTESIAN_POINT('Ctrl Pts',(-8.38151749690874,24.8686287182063,10.7208928198126));
#2915=CARTESIAN_POINT('Ctrl Pts',(-8.60874388113961,24.8758490392479,10.5517871753783));
#2916=CARTESIAN_POINT('Ctrl Pts',(-8.88462750759599,25.0035123242747,10.2894075163866));
#2917=CARTESIAN_POINT('Ctrl Pts',(-9.15758172957341,25.2945773179645,9.97814556259916));
#2918=CARTESIAN_POINT('Ctrl Pts',(-9.28350087433297,25.6662661219032,9.79454352209124));
#2919=CARTESIAN_POINT('Ctrl Pts',(-9.32222670410884,25.9080957412401,9.74416777291133));
#2920=CARTESIAN_POINT('Ctrl Pts',(-9.32720418303363,25.9694427531799,9.74113621932204));
#2921=CARTESIAN_POINT('Ctrl Pts',(-9.32720418303363,26.,9.74113621932204));
#2922=CARTESIAN_POINT('Ctrl Pts',(-8.01148305618982,25.,10.4933192460053));
#2923=CARTESIAN_POINT('Ctrl Pts',(-8.12657104466516,24.9929014184312,10.4443832285948));
#2924=CARTESIAN_POINT('Ctrl Pts',(-8.31220745408164,25.0081995171207,10.3176855162146));
#2925=CARTESIAN_POINT('Ctrl Pts',(-8.50562349084244,25.1250320317562,10.0979573932475));
#2926=CARTESIAN_POINT('Ctrl Pts',(-8.65670984753702,25.3727111521325,9.83024412069748));
#2927=CARTESIAN_POINT('Ctrl Pts',(-8.67660531874567,25.6690311932614,9.66597726377062));
#2928=CARTESIAN_POINT('Ctrl Pts',(-8.66535552130815,25.8833835144155,9.60944941843995));
#2929=CARTESIAN_POINT('Ctrl Pts',(-8.66279054057257,25.9608687337257,9.60212286625777));
#2930=CARTESIAN_POINT('Ctrl Pts',(-8.66279054057257,26.,9.60212286625777));
#2931=CARTESIAN_POINT('Ctrl Pts',(-7.88888343048247,25.,10.3327401119093));
#2932=CARTESIAN_POINT('Ctrl Pts',(-7.99113147615988,25.,10.297520735836));
#2933=CARTESIAN_POINT('Ctrl Pts',(-8.15517710512247,25.019376051726,10.1907025725984));
#2934=CARTESIAN_POINT('Ctrl Pts',(-8.31338069357446,25.1254622991517,9.98446527203438));
#2935=CARTESIAN_POINT('Ctrl Pts',(-8.415442665998,25.344857921445,9.72178510424487));
#2936=CARTESIAN_POINT('Ctrl Pts',(-8.39359228318072,25.6057454285361,9.54208365051694));
#2937=CARTESIAN_POINT('Ctrl Pts',(-8.35458579921129,25.8329968111363,9.4582360803499));
#2938=CARTESIAN_POINT('Ctrl Pts',(-8.34482142122343,25.9427686237062,9.44266675510104));
#2939=CARTESIAN_POINT('Ctrl Pts',(-8.34482142122343,26.,9.44266675510104));
#2940=CARTESIAN_POINT('',(-8.34482142122342,26.,9.44266675510104));
#2941=CARTESIAN_POINT('',(-7.88888343048247,25.,10.3327401119093));
#2942=CARTESIAN_POINT('Ctrl Pts',(-7.88888343048247,25.,10.3327401119093));
#2943=CARTESIAN_POINT('Ctrl Pts',(-7.99113147615988,25.,10.297520735836));
#2944=CARTESIAN_POINT('Ctrl Pts',(-8.15517710512247,25.019376051726,10.1907025725984));
#2945=CARTESIAN_POINT('Ctrl Pts',(-8.31338069357446,25.1254622991517,9.98446527203438));
#2946=CARTESIAN_POINT('Ctrl Pts',(-8.415442665998,25.344857921445,9.72178510424487));
#2947=CARTESIAN_POINT('Ctrl Pts',(-8.39359228318072,25.6057454285361,9.54208365051694));
#2948=CARTESIAN_POINT('Ctrl Pts',(-8.35458579921129,25.8329968111363,9.4582360803499));
#2949=CARTESIAN_POINT('Ctrl Pts',(-8.34482142122343,25.9427686237062,9.44266675510104));
#2950=CARTESIAN_POINT('Ctrl Pts',(-8.34482142122343,26.,9.44266675510104));
#2951=CARTESIAN_POINT('Origin',(-9.24136903537237,26.,7.65487415651366));
#2952=CARTESIAN_POINT('Origin',(-7.88888343048247,24.,10.3327401119093));
#2953=CARTESIAN_POINT('Ctrl Pts',(-2.34340279206558,26.,13.8024803334089));
#2954=CARTESIAN_POINT('Ctrl Pts',(-2.34340279206558,25.9570764677797,13.8024803334089));
#2955=CARTESIAN_POINT('Ctrl Pts',(-2.34794704202645,25.8723142956037,13.8016948508682));
#2956=CARTESIAN_POINT('Ctrl Pts',(-2.37366221895596,25.7061714609744,13.7973541953537));
#2957=CARTESIAN_POINT('Ctrl Pts',(-2.46107900404686,25.4245684105323,13.7820722091343));
#2958=CARTESIAN_POINT('Ctrl Pts',(-2.78477696023012,24.8840303929321,13.7238272717861));
#2959=CARTESIAN_POINT('Ctrl Pts',(-3.41889504752433,24.3909997068118,13.5854065228443));
#2960=CARTESIAN_POINT('Ctrl Pts',(-4.21043131676509,24.0898849757004,13.3568255293044));
#2961=CARTESIAN_POINT('Ctrl Pts',(-4.66246235572295,24.0180425592964,13.2039058200725));
#2962=CARTESIAN_POINT('Ctrl Pts',(-4.99018903068874,24.0028910541754,13.0807206983699));
#2963=CARTESIAN_POINT('Ctrl Pts',(-5.12698784432397,23.999936425835,13.0277176025331));
#2964=CARTESIAN_POINT('Ctrl Pts',(-5.25995499460723,23.9996748311513,12.9745728629376));
#2965=CARTESIAN_POINT('Ctrl Pts',(-5.34623111047487,24.,12.9390861228941));
#2966=CARTESIAN_POINT('Ctrl Pts',(-5.38889476717273,24.,12.9212930153425));
#2967=CARTESIAN_POINT('Ctrl Pts',(-2.57719802247939,26.,13.7627862796962));
#2968=CARTESIAN_POINT('Ctrl Pts',(-2.57719802247939,25.9642881125661,13.7627862796962));
#2969=CARTESIAN_POINT('Ctrl Pts',(-2.58078548245553,25.8937941000129,13.7620924688906));
#2970=CARTESIAN_POINT('Ctrl Pts',(-2.60121508436353,25.7546457019136,13.7581884822552));
#2971=CARTESIAN_POINT('Ctrl Pts',(-2.67149605105436,25.5148242457322,13.7444316406471));
#2972=CARTESIAN_POINT('Ctrl Pts',(-2.94240721525658,25.0284317609585,13.6906737672424));
#2973=CARTESIAN_POINT('Ctrl Pts',(-3.50983464366626,24.5462773341804,13.5610539950497));
#2974=CARTESIAN_POINT('Ctrl Pts',(-4.24646286947712,24.2364293433081,13.3449162025727));
#2975=CARTESIAN_POINT('Ctrl Pts',(-4.67647114027523,24.1556533369078,13.1988150234418));
#2976=CARTESIAN_POINT('Ctrl Pts',(-4.99445102041881,24.1369994468001,13.0791497197876));
#2977=CARTESIAN_POINT('Ctrl Pts',(-5.12828587532042,24.133243641408,13.0272516974004));
#2978=CARTESIAN_POINT('Ctrl Pts',(-5.25965486232826,24.1330566937126,12.9747298603534));
#2979=CARTESIAN_POINT('Ctrl Pts',(-5.34592852746123,24.1341267092927,12.9392302555036));
#2980=CARTESIAN_POINT('Ctrl Pts',(-5.38889476717273,24.1346870059403,12.9212930153425));
#2981=CARTESIAN_POINT('Ctrl Pts',(-3.06060768970819,26.,13.5932526216509));
#2982=CARTESIAN_POINT('Ctrl Pts',(-3.06060768970819,25.9779883129526,13.5932526216509));
#2983=CARTESIAN_POINT('Ctrl Pts',(-3.06259152989425,25.9345234979876,13.5927727316677));
#2984=CARTESIAN_POINT('Ctrl Pts',(-3.07391024394649,25.8469761979677,13.5900049361774));
#2985=CARTESIAN_POINT('Ctrl Pts',(-3.11432798157422,25.6885393796014,13.5802524473025));
#2986=CARTESIAN_POINT('Ctrl Pts',(-3.28597815340246,25.3171629405762,13.5401329319485));
#2987=CARTESIAN_POINT('Ctrl Pts',(-3.71112841223964,24.8697708780524,13.4387700734953));
#2988=CARTESIAN_POINT('Ctrl Pts',(-4.32330072844781,24.5494341463599,13.2595908479389));
#2989=CARTESIAN_POINT('Ctrl Pts',(-4.70066954417999,24.4523440292234,13.1328288019569));
#2990=CARTESIAN_POINT('Ctrl Pts',(-4.99202895109058,24.4273946747346,13.0230514921057));
#2991=CARTESIAN_POINT('Ctrl Pts',(-5.11670543492238,24.4224499843838,12.9743338849706));
#2992=CARTESIAN_POINT('Ctrl Pts',(-5.24148272133978,24.4229828262006,12.923742575142));
#2993=CARTESIAN_POINT('Ctrl Pts',(-5.32532918901704,24.4261731287675,12.8884677319808));
#2994=CARTESIAN_POINT('Ctrl Pts',(-5.36763660211653,24.4282970610963,12.8703209716253));
#2995=CARTESIAN_POINT('Ctrl Pts',(-3.77249667579271,26.,12.9481530256875));
#2996=CARTESIAN_POINT('Ctrl Pts',(-3.77249667579271,25.992360688295,12.9481530256875));
#2997=CARTESIAN_POINT('Ctrl Pts',(-3.77292436212008,25.9773229664271,12.9479863306875));
#2998=CARTESIAN_POINT('Ctrl Pts',(-3.77532095538887,25.9450501967131,12.9470758030336));
#2999=CARTESIAN_POINT('Ctrl Pts',(-3.78556909064692,25.8779879007865,12.9442883544526));
#3000=CARTESIAN_POINT('Ctrl Pts',(-3.84082329115345,25.6665394050302,12.9369733453926));
#3001=CARTESIAN_POINT('Ctrl Pts',(-4.04867638329746,25.318165756879,12.9207601120793));
#3002=CARTESIAN_POINT('Ctrl Pts',(-4.44003579185044,25.0200078001228,12.8452025164729));
#3003=CARTESIAN_POINT('Ctrl Pts',(-4.71056637616066,24.9121825905532,12.770326096285));
#3004=CARTESIAN_POINT('Ctrl Pts',(-4.93340801325725,24.8805176574309,12.684987589128));
#3005=CARTESIAN_POINT('Ctrl Pts',(-5.03045545474154,24.874014667937,12.6437764792058));
#3006=CARTESIAN_POINT('Ctrl Pts',(-5.12928495676688,24.8748773451667,12.5972643000501));
#3007=CARTESIAN_POINT('Ctrl Pts',(-5.19674858956178,24.8802396305808,12.5618998871805));
#3008=CARTESIAN_POINT('Ctrl Pts',(-5.23106451394422,24.8841018430556,12.5428534582974));
#3009=CARTESIAN_POINT('Ctrl Pts',(-3.98428706215241,26.,12.3032581089283));
#3010=CARTESIAN_POINT('Ctrl Pts',(-3.98428706215241,25.9902171834314,12.3032581089283));
#3011=CARTESIAN_POINT('Ctrl Pts',(-3.98470691873181,25.9707645817843,12.3036618408626));
#3012=CARTESIAN_POINT('Ctrl Pts',(-3.98662572210823,25.9313386914811,12.3059016137796));
#3013=CARTESIAN_POINT('Ctrl Pts',(-3.99461458421469,25.8569804249379,12.3138300837243));
#3014=CARTESIAN_POINT('Ctrl Pts',(-4.03261139283813,25.6691370164288,12.3471931459423));
#3015=CARTESIAN_POINT('Ctrl Pts',(-4.1755869132576,25.3915237627992,12.4079522372634));
#3016=CARTESIAN_POINT('Ctrl Pts',(-4.46974538323068,25.1394020531272,12.4160901979612));
#3017=CARTESIAN_POINT('Ctrl Pts',(-4.6829382057046,25.0419764154327,12.3812074654945));
#3018=CARTESIAN_POINT('Ctrl Pts',(-4.85694730262912,25.0081301056084,12.314999221409));
#3019=CARTESIAN_POINT('Ctrl Pts',(-4.9317550586212,24.9993892373554,12.2800498338894));
#3020=CARTESIAN_POINT('Ctrl Pts',(-5.00676088904381,24.9964733438573,12.2376949291039));
#3021=CARTESIAN_POINT('Ctrl Pts',(-5.05675855184708,24.9982253546078,12.2036077498978));
#3022=CARTESIAN_POINT('Ctrl Pts',(-5.08173950896587,25.,12.1848074716516));
#3023=CARTESIAN_POINT('Ctrl Pts',(-4.00517857877658,26.,11.9481607183746));
#3024=CARTESIAN_POINT('Ctrl Pts',(-4.00517857877658,25.9856921559266,11.9481607183746));
#3025=CARTESIAN_POINT('Ctrl Pts',(-4.00576481210967,25.9573981643351,11.9491708242852));
#3026=CARTESIAN_POINT('Ctrl Pts',(-4.00889965891002,25.9017213160992,11.9548251070247));
#3027=CARTESIAN_POINT('Ctrl Pts',(-4.02049563935203,25.8046470821917,11.9738437805421));
#3028=CARTESIAN_POINT('Ctrl Pts',(-4.06691828619118,25.6057715857013,12.0400362423782));
#3029=CARTESIAN_POINT('Ctrl Pts',(-4.20285164907733,25.3614794974137,12.142021505692));
#3030=CARTESIAN_POINT('Ctrl Pts',(-4.47021214435588,25.1379199739126,12.1904770448302));
#3031=CARTESIAN_POINT('Ctrl Pts',(-4.66144443937646,25.0506444231361,12.1743492600905));
#3032=CARTESIAN_POINT('Ctrl Pts',(-4.81396575610082,25.0167233905373,12.1182730293552));
#3033=CARTESIAN_POINT('Ctrl Pts',(-4.87861988680929,25.0067173252937,12.0871121187348));
#3034=CARTESIAN_POINT('Ctrl Pts',(-4.94222839661329,25.0011196374432,12.0480888788612));
#3035=CARTESIAN_POINT('Ctrl Pts',(-4.98356748806877,25.,12.0160784434984));
#3036=CARTESIAN_POINT('Ctrl Pts',(-5.00397371237468,25.,11.9983435142466));
#3037=CARTESIAN_POINT('',(-4.00517857877658,26.,11.9481607183746));
#3038=CARTESIAN_POINT('Origin',(-2.00863096462764,26.,11.8306974286362));
#3039=CARTESIAN_POINT('',(-5.00397371237468,25.,11.9983435142466));
#3040=CARTESIAN_POINT('Ctrl Pts',(-4.00517857877658,26.,11.9481607183746));
#3041=CARTESIAN_POINT('Ctrl Pts',(-4.00517857877658,25.9856921559266,11.9481607183746));
#3042=CARTESIAN_POINT('Ctrl Pts',(-4.00576481210967,25.9573981643351,11.9491708242852));
#3043=CARTESIAN_POINT('Ctrl Pts',(-4.00889965891002,25.9017213160992,11.9548251070247));
#3044=CARTESIAN_POINT('Ctrl Pts',(-4.02049563935203,25.8046470821917,11.9738437805421));
#3045=CARTESIAN_POINT('Ctrl Pts',(-4.06691828619118,25.6057715857013,12.0400362423782));
#3046=CARTESIAN_POINT('Ctrl Pts',(-4.20285164907733,25.3614794974137,12.142021505692));
#3047=CARTESIAN_POINT('Ctrl Pts',(-4.47021214435588,25.1379199739126,12.1904770448302));
#3048=CARTESIAN_POINT('Ctrl Pts',(-4.66144443937646,25.0506444231361,12.1743492600905));
#3049=CARTESIAN_POINT('Ctrl Pts',(-4.81396575610082,25.0167233905373,12.1182730293552));
#3050=CARTESIAN_POINT('Ctrl Pts',(-4.87861988680929,25.0067173252937,12.0871121187348));
#3051=CARTESIAN_POINT('Ctrl Pts',(-4.94222839661329,25.0011196374432,12.0480888788612));
#3052=CARTESIAN_POINT('Ctrl Pts',(-4.98356748806877,25.,12.0160784434984));
#3053=CARTESIAN_POINT('Ctrl Pts',(-5.00397371237468,25.,11.9983435142466));
#3054=CARTESIAN_POINT('Origin',(-5.00397371237468,24.,11.9983435142466));
#3055=CARTESIAN_POINT('Origin',(-2.00863096462764,100.,11.8306974286362));
#3056=CARTESIAN_POINT('',(-4.00517857877658,90.,11.9481607183746));
#3057=CARTESIAN_POINT('Origin',(-2.00863096462764,90.,11.8306974286362));
#3058=CARTESIAN_POINT('',(-4.00517857877658,100.,11.9481607183746));
#3059=CARTESIAN_POINT('Ctrl Pts',(-8.34482142122342,90.,9.44266675510104));
#3060=CARTESIAN_POINT('Ctrl Pts',(-8.34482142122342,90.839909439231,9.44266675510104));
#3061=CARTESIAN_POINT('Ctrl Pts',(-8.20418181345648,92.5168562281655,9.36571008451012));
#3062=CARTESIAN_POINT('Ctrl Pts',(-7.6205187937708,94.3978469509829,9.15485893748518));
#3063=CARTESIAN_POINT('Ctrl Pts',(-6.86781939347129,95.5398991455299,9.10472656398942));
#3064=CARTESIAN_POINT('Ctrl Pts',(-6.18718272588556,96.1114677841731,9.20609084013509));
#3065=CARTESIAN_POINT('Ctrl Pts',(-5.48550563295332,96.3107880604335,9.49614918796516));
#3066=CARTESIAN_POINT('Ctrl Pts',(-4.67383782440346,96.0460551958043,10.1178761997965));
#3067=CARTESIAN_POINT('Ctrl Pts',(-4.1344412108921,94.7742310420333,11.0613369983702));
#3068=CARTESIAN_POINT('Ctrl Pts',(-4.01136846810619,92.5176053435605,11.783996282643));
#3069=CARTESIAN_POINT('Ctrl Pts',(-4.00517857877658,90.839909439231,11.9481607183746));
#3070=CARTESIAN_POINT('Ctrl Pts',(-4.00517857877658,90.,11.9481607183746));
#3071=CARTESIAN_POINT('Ctrl Pts',(-8.80244636723319,90.,9.67215789061882));
#3072=CARTESIAN_POINT('Ctrl Pts',(-8.80244636723319,90.8952001846797,9.67215789061882));
#3073=CARTESIAN_POINT('Ctrl Pts',(-8.64246582820891,92.6819225069706,9.55175231106535));
#3074=CARTESIAN_POINT('Ctrl Pts',(-7.96461464884186,94.6593565675935,9.21373747723547));
#3075=CARTESIAN_POINT('Ctrl Pts',(-7.08291609603214,95.8513672376,9.08712981067486));
#3076=CARTESIAN_POINT('Ctrl Pts',(-6.28885526810527,96.4469493932775,9.16782978924159));
#3077=CARTESIAN_POINT('Ctrl Pts',(-5.48098478599635,96.6549562836078,9.48726588980954));
#3078=CARTESIAN_POINT('Ctrl Pts',(-4.56287230594506,96.3785687083277,10.2128434277488));
#3079=CARTESIAN_POINT('Ctrl Pts',(-3.99861797462082,95.0549134323677,11.3608554528765));
#3080=CARTESIAN_POINT('Ctrl Pts',(-3.95400020472531,92.6826788661178,12.2557320794736));
#3081=CARTESIAN_POINT('Ctrl Pts',(-3.97511125907343,90.89520018468,12.4592211147834));
#3082=CARTESIAN_POINT('Ctrl Pts',(-3.97511125907343,90.,12.4592211147834));
#3083=CARTESIAN_POINT('Ctrl Pts',(-9.76070549341729,90.,9.74804508333067));
#3084=CARTESIAN_POINT('Ctrl Pts',(-9.76070549341729,90.9909983997908,9.74804508333067));
#3085=CARTESIAN_POINT('Ctrl Pts',(-9.53478676284488,92.9684646024557,9.5678969363023));
#3086=CARTESIAN_POINT('Ctrl Pts',(-8.60971565182299,95.1152995778343,9.0747483532642));
#3087=CARTESIAN_POINT('Ctrl Pts',(-7.44843008752041,96.3953944219542,8.87013875773908));
#3088=CARTESIAN_POINT('Ctrl Pts',(-6.42241644377681,97.0332963312588,8.94654411264326));
#3089=CARTESIAN_POINT('Ctrl Pts',(-5.3961781953767,97.256560110716,9.33911465407845));
#3090=CARTESIAN_POINT('Ctrl Pts',(-4.24542330996491,96.9597093510069,10.2693850039214));
#3091=CARTESIAN_POINT('Ctrl Pts',(-3.55250844155999,95.5444671062406,11.7935268200408));
#3092=CARTESIAN_POINT('Ctrl Pts',(-3.52275077907672,92.9692570830983,13.0355401361653));
#3093=CARTESIAN_POINT('Ctrl Pts',(-3.56170193269173,90.9909983997914,13.327041457823));
#3094=CARTESIAN_POINT('Ctrl Pts',(-3.56170193269173,90.,13.327041457823));
#3095=CARTESIAN_POINT('Ctrl Pts',(-10.5366679740181,90.,9.22637804421797));
#3096=CARTESIAN_POINT('Ctrl Pts',(-10.5366679740181,91.0406683117538,9.22637804421797));
#3097=CARTESIAN_POINT('Ctrl Pts',(-10.2581898060696,93.1179294697257,9.05192225619314));
#3098=CARTESIAN_POINT('Ctrl Pts',(-9.12249092169998,95.4134873169809,8.56520910068079));
#3099=CARTESIAN_POINT('Ctrl Pts',(-7.70182895907165,96.7950805350745,8.38224193783873));
#3100=CARTESIAN_POINT('Ctrl Pts',(-6.44829829053396,97.48500445228,8.50215001206511));
#3101=CARTESIAN_POINT('Ctrl Pts',(-5.19371194853706,97.7259826360946,8.98738266242183));
#3102=CARTESIAN_POINT('Ctrl Pts',(-3.78194367959087,97.4057627077819,10.1208130985597));
#3103=CARTESIAN_POINT('Ctrl Pts',(-2.87669318399865,95.8726728635046,11.9497325167729));
#3104=CARTESIAN_POINT('Ctrl Pts',(-2.71426170598521,93.1187896411845,13.4023815846412));
#3105=CARTESIAN_POINT('Ctrl Pts',(-2.7219437842027,91.0406683117546,13.7382111588506));
#3106=CARTESIAN_POINT('Ctrl Pts',(-2.7219437842027,90.,13.7382111588506));
#3107=CARTESIAN_POINT('Ctrl Pts',(-10.7815972079344,90.,8.9306865159326));
#3108=CARTESIAN_POINT('Ctrl Pts',(-10.7815972079344,91.0498867990381,8.9306865159326));
#3109=CARTESIAN_POINT('Ctrl Pts',(-10.4915704571648,93.1460702852067,8.76709745054105));
#3110=CARTESIAN_POINT('Ctrl Pts',(-9.29483241658249,95.4973086887286,8.30410252555289));
#3111=CARTESIAN_POINT('Ctrl Pts',(-7.78129444303724,96.9248739319123,8.14235397889909));
#3112=CARTESIAN_POINT('Ctrl Pts',(-6.43945670660019,97.6393347302164,8.2858049963515));
#3113=CARTESIAN_POINT('Ctrl Pts',(-5.09208730571004,97.8884850755418,8.81082888014421));
#3114=CARTESIAN_POINT('Ctrl Pts',(-3.5716936964327,97.5575689947554,10.0254822244632));
#3115=CARTESIAN_POINT('Ctrl Pts',(-2.57442576159523,95.9677888025416,11.961970455997));
#3116=CARTESIAN_POINT('Ctrl Pts',(-2.35093326569681,93.1470066794506,13.4612361445673));
#3117=CARTESIAN_POINT('Ctrl Pts',(-2.34340279206557,91.0498867990388,13.8024803334089));
#3118=CARTESIAN_POINT('Ctrl Pts',(-2.34340279206557,90.,13.8024803334089));
#3119=CARTESIAN_POINT('',(-8.34482142122342,90.,9.44266675510104));
#3120=CARTESIAN_POINT('Origin',(-9.24136903537237,90.,7.65487415651366));
#3121=CARTESIAN_POINT('Ctrl Pts',(-8.34482142122342,90.,9.44266675510104));
#3122=CARTESIAN_POINT('Ctrl Pts',(-8.34482142122342,90.839909439231,9.44266675510104));
#3123=CARTESIAN_POINT('Ctrl Pts',(-8.20418181345648,92.5168562281655,9.36571008451012));
#3124=CARTESIAN_POINT('Ctrl Pts',(-7.6205187937708,94.3978469509829,9.15485893748518));
#3125=CARTESIAN_POINT('Ctrl Pts',(-6.86781939347129,95.5398991455299,9.10472656398942));
#3126=CARTESIAN_POINT('Ctrl Pts',(-6.18718272588556,96.1114677841731,9.20609084013509));
#3127=CARTESIAN_POINT('Ctrl Pts',(-5.48550563295332,96.3107880604335,9.49614918796516));
#3128=CARTESIAN_POINT('Ctrl Pts',(-4.67383782440346,96.0460551958043,10.1178761997965));
#3129=CARTESIAN_POINT('Ctrl Pts',(-4.1344412108921,94.7742310420333,11.0613369983702));
#3130=CARTESIAN_POINT('Ctrl Pts',(-4.01136846810619,92.5176053435605,11.783996282643));
#3131=CARTESIAN_POINT('Ctrl Pts',(-4.00517857877658,90.839909439231,11.9481607183746));
#3132=CARTESIAN_POINT('Ctrl Pts',(-4.00517857877658,90.,11.9481607183746));
#3133=CARTESIAN_POINT('Origin',(-9.24136903537237,100.,7.65487415651366));
#3134=CARTESIAN_POINT('',(-8.34482142122342,100.,9.44266675510104));
#3135=CARTESIAN_POINT('Origin',(-7.,26.,12.1243556529821));
#3136=CARTESIAN_POINT('Origin',(-7.,26.,12.1243556529821));
#3137=CARTESIAN_POINT('Origin',(-7.,25.,12.1243556529821));
#3138=CARTESIAN_POINT('Origin',(0.,24.,0.));
#3139=CARTESIAN_POINT('Origin',(0.,25.,0.));
#3140=CARTESIAN_POINT('Origin',(-7.,100.,12.1243556529821));
#3141=CARTESIAN_POINT('Origin',(-6.25,25.,10.8253175473055));
#3142=CARTESIAN_POINT('Ctrl Pts',(5.38889476717271,24.,12.9212930153425));
#3143=CARTESIAN_POINT('Ctrl Pts',(5.21824014038127,24.,12.9924654455488));
#3144=CARTESIAN_POINT('Ctrl Pts',(4.85853320866477,23.9976106101193,13.1342399206611));
#3145=CARTESIAN_POINT('Ctrl Pts',(4.06284028678611,24.1009945255894,13.4104055036844));
#3146=CARTESIAN_POINT('Ctrl Pts',(3.06310329307342,24.5770930115881,13.6739399818797));
#3147=CARTESIAN_POINT('Ctrl Pts',(2.44792017181992,25.3437462407477,13.7842089953949));
#3148=CARTESIAN_POINT('Ctrl Pts',(2.34340279206555,25.8283058711187,13.8024803334089));
#3149=CARTESIAN_POINT('Ctrl Pts',(2.34340279206555,26.,13.8024803334089));
#3150=CARTESIAN_POINT('Ctrl Pts',(5.38889476717271,24.1346870059403,12.9212930153425));
#3151=CARTESIAN_POINT('Ctrl Pts',(5.21702980832671,24.1324458193498,12.993041975987));
#3152=CARTESIAN_POINT('Ctrl Pts',(4.86434308224646,24.1318323403139,13.1319026754341));
#3153=CARTESIAN_POINT('Ctrl Pts',(4.10492177971323,24.2503128890772,13.3963137943096));
#3154=CARTESIAN_POINT('Ctrl Pts',(3.18304483418612,24.7360888210046,13.6441592771783));
#3155=CARTESIAN_POINT('Ctrl Pts',(2.65676941145198,25.4528681644532,13.7467860963775));
#3156=CARTESIAN_POINT('Ctrl Pts',(2.57719802247937,25.8571524502643,13.7627862796962));
#3157=CARTESIAN_POINT('Ctrl Pts',(2.57719802247937,26.,13.7627862796962));
#3158=CARTESIAN_POINT('Ctrl Pts',(5.36763660211651,24.4282970610963,12.8703209716253));
#3159=CARTESIAN_POINT('Ctrl Pts',(5.19840694971854,24.4198013317812,12.9429080130474));
#3160=CARTESIAN_POINT('Ctrl Pts',(4.86833067092274,24.4222853832123,13.0737011257266));
#3161=CARTESIAN_POINT('Ctrl Pts',(4.19654235445325,24.5684899062116,13.3048300472274));
#3162=CARTESIAN_POINT('Ctrl Pts',(3.45006293704966,25.0625204094408,13.5050044870059));
#3163=CARTESIAN_POINT('Ctrl Pts',(3.09986910771195,25.6610302071954,13.5823812501164));
#3164=CARTESIAN_POINT('Ctrl Pts',(3.06060768970817,25.9119532518105,13.5932526216509));
#3165=CARTESIAN_POINT('Ctrl Pts',(3.06060768970817,26.,13.5932526216509));
#3166=CARTESIAN_POINT('Ctrl Pts',(5.23106451394421,24.8841018430556,12.5428534582974));
#3167=CARTESIAN_POINT('Ctrl Pts',(5.09380081641445,24.8686529931563,12.6190391738298));
#3168=CARTESIAN_POINT('Ctrl Pts',(4.83485500640157,24.8763755308963,12.731227350763));
#3169=CARTESIAN_POINT('Ctrl Pts',(4.34437313893243,25.045059943451,12.8751633124442));
#3170=CARTESIAN_POINT('Ctrl Pts',(3.90070944364785,25.4892400267545,12.9359668941735));
#3171=CARTESIAN_POINT('Ctrl Pts',(3.77779585464228,25.8821584288497,12.9424837219939));
#3172=CARTESIAN_POINT('Ctrl Pts',(3.77249667579269,25.9694427531799,12.9481530256875));
#3173=CARTESIAN_POINT('Ctrl Pts',(3.77249667579269,26.,12.9481530256875));
#3174=CARTESIAN_POINT('Ctrl Pts',(5.08173950896585,25.,12.1848074716516));
#3175=CARTESIAN_POINT('Ctrl Pts',(4.98181568049066,24.9929014184312,12.2600085846365));
#3176=CARTESIAN_POINT('Ctrl Pts',(4.78063577518217,25.0080012972138,12.3575300144283));
#3177=CARTESIAN_POINT('Ctrl Pts',(4.39427024055748,25.1641272016718,12.4341910337805));
#3178=CARTESIAN_POINT('Ctrl Pts',(4.07007450203377,25.5295785357075,12.3815039825365));
#3179=CARTESIAN_POINT('Ctrl Pts',(3.9920732797402,25.8477165184635,12.3103272195618));
#3180=CARTESIAN_POINT('Ctrl Pts',(3.98428706215238,25.9608687337257,12.3032581089283));
#3181=CARTESIAN_POINT('Ctrl Pts',(3.98428706215238,26.,12.3032581089283));
#3182=CARTESIAN_POINT('Ctrl Pts',(5.00397371237466,25.,11.9983435142466));
#3183=CARTESIAN_POINT('Ctrl Pts',(4.92234881515104,25.,12.0692832312539));
#3184=CARTESIAN_POINT('Ctrl Pts',(4.74892415202157,25.0189991594325,12.15820253135));
#3185=CARTESIAN_POINT('Ctrl Pts',(4.40174442996925,25.1615852116882,12.2026665070973));
#3186=CARTESIAN_POINT('Ctrl Pts',(4.10694976091418,25.4799798272346,12.0965605015134));
#3187=CARTESIAN_POINT('Ctrl Pts',(4.01881570851121,25.7811835659331,11.9718476688666));
#3188=CARTESIAN_POINT('Ctrl Pts',(4.00517857877656,25.9427686237062,11.9481607183746));
#3189=CARTESIAN_POINT('Ctrl Pts',(4.00517857877656,26.,11.9481607183746));
#3190=CARTESIAN_POINT('',(4.00517857877656,26.,11.9481607183746));
#3191=CARTESIAN_POINT('',(5.00397371237466,25.,11.9983435142466));
#3192=CARTESIAN_POINT('Ctrl Pts',(5.00397371237466,25.,11.9983435142466));
#3193=CARTESIAN_POINT('Ctrl Pts',(4.92234881515104,25.,12.0692832312539));
#3194=CARTESIAN_POINT('Ctrl Pts',(4.74892415202157,25.0189991594325,12.15820253135));
#3195=CARTESIAN_POINT('Ctrl Pts',(4.40174442996925,25.1615852116882,12.2026665070973));
#3196=CARTESIAN_POINT('Ctrl Pts',(4.10694976091418,25.4799798272346,12.0965605015134));
#3197=CARTESIAN_POINT('Ctrl Pts',(4.01881570851121,25.7811835659331,11.9718476688666));
#3198=CARTESIAN_POINT('Ctrl Pts',(4.00517857877656,25.9427686237062,11.9481607183746));
#3199=CARTESIAN_POINT('Ctrl Pts',(4.00517857877656,26.,11.9481607183746));
#3200=CARTESIAN_POINT('Origin',(2.00863096462762,26.,11.8306974286362));
#3201=CARTESIAN_POINT('Origin',(5.00397371237466,24.,11.9983435142466));
#3202=CARTESIAN_POINT('Ctrl Pts',(10.7815972079344,26.,8.93068651593262));
#3203=CARTESIAN_POINT('Ctrl Pts',(10.7815972079344,25.9570764677797,8.93068651593262));
#3204=CARTESIAN_POINT('Ctrl Pts',(10.7786447331728,25.8723146967254,8.93422920968246));
#3205=CARTESIAN_POINT('Ctrl Pts',(10.7620277238825,25.706172485367,8.95432900443054));
#3206=CARTESIAN_POINT('Ctrl Pts',(10.7050848142541,25.4245702272999,9.02239292948372));
#3207=CARTESIAN_POINT('Ctrl Pts',(10.4927917891953,24.8840372255961,9.27360212970834));
#3208=CARTESIAN_POINT('Ctrl Pts',(10.0558566707651,24.3910079269241,9.75355391080121));
#3209=CARTESIAN_POINT('Ctrl Pts',(9.46213282804576,24.0898931539168,10.3247528679015));
#3210=CARTESIAN_POINT('Ctrl Pts',(9.10368590914843,24.0180454081992,10.6397637779692));
#3211=CARTESIAN_POINT('Ctrl Pts',(8.83314172264024,24.0028918817189,10.8619907948849));
#3212=CARTESIAN_POINT('Ctrl Pts',(8.71884031129639,23.9999370827706,10.9539605124514));
#3213=CARTESIAN_POINT('Ctrl Pts',(8.60633214474792,23.9996751022258,11.0425410713776));
#3214=CARTESIAN_POINT('Ctrl Pts',(8.53246172894352,24.,11.099515017621));
#3215=CARTESIAN_POINT('Ctrl Pts',(8.49572061744265,24.,11.1275662743639));
#3216=CARTESIAN_POINT('Ctrl Pts',(10.6303235338331,26.,9.11331209789825));
#3217=CARTESIAN_POINT('Ctrl Pts',(10.6303235338331,25.9642881125661,9.11331209789825));
#3218=CARTESIAN_POINT('Ctrl Pts',(10.6279288449193,25.8937942888023,9.11607193543927));
#3219=CARTESIAN_POINT('Ctrl Pts',(10.6143328027886,25.7546463116552,9.13181253810891));
#3220=CARTESIAN_POINT('Ctrl Pts',(10.567278570579,25.5148250869889,9.18579871289925));
#3221=CARTESIAN_POINT('Ctrl Pts',(10.3852648288783,25.028436477691,9.39353642342587));
#3222=CARTESIAN_POINT('Ctrl Pts',(9.98929684405184,24.5462837879033,9.82013386852318));
#3223=CARTESIAN_POINT('Ctrl Pts',(9.43380303719346,24.2364360693146,10.350003306813));
#3224=CARTESIAN_POINT('Ctrl Pts',(9.09227274613165,24.1556558920318,10.6493509227785));
#3225=CARTESIAN_POINT('Ctrl Pts',(8.82965021647595,24.1370002801501,10.8648967333558));
#3226=CARTESIAN_POINT('Ctrl Pts',(8.71778781251403,24.1332443012774,10.9548519949097));
#3227=CARTESIAN_POINT('Ctrl Pts',(8.60661817700207,24.1330569894162,11.0423598323232));
#3228=CARTESIAN_POINT('Ctrl Pts',(8.53273784295173,24.1341267092927,11.0993250393492));
#3229=CARTESIAN_POINT('Ctrl Pts',(8.49572061744265,24.1346870059403,11.1275662743639));
#3230=CARTESIAN_POINT('Ctrl Pts',(10.2418063053192,26.,9.44718347568232));
#3231=CARTESIAN_POINT('Ctrl Pts',(10.2418063053192,25.9779883129526,9.44718347568232));
#3232=CARTESIAN_POINT('Ctrl Pts',(10.2403984257015,25.9345243452324,9.44866199973487));
#3233=CARTESIAN_POINT('Ctrl Pts',(10.232341576062,25.8469781748063,9.45708094750284));
#3234=CARTESIAN_POINT('Ctrl Pts',(10.2036860389497,25.6885430780727,9.48720838110637));
#3235=CARTESIAN_POINT('Ctrl Pts',(10.083112893358,25.3171737722224,9.61580582144697));
#3236=CARTESIAN_POINT('Ctrl Pts',(9.78275444172547,24.8697791788604,9.9333185403897));
#3237=CARTESIAN_POINT('Ctrl Pts',(9.32149640184446,24.5494410705994,10.373884559386));
#3238=CARTESIAN_POINT('Ctrl Pts',(9.02303252425373,24.452340992434,10.6373177733626));
#3239=CARTESIAN_POINT('Ctrl Pts',(8.7822830664321,24.427388217387,10.834754406009));
#3240=CARTESIAN_POINT('Ctrl Pts',(8.67775407596404,24.4224431197902,10.9183687465731));
#3241=CARTESIAN_POINT('Ctrl Pts',(8.57155205776513,24.4229752567454,11.0011335434522));
#3242=CARTESIAN_POINT('Ctrl Pts',(8.49907984679033,24.4261650233881,11.0561094264471));
#3243=CARTESIAN_POINT('Ctrl Pts',(8.4622105847763,24.4282889557168,11.0836753407819));
#3244=CARTESIAN_POINT('Ctrl Pts',(9.32720418303362,26.,9.74113621932205));
#3245=CARTESIAN_POINT('Ctrl Pts',(9.32720418303362,25.992360688295,9.74113621932205));
#3246=CARTESIAN_POINT('Ctrl Pts',(9.3268460605402,25.9773219760333,9.74142382836267));
#3247=CARTESIAN_POINT('Ctrl Pts',(9.32485928588641,25.9450483202724,9.74304480466092));
#3248=CARTESIAN_POINT('Ctrl Pts',(9.31732142238344,25.877983223585,9.75052772790713));
#3249=CARTESIAN_POINT('Ctrl Pts',(9.28335926844212,25.6665296667281,9.79472795000633));
#3250=CARTESIAN_POINT('Ctrl Pts',(9.16538698204213,25.318149683521,9.96663738413078));
#3251=CARTESIAN_POINT('Ctrl Pts',(8.90427098481409,25.0199903226817,10.2677875552079));
#3252=CARTESIAN_POINT('Ctrl Pts',(8.70415572018152,24.912160968592,10.4646418803953));
#3253=CARTESIAN_POINT('Ctrl Pts',(8.51882795875512,24.8804944444974,10.614960995752));
#3254=CARTESIAN_POINT('Ctrl Pts',(8.43461407131755,24.873991188257,10.678401527486));
#3255=CARTESIAN_POINT('Ctrl Pts',(8.34491819204387,24.874853459653,10.7407348953987));
#3256=CARTESIAN_POINT('Ctrl Pts',(8.28055953654267,24.8802153556308,10.7814785632966));
#3257=CARTESIAN_POINT('Ctrl Pts',(8.24690688308732,24.8840775681056,10.8016738111246));
#3258=CARTESIAN_POINT('Ctrl Pts',(8.66279054057255,26.,9.60212286625778));
#3259=CARTESIAN_POINT('Ctrl Pts',(8.66279054057255,25.9902171834314,9.60212286625778));
#3260=CARTESIAN_POINT('Ctrl Pts',(8.66292888518582,25.9707671213581,9.60268917725594));
#3261=CARTESIAN_POINT('Ctrl Pts',(8.66390763474307,25.931343806045,9.60547183462586));
#3262=CARTESIAN_POINT('Ctrl Pts',(8.66677584609761,25.8569918441632,9.61635640012418));
#3263=CARTESIAN_POINT('Ctrl Pts',(8.67666083334669,25.6691615724882,9.66595043329309));
#3264=CARTESIAN_POINT('Ctrl Pts',(8.6577955044629,25.3915452696183,9.82015044000864));
#3265=CARTESIAN_POINT('Ctrl Pts',(8.51776896586876,25.1394232169385,10.0789651245194));
#3266=CARTESIAN_POINT('Ctrl Pts',(8.38096837812457,25.0419828273844,10.2461513244061));
#3267=CARTESIAN_POINT('Ctrl Pts',(8.23662779732647,25.0081323234227,10.3637415443348));
#3268=CARTESIAN_POINT('Ctrl Pts',(8.16895704478025,24.9993908159521,10.411051692625));
#3269=CARTESIAN_POINT('Ctrl Pts',(8.09477405756203,24.9964740300661,10.4548304612003));
#3270=CARTESIAN_POINT('Ctrl Pts',(8.04025505330864,24.9982253546078,10.4810852416527));
#3271=CARTESIAN_POINT('Ctrl Pts',(8.01148305618981,25.,10.4933192460053));
#3272=CARTESIAN_POINT('Ctrl Pts',(8.34482142122341,26.,9.44266675510105));
#3273=CARTESIAN_POINT('Ctrl Pts',(8.34482142122341,25.9856921559266,9.44266675510105));
#3274=CARTESIAN_POINT('Ctrl Pts',(8.34540304180231,25.9573981945462,9.44367972454222));
#3275=CARTESIAN_POINT('Ctrl Pts',(8.34873231164203,25.9017212463254,9.44922213548376));
#3276=CARTESIAN_POINT('Ctrl Pts',(8.35940488789075,25.8046473624031,9.4687741910187));
#3277=CARTESIAN_POINT('Ctrl Pts',(8.39351744589644,25.605771020323,9.5420769731869));
#3278=CARTESIAN_POINT('Ctrl Pts',(8.41387247697786,25.3614790392593,9.71079225632118));
#3279=CARTESIAN_POINT('Ctrl Pts',(8.32215595105004,25.1379207609811,9.96656042969712));
#3280=CARTESIAN_POINT('Ctrl Pts',(8.21257325356797,25.0506445094151,10.1241056274365));
#3281=CARTESIAN_POINT('Ctrl Pts',(8.08774934162486,25.016723461819,10.2281536152443));
#3282=CARTESIAN_POINT('Ctrl Pts',(8.02843615152455,25.006717364356,10.2685651939777));
#3283=CARTESIAN_POINT('Ctrl Pts',(7.96283681451568,25.0011196613386,10.3041399326496));
#3284=CARTESIAN_POINT('Ctrl Pts',(7.91444544190181,25.,10.323935267891));
#3285=CARTESIAN_POINT('Ctrl Pts',(7.88888343048246,25.,10.3327401119093));
#3286=CARTESIAN_POINT('',(8.34482142122341,26.,9.44266675510105));
#3287=CARTESIAN_POINT('Origin',(9.24136903537236,26.,7.65487415651367));
#3288=CARTESIAN_POINT('',(7.88888343048246,25.,10.3327401119093));
#3289=CARTESIAN_POINT('Ctrl Pts',(8.34482142122341,26.,9.44266675510105));
#3290=CARTESIAN_POINT('Ctrl Pts',(8.34482142122341,25.9856921559266,9.44266675510105));
#3291=CARTESIAN_POINT('Ctrl Pts',(8.34540304180231,25.9573981945462,9.44367972454222));
#3292=CARTESIAN_POINT('Ctrl Pts',(8.34873231164203,25.9017212463254,9.44922213548376));
#3293=CARTESIAN_POINT('Ctrl Pts',(8.35940488789075,25.8046473624031,9.4687741910187));
#3294=CARTESIAN_POINT('Ctrl Pts',(8.39351744589644,25.605771020323,9.5420769731869));
#3295=CARTESIAN_POINT('Ctrl Pts',(8.41387247697786,25.3614790392593,9.71079225632118));
#3296=CARTESIAN_POINT('Ctrl Pts',(8.32215595105004,25.1379207609811,9.96656042969712));
#3297=CARTESIAN_POINT('Ctrl Pts',(8.21257325356797,25.0506445094151,10.1241056274365));
#3298=CARTESIAN_POINT('Ctrl Pts',(8.08774934162486,25.016723461819,10.2281536152443));
#3299=CARTESIAN_POINT('Ctrl Pts',(8.02843615152455,25.006717364356,10.2685651939777));
#3300=CARTESIAN_POINT('Ctrl Pts',(7.96283681451568,25.0011196613386,10.3041399326496));
#3301=CARTESIAN_POINT('Ctrl Pts',(7.91444544190181,25.,10.323935267891));
#3302=CARTESIAN_POINT('Ctrl Pts',(7.88888343048246,25.,10.3327401119093));
#3303=CARTESIAN_POINT('Origin',(7.88888343048246,24.,10.3327401119093));
#3304=CARTESIAN_POINT('Origin',(9.24136903537236,100.,7.65487415651367));
#3305=CARTESIAN_POINT('',(8.34482142122341,90.,9.44266675510105));
#3306=CARTESIAN_POINT('Origin',(9.24136903537236,90.,7.65487415651367));
#3307=CARTESIAN_POINT('',(8.34482142122341,100.,9.44266675510105));
#3308=CARTESIAN_POINT('Ctrl Pts',(4.00517857877656,90.,11.9481607183746));
#3309=CARTESIAN_POINT('Ctrl Pts',(4.00517857877656,90.8399094392311,11.9481607183746));
#3310=CARTESIAN_POINT('Ctrl Pts',(4.0088519744148,92.5168562481053,11.7878848900633));
#3311=CARTESIAN_POINT('Ctrl Pts',(4.11808104916616,94.3978469690836,11.1769923131876));
#3312=CARTESIAN_POINT('Ctrl Pts',(4.45101484213398,95.539899168573,10.5000693207771));
#3313=CARTESIAN_POINT('Ctrl Pts',(4.87911722143537,96.1114678110724,9.96130281088735));
#3314=CARTESIAN_POINT('Ctrl Pts',(5.4811536673721,96.3107880900543,9.4986617957133));
#3315=CARTESIAN_POINT('Ctrl Pts',(6.4254189704023,96.0460552303902,9.10660035522699));
#3316=CARTESIAN_POINT('Ctrl Pts',(7.51217826168288,94.7742310662811,9.11119959799225));
#3317=CARTESIAN_POINT('Ctrl Pts',(8.19955591524766,92.5176053544462,9.36594513346817));
#3318=CARTESIAN_POINT('Ctrl Pts',(8.34482142122341,90.8399094392311,9.44266675510105));
#3319=CARTESIAN_POINT('Ctrl Pts',(8.34482142122341,90.,9.44266675510105));
#3320=CARTESIAN_POINT('Ctrl Pts',(3.97511125907341,90.,12.4592211147834));
#3321=CARTESIAN_POINT('Ctrl Pts',(3.97511125907341,90.8952001846799,12.4592211147834));
#3322=CARTESIAN_POINT('Ctrl Pts',(3.95082727371351,92.6819225206861,12.2604711064395));
#3323=CARTESIAN_POINT('Ctrl Pts',(3.99702345774123,94.6593565798421,11.5044273587434));
#3324=CARTESIAN_POINT('Ctrl Pts',(4.32822728435165,95.8513672546563,10.677550179286));
#3325=CARTESIAN_POINT('Ctrl Pts',(4.79514594059945,96.4469494141732,10.0302233191545));
#3326=CARTESIAN_POINT('Ctrl Pts',(5.47572096157827,96.6549563071583,9.49030500850386));
#3327=CARTESIAN_POINT('Ctrl Pts',(6.5631457964179,96.3785687358771,9.05798504047418));
#3328=CARTESIAN_POINT('Ctrl Pts',(7.83948048843281,95.0549134502018,9.14333247262725));
#3329=CARTESIAN_POINT('Ctrl Pts',(8.63677524280011,92.6826788695108,9.55213067178493));
#3330=CARTESIAN_POINT('Ctrl Pts',(8.80244636723317,90.89520018468,9.67215789061883));
#3331=CARTESIAN_POINT('Ctrl Pts',(8.80244636723317,90.,9.67215789061883));
#3332=CARTESIAN_POINT('Ctrl Pts',(3.56170193269249,90.,13.3270414578239));
#3333=CARTESIAN_POINT('Ctrl Pts',(3.56170193269249,90.9909983997912,13.3270414578239));
#3334=CARTESIAN_POINT('Ctrl Pts',(3.51864846193295,92.9684646226571,13.0413159920116));
#3335=CARTESIAN_POINT('Ctrl Pts',(3.55410483245225,95.1152995955449,11.9936066137703));
#3336=CARTESIAN_POINT('Ctrl Pts',(3.95755050890474,96.395394443564,10.8855990097122));
#3337=CARTESIAN_POINT('Ctrl Pts',(4.53672631817417,97.0332963550867,10.0352478009496));
#3338=CARTESIAN_POINT('Ctrl Pts',(5.38982150591145,97.2565601361185,9.34278467554406));
#3339=CARTESIAN_POINT('Ctrl Pts',(6.77083672152111,96.9597093796964,8.81133687815216));
#3340=CARTESIAN_POINT('Ctrl Pts',(8.43723963920014,95.5444671274059,8.97332593257983));
#3341=CARTESIAN_POINT('Ctrl Pts',(9.52773353261875,92.9692570949056,9.56856172746429));
#3342=CARTESIAN_POINT('Ctrl Pts',(9.7607054934176,90.9909983997914,9.74804508333178));
#3343=CARTESIAN_POINT('Ctrl Pts',(9.7607054934176,90.0000000000001,9.74804508333179));
#3344=CARTESIAN_POINT('Ctrl Pts',(2.72194378420268,90.,13.7382111588506));
#3345=CARTESIAN_POINT('Ctrl Pts',(2.72194378420268,91.0406683117543,13.7382111588506));
#3346=CARTESIAN_POINT('Ctrl Pts',(2.71009976888666,93.1179294873423,13.4098140693413));
#3347=CARTESIAN_POINT('Ctrl Pts',(2.85644327860027,95.4134873325315,12.1829134118973));
#3348=CARTESIAN_POINT('Ctrl Pts',(3.40832005229693,96.7950805559115,10.8611004756726));
#3349=CARTESIAN_POINT('Ctrl Pts',(4.13892883791603,97.4850044771868,9.83546510625679));
#3350=CARTESIAN_POINT('Ctrl Pts',(5.18644581405899,97.7259826638394,8.99157778626521));
#3351=CARTESIAN_POINT('Ctrl Pts',(6.87390952168897,97.4057627401123,8.33566581292891));
#3352=CARTESIAN_POINT('Ctrl Pts',(8.91042538505525,95.8726728851601,8.46615561170371));
#3353=CARTESIAN_POINT('Ctrl Pts',(10.2496720906867,93.1187896475992,9.05181038309576));
#3354=CARTESIAN_POINT('Ctrl Pts',(10.5366679740181,91.0406683117544,9.22637804421798));
#3355=CARTESIAN_POINT('Ctrl Pts',(10.5366679740181,90.,9.22637804421799));
#3356=CARTESIAN_POINT('Ctrl Pts',(2.34340279206555,90.,13.8024803334089));
#3357=CARTESIAN_POINT('Ctrl Pts',(2.34340279206555,91.0498867990385,13.8024803334089));
#3358=CARTESIAN_POINT('Ctrl Pts',(2.34674392426791,93.1460703101315,13.4695152316542));
#3359=CARTESIAN_POINT('Ctrl Pts',(2.54414760395815,95.4973087113544,12.2016122274238));
#3360=CARTESIAN_POINT('Ctrl Pts',(3.16083824376862,96.9248739607163,10.8099756129631));
#3361=CARTESIAN_POINT('Ctrl Pts',(3.9559893512377,97.6393347638404,9.7196355509208));
#3362=CARTESIAN_POINT('Ctrl Pts',(5.08435807601555,97.8884851125678,8.81529136180316));
#3363=CARTESIAN_POINT('Ctrl Pts',(6.89647555754705,97.5575690379877,8.10591853893827));
#3364=CARTESIAN_POINT('Ctrl Pts',(9.07215746162805,95.9677888328513,8.21050330662858));
#3365=CARTESIAN_POINT('Ctrl Pts',(10.4823058534422,93.1470066930577,8.76658599718603));
#3366=CARTESIAN_POINT('Ctrl Pts',(10.7815972079344,91.0498867990387,8.93068651593261));
#3367=CARTESIAN_POINT('Ctrl Pts',(10.7815972079344,90.,8.93068651593262));
#3368=CARTESIAN_POINT('',(4.00517857877656,90.,11.9481607183746));
#3369=CARTESIAN_POINT('Origin',(2.00863096462761,90.,11.8306974286362));
#3370=CARTESIAN_POINT('Ctrl Pts',(4.00517857877656,90.,11.9481607183746));
#3371=CARTESIAN_POINT('Ctrl Pts',(4.00517857877656,90.8399094392311,11.9481607183746));
#3372=CARTESIAN_POINT('Ctrl Pts',(4.0088519744148,92.5168562481053,11.7878848900633));
#3373=CARTESIAN_POINT('Ctrl Pts',(4.11808104916616,94.3978469690836,11.1769923131876));
#3374=CARTESIAN_POINT('Ctrl Pts',(4.45101484213398,95.539899168573,10.5000693207771));
#3375=CARTESIAN_POINT('Ctrl Pts',(4.87911722143537,96.1114678110724,9.96130281088735));
#3376=CARTESIAN_POINT('Ctrl Pts',(5.4811536673721,96.3107880900543,9.4986617957133));
#3377=CARTESIAN_POINT('Ctrl Pts',(6.4254189704023,96.0460552303902,9.10660035522699));
#3378=CARTESIAN_POINT('Ctrl Pts',(7.51217826168288,94.7742310662811,9.11119959799225));
#3379=CARTESIAN_POINT('Ctrl Pts',(8.19955591524766,92.5176053544462,9.36594513346817));
#3380=CARTESIAN_POINT('Ctrl Pts',(8.34482142122341,90.8399094392311,9.44266675510105));
#3381=CARTESIAN_POINT('Ctrl Pts',(8.34482142122341,90.,9.44266675510105));
#3382=CARTESIAN_POINT('Origin',(2.00863096462762,100.,11.8306974286362));
#3383=CARTESIAN_POINT('',(4.00517857877656,100.,11.9481607183746));
#3384=CARTESIAN_POINT('Origin',(6.99999999999998,26.,12.1243556529821));
#3385=CARTESIAN_POINT('Origin',(6.99999999999998,26.,12.1243556529821));
#3386=CARTESIAN_POINT('Origin',(6.99999999999998,25.,12.1243556529821));
#3387=CARTESIAN_POINT('Origin',(0.,24.,0.));
#3388=CARTESIAN_POINT('Origin',(0.,25.,0.));
#3389=CARTESIAN_POINT('Origin',(6.99999999999998,100.,12.1243556529821));
#3390=CARTESIAN_POINT('Origin',(6.24999999999998,25.,10.8253175473055));
#3391=CARTESIAN_POINT('Origin',(0.,100.,0.));
#3392=CARTESIAN_POINT('Ctrl Pts',(-12.4989219560494,0.,0.0101469895393086));
#3393=CARTESIAN_POINT('Ctrl Pts',(-12.4974094861895,0.,1.87318653111139));
#3394=CARTESIAN_POINT('Ctrl Pts',(-11.6415712889816,0.,5.62536946423783));
#3395=CARTESIAN_POINT('Ctrl Pts',(-8.04511822632832,0.,10.1162298943703));
#3396=CARTESIAN_POINT('Ctrl Pts',(-2.85996955691967,0.,12.6047734690812));
#3397=CARTESIAN_POINT('Ctrl Pts',(3.53790560664778,0.,12.6014379794218));
#3398=CARTESIAN_POINT('Ctrl Pts',(8.61219181111151,0.,9.66777011459025));
#3399=CARTESIAN_POINT('Ctrl Pts',(11.4369989296278,0.,5.47616579337528));
#3400=CARTESIAN_POINT('Ctrl Pts',(12.9219704094495,0.,0.692932837853303));
#3401=CARTESIAN_POINT('Ctrl Pts',(11.959636003401,0.,-5.76108377999489));
#3402=CARTESIAN_POINT('Ctrl Pts',(7.5160514709346,0.,-10.5375314897389));
#3403=CARTESIAN_POINT('Ctrl Pts',(2.8190602567966,0.,-12.364802345871));
#3404=CARTESIAN_POINT('Ctrl Pts',(-2.21601371500141,0.,-12.7553601017178));
#3405=CARTESIAN_POINT('Ctrl Pts',(-7.6684721312862,0.,-10.6066255587468));
#3406=CARTESIAN_POINT('Ctrl Pts',(-11.6519618747687,0.,-5.59798759612612));
#3407=CARTESIAN_POINT('Ctrl Pts',(-12.5004344259093,0.,-1.85289255203267));
#3408=CARTESIAN_POINT('Ctrl Pts',(-12.4989219560494,0.,0.0101469895393077));
#3409=CARTESIAN_POINT('Ctrl Pts',(-12.9547987642069,0.,0.0105170836338117));
#3410=CARTESIAN_POINT('Ctrl Pts',(-12.9532308674865,-1.3881110416109E-20,
1.94183066856187));
#3411=CARTESIAN_POINT('Ctrl Pts',(-12.066237865607,-2.82557540831232E-20,
5.83038765933496));
#3412=CARTESIAN_POINT('Ctrl Pts',(-8.33858120136481,-4.02409674697274E-20,
10.4853311550329));
#3413=CARTESIAN_POINT('Ctrl Pts',(-2.96433935077868,-2.09034878194542E-20,
13.0644967762749));
#3414=CARTESIAN_POINT('Ctrl Pts',(3.66698842433461,1.39677670965613E-19,
13.0611471249119));
#3415=CARTESIAN_POINT('Ctrl Pts',(8.92631747041861,-9.68273065064038E-20,
10.020404605959));
#3416=CARTESIAN_POINT('Ctrl Pts',(11.8541960769666,2.2179969972067E-20,
5.67592594924835));
#3417=CARTESIAN_POINT('Ctrl Pts',(13.3933230475675,-1.11171921672843E-20,
0.718207481828347));
#3418=CARTESIAN_POINT('Ctrl Pts',(12.3958908606773,-5.52881098468777E-20,
-5.97123225314733));
#3419=CARTESIAN_POINT('Ctrl Pts',(7.79021707429908,7.55873538417922E-20,
-10.9219076404696));
#3420=CARTESIAN_POINT('Ctrl Pts',(2.9218869647068,-7.7333809827953E-21,
-12.8158421154237));
#3421=CARTESIAN_POINT('Ctrl Pts',(-2.29683325556178,-2.13414653948417E-20,
-13.2206182637304));
#3422=CARTESIAN_POINT('Ctrl Pts',(-7.94824099637016,-7.32680558209628E-20,
-10.993561350995));
#3423=CARTESIAN_POINT('Ctrl Pts',(-12.0770002639957,1.39609258258845E-19,
-5.80203546710402));
#3424=CARTESIAN_POINT('Ctrl Pts',(-12.9563666609273,-4.20892923132874E-21,
-1.92079650129427));
#3425=CARTESIAN_POINT('Ctrl Pts',(-12.9547987642069,0.,0.0105170836338106));
#3426=CARTESIAN_POINT('Ctrl Pts',(-13.7440148028748,0.388702307320926,0.0111577922418645));
#3427=CARTESIAN_POINT('Ctrl Pts',(-13.7423518223248,0.388702307320926,2.05959432894698));
#3428=CARTESIAN_POINT('Ctrl Pts',(-12.8012225714533,0.388702307320926,6.18583985925442));
#3429=CARTESIAN_POINT('Ctrl Pts',(-8.84652245525404,0.388702307320926,11.1238918519626));
#3430=CARTESIAN_POINT('Ctrl Pts',(-3.1448343400285,0.388702307320926,13.8604192805689));
#3431=CARTESIAN_POINT('Ctrl Pts',(3.89031171156455,0.388702307320926,13.8566877350157));
#3432=CARTESIAN_POINT('Ctrl Pts',(9.47009773186033,0.388702307320926,10.6308235482451));
#3433=CARTESIAN_POINT('Ctrl Pts',(12.5762762766323,0.388702307320926,6.02166398004495));
#3434=CARTESIAN_POINT('Ctrl Pts',(14.2091784449854,0.388702307320926,0.761959393781672));
#3435=CARTESIAN_POINT('Ctrl Pts',(13.1509790950776,0.388702307320926,-6.33496648610354));
#3436=CARTESIAN_POINT('Ctrl Pts',(8.26475251198519,0.388702307320926,-11.5872160515678));
#3437=CARTESIAN_POINT('Ctrl Pts',(3.09988007545677,0.388702307320926,-13.5965022452523));
#3438=CARTESIAN_POINT('Ctrl Pts',(-2.43676760373551,0.388702307320926,-14.0259815552503));
#3439=CARTESIAN_POINT('Ctrl Pts',(-8.43233061458191,0.388702307320926,-11.6631695254771));
#3440=CARTESIAN_POINT('Ctrl Pts',(-12.8126524785112,0.388702307320926,-6.15571347604445));
#3441=CARTESIAN_POINT('Ctrl Pts',(-13.7456777834249,0.388702307320926,-2.0372787444635));
#3442=CARTESIAN_POINT('Ctrl Pts',(-13.7440148028748,0.388702307320926,0.0111577922418629));
#3443=CARTESIAN_POINT('Ctrl Pts',(-14.0069304284894,1.19535293134558,0.0113712348181294));
#3444=CARTESIAN_POINT('Ctrl Pts',(-14.0052353290377,1.19535293134558,2.0993713920726));
#3445=CARTESIAN_POINT('Ctrl Pts',(-13.0461735555882,1.19535293134558,6.3039871497181));
#3446=CARTESIAN_POINT('Ctrl Pts',(-9.01578803809335,1.19535293134558,11.336837098189));
#3447=CARTESIAN_POINT('Ctrl Pts',(-3.20506043466357,1.19535293134558,14.1255449674369));
#3448=CARTESIAN_POINT('Ctrl Pts',(3.96478253683567,1.19535293134558,14.1218679350267));
#3449=CARTESIAN_POINT('Ctrl Pts',(9.65126813542431,1.19535293134558,10.8342078728893));
#3450=CARTESIAN_POINT('Ctrl Pts',(12.8169147868125,1.19535293134558,6.13688606545461));
#3451=CARTESIAN_POINT('Ctrl Pts',(14.4810461128363,1.19535293134558,0.776536560334479));
#3452=CARTESIAN_POINT('Ctrl Pts',(13.4026059932908,1.19535293134558,-6.45617768845714));
#3453=CARTESIAN_POINT('Ctrl Pts',(8.42288848479892,1.19535293134558,-11.8089174357292));
#3454=CARTESIAN_POINT('Ctrl Pts',(3.15918650159273,1.19535293134558,-13.8566601509653));
#3455=CARTESIAN_POINT('Ctrl Pts',(-2.48337490128315,1.19535293134558,-14.2943240935993));
#3456=CARTESIAN_POINT('Ctrl Pts',(-8.59372377360471,1.19535293134558,-11.886370183113));
#3457=CARTESIAN_POINT('Ctrl Pts',(-13.0578137176575,1.19535293134558,-6.27331770625147));
#3458=CARTESIAN_POINT('Ctrl Pts',(-14.008625527941,1.19535293134558,-2.07662892243667));
#3459=CARTESIAN_POINT('Ctrl Pts',(-14.0069304284894,1.19535293134558,0.0113712348181277));
#3460=CARTESIAN_POINT('Ctrl Pts',(-13.9984612082699,1.5371557406208,0.011364359258039));
#3461=CARTESIAN_POINT('Ctrl Pts',(-13.9967672821268,1.5371557406208,2.09791925126176));
#3462=CARTESIAN_POINT('Ctrl Pts',(-13.0382511919953,1.5371557406208,6.30026465516149));
#3463=CARTESIAN_POINT('Ctrl Pts',(-9.01031911417726,1.5371557406208,11.3299092712346));
#3464=CARTESIAN_POINT('Ctrl Pts',(-3.20309007770033,1.53715574062081,14.1170120964363));
#3465=CARTESIAN_POINT('Ctrl Pts',(3.96236047935394,1.5371557406208,14.1132764364512));
#3466=CARTESIAN_POINT('Ctrl Pts',(9.64542649437655,1.5371557406208,10.8276462078445));
#3467=CARTESIAN_POINT('Ctrl Pts',(12.8091355733229,1.5371557406208,6.1331604996154));
#3468=CARTESIAN_POINT('Ctrl Pts',(14.4722642598421,1.5371557406208,0.776066406745698));
#3469=CARTESIAN_POINT('Ctrl Pts',(13.3944752393312,1.5371557406208,-6.45226109063104));
#3470=CARTESIAN_POINT('Ctrl Pts',(8.41777837522337,1.5371557406208,-11.8017558881259));
#3471=CARTESIAN_POINT('Ctrl Pts',(3.15727274618618,1.5371557406208,-13.8482508007681));
#3472=CARTESIAN_POINT('Ctrl Pts',(-2.48187660788042,1.5371557406208,-14.2856651325028));
#3473=CARTESIAN_POINT('Ctrl Pts',(-8.58848547370538,1.53715574062081,-11.8791394135316));
#3474=CARTESIAN_POINT('Ctrl Pts',(-13.0498883725924,1.5371557406208,-6.26959768884852));
#3475=CARTESIAN_POINT('Ctrl Pts',(-14.000155134413,1.5371557406208,-2.075190532746));
#3476=CARTESIAN_POINT('Ctrl Pts',(-13.9984612082699,1.5371557406208,0.0113643592580373));
#3477=CARTESIAN_POINT('',(-13.9984612082699,1.5371557406208,0.0113643592580366));
#3478=CARTESIAN_POINT('',(-12.4989219560494,0.,0.0101469895393077));
#3479=CARTESIAN_POINT('Origin',(-12.4989219560494,1.5,0.0101469895393077));
#3480=CARTESIAN_POINT('Ctrl Pts',(-12.4989219560494,0.,0.0101469895393086));
#3481=CARTESIAN_POINT('Ctrl Pts',(-12.4974094861895,0.,1.87318653111139));
#3482=CARTESIAN_POINT('Ctrl Pts',(-11.6415712889816,0.,5.62536946423783));
#3483=CARTESIAN_POINT('Ctrl Pts',(-8.04511822632832,0.,10.1162298943703));
#3484=CARTESIAN_POINT('Ctrl Pts',(-2.85996955691967,0.,12.6047734690812));
#3485=CARTESIAN_POINT('Ctrl Pts',(3.53790560664778,0.,12.6014379794218));
#3486=CARTESIAN_POINT('Ctrl Pts',(8.61219181111151,0.,9.66777011459025));
#3487=CARTESIAN_POINT('Ctrl Pts',(11.4369989296278,0.,5.47616579337528));
#3488=CARTESIAN_POINT('Ctrl Pts',(12.9219704094495,0.,0.692932837853303));
#3489=CARTESIAN_POINT('Ctrl Pts',(11.959636003401,0.,-5.76108377999489));
#3490=CARTESIAN_POINT('Ctrl Pts',(7.5160514709346,0.,-10.5375314897389));
#3491=CARTESIAN_POINT('Ctrl Pts',(2.8190602567966,0.,-12.364802345871));
#3492=CARTESIAN_POINT('Ctrl Pts',(-2.21601371500141,0.,-12.7553601017178));
#3493=CARTESIAN_POINT('Ctrl Pts',(-7.6684721312862,0.,-10.6066255587468));
#3494=CARTESIAN_POINT('Ctrl Pts',(-11.6519618747687,0.,-5.59798759612612));
#3495=CARTESIAN_POINT('Ctrl Pts',(-12.5004344259093,0.,-1.85289255203267));
#3496=CARTESIAN_POINT('Ctrl Pts',(-12.4989219560494,0.,0.0101469895393077));
#3497=CARTESIAN_POINT('',(0.00362561148410521,1.5371557406208,13.9985909243078));
#3498=CARTESIAN_POINT('Ctrl Pts',(-13.9984612082699,1.5371557406208,0.0113643592580373));
#3499=CARTESIAN_POINT('Ctrl Pts',(-14.000155134413,1.5371557406208,-2.075190532746));
#3500=CARTESIAN_POINT('Ctrl Pts',(-13.0498883725924,1.5371557406208,-6.26959768884852));
#3501=CARTESIAN_POINT('Ctrl Pts',(-8.58848547370538,1.53715574062081,-11.8791394135316));
#3502=CARTESIAN_POINT('Ctrl Pts',(-2.48187660788042,1.5371557406208,-14.2856651325028));
#3503=CARTESIAN_POINT('Ctrl Pts',(3.15727274618618,1.5371557406208,-13.8482508007681));
#3504=CARTESIAN_POINT('Ctrl Pts',(8.41777837522337,1.5371557406208,-11.8017558881259));
#3505=CARTESIAN_POINT('Ctrl Pts',(13.3944752393312,1.5371557406208,-6.45226109063104));
#3506=CARTESIAN_POINT('Ctrl Pts',(14.4722642598421,1.5371557406208,0.776066406745698));
#3507=CARTESIAN_POINT('Ctrl Pts',(12.8091355733229,1.5371557406208,6.1331604996154));
#3508=CARTESIAN_POINT('Ctrl Pts',(9.64542649437655,1.5371557406208,10.8276462078445));
#3509=CARTESIAN_POINT('Ctrl Pts',(4.90428608506117,1.5371557406208,13.5687078470613));
#3510=CARTESIAN_POINT('Ctrl Pts',(1.0572116866803,1.5371557406208,13.9988494520287));
#3511=CARTESIAN_POINT('Ctrl Pts',(0.00362561148410469,1.5371557406208,13.9985909243078));
#3512=CARTESIAN_POINT('Ctrl Pts',(0.00362561148410469,1.5371557406208,13.9985909243078));
#3513=CARTESIAN_POINT('Ctrl Pts',(-1.03834070691264,1.5371557406208,13.9983352478293));
#3514=CARTESIAN_POINT('Ctrl Pts',(-4.1763283937666,1.5371557406208,13.6499192293796));
#3515=CARTESIAN_POINT('Ctrl Pts',(-9.01031911417726,1.5371557406208,11.3299092712346));
#3516=CARTESIAN_POINT('Ctrl Pts',(-13.0382511919953,1.5371557406208,6.30026465516149));
#3517=CARTESIAN_POINT('Ctrl Pts',(-13.9967672821268,1.5371557406208,2.09791925126176));
#3518=CARTESIAN_POINT('Ctrl Pts',(-13.9984612082699,1.5371557406208,0.011364359258039));
#3519=CARTESIAN_POINT('Origin',(0.,0.,0.));
#3520=CARTESIAN_POINT('',(-3.5,0.,-4.28626379701574E-16));
#3521=CARTESIAN_POINT('Origin',(0.,0.,0.));
#3522=CARTESIAN_POINT('Origin',(0.,21.907204803804,0.));
#3523=CARTESIAN_POINT('',(-1.61782287676835E-15,19.210638812762,-13.2105263157895));
#3524=CARTESIAN_POINT('Origin',(-1.10218211923262E-15,21.907204803804,-9.));
#3525=CARTESIAN_POINT('Origin',(0.,19.210638812762,0.));
#3526=CARTESIAN_POINT('Origin',(0.,1.41330327188479,0.));
#3527=CARTESIAN_POINT('',(8.08911438384173E-16,4.10986926292679,13.2105263157895));
#3528=CARTESIAN_POINT('Origin',(-1.10218211923262E-15,1.41330327188479,
9.));
#3529=CARTESIAN_POINT('',(-1.61782287676835E-15,4.10986926292679,-13.2105263157895));
#3530=CARTESIAN_POINT('Origin',(0.,4.10986926292679,0.));
#3531=CARTESIAN_POINT('Origin',(0.,4.10986926292679,0.));
#3532=CARTESIAN_POINT('Origin',(0.,0.,0.));
#3533=CARTESIAN_POINT('',(-3.5,50.,-4.28626379701574E-16));
#3534=CARTESIAN_POINT('',(-3.5,0.,4.28626379701574E-16));
#3535=CARTESIAN_POINT('Origin',(0.,50.,0.));
#3536=CARTESIAN_POINT('Origin',(0.,50.,0.));
#3537=CARTESIAN_POINT('Origin',(0.,11.6602540378444,0.));
#3538=CARTESIAN_POINT('Origin',(-3.06161699786838E-15,11.6602540378444,
-25.));
#3539=CARTESIAN_POINT('',(0.,0.,0.));
#3540=CARTESIAN_POINT('Origin',(0.,50.,0.));
#3541=CARTESIAN_POINT('',(-3.5,-100.,-4.28626379701574E-16));
#3542=CARTESIAN_POINT('Origin',(0.,-100.,0.));
#3543=CARTESIAN_POINT('',(-3.5,50.,-4.28626379701574E-16));
#3544=CARTESIAN_POINT('',(-3.5,50.,-4.28626379701574E-16));
#3545=CARTESIAN_POINT('Origin',(0.,50.,0.));
#3546=CARTESIAN_POINT('Origin',(0.,-100.,0.));
#3547=CARTESIAN_POINT('Origin',(0.,50.,0.));
#3548=CARTESIAN_POINT('',(0.,0.,0.));
#3549=CARTESIAN_POINT('Origin',(0.,-110.990901565317,-18.4727046959508));
#3550=CARTESIAN_POINT('',(-3.46410161513775,-110.,-0.500000000000007));
#3551=CARTESIAN_POINT('',(3.46410161513775,-110.,-0.500000000000007));
#3552=CARTESIAN_POINT('Ctrl Pts',(-3.46410161513775,-110.,-0.500000000000008));
#3553=CARTESIAN_POINT('Ctrl Pts',(-3.45823694027013,-109.263033947481,-0.540631659362383));
#3554=CARTESIAN_POINT('Ctrl Pts',(-3.44581054008731,-108.49888765133,-0.629607317993249));
#3555=CARTESIAN_POINT('Ctrl Pts',(-3.36954791016971,-106.647995799787,-0.96885543713739));
#3556=CARTESIAN_POINT('Ctrl Pts',(-3.2833443589791,-105.573957719166,-1.27752903149151));
#3557=CARTESIAN_POINT('Ctrl Pts',(-3.02465015256751,-104.276610410971,-1.76757632974354));
#3558=CARTESIAN_POINT('Ctrl Pts',(-2.93032229927245,-103.895746677684,-1.92519056545771));
#3559=CARTESIAN_POINT('Ctrl Pts',(-2.68203844483812,-103.164420657864,-2.25827771791342));
#3560=CARTESIAN_POINT('Ctrl Pts',(-2.52699299728072,-102.814189262622,-2.43344450267896));
#3561=CARTESIAN_POINT('Ctrl Pts',(-2.18131696095885,-102.227823962314,-2.74651449594663));
#3562=CARTESIAN_POINT('Ctrl Pts',(-1.93888652929694,-101.912051927522,-2.92776434805925));
#3563=CARTESIAN_POINT('Ctrl Pts',(-1.4780480638807,-101.491523028065,-3.18177190121794));
#3564=CARTESIAN_POINT('Ctrl Pts',(-1.2155101558539,-101.31144002936,-3.29609279884304));
#3565=CARTESIAN_POINT('Ctrl Pts',(-0.631346860438661,-101.065355874086,
-3.45587870297849));
#3566=CARTESIAN_POINT('Ctrl Pts',(-0.309083222913017,-101.,-3.5));
#3567=CARTESIAN_POINT('Ctrl Pts',(0.,-101.,-3.5));
#3568=CARTESIAN_POINT('Ctrl Pts',(0.309083222913018,-101.,-3.5));
#3569=CARTESIAN_POINT('Ctrl Pts',(0.631346860438651,-101.065355874086,-3.45587870297849));
#3570=CARTESIAN_POINT('Ctrl Pts',(1.21551015585389,-101.31144002936,-3.29609279884305));
#3571=CARTESIAN_POINT('Ctrl Pts',(1.4780480638807,-101.491523028065,-3.18177190121794));
#3572=CARTESIAN_POINT('Ctrl Pts',(1.93888652929694,-101.912051927522,-2.92776434805925));
#3573=CARTESIAN_POINT('Ctrl Pts',(2.18131696095885,-102.227823962314,-2.74651449594663));
#3574=CARTESIAN_POINT('Ctrl Pts',(2.52699299728071,-102.814189262622,-2.43344450267896));
#3575=CARTESIAN_POINT('Ctrl Pts',(2.68203844483812,-103.164420657864,-2.25827771791342));
#3576=CARTESIAN_POINT('Ctrl Pts',(2.93032229927245,-103.895746677684,-1.92519056545771));
#3577=CARTESIAN_POINT('Ctrl Pts',(3.02465015256751,-104.276610410971,-1.76757632974354));
#3578=CARTESIAN_POINT('Ctrl Pts',(3.2833443589791,-105.573957719166,-1.27752903149151));
#3579=CARTESIAN_POINT('Ctrl Pts',(3.36954791016971,-106.647995799787,-0.96885543713739));
#3580=CARTESIAN_POINT('Ctrl Pts',(3.44581054008731,-108.49888765133,-0.629607317993248));
#3581=CARTESIAN_POINT('Ctrl Pts',(3.45823694027013,-109.263033947481,-0.54063165936238));
#3582=CARTESIAN_POINT('Ctrl Pts',(3.46410161513775,-110.,-0.500000000000006));
#3583=CARTESIAN_POINT('',(0.,-110.,-0.500000000000007));
#3584=CARTESIAN_POINT('Origin',(0.,-110.,0.));
#3585=CARTESIAN_POINT('',(3.46410161513775,-110.,0.500000000000007));
#3586=CARTESIAN_POINT('Origin',(0.,-110.,0.));
#3587=CARTESIAN_POINT('',(-3.46410161513775,-110.,0.500000000000007));
#3588=CARTESIAN_POINT('',(0.,-110.,0.500000000000007));
#3589=CARTESIAN_POINT('',(-3.5,-110.,-4.28626379701574E-16));
#3590=CARTESIAN_POINT('Origin',(0.,-110.,0.));
#3591=CARTESIAN_POINT('Origin',(0.,-110.,0.));
#3592=CARTESIAN_POINT('Origin',(0.,-110.990901565317,18.4727046959508));
#3593=CARTESIAN_POINT('Ctrl Pts',(-3.46410161513775,-110.,0.500000000000008));
#3594=CARTESIAN_POINT('Ctrl Pts',(-3.45823694027013,-109.263033947481,0.540631659362383));
#3595=CARTESIAN_POINT('Ctrl Pts',(-3.44581054008731,-108.49888765133,0.629607317993249));
#3596=CARTESIAN_POINT('Ctrl Pts',(-3.36954791016971,-106.647995799787,0.968855437137386));
#3597=CARTESIAN_POINT('Ctrl Pts',(-3.2833443589791,-105.573957719166,1.27752903149151));
#3598=CARTESIAN_POINT('Ctrl Pts',(-3.02465015256751,-104.276610410971,1.76757632974354));
#3599=CARTESIAN_POINT('Ctrl Pts',(-2.93032229927244,-103.895746677684,1.92519056545772));
#3600=CARTESIAN_POINT('Ctrl Pts',(-2.68203844483811,-103.164420657864,2.25827771791343));
#3601=CARTESIAN_POINT('Ctrl Pts',(-2.52699299728072,-102.814189262622,2.43344450267895));
#3602=CARTESIAN_POINT('Ctrl Pts',(-2.18131696095885,-102.227823962314,2.74651449594663));
#3603=CARTESIAN_POINT('Ctrl Pts',(-1.93888652929694,-101.912051927522,2.92776434805925));
#3604=CARTESIAN_POINT('Ctrl Pts',(-1.4780480638807,-101.491523028065,3.18177190121794));
#3605=CARTESIAN_POINT('Ctrl Pts',(-1.21551015585389,-101.31144002936,3.29609279884305));
#3606=CARTESIAN_POINT('Ctrl Pts',(-0.631346860438651,-101.065355874086,
3.45587870297849));
#3607=CARTESIAN_POINT('Ctrl Pts',(-0.309083222913018,-101.,3.5));
#3608=CARTESIAN_POINT('Ctrl Pts',(0.,-101.,3.5));
#3609=CARTESIAN_POINT('Ctrl Pts',(0.260466087434911,-101.,3.5));
#3610=CARTESIAN_POINT('Ctrl Pts',(0.514623669904502,-101.043442756184,3.47078580989023));
#3611=CARTESIAN_POINT('Ctrl Pts',(1.04910370115478,-101.223913064587,3.35252209078052));
#3612=CARTESIAN_POINT('Ctrl Pts',(1.31217308383532,-101.375077908379,3.25486638537573));
#3613=CARTESIAN_POINT('Ctrl Pts',(1.90436798248945,-101.847749476781,2.96407339559181));
#3614=CARTESIAN_POINT('Ctrl Pts',(2.18691558967898,-102.217678486397,2.74920735617474));
#3615=CARTESIAN_POINT('Ctrl Pts',(2.7477611245749,-103.226679940225,2.2184644624162));
#3616=CARTESIAN_POINT('Ctrl Pts',(2.95911499275865,-103.940284983485,1.89351650140795));
#3617=CARTESIAN_POINT('Ctrl Pts',(3.21506051019419,-105.238029512447,1.40535383719732));
#3618=CARTESIAN_POINT('Ctrl Pts',(3.28780774995862,-105.847088341833,1.21170955755446));
#3619=CARTESIAN_POINT('Ctrl Pts',(3.42156440044529,-107.478253545875,0.78743386924105));
#3620=CARTESIAN_POINT('Ctrl Pts',(3.44745439947656,-108.534256629208,0.609916185529996));
#3621=CARTESIAN_POINT('Ctrl Pts',(3.46165360654353,-109.724317448977,0.516791114853668));
#3622=CARTESIAN_POINT('Ctrl Pts',(3.46300436487082,-109.862117471795,0.507601972843819));
#3623=CARTESIAN_POINT('Ctrl Pts',(3.46410161513776,-110.,0.499999999999992));
#3624=CARTESIAN_POINT('Origin',(0.,-100.,0.));
#3625=CARTESIAN_POINT('',(-3.5,-100.,-4.28626379701574E-16));
#3626=CARTESIAN_POINT('',(-3.5,-100.,-4.28626379701574E-16));
#3627=CARTESIAN_POINT('Origin',(0.,-100.,0.));
#3628=CARTESIAN_POINT('Origin',(0.,-100.,0.));
#3629=CARTESIAN_POINT('',(0.,0.,0.));
#3630=CARTESIAN_POINT('',(0.,0.,0.));
#3631=CARTESIAN_POINT('',(0.,0.,0.));
#3632=UNCERTAINTY_MEASURE_WITH_UNIT(LENGTH_MEASURE(0.01),#3642,
'DISTANCE_ACCURACY_VALUE',
'Maximum model space distance between geometric entities at asserted c
onnectivities');
#3633=UNCERTAINTY_MEASURE_WITH_UNIT(LENGTH_MEASURE(0.01),#3642,
'DISTANCE_ACCURACY_VALUE',
'Maximum model space distance between geometric entities at asserted c
onnectivities');
#3634=UNCERTAINTY_MEASURE_WITH_UNIT(LENGTH_MEASURE(0.01),#3642,
'DISTANCE_ACCURACY_VALUE',
'Maximum model space distance between geometric entities at asserted c
onnectivities');
#3635=UNCERTAINTY_MEASURE_WITH_UNIT(LENGTH_MEASURE(0.01),#3642,
'DISTANCE_ACCURACY_VALUE',
'Maximum model space distance between geometric entities at asserted c
onnectivities');
#3636=UNCERTAINTY_MEASURE_WITH_UNIT(LENGTH_MEASURE(0.01),#3642,
'DISTANCE_ACCURACY_VALUE',
'Maximum model space distance between geometric entities at asserted c
onnectivities');
#3637=(
GEOMETRIC_REPRESENTATION_CONTEXT(3)
GLOBAL_UNCERTAINTY_ASSIGNED_CONTEXT((#3632))
GLOBAL_UNIT_ASSIGNED_CONTEXT((#3642,#3644,#3645))
REPRESENTATION_CONTEXT('','3D')
);
#3638=(
GEOMETRIC_REPRESENTATION_CONTEXT(3)
GLOBAL_UNCERTAINTY_ASSIGNED_CONTEXT((#3633))
GLOBAL_UNIT_ASSIGNED_CONTEXT((#3642,#3644,#3645))
REPRESENTATION_CONTEXT('','3D')
);
#3639=(
GEOMETRIC_REPRESENTATION_CONTEXT(3)
GLOBAL_UNCERTAINTY_ASSIGNED_CONTEXT((#3634))
GLOBAL_UNIT_ASSIGNED_CONTEXT((#3642,#3644,#3645))
REPRESENTATION_CONTEXT('','3D')
);
#3640=(
GEOMETRIC_REPRESENTATION_CONTEXT(3)
GLOBAL_UNCERTAINTY_ASSIGNED_CONTEXT((#3635))
GLOBAL_UNIT_ASSIGNED_CONTEXT((#3642,#3644,#3645))
REPRESENTATION_CONTEXT('','3D')
);
#3641=(
GEOMETRIC_REPRESENTATION_CONTEXT(3)
GLOBAL_UNCERTAINTY_ASSIGNED_CONTEXT((#3636))
GLOBAL_UNIT_ASSIGNED_CONTEXT((#3642,#3644,#3645))
REPRESENTATION_CONTEXT('','3D')
);
#3642=(
LENGTH_UNIT()
NAMED_UNIT(*)
SI_UNIT(.MILLI.,.METRE.)
);
#3643=(
LENGTH_UNIT()
NAMED_UNIT(*)
SI_UNIT($,.METRE.)
);
#3644=(
NAMED_UNIT(*)
PLANE_ANGLE_UNIT()
SI_UNIT($,.RADIAN.)
);
#3645=(
NAMED_UNIT(*)
SI_UNIT($,.STERADIAN.)
SOLID_ANGLE_UNIT()
);
#3646=SHAPE_DEFINITION_REPRESENTATION(#3650,#3657);
#3647=SHAPE_DEFINITION_REPRESENTATION(#3651,#3658);
#3648=SHAPE_DEFINITION_REPRESENTATION(#3652,#3659);
#3649=SHAPE_DEFINITION_REPRESENTATION(#3653,#3660);
#3650=PRODUCT_DEFINITION_SHAPE('',$,#3662);
#3651=PRODUCT_DEFINITION_SHAPE('',$,#3663);
#3652=PRODUCT_DEFINITION_SHAPE('',$,#3664);
#3653=PRODUCT_DEFINITION_SHAPE('',$,#3665);
#3654=PRODUCT_DEFINITION_SHAPE($,$,#20);
#3655=PRODUCT_DEFINITION_SHAPE($,$,#21);
#3656=PRODUCT_DEFINITION_SHAPE($,$,#22);
#3657=SHAPE_REPRESENTATION('',(#1123,#1266,#1267,#1268),#3637);
#3658=SHAPE_REPRESENTATION('',(#1124),#3638);
#3659=SHAPE_REPRESENTATION('',(#1250),#3639);
#3660=SHAPE_REPRESENTATION('',(#1256),#3640);
#3661=PRODUCT_DEFINITION_CONTEXT('part definition',#3675,'design');
#3662=PRODUCT_DEFINITION('2026-09-29-12-08-17-259','Screw Drier',#3666,
#3661);
#3663=PRODUCT_DEFINITION('2026-09-29-12-08-40-139','Handle',#3667,#3661);
#3664=PRODUCT_DEFINITION('2026-09-29-12-08-53-152','Shank',#3668,#3661);
#3665=PRODUCT_DEFINITION('2026-09-29-23-26-46-177','Tip',#3669,#3661);
#3666=PRODUCT_DEFINITION_FORMATION('',$,#3677);
#3667=PRODUCT_DEFINITION_FORMATION('',$,#3678);
#3668=PRODUCT_DEFINITION_FORMATION('',$,#3679);
#3669=PRODUCT_DEFINITION_FORMATION('',$,#3680);
#3670=PRODUCT_RELATED_PRODUCT_CATEGORY('Screw Drier','Screw Drier',(#3677));
#3671=PRODUCT_RELATED_PRODUCT_CATEGORY('Handle','Handle',(#3678));
#3672=PRODUCT_RELATED_PRODUCT_CATEGORY('Shank','Shank',(#3679));
#3673=PRODUCT_RELATED_PRODUCT_CATEGORY('Tip','Tip',(#3680));
#3674=APPLICATION_PROTOCOL_DEFINITION('international standard',
'automotive_design',2009,#3675);
#3675=APPLICATION_CONTEXT(
'Core Data for Automotive Mechanical Design Process');
#3676=PRODUCT_CONTEXT('part definition',#3675,'mechanical');
#3677=PRODUCT('2026-09-29-12-08-17-259','Screw Drier',$,(#3676));
#3678=PRODUCT('2026-09-29-12-08-40-139','Handle',$,(#3676));
#3679=PRODUCT('2026-09-29-12-08-53-152','Shank',$,(#3676));
#3680=PRODUCT('2026-09-29-23-26-46-177','Tip',$,(#3676));
#3681=PRESENTATION_STYLE_ASSIGNMENT((#3685));
#3682=PRESENTATION_STYLE_ASSIGNMENT((#3686));
#3683=PRESENTATION_STYLE_ASSIGNMENT((#3687));
#3684=PRESENTATION_STYLE_ASSIGNMENT((#3688));
#3685=SURFACE_STYLE_USAGE(.BOTH.,#3689);
#3686=SURFACE_STYLE_USAGE(.BOTH.,#3690);
#3687=SURFACE_STYLE_USAGE(.BOTH.,#3691);
#3688=SURFACE_STYLE_USAGE(.BOTH.,#3692);
#3689=SURFACE_SIDE_STYLE('',(#3693));
#3690=SURFACE_SIDE_STYLE('',(#3694));
#3691=SURFACE_SIDE_STYLE('',(#3695));
#3692=SURFACE_SIDE_STYLE('',(#3696));
#3693=SURFACE_STYLE_FILL_AREA(#3697);
#3694=SURFACE_STYLE_FILL_AREA(#3698);
#3695=SURFACE_STYLE_FILL_AREA(#3699);
#3696=SURFACE_STYLE_FILL_AREA(#3700);
#3697=FILL_AREA_STYLE('Steel - Satin',(#3701));
#3698=FILL_AREA_STYLE('Plastic - Translucent Glossy (Red)',(#3702));
#3699=FILL_AREA_STYLE('Tough 2000 (with Formlabs SLA 3D Printers)',(#3703));
#3700=FILL_AREA_STYLE('Chrome',(#3704));
#3701=FILL_AREA_STYLE_COLOUR('Steel - Satin',#3705);
#3702=FILL_AREA_STYLE_COLOUR('Plastic - Translucent Glossy (Red)',#3706);
#3703=FILL_AREA_STYLE_COLOUR(
'Tough 2000 (with Formlabs SLA 3D Printers)',#3707);
#3704=FILL_AREA_STYLE_COLOUR('Chrome',#3708);
#3705=COLOUR_RGB('Steel - Satin',0.627450980392157,0.627450980392157,0.627450980392157);
#3706=COLOUR_RGB('Plastic - Translucent Glossy (Red)',0.768627450980392,
0.207843137254902,0.152941176470588);
#3707=COLOUR_RGB('Tough 2000 (with Formlabs SLA 3D Printers)',0.247058823529412,
0.247058823529412,0.247058823529412);
#3708=COLOUR_RGB('Chrome',0.768627450980392,0.772549019607843,0.768627450980392);
ENDSEC;
END-ISO-10303-21;
